
===== 2026-04-29T10:22:32-04:00 | T1_full =====
cwd=/home/carrt-cse-project/workspace/ros2_kortex_ws
cmd=ros2 launch adl_tasks adl_start.launch.py controller_update_rate:=1000 arm_use_fake_hardware:=false arm_robot_ip:=192.168.0.10 clear_table_top_only_scan:=true launch_rviz:=true 

[INFO] [launch]: All log files can be found below /home/carrt-cse-project/.ros/log/2026-04-29-10-22-32-367815-carrt-cse-project-OptiPlex-5050-49251
[INFO] [launch]: Default logging verbosity is set to INFO
[arm_start.launch] controller_update_rate was explicitly overridden above 125 Hz for real hardware (1000 Hz); honoring the override for operator tuning even though recent logs showed overruns at that rate.
[INFO] [launch.user]: [arm_start.launch] MoveIt current state source: /joint_states_sanitized. Use use_joint_state_sanitizer:=false for raw-state viewer debugging.
[INFO] [launch.user]: [arm_start.launch] Using ADL controller config (share/adl_tasks/config/ros2_controllers_vbox.yaml, update_rate:=1000 Hz).
[INFO] [ros2_control_node-1]: process started with pid [49256]
[INFO] [robot_state_publisher-2]: process started with pid [49257]
[INFO] [joint_state_sanitizer-3]: process started with pid [49258]
[INFO] [spawner-4]: process started with pid [49259]
[INFO] [static_transform_publisher-5]: process started with pid [49260]
[INFO] [static_transform_publisher-6]: process started with pid [49261]
[INFO] [scene_static-7]: process started with pid [49262]
[INFO] [wrist_camera_usb_publisher-8]: process started with pid [49263]
[INFO] [vision_apriltag-9]: process started with pid [49264]
[INFO] [scene_from_vision-10]: process started with pid [49265]
[INFO] [adl_controller-11]: process started with pid [49266]
[INFO] [pick_dropped_bottle-12]: process started with pid [49267]
[INFO] [clear_table-13]: process started with pid [49268]
[INFO] [give_medication-14]: process started with pid [49269]
[INFO] [adl_ui-15]: process started with pid [49270]
[static_transform_publisher-5] [INFO] [1777472552.644658639] [static_transform_publisher]: Spinning until stopped - publishing transform
[static_transform_publisher-5] translation: ('0.000000', '0.000000', '0.000000')
[static_transform_publisher-5] rotation: ('0.000000', '0.000000', '0.000000', '1.000000')
[static_transform_publisher-5] from 'world' to 'base_link'
[ros2_control_node-1] [INFO] [1777472552.697388414] [controller_manager]: Using Steady (Monotonic) clock for triggering controller manager cycles.
[static_transform_publisher-6] [INFO] [1777472552.711901082] [camera_color_optical_bridge_tf_pub]: Spinning until stopped - publishing transform
[static_transform_publisher-6] translation: ('0.000000', '0.000000', '0.000000')
[static_transform_publisher-6] rotation: ('0.000000', '0.000000', '0.000000', '1.000000')
[static_transform_publisher-6] from 'camera_color_frame' to 'wrist_mounted_camera_color_optical_frame'
[ros2_control_node-1] [INFO] [1777472552.712755557] [controller_manager]: Subscribing to '/robot_description' topic for robot description.
[ros2_control_node-1] [INFO] [1777472552.717321619] [controller_manager]: update rate is 1000 Hz
[ros2_control_node-1] [INFO] [1777472552.717355858] [controller_manager]: Overruns handling is : enabled
[ros2_control_node-1] [INFO] [1777472552.717382758] [controller_manager]: Spawning controller_manager RT thread with scheduler priority: 50
[ros2_control_node-1] [INFO] [1777472552.717798375] [controller_manager]: Successful set up FIFO RT scheduling policy with priority 50.
[robot_state_publisher-2] [INFO] [1777472552.757760148] [robot_state_publisher]: Robot initialized
[ros2_control_node-1] [INFO] [1777472552.946707913] [controller_manager]: Received robot description from topic.
[ros2_control_node-1] [INFO] [1777472552.946780521] [controller_manager]: Enforcing command limits is disabled. Command limits from URDF will be ignored.
[ros2_control_node-1] [INFO] [1777472552.968161214] [controller_manager]: Loading hardware 'KortexMultiInterfaceHardware' 
[ros2_control_node-1] [INFO] [1777472553.005608403] [KortexMultiInterfaceHardware]: Setting severity threshold to DEBUG
[ros2_control_node-1] [INFO] [1777472553.005968197] [controller_manager]: Loaded hardware 'KortexMultiInterfaceHardware' from plugin 'kortex_driver/KortexMultiInterfaceHardware'
[ros2_control_node-1] [INFO] [1777472553.009063082] [controller_manager]: Initialize hardware 'KortexMultiInterfaceHardware' 
[ros2_control_node-1] [INFO] [1777472553.034460237] [KortexMultiInterfaceHardware]: Configuring Hardware Interface
[ros2_control_node-1] [INFO] [1777472553.034838713] [KortexMultiInterfaceHardware]: Robot ip is '192.168.0.10'
[ros2_control_node-1] [INFO] [1777472553.034852193] [KortexMultiInterfaceHardware]: Username is 'admin'
[ros2_control_node-1] [INFO] [1777472553.034867982] [KortexMultiInterfaceHardware]: Port used '10000'
[ros2_control_node-1] [INFO] [1777472553.034876740] [KortexMultiInterfaceHardware]: Realtime port used '10001'
[ros2_control_node-1] [INFO] [1777472553.034883584] [KortexMultiInterfaceHardware]: Session inactivity timeout is '60000'
[ros2_control_node-1] [INFO] [1777472553.034888535] [KortexMultiInterfaceHardware]: Connection inactivity timeout is '2000'
[ros2_control_node-1] [INFO] [1777472553.034894838] [KortexMultiInterfaceHardware]: Gripper joint name is 'robotiq_85_left_knuckle_joint'
[ros2_control_node-1] [INFO] [1777472553.034927534] [KortexMultiInterfaceHardware]: Connecting to robot at 192.168.0.10
[ros2_control_node-1] [INFO] [1777472553.043333570] [KortexMultiInterfaceHardware]: Creating session for communication
[ros2_control_node-1] [INFO] [1777472553.137455090] [KortexMultiInterfaceHardware]: Session created
[spawner-4] [INFO] [1777472553.668694527] [spawner_joint_state_broadcaster]: waiting for service /controller_manager/list_controllers to become available...
[joint_state_sanitizer-3] [INFO] [1777472553.843816888] [joint_state_sanitizer_node]: joint_state_sanitizer started. raw=/joint_states -> sanitized=/joint_states_sanitized
[adl_ui-15] [INFO] [1777472553.874159205] [adl_ui_node]: ADL UI Node started.
[adl_ui-15] [INFO] [1777472553.875714766] [adl_ui_node]: Automatic retract on UI load is disabled; startup sends no motion.
[adl_ui-15]  * Serving Flask app 'adl_tasks.adl_ui'
[adl_ui-15]  * Debug mode: off
[adl_ui-15] [INFO] [1777472553.879797419] [adl_ui_node]: Web UI available at http://localhost:5000
[adl_ui-15] WARNING: This is a development server. Do not use it in a production deployment. Use a production WSGI server instead.
[adl_ui-15]  * Running on all addresses (0.0.0.0)
[adl_ui-15]  * Running on http://127.0.0.1:5000
[adl_ui-15]  * Running on http://192.168.0.231:5000
[adl_ui-15] Press CTRL+C to quit
[ros2_control_node-1] [INFO] [1777472553.938813105] [KortexMultiInterfaceHardware]: Actuator count reported by robot is '7'
[ros2_control_node-1] [INFO] [1777472553.939025517] [KortexMultiInterfaceHardware]: Using internal bus communication for gripper!
[ros2_control_node-1] [INFO] [1777472553.939034465] [KortexMultiInterfaceHardware]: Hardware Interface successfully configured
[ros2_control_node-1] [INFO] [1777472553.939118238] [controller_manager]: Successful initialization of hardware 'KortexMultiInterfaceHardware'
[ros2_control_node-1] [DEBUG] [1777472553.939183179] [KortexMultiInterfaceHardware]: export_state_interfaces for joint: joint_1
[ros2_control_node-1] [DEBUG] [1777472553.939208008] [KortexMultiInterfaceHardware]: export_state_interfaces for joint: joint_2
[ros2_control_node-1] [DEBUG] [1777472553.939214260] [KortexMultiInterfaceHardware]: export_state_interfaces for joint: joint_3
[ros2_control_node-1] [DEBUG] [1777472553.939218697] [KortexMultiInterfaceHardware]: export_state_interfaces for joint: joint_4
[ros2_control_node-1] [DEBUG] [1777472553.939222941] [KortexMultiInterfaceHardware]: export_state_interfaces for joint: joint_5
[ros2_control_node-1] [DEBUG] [1777472553.939227418] [KortexMultiInterfaceHardware]: export_state_interfaces for joint: joint_6
[ros2_control_node-1] [DEBUG] [1777472553.939231132] [KortexMultiInterfaceHardware]: export_state_interfaces for joint: joint_7
[ros2_control_node-1] [DEBUG] [1777472553.939234913] [KortexMultiInterfaceHardware]: export_state_interfaces for joint: robotiq_85_left_knuckle_joint
[ros2_control_node-1] [INFO] [1777472553.941830739] [resource_manager]: 'configure' hardware 'KortexMultiInterfaceHardware' 
[ros2_control_node-1] [INFO] [1777472553.941894466] [resource_manager]: Successful 'configure' of hardware 'KortexMultiInterfaceHardware'
[ros2_control_node-1] [INFO] [1777472553.941974092] [resource_manager]: 'activate' hardware 'KortexMultiInterfaceHardware' 
[ros2_control_node-1] [INFO] [1777472553.942000950] [KortexMultiInterfaceHardware]: Activating KortexMultiInterfaceHardware...
[ros2_control_node-1] [INFO] [1777472553.946883804] [KortexMultiInterfaceHardware]: Gripper initial position is '38.864632'.
[ros2_control_node-1] [INFO] [1777472553.951411885] [KortexMultiInterfaceHardware]: KortexMultiInterfaceHardware successfully activated!
[ros2_control_node-1] [INFO] [1777472553.951452556] [resource_manager]: Successful 'activate' of hardware 'KortexMultiInterfaceHardware'
[ros2_control_node-1] [INFO] [1777472553.951718921] [controller_manager]: Registering statistics for : KortexMultiInterfaceHardware
[ros2_control_node-1] [INFO] [1777472553.951874703] [controller_manager]: Resource Manager has been successfully initialized. Starting Controller Manager services...
[ros2_control_node-1] [WARN] [1777472553.968903327] [controller_manager]: Overrun might occur, Total time : 17000.875 us (Expected < 1000.000 us) --> Read time : 10796.123 us, Update time : 30.949 us, Write time : 6173.803 us
[ros2_control_node-1] [WARN] [1777472553.968982406] [controller_manager]: Overrun detected! The controller manager missed its desired rate of 1000 Hz. The loop took 17.109005 ms (missed cycles : 18).
[adl_ui-15] 127.0.0.1 - - [29/Apr/2026 10:22:34] "GET /status_json HTTP/1.1" 200 -
[scene_static-7] [INFO] [1777472554.070923080] [scene_static_node]: Static Scene Node started.
[scene_static-7] [INFO] [1777472554.072641664] [scene_static_node]: WHEELCHAIR_BASE_HEIGHT = 0.36195m  |  Table surface at z = 0.098m | Table front-edge-from-base = 0.406m | Table center at x = 0.681m | table_edge_lip_margin=0.0127m | table_edge_lip_thickness=0.0127m | table_edge_lip_height=0.460m | include_wheelchair_wall=True | include_left_desk_wall=True | include_right_desk_wall=True | include_arm_base_under_block=True | include_arm_base_side_lips=True | include_arm_base_left_back_block=True | include_arm_base_right_back_half_block=True
[scene_static-7] [INFO] [1777472554.074400483] [scene_static_node]: Wheelchair wall geometry: center=(-0.465, 0.000, 0.482) size=(0.450, 0.700, 1.688)
[scene_static-7] [INFO] [1777472554.076195090] [scene_static_node]: Arm-base under-block geometry: center=(0.000, 0.000, -0.212) size=(0.302, 0.378, 0.300) | platform=(0.200, 0.200) | margins(front/back=0.051, left/right=0.089)
[scene_static-7] [INFO] [1777472554.078155699] [scene_static_node]: Arm-base side-lip geometry: left_y=0.198, right_y=-0.198, center_z=-0.047, size=(0.314, 0.006, 0.030) | x_offset=-0.076, outset=0.006, front/back_margin=0.006
[scene_static-7] [INFO] [1777472554.081043419] [scene_static_node]: Arm-base left-back block geometry: center=(-0.177, 0.312, 0.482) size=(0.100, 0.408, 1.688) | inner_faces(x=-0.127, y=0.108) | left_wall_inner_face_y=0.504 | into_left_wall=0.013
[scene_static-7] [INFO] [1777472554.083213464] [scene_static_node]: Arm-base right-back half block geometry: center=(-0.177, -0.312, 0.060) size=(0.100, 0.408, 0.844) | inner_faces(x=-0.127, y=-0.108) | right_wall_inner_face_y=-0.504 | into_right_wall=0.013
[wrist_camera_usb_publisher-8] [INFO] [1777472554.203600909] [wrist_camera_usb_publisher_node]: USB camera publisher: trying camera source index 2.
[wrist_camera_usb_publisher-8] [INFO] [1777472554.310742670] [wrist_camera_usb_publisher_node]: USB camera publisher: opened camera source index 2.
[wrist_camera_usb_publisher-8] [INFO] [1777472554.311808600] [wrist_camera_usb_publisher_node]: Wrist Camera USB Publisher started.
[wrist_camera_usb_publisher-8] [INFO] [1777472554.312827169] [wrist_camera_usb_publisher_node]: Publishing USB camera frames on /wrist_mounted_camera/image with frame_id=wrist_mounted_camera_color_optical_frame.
[wrist_camera_usb_publisher-8] [INFO] [1777472554.314323693] [wrist_camera_usb_publisher_node]: Publishing camera info on /wrist_mounted_camera/camera_info from reference intrinsics [554.25, 554.25, 320.0, 240.0] @ 640x480.
[wrist_camera_usb_publisher-8] [INFO] [1777472554.315534192] [wrist_camera_usb_publisher_node]: Using explicit camera_matrix for CameraInfo. matrix_size=1280x720, K=[920.874267578125, 0.0, 644.7646484375, 0.0, 921.5654907226562, 343.1528625488281, 0.0, 0.0, 1.0], d=[0.0, 0.0, 0.0, 0.0, 0.0]
[wrist_camera_usb_publisher-8] [INFO] [1777472554.316776941] [wrist_camera_usb_publisher_node]: Requested source=2 size=1280x720 fps=10.0
[scene_from_vision-10] [INFO] [1777472554.343436604] [scene_from_vision_node]: Scene From Vision Node Started
[give_medication-14] [INFO] [1777472554.431824684] [give_medication_node]: give_medication starting...
[scene_from_vision-10] [INFO] [1777472554.432548074] [scene_from_vision_node]: SceneFromVision: Updating planning scene. Tracking 5 object shape(s). memory_mode=True, scan_duration_s=5.0, scan_min_samples=3, scan_target_samples=8, scan_extend_step_s=1.5, scan_max_extensions=2, scan_prune_unseen_objects=False, continuous_scene_updates=False, latch_first_detection_updates=True, log_object_pose_debug=False, apply_planning_scene_service_updates=True, publish_monitored_planning_scene_updates=True, side_viewpoint=wrist_mounted_camera_color_optical_frame->base_link, reject_table_objects_outside_bounds=False.
[scene_from_vision-10] [INFO] [1777472554.434849925] [scene_from_vision_node]: SceneFromVision calibration: xy_offset=(0.000, 0.000), z_offset=0.000, yaw_deg=0.00, xy_scale=1.0000, clamp_table_objects_to_table_bounds=False, table_bounds_margin_m=0.030.
[scene_from_vision-10] [INFO] [1777472554.437500040] [scene_from_vision_node]: SceneFromVision object offsets: remote_axis=y, remote_tag_to_center_sign=-1.0, remote_tag_from_end_m=0.020, remote_world_offset=(-0.040, 0.000), cube_tag_to_center=(0.000, 0.000), cube_world_offset=(0.000, -0.006), cube_yaw_offset_deg=0.0, medication_world_offset=(-0.090, -0.030), medication_face_to_center_m=0.027, cup_world_offset=(-0.085, -0.040), cup_face_to_center_m=0.031.
[adl_controller-11] [INFO] [1777472554.471138510] [adl_controller_node]: MoveItHelper initialized. joint_state_topic=/joint_states_sanitized (sanitized_expected=True) real_hardware_mode=True short_cartesian_mode=hybrid
[adl_controller-11] [INFO] [1777472554.471893676] [adl_controller_node]: ADL_DIRECT_FIXED_JOINTS is unset; defaulting fixed-joint direct trajectories to disabled on real hardware (collision-aware MoveIt path first).
[adl_controller-11] [INFO] [1777472554.482446400] [adl_controller_node]: ADL controller ready. Waiting for UI/system commands.
[adl_ui-15] 192.168.0.78 - - [29/Apr/2026 10:22:34] "GET /status_json HTTP/1.1" 200 -
[give_medication-14] [INFO] [1777472554.522938291] [give_medication_node]: MoveItHelper initialized. joint_state_topic=/joint_states_sanitized (sanitized_expected=True) real_hardware_mode=True short_cartesian_mode=hybrid
[pick_dropped_bottle-12] [INFO] [1777472554.523850335] [pick_dropped_bottle_node]: PickDroppedBottle starting...
[give_medication-14] [INFO] [1777472554.523906541] [give_medication_node]: ADL_DIRECT_FIXED_JOINTS is unset; defaulting fixed-joint direct trajectories to disabled on real hardware (collision-aware MoveIt path first).
[give_medication-14] [INFO] [1777472554.539538083] [give_medication_node]: Vision Client initialized, waiting for service...
[pick_dropped_bottle-12] [INFO] [1777472554.592092358] [pick_dropped_bottle_node]: MoveItHelper initialized. joint_state_topic=/joint_states_sanitized (sanitized_expected=True) real_hardware_mode=True short_cartesian_mode=hybrid
[pick_dropped_bottle-12] [INFO] [1777472554.592882366] [pick_dropped_bottle_node]: ADL_DIRECT_FIXED_JOINTS is unset; defaulting fixed-joint direct trajectories to disabled on real hardware (collision-aware MoveIt path first).
[pick_dropped_bottle-12] [INFO] [1777472554.603625945] [pick_dropped_bottle_node]: Vision Client initialized, waiting for service...
[pick_dropped_bottle-12] [INFO] [1777472554.604356554] [pick_dropped_bottle_node]: Vision service is ready.
[pick_dropped_bottle-12] [INFO] [1777472554.608734906] [pick_dropped_bottle_node]: PickDroppedBottle ready. Waiting for command.
[pick_dropped_bottle-12] [INFO] [1777472554.609347883] [pick_dropped_bottle_node]: Startup motion disabled at node load; motion begins only after pick_dropped_bottle command.
[vision_apriltag-9] [INFO] [1777472554.636986873] [vision_apriltag_node]: Vision AprilTag Node Started
[vision_apriltag-9] [INFO] [1777472554.638074221] [vision_apriltag_node]: Subscribing to camera topic: /wrist_mounted_camera/image
[vision_apriltag-9] [INFO] [1777472554.639154230] [vision_apriltag_node]: Subscribing to camera info topic: /wrist_mounted_camera/camera_info
[vision_apriltag-9] [INFO] [1777472554.640586108] [vision_apriltag_node]: Camera frame: wrist_mounted_camera_color_optical_frame | use_image_header_frame=True
[vision_apriltag-9] [INFO] [1777472554.641884891] [vision_apriltag_node]: Tag size: 0.025m | pose_cache_retention_s=20.0 | get_pose_wait_timeout_s=5.0 | max_returned_pose_age_s=20.0 | camera_params=[554.25, 554.25, 320.0, 240.0] | families=tag36h11 | quad_decimate=1.0 | requested_backend=opencv | backend=cv2.aruco | opencv_pose_solver=ippe_square | use_image_timestamp_for_tf=False
[vision_apriltag-9] [INFO] [1777472554.643653212] [vision_apriltag_node]: Top-tag known-plane projection: enabled=True, planes={3: 0.11995, 4: 0.154438}
[vision_apriltag-9] [INFO] [1777472554.645074147] [vision_apriltag_node]: pupil_apriltags tuning: nthreads=1, quad_sigma=0.0, refine_edges=1, decode_sharpening=0.25, debug=0, preprocess_variants=['raw', 'clahe', 'adaptive', 'clahe_sharp', 'clahe_up2', 'sharp_up2'], tile_search_if_empty=True, tile_search_grid=3x2, tile_search_scale=2.0, tile_search_overlap=0.25
[vision_apriltag-9] [WARN] [1777472554.646366030] [vision_apriltag_node]: pupil_apriltags is not importable by this node, so detection is using OpenCV fallback only. python=/usr/bin/python3, import_error=No module named 'pupil_apriltags'. If .venv contains pupil_apriltags, rebuild adl_tasks with that venv active or run the module with the venv Python.
[vision_apriltag-9] [INFO] [1777472554.648635943] [vision_apriltag_node]: Publishing AprilTag debug images on /vision_apriltag/debug_image at up to 1.0 Hz.
[clear_table-13] [INFO] [1777472554.666118152] [clear_table_node]: Clear Table Node Started
[give_medication-14] [INFO] [1777472554.790511440] [give_medication_node]: Vision service is ready.
[give_medication-14] [INFO] [1777472554.802973959] [give_medication_node]: give_medication ready.
[ros2_control_node-1] [WARN] [1777472554.969937498] [controller_manager]: Overrun might occur, Total time : 4005.965 us (Expected < 1000.000 us) --> Read time : 68.965 us, Update time : 31.561 us, Write time : 3905.439 us
[ros2_control_node-1] [WARN] [1777472554.970067340] [controller_manager]: Overrun detected! The controller manager missed its desired rate of 1000 Hz. The loop took 4.191990 ms (missed cycles : 5).
[wrist_camera_usb_publisher-8] [INFO] [1777472554.971968317] [wrist_camera_usb_publisher_node]: USB camera info active intrinsics: size=1280x720, fx=920.87, fy=921.57, cx=644.76, cy=343.15, d=array('d', [0.0, 0.0, 0.0, 0.0, 0.0])
[wrist_camera_usb_publisher-8] [INFO] [1777472554.973906089] [wrist_camera_usb_publisher_node]: USB camera publisher heartbeat: publishing 1280x720 frames on /wrist_mounted_camera/image; camera_info fx=920.87, fy=921.57, cx=644.76, cy=343.15.
[adl_ui-15] 127.0.0.1 - - [29/Apr/2026 10:22:35] "GET /status_json HTTP/1.1" 200 -
[adl_ui-15] 192.168.0.78 - - [29/Apr/2026 10:22:35] "GET /status_json HTTP/1.1" 200 -
[ros2_control_node-1] [WARN] [1777472555.970424985] [controller_manager]: Overrun might occur, Total time : 3452.543 us (Expected < 1000.000 us) --> Read time : 57.854 us, Update time : 29.205 us, Write time : 3365.484 us
[ros2_control_node-1] [WARN] [1777472555.970584984] [controller_manager]: Overrun detected! The controller manager missed its desired rate of 1000 Hz. The loop took 3.707085 ms (missed cycles : 4).
[adl_ui-15] 192.168.0.78 - - [29/Apr/2026 10:22:36] "GET /status_json HTTP/1.1" 200 -
[adl_ui-15] 127.0.0.1 - - [29/Apr/2026 10:22:36] "GET /status_json HTTP/1.1" 200 -
[clear_table-13] [INFO] [1777472556.057084814] [clear_table_node]: MoveItHelper initialized. joint_state_topic=/joint_states_sanitized (sanitized_expected=True) real_hardware_mode=True short_cartesian_mode=hybrid
[clear_table-13] [INFO] [1777472556.057655470] [clear_table_node]: ADL_DIRECT_FIXED_JOINTS is unset; defaulting fixed-joint direct trajectories to disabled on real hardware (collision-aware MoveIt path first).
[clear_table-13] [INFO] [1777472556.066051071] [clear_table_node]: Vision Client initialized, waiting for service...
[clear_table-13] [INFO] [1777472556.066769689] [clear_table_node]: Vision service is ready.
[clear_table-13] [INFO] [1777472556.072748252] [clear_table_node]: Clear Table Node ready. Waiting for command.
[clear_table-13] [INFO] [1777472556.073231090] [clear_table_node]: Startup motion disabled at node load; motion begins only after clear_table command.
[clear_table-13] [INFO] [1777472556.073721470] [clear_table_node]: clear_table scan flags: top_only_scan_mode=True (ADL_CLEAR_TABLE_TOP_ONLY_SCAN='true'), two_phase_require_side_sweep_before_priority_exit=True (ADL_CLEAR_TABLE_REQUIRE_SIDE_SWEEP='true'), two_phase_top_full_sweep_before_priority_exit=True.
[scene_static-7] [WARN] [1777472556.247462632] [scene_static_node]: Planning scene service not available, waiting...
[ros2_control_node-1] [INFO] [1777472556.429037423] [controller_manager]: Loading controller : 'joint_state_broadcaster' of type 'joint_state_broadcaster/JointStateBroadcaster'
[ros2_control_node-1] [INFO] [1777472556.429124946] [controller_manager]: Loading controller 'joint_state_broadcaster'
[ros2_control_node-1] [INFO] [1777472556.441869919] [controller_manager]: Controller 'joint_state_broadcaster' node arguments: --ros-args --params-file /home/carrt-cse-project/workspace/ros2_kortex_ws/install/adl_tasks/share/adl_tasks/config/ros2_controllers_vbox.yaml --params-file /tmp/launch_params_lkbxlg7g 
[spawner-4] [INFO] [1777472556.479576005] [spawner_joint_state_broadcaster]: Loaded joint_state_broadcaster
[ros2_control_node-1] [INFO] [1777472556.482358873] [controller_manager]: Configuring controller: 'joint_state_broadcaster'
[ros2_control_node-1] [INFO] [1777472556.482726318] [joint_state_broadcaster]: 'joints' or 'interfaces' parameter is empty. All available state interfaces will be published
[ros2_control_node-1] [INFO] [1777472556.509530896] [controller_manager]: Activating controllers: [ joint_state_broadcaster ]
[ros2_control_node-1] [INFO] [1777472556.512271518] [controller_manager]: Successfully switched controllers!
[ros2_control_node-1] [WARN] [1777472556.515615015] [controller_manager]: Overrun might occur, Total time : 5702.471 us (Expected < 1000.000 us) --> Read time : 57.266 us, Update time : 2227.311 us (Switch time : 2190.248 us (Switch chained mode time : 3.282 us, perform mode change time : 4.153 us, Activation time : 2171.272 us, Deactivation time : 2.784 us)), Write time : 3417.894 us
[spawner-4] [INFO] [1777472556.519932671] [spawner_joint_state_broadcaster]: Configured and activated joint_state_broadcaster
[vision_apriltag-9] [WARN] [1777472556.597385917] [vision_apriltag_node]: Vision AprilTag: no images received yet on /wrist_mounted_camera/image.
[INFO] [spawner-4]: process has finished cleanly [pid 49259]
[adl_ui-15] 192.168.0.78 - - [29/Apr/2026 10:22:36] "GET /status_json HTTP/1.1" 200 -
[ros2_control_node-1] [WARN] [1777472556.972124911] [controller_manager]: Overrun might occur, Total time : 3166.942 us (Expected < 1000.000 us) --> Read time : 26.113 us, Update time : 60.721 us, Write time : 3080.108 us
[ros2_control_node-1] [WARN] [1777472556.972186650] [controller_manager]: Overrun detected! The controller manager missed its desired rate of 1000 Hz. The loop took 3.313458 ms (missed cycles : 4).
[adl_ui-15] 127.0.0.1 - - [29/Apr/2026 10:22:37] "GET /status_json HTTP/1.1" 200 -
[INFO] [spawner-16]: process started with pid [49523]
[INFO] [spawner-17]: process started with pid [49524]
[INFO] [spawner-18]: process started with pid [49525]
[INFO] [spawner-19]: process started with pid [49526]
[adl_ui-15] 192.168.0.78 - - [29/Apr/2026 10:22:37] "GET /status_json HTTP/1.1" 200 -
[spawner-16] [INFO] [1777472557.739776712] [spawner_joint_trajectory_controller]: waiting for service /controller_manager/list_controllers to become available...
[vision_apriltag-9] [INFO] [1777472557.770829361] [vision_apriltag_node]: Vision AprilTag camera model updated from CameraInfo: size=1280x720, fx=920.87, fy=921.57, cx=644.76, cy=343.15, d=[0.0, 0.0, 0.0, 0.0, 0.0]
[ros2_control_node-1] [WARN] [1777472557.976251371] [controller_manager]: Overrun might occur, Total time : 3287.539 us (Expected < 1000.000 us) --> Read time : 78.836 us, Update time : 203.458 us, Write time : 3005.245 us
[ros2_control_node-1] [WARN] [1777472557.976434339] [controller_manager]: Overrun detected! The controller manager missed its desired rate of 1000 Hz. The loop took 3.556970 ms (missed cycles : 4).
[adl_ui-15] 127.0.0.1 - - [29/Apr/2026 10:22:38] "GET /status_json HTTP/1.1" 200 -
[adl_ui-15] 192.168.0.78 - - [29/Apr/2026 10:22:38] "GET /status_json HTTP/1.1" 200 -
[scene_static-7] [WARN] [1777472558.250792545] [scene_static_node]: Planning scene service not available, waiting...
[vision_apriltag-9] [INFO] [1777472558.378122522] [vision_apriltag_node]: Vision AprilTag detection debug: no tags found after raw/CLAHE/sharp/adaptive/upscaled/tiled passes.
[vision_apriltag-9] [INFO] [1777472558.606992136] [vision_apriltag_node]: Vision AprilTag: images are arriving on /wrist_mounted_camera/image, but no AprilTags have been detected yet.
[ros2_control_node-1] [WARN] [1777472558.977021481] [controller_manager]: Overrun might occur, Total time : 2110.737 us (Expected < 1000.000 us) --> Read time : 29.098 us, Update time : 83.107 us, Write time : 1998.532 us
[ros2_control_node-1] [WARN] [1777472558.977094462] [controller_manager]: Overrun detected! The controller manager missed its desired rate of 1000 Hz. The loop took 2.221029 ms (missed cycles : 3).
[adl_ui-15] 192.168.0.78 - - [29/Apr/2026 10:22:38] "GET /status_json HTTP/1.1" 200 -
[adl_ui-15] 127.0.0.1 - - [29/Apr/2026 10:22:39] "GET /status_json HTTP/1.1" 200 -
[ros2_control_node-1] [INFO] [1777472559.074972897] [controller_manager]: Loading controller : 'joint_trajectory_controller' of type 'joint_trajectory_controller/JointTrajectoryController'
[ros2_control_node-1] [INFO] [1777472559.075029647] [controller_manager]: Loading controller 'joint_trajectory_controller'
[ros2_control_node-1] [INFO] [1777472559.079449809] [controller_manager]: Controller 'joint_trajectory_controller' node arguments: --ros-args --params-file /home/carrt-cse-project/workspace/ros2_kortex_ws/install/adl_tasks/share/adl_tasks/config/ros2_controllers_vbox.yaml --params-file /tmp/launch_params_lkbxlg7g 
[spawner-16] [INFO] [1777472559.119550379] [spawner_joint_trajectory_controller]: Loaded joint_trajectory_controller
[ros2_control_node-1] [INFO] [1777472559.122529563] [controller_manager]: Configuring controller: 'joint_trajectory_controller'
[ros2_control_node-1] [INFO] [1777472559.123226589] [joint_trajectory_controller]: No specific joint names are used for command interfaces. Using 'joints' parameter.
[ros2_control_node-1] [INFO] [1777472559.123532272] [joint_trajectory_controller]: Command interfaces are [position] and state interfaces are [position velocity].
[ros2_control_node-1] [INFO] [1777472559.123765609] [joint_trajectory_controller]: Using 'splines' interpolation method.
[ros2_control_node-1] [INFO] [1777472559.129601338] [joint_trajectory_controller]: Action status changes will be monitored at 10.00 Hz.
[ros2_control_node-1] [INFO] [1777472559.145003349] [controller_manager]: Activating controllers: [ joint_trajectory_controller ]
[ros2_control_node-1] [INFO] [1777472559.366817454] [controller_manager]: Successfully switched controllers!
[ros2_control_node-1] [WARN] [1777472559.369501965] [controller_manager]: Overrun might occur, Total time : 21612.327 us (Expected < 1000.000 us) --> Read time : 18.957 us, Update time : 18895.647 us (Switch time : 18836.458 us (Switch chained mode time : 3.611 us, perform mode change time : 17976.257 us, Activation time : 849.922 us, Deactivation time : 1.017 us)), Write time : 2697.723 us
[spawner-16] [INFO] [1777472559.372659812] [spawner_joint_trajectory_controller]: Configured and activated joint_trajectory_controller
[spawner-18] [INFO] [1777472559.528529650] [spawner_robotiq_gripper_controller]: waiting for service /controller_manager/list_controllers to become available...
[INFO] [spawner-16]: process has finished cleanly [pid 49523]
[adl_ui-15] 192.168.0.78 - - [29/Apr/2026 10:22:39] "GET /status_json HTTP/1.1" 200 -
[ros2_control_node-1] [WARN] [1777472559.979358245] [controller_manager]: Overrun might occur, Total time : 2465.274 us (Expected < 1000.000 us) --> Read time : 33.806 us, Update time : 237.459 us, Write time : 2194.009 us
[ros2_control_node-1] [WARN] [1777472559.979429359] [controller_manager]: Overrun detected! The controller manager missed its desired rate of 1000 Hz. The loop took 2.555769 ms (missed cycles : 3).
[adl_ui-15] 127.0.0.1 - - [29/Apr/2026 10:22:40] "GET /status_json HTTP/1.1" 200 -
[wrist_camera_usb_publisher-8] [INFO] [1777472560.096940310] [wrist_camera_usb_publisher_node]: USB camera publisher heartbeat: publishing 1280x720 frames on /wrist_mounted_camera/image; camera_info fx=920.87, fy=921.57, cx=644.76, cy=343.15.
[scene_static-7] [WARN] [1777472560.254155359] [scene_static_node]: Planning scene service not available, waiting...
[ros2_control_node-1] [INFO] [1777472560.283416981] [controller_manager]: Loading controller : 'robotiq_gripper_controller' of type 'position_controllers/GripperActionController'
[ros2_control_node-1] [INFO] [1777472560.283477026] [controller_manager]: Loading controller 'robotiq_gripper_controller'
[ros2_control_node-1] [INFO] [1777472560.287300179] [controller_manager]: Controller 'robotiq_gripper_controller' node arguments: --ros-args --params-file /home/carrt-cse-project/workspace/ros2_kortex_ws/install/adl_tasks/share/adl_tasks/config/ros2_controllers_vbox.yaml --params-file /tmp/launch_params_lkbxlg7g 
[ros2_control_node-1] [WARN] [1777472560.330003586] [robotiq_gripper_controller]: [Deprecated]: the `position_controllers/GripperActionController` and `effort_controllers::GripperActionController` controllers are replaced by 'parallel_gripper_controllers/GripperActionController' controller
[spawner-18] [INFO] [1777472560.335860726] [spawner_robotiq_gripper_controller]: Loaded robotiq_gripper_controller
[ros2_control_node-1] [INFO] [1777472560.339287384] [controller_manager]: Configuring controller: 'robotiq_gripper_controller'
[ros2_control_node-1] [INFO] [1777472560.339509357] [robotiq_gripper_controller]: Action status changes will be monitored at 20.000000 Hz.
[ros2_control_node-1] [INFO] [1777472560.342960152] [controller_manager]: Activating controllers: [ robotiq_gripper_controller ]
[adl_ui-15] 192.168.0.78 - - [29/Apr/2026 10:22:40] "GET /status_json HTTP/1.1" 200 -
[ros2_control_node-1] [INFO] [1777472560.554036319] [controller_manager]: Successfully switched controllers!
[ros2_control_node-1] [WARN] [1777472560.555500984] [controller_manager]: Overrun might occur, Total time : 9601.319 us (Expected < 1000.000 us) --> Read time : 69.837 us, Update time : 6946.902 us (Switch time : 6595.943 us (Switch chained mode time : 1.364 us, perform mode change time : 31.844 us, Activation time : 6552.173 us, Deactivation time : 1.510 us)), Write time : 2584.580 us
[spawner-18] [INFO] [1777472560.560594127] [spawner_robotiq_gripper_controller]: Configured and activated robotiq_gripper_controller
[ros2_control_node-1] [WARN] [1777472560.980307202] [controller_manager]: Overrun might occur, Total time : 2416.046 us (Expected < 1000.000 us) --> Read time : 31.410 us, Update time : 206.367 us, Write time : 2178.269 us
[ros2_control_node-1] [WARN] [1777472560.980367437] [controller_manager]: Overrun detected! The controller manager missed its desired rate of 1000 Hz. The loop took 2.494404 ms (missed cycles : 3).
[vision_apriltag-9] [INFO] [1777472561.054054422] [vision_apriltag_node]: Vision AprilTag: images are arriving on /wrist_mounted_camera/image, but no AprilTags have been detected yet.
[adl_ui-15] 127.0.0.1 - - [29/Apr/2026 10:22:41] "GET /status_json HTTP/1.1" 200 -
[INFO] [move_group-20]: process started with pid [49585]
[INFO] [rviz2-21]: process started with pid [49586]
[adl_ui-15] 192.168.0.78 - - [29/Apr/2026 10:22:41] "GET /status_json HTTP/1.1" 200 -
[spawner-19] [INFO] [1777472561.355623529] [spawner_fault_controller]: waiting for service /controller_manager/list_controllers to become available...
[INFO] [spawner-18]: process has finished cleanly [pid 49525]
[move_group-20] [INFO] [1777472561.393025402] [move_group.moveit.moveit.ros.rdf_loader]: Loaded robot model in 0.010979 seconds
[move_group-20] [INFO] [1777472561.393209105] [move_group.moveit.moveit.core.robot_model]: Loading robot model 'gen3'...
[move_group-20] [INFO] [1777472561.393227294] [move_group.moveit.moveit.core.robot_model]: No root/virtual joint specified in SRDF. Assuming fixed joint
[move_group-20] [INFO] [1777472561.559197339] [move_group.moveit.moveit.kinematics.kdl_kinematics_plugin]: Joint weights for group 'manipulator': 1 1 1 1 1 1 1
[rviz2-21] [INFO] [1777472561.692006819] [rviz2]: Stereo is NOT SUPPORTED
[rviz2-21] [INFO] [1777472561.692077807] [rviz2]: OpenGl version: 4.6 (GLSL 4.6)
[rviz2-21] [INFO] [1777472561.718787188] [rviz2]: Stereo is NOT SUPPORTED
[move_group-20] [INFO] [1777472561.937594590] [move_group.moveit.moveit.ros.planning_scene_monitor]: Publishing maintained planning scene on 'monitored_planning_scene'
[move_group-20] [INFO] [1777472561.937772126] [move_group.moveit.moveit.ros.moveit_cpp]: Listening to 'joint_states' for joint states
[move_group-20] [INFO] [1777472561.938837112] [move_group.moveit.moveit.ros.current_state_monitor]: Listening to joint states on topic 'joint_states'
[move_group-20] [INFO] [1777472561.939555058] [move_group.moveit.moveit.ros.planning_scene_monitor]: Listening to '/attached_collision_object' for attached collision objects
[move_group-20] [INFO] [1777472561.939580738] [move_group.moveit.moveit.ros.planning_scene_monitor]: Stopping existing planning scene publisher.
[move_group-20] [INFO] [1777472561.939796728] [move_group.moveit.moveit.ros.planning_scene_monitor]: Stopped publishing maintained planning scene.
[move_group-20] [INFO] [1777472561.940298106] [move_group.moveit.moveit.ros.planning_scene_monitor]: Publishing maintained planning scene on 'monitored_planning_scene'
[move_group-20] [INFO] [1777472561.941421849] [move_group.moveit.moveit.ros.planning_scene_monitor]: Starting planning scene monitor
[move_group-20] [INFO] [1777472561.941965109] [move_group.moveit.moveit.ros.planning_scene_monitor]: Listening to '/planning_scene'
[move_group-20] [INFO] [1777472561.942003173] [move_group.moveit.moveit.ros.planning_scene_monitor]: Starting world geometry update monitor for collision objects, attached objects, octomap updates.
[move_group-20] [INFO] [1777472561.942638194] [move_group.moveit.moveit.ros.planning_scene_monitor]: Listening to 'collision_object'
[move_group-20] [INFO] [1777472561.943072021] [move_group.moveit.moveit.ros.planning_scene_monitor]: Listening to 'planning_scene_world' for planning scene world geometry
[move_group-20] [WARN] [1777472561.944332504] [move_group.moveit.moveit.ros.occupancy_map_monitor]: Resolution not specified for Octomap. Assuming resolution = 0.1 instead
[move_group-20] [ERROR] [1777472561.944384124] [move_group.moveit.moveit.ros.occupancy_map_monitor]: No 3D sensor plugin(s) defined for octomap updates
[ros2_control_node-1] [WARN] [1777472561.984489245] [controller_manager]: Overrun might occur, Total time : 4591.102 us (Expected < 1000.000 us) --> Read time : 38.663 us, Update time : 301.454 us, Write time : 4250.985 us
[ros2_control_node-1] [WARN] [1777472561.984565593] [controller_manager]: Overrun detected! The controller manager missed its desired rate of 1000 Hz. The loop took 4.691922 ms (missed cycles : 5).
[adl_ui-15] 192.168.0.78 - - [29/Apr/2026 10:22:42] "GET /status_json HTTP/1.1" 200 -
[rviz2-21] Warning: class_loader.impl: SEVERE WARNING!!! A namespace collision has occurred with plugin factory for class rviz_default_plugins::displays::InteractiveMarkerDisplay. New factory will OVERWRITE existing one. This situation occurs when libraries containing plugins are directly linked against an executable (the one running right now generating this message). Please separate plugins out into their own library or just don't link against the library and use either class_loader::ClassLoader/MultiLibraryClassLoader to open.
[rviz2-21]          at line 321 in /opt/ros/jazzy/include/class_loader/class_loader/class_loader_core.hpp
[rviz2-21] [WARN] [1777472562.038942850] [rcl.logging_rosout]: Publisher already registered for node name: 'rviz2_moveit'. If this is due to multiple nodes with the same name then all logs for the logger named 'rviz2_moveit' will go out over the existing publisher. As soon as any node with that name is destructed it will unregister the publisher, preventing any further logs for that name from being published on the rosout topic.
[adl_ui-15] 127.0.0.1 - - [29/Apr/2026 10:22:42] "GET /status_json HTTP/1.1" 200 -
[scene_static-7] [WARN] [1777472562.257640887] [scene_static_node]: Planning scene service not available, waiting...
[adl_ui-15] 192.168.0.78 - - [29/Apr/2026 10:22:42] "GET /status_json HTTP/1.1" 200 -
[vision_apriltag-9] [INFO] [1777472562.765806227] [vision_apriltag_node]: Vision AprilTag: images are arriving on /wrist_mounted_camera/image, but no AprilTags have been detected yet.
[ros2_control_node-1] [INFO] [1777472562.980067692] [controller_manager]: Received robot description from topic.
[ros2_control_node-1] [WARN] [1777472562.980109613] [controller_manager]: ResourceManager has already loaded a urdf. Ignoring attempt to reload a robot description.
[ros2_control_node-1] [WARN] [1777472562.987692124] [controller_manager]: Overrun might occur, Total time : 2784.827 us (Expected < 1000.000 us) --> Read time : 64.429 us, Update time : 256.940 us, Write time : 2463.458 us
[ros2_control_node-1] [WARN] [1777472562.987759702] [controller_manager]: Overrun detected! The controller manager missed its desired rate of 1000 Hz. The loop took 2.886648 ms (missed cycles : 3).
[adl_ui-15] 127.0.0.1 - - [29/Apr/2026 10:22:43] "GET /status_json HTTP/1.1" 200 -
[ros2_control_node-1] [INFO] [1777472563.196213331] [controller_manager]: Loading controller : 'fault_controller' of type 'picknik_reset_fault_controller/PicknikResetFaultController'
[ros2_control_node-1] [INFO] [1777472563.197386824] [controller_manager]: Loading controller 'fault_controller'
[ros2_control_node-1] [INFO] [1777472563.200647184] [controller_manager]: Controller 'fault_controller' node arguments: --ros-args --params-file /home/carrt-cse-project/workspace/ros2_kortex_ws/install/adl_tasks/share/adl_tasks/config/ros2_controllers_vbox.yaml --params-file /tmp/launch_params_lkbxlg7g 
[spawner-19] [INFO] [1777472563.261559336] [spawner_fault_controller]: Loaded fault_controller
[ros2_control_node-1] [INFO] [1777472563.266128104] [controller_manager]: Configuring controller: 'fault_controller'
[ros2_control_node-1] [INFO] [1777472563.275342698] [controller_manager]: Activating controllers: [ fault_controller ]
[move_group-20] [INFO] [1777472563.346032109] [move_group.moveit.moveit.ros.planning_pipeline]: Successfully loaded planner 'OMPL'
[move_group-20] [INFO] [1777472563.351666702] [move_group]: Try loading adapter 'default_planning_request_adapters/ResolveConstraintFrames'
[move_group-20] [INFO] [1777472563.353761610] [move_group]: Loaded adapter 'default_planning_request_adapters/ResolveConstraintFrames'
[move_group-20] [INFO] [1777472563.353794752] [move_group]: Try loading adapter 'default_planning_request_adapters/ValidateWorkspaceBounds'
[move_group-20] [INFO] [1777472563.355857472] [move_group]: Loaded adapter 'default_planning_request_adapters/ValidateWorkspaceBounds'
[move_group-20] [INFO] [1777472563.355888359] [move_group]: Try loading adapter 'default_planning_request_adapters/CheckStartStateBounds'
[move_group-20] [INFO] [1777472563.355949418] [move_group]: Loaded adapter 'default_planning_request_adapters/CheckStartStateBounds'
[move_group-20] [INFO] [1777472563.355960797] [move_group]: Try loading adapter 'default_planning_request_adapters/CheckStartStateCollision'
[move_group-20] [INFO] [1777472563.355979624] [move_group]: Loaded adapter 'default_planning_request_adapters/CheckStartStateCollision'
[move_group-20] [INFO] [1777472563.365001271] [move_group]: Try loading adapter 'default_planning_response_adapters/AddTimeOptimalParameterization'
[move_group-20] [INFO] [1777472563.374099609] [move_group]: Loaded adapter 'default_planning_response_adapters/AddTimeOptimalParameterization'
[move_group-20] [INFO] [1777472563.374149973] [move_group]: Try loading adapter 'default_planning_response_adapters/ValidateSolution'
[move_group-20] [INFO] [1777472563.381229079] [move_group]: Loaded adapter 'default_planning_response_adapters/ValidateSolution'
[move_group-20] [INFO] [1777472563.381268149] [move_group]: Try loading adapter 'default_planning_response_adapters/DisplayMotionPath'
[move_group-20] [INFO] [1777472563.383054462] [move_group]: Loaded adapter 'default_planning_response_adapters/DisplayMotionPath'
[ros2_control_node-1] [INFO] [1777472563.482026116] [controller_manager]: Successfully switched controllers!
[ros2_control_node-1] [WARN] [1777472563.484137944] [controller_manager]: Overrun might occur, Total time : 8242.332 us (Expected < 1000.000 us) --> Read time : 35.841 us, Update time : 5676.273 us (Switch time : 5437.864 us (Switch chained mode time : 0.941 us, perform mode change time : 16.988 us, Activation time : 5409.245 us, Deactivation time : 0.590 us)), Write time : 2530.218 us
[move_group-20] [INFO] [1777472563.486689260] [move_group.moveit.moveit.plugins.simple_controller_manager]: Added FollowJointTrajectory controller for joint_trajectory_controller
[move_group-20] [INFO] [1777472563.486763285] [move_group.moveit.moveit.plugins.simple_controller_manager]: robotiq_gripper_controller will command a max effort of: 0
[move_group-20] [INFO] [1777472563.495227586] [move_group.moveit.moveit.plugins.simple_controller_manager]: Added GripperCommand controller for robotiq_gripper_controller
[move_group-20] [INFO] [1777472563.495917284] [move_group.moveit.moveit.plugins.simple_controller_manager]: Returned 2 controllers in list
[move_group-20] [INFO] [1777472563.496000216] [move_group.moveit.moveit.plugins.simple_controller_manager]: Returned 2 controllers in list
[move_group-20] [INFO] [1777472563.496874812] [move_group.moveit.moveit.ros.trajectory_execution_manager]: Trajectory execution is managing controllers
[move_group-20] [INFO] [1777472563.496903669] [move_group]: MoveGroup debug mode is ON
[spawner-19] [INFO] [1777472563.500684327] [spawner_fault_controller]: Configured and activated fault_controller
[adl_ui-15] 192.168.0.78 - - [29/Apr/2026 10:22:43] "GET /status_json HTTP/1.1" 200 -
[move_group-20] [INFO] [1777472563.590950999] [move_group.moveit.moveit.ros.move_group.executable]: 
[move_group-20] 
[move_group-20] ********************************************************
[move_group-20] * MoveGroup using: 
[move_group-20] *     - apply_planning_scene_service
[move_group-20] *     - clear_octomap_service
[move_group-20] *     - get_group_urdf
[move_group-20] *     - load_geometry_from_file
[move_group-20] *     - CartesianPathService
[move_group-20] *     - execute_trajectory_action
[move_group-20] *     - get_planning_scene_service
[move_group-20] *     - kinematics_service
[move_group-20] *     - move_action
[move_group-20] *     - motion_plan_service
[move_group-20] *     - query_planners_service
[move_group-20] *     - state_validation_service
[move_group-20] *     - save_geometry_to_file
[move_group-20] ********************************************************
[move_group-20] 
[move_group-20] [INFO] [1777472563.591036219] [move_group.moveit.moveit.ros.move_group.context]: MoveGroup context using pipeline ompl
[move_group-20] [INFO] [1777472563.591059294] [move_group.moveit.moveit.ros.move_group.context]: MoveGroup context initialization complete
[move_group-20] [96mLoading 'move_group/ApplyPlanningSceneService'...[0m
[move_group-20] [96mLoading 'move_group/ClearOctomapService'...[0m
[move_group-20] [96mLoading 'move_group/GetUrdfService'...[0m
[move_group-20] [96mLoading 'move_group/LoadGeometryFromFileService'...[0m
[move_group-20] [96mLoading 'move_group/MoveGroupCartesianPathService'...[0m
[move_group-20] [96mLoading 'move_group/MoveGroupExecuteTrajectoryAction'...[0m
[move_group-20] [96mLoading 'move_group/MoveGroupGetPlanningSceneService'...[0m
[move_group-20] [96mLoading 'move_group/MoveGroupKinematicsService'...[0m
[move_group-20] [96mLoading 'move_group/MoveGroupMoveAction'...[0m
[move_group-20] [96mLoading 'move_group/MoveGroupPlanService'...[0m
[move_group-20] [96mLoading 'move_group/MoveGroupQueryPlannersService'...[0m
[move_group-20] [96mLoading 'move_group/MoveGroupStateValidationService'...[0m
[move_group-20] [96mLoading 'move_group/SaveGeometryToFileService'...[0m
[move_group-20] 
[move_group-20] [92mYou can start planning now![0m
[move_group-20] 
[vision_apriltag-9] [INFO] [1777472563.600513136] [vision_apriltag_node]: Vision AprilTag detection debug: no tags found after raw/CLAHE/sharp/adaptive/upscaled/tiled passes.
[spawner-17] [INFO] [1777472563.704946875] [spawner_twist_controller]: waiting for service /controller_manager/list_controllers to become available...
[INFO] [spawner-19]: process has finished cleanly [pid 49526]
[scene_static-7] [INFO] [1777472563.761226394] [scene_static_node]: Planning scene service available. Building static scene...
[scene_static-7] [INFO] [1777472563.766320204] [scene_static_node]: Static scene built: 25 objects added to MoveIt planning scene.
[ros2_control_node-1] [WARN] [1777472563.988317551] [controller_manager]: Overrun might occur, Total time : 2426.210 us (Expected < 1000.000 us) --> Read time : 35.796 us, Update time : 247.240 us, Write time : 2143.174 us
[ros2_control_node-1] [WARN] [1777472563.988388178] [controller_manager]: Overrun detected! The controller manager missed its desired rate of 1000 Hz. The loop took 2.514691 ms (missed cycles : 3).
[adl_ui-15] 127.0.0.1 - - [29/Apr/2026 10:22:44] "GET /status_json HTTP/1.1" 200 -
[adl_ui-15] 192.168.0.78 - - [29/Apr/2026 10:22:44] "GET /status_json HTTP/1.1" 200 -
[vision_apriltag-9] [INFO] [1777472564.610452607] [vision_apriltag_node]: Vision AprilTag: images are arriving on /wrist_mounted_camera/image, but no AprilTags have been detected yet.
[ros2_control_node-1] [WARN] [1777472564.991379184] [controller_manager]: Overrun might occur, Total time : 3458.721 us (Expected < 1000.000 us) --> Read time : 21.257 us, Update time : 189.039 us, Write time : 3248.425 us
[ros2_control_node-1] [WARN] [1777472564.991464209] [controller_manager]: Overrun detected! The controller manager missed its desired rate of 1000 Hz. The loop took 3.590663 ms (missed cycles : 4).
[adl_ui-15] 192.168.0.78 - - [29/Apr/2026 10:22:45] "GET /status_json HTTP/1.1" 200 -
[adl_ui-15] 127.0.0.1 - - [29/Apr/2026 10:22:45] "GET /status_json HTTP/1.1" 200 -
[rviz2-21] [ERROR] [1777472565.086131600] [rviz2_moveit.moveit.ros.motion_planning_frame]: Action server: /recognize_objects not available
[rviz2-21] [INFO] [1777472565.132949916] [rviz2_moveit.moveit.ros.motion_planning_frame]: MoveGroup namespace changed: / -> . Reloading params.
[rviz2-21] [INFO] [1777472565.231550603] [rviz2_moveit.moveit.ros.rdf_loader]: Loaded robot model in 0.0200016 seconds
[rviz2-21] [INFO] [1777472565.231656088] [rviz2_moveit.moveit.core.robot_model]: Loading robot model 'gen3'...
[rviz2-21] [INFO] [1777472565.231684696] [rviz2_moveit.moveit.core.robot_model]: No root/virtual joint specified in SRDF. Assuming fixed joint
[wrist_camera_usb_publisher-8] [INFO] [1777472565.263777739] [wrist_camera_usb_publisher_node]: USB camera publisher heartbeat: publishing 1280x720 frames on /wrist_mounted_camera/image; camera_info fx=920.87, fy=921.57, cx=644.76, cy=343.15.
[rviz2-21] [INFO] [1777472565.415162238] [rviz2_moveit.moveit.kinematics.kdl_kinematics_plugin]: Joint weights for group 'manipulator': 1 1 1 1 1 1 1
[adl_ui-15] 192.168.0.78 - - [29/Apr/2026 10:22:45] "GET /status_json HTTP/1.1" 200 -
[rviz2-21] [INFO] [1777472565.791783859] [rviz2_moveit.moveit.ros.planning_scene_monitor]: Starting planning scene monitor
[rviz2-21] [INFO] [1777472565.793076035] [rviz2_moveit.moveit.ros.planning_scene_monitor]: Listening to '/monitored_planning_scene'
[ros2_control_node-1] [WARN] [1777472565.993775337] [controller_manager]: Overrun might occur, Total time : 2875.390 us (Expected < 1000.000 us) --> Read time : 36.602 us, Update time : 241.941 us, Write time : 2596.847 us
[ros2_control_node-1] [WARN] [1777472565.993841802] [controller_manager]: Overrun detected! The controller manager missed its desired rate of 1000 Hz. The loop took 2.968430 ms (missed cycles : 3).
[adl_ui-15] 127.0.0.1 - - [29/Apr/2026 10:22:46] "GET /status_json HTTP/1.1" 200 -
[rviz2-21] [INFO] [1777472566.109073764] [interactive_marker_display_96836923319264]: Connected on namespace: /rviz_moveit_motion_planning_display/robot_interaction_interactive_marker_topic
[rviz2-21] [INFO] [1777472566.117925945] [rviz2_moveit.moveit.ros.robot_interaction]: No active joints or end effectors found for group 'gripper'. Make sure that kinematics.yaml is loaded in this node's namespace.
[rviz2-21] [INFO] [1777472566.118719598] [rviz2_moveit.moveit.ros.robot_interaction]: No active joints or end effectors found for group 'gripper'. Make sure that kinematics.yaml is loaded in this node's namespace.
[rviz2-21] [INFO] [1777472566.133456435] [rviz2_moveit.moveit.ros.motion_planning_frame]: group gripper
[rviz2-21] [INFO] [1777472566.133522308] [rviz2_moveit.moveit.ros.motion_planning_frame]: Constructing new MoveGroup connection for group 'gripper' in namespace ''
[rviz2-21] [INFO] [1777472566.139848789] [interactive_marker_display_96836923319264]: Sending request for interactive markers
[rviz2-21] [INFO] [1777472566.174066615] [interactive_marker_display_96836923319264]: Service response received for initialization
[rviz2-21] [INFO] [1777472566.175881999] [rviz2_moveit.moveit.ros.move_group_interface]: Ready to take commands for planning group gripper.
[rviz2-21] [INFO] [1777472566.182463924] [rviz2_moveit.moveit.ros.motion_planning_frame]: group gripper
[ros2_control_node-1] [INFO] [1777472566.216184733] [controller_manager]: Loading controller : 'twist_controller' of type 'picknik_twist_controller/PicknikTwistController'
[ros2_control_node-1] [INFO] [1777472566.216223188] [controller_manager]: Loading controller 'twist_controller'
[ros2_control_node-1] [INFO] [1777472566.222199449] [controller_manager]: Controller 'twist_controller' node arguments: --ros-args --params-file /home/carrt-cse-project/workspace/ros2_kortex_ws/install/adl_tasks/share/adl_tasks/config/ros2_controllers_vbox.yaml --params-file /tmp/launch_params_lkbxlg7g 
[spawner-17] [INFO] [1777472566.266595449] [spawner_twist_controller]: Loaded twist_controller
[ros2_control_node-1] [INFO] [1777472566.271738152] [controller_manager]: Configuring controller: 'twist_controller'
[ros2_control_node-1] [INFO] [1777472566.277058995] [twist_controller]: configure successful
[INFO] [spawner-17]: process has finished cleanly [pid 49524]
[adl_ui-15] 192.168.0.78 - - [29/Apr/2026 10:22:46] "GET /status_json HTTP/1.1" 200 -
[vision_apriltag-9] [INFO] [1777472566.722689764] [vision_apriltag_node]: Vision AprilTag: images are arriving on /wrist_mounted_camera/image, but no AprilTags have been detected yet.
[ros2_control_node-1] [WARN] [1777472566.996771689] [controller_manager]: Overrun might occur, Total time : 2880.317 us (Expected < 1000.000 us) --> Read time : 29.356 us, Update time : 203.043 us, Write time : 2647.918 us
[ros2_control_node-1] [WARN] [1777472566.996840536] [controller_manager]: Overrun detected! The controller manager missed its desired rate of 1000 Hz. The loop took 2.967742 ms (missed cycles : 3).
[adl_ui-15] 127.0.0.1 - - [29/Apr/2026 10:22:47] "GET /status_json HTTP/1.1" 200 -
[adl_ui-15] 192.168.0.78 - - [29/Apr/2026 10:22:47] "GET /status_json HTTP/1.1" 200 -
[ros2_control_node-1] [WARN] [1777472567.999446700] [controller_manager]: Overrun might occur, Total time : 2555.325 us (Expected < 1000.000 us) --> Read time : 31.919 us, Update time : 184.342 us, Write time : 2339.064 us
[ros2_control_node-1] [WARN] [1777472567.999522196] [controller_manager]: Overrun detected! The controller manager missed its desired rate of 1000 Hz. The loop took 2.649132 ms (missed cycles : 3).
[adl_ui-15] 192.168.0.78 - - [29/Apr/2026 10:22:48] "GET /status_json HTTP/1.1" 200 -
[adl_ui-15] 127.0.0.1 - - [29/Apr/2026 10:22:48] "GET /status_json HTTP/1.1" 200 -
[adl_ui-15] 192.168.0.78 - - [29/Apr/2026 10:22:48] "GET /status_json HTTP/1.1" 200 -
[vision_apriltag-9] [INFO] [1777472568.771249640] [vision_apriltag_node]: Vision AprilTag detection debug: no tags found after raw/CLAHE/sharp/adaptive/upscaled/tiled passes.
[vision_apriltag-9] [INFO] [1777472568.773915384] [vision_apriltag_node]: Vision AprilTag: images are arriving on /wrist_mounted_camera/image, but no AprilTags have been detected yet.
[ros2_control_node-1] [WARN] [1777472568.999447564] [controller_manager]: Overrun might occur, Total time : 2555.641 us (Expected < 1000.000 us) --> Read time : 36.760 us, Update time : 233.209 us, Write time : 2285.672 us
[ros2_control_node-1] [WARN] [1777472569.002419551] [controller_manager]: Overrun detected! The controller manager missed its desired rate of 1000 Hz. The loop took 2.546759 ms (missed cycles : 3).
[adl_ui-15] 127.0.0.1 - - [29/Apr/2026 10:22:49] "GET /status_json HTTP/1.1" 200 -
[adl_ui-15] 192.168.0.78 - - [29/Apr/2026 10:22:49] "GET /status_json HTTP/1.1" 200 -
[ros2_control_node-1] [WARN] [1777472570.001342402] [controller_manager]: Overrun might occur, Total time : 2447.314 us (Expected < 1000.000 us) --> Read time : 34.989 us, Update time : 224.157 us, Write time : 2188.168 us
[ros2_control_node-1] [WARN] [1777472570.004479010] [controller_manager]: Overrun detected! The controller manager missed its desired rate of 1000 Hz. The loop took 2.606493 ms (missed cycles : 3).
[adl_ui-15] 127.0.0.1 - - [29/Apr/2026 10:22:50] "GET /status_json HTTP/1.1" 200 -
[adl_ui-15] 192.168.0.78 - - [29/Apr/2026 10:22:50] "GET /status_json HTTP/1.1" 200 -
[wrist_camera_usb_publisher-8] [INFO] [1777472570.419129836] [wrist_camera_usb_publisher_node]: USB camera publisher heartbeat: publishing 1280x720 frames on /wrist_mounted_camera/image; camera_info fx=920.87, fy=921.57, cx=644.76, cy=343.15.
[vision_apriltag-9] [INFO] [1777472570.598704739] [vision_apriltag_node]: Vision AprilTag: images are arriving on /wrist_mounted_camera/image, but no AprilTags have been detected yet.
[ros2_control_node-1] [WARN] [1777472571.002774705] [controller_manager]: Overrun might occur, Total time : 2858.104 us (Expected < 1000.000 us) --> Read time : 30.677 us, Update time : 177.554 us, Write time : 2649.873 us
[ros2_control_node-1] [WARN] [1777472571.005826548] [controller_manager]: Overrun detected! The controller manager missed its desired rate of 1000 Hz. The loop took 2.953819 ms (missed cycles : 3).
[adl_ui-15] 192.168.0.78 - - [29/Apr/2026 10:22:51] "GET /status_json HTTP/1.1" 200 -
[adl_ui-15] 127.0.0.1 - - [29/Apr/2026 10:22:51] "GET /status_json HTTP/1.1" 200 -
[adl_ui-15] 192.168.0.78 - - [29/Apr/2026 10:22:51] "GET /status_json HTTP/1.1" 200 -
[ros2_control_node-1] [WARN] [1777472572.005784163] [controller_manager]: Overrun might occur, Total time : 2887.983 us (Expected < 1000.000 us) --> Read time : 42.157 us, Update time : 299.087 us, Write time : 2546.739 us
[ros2_control_node-1] [WARN] [1777472572.005834889] [controller_manager]: Overrun detected! The controller manager missed its desired rate of 1000 Hz. The loop took 2.962238 ms (missed cycles : 3).
[adl_ui-15] 127.0.0.1 - - [29/Apr/2026 10:22:52] "GET /status_json HTTP/1.1" 200 -
[adl_ui-15] 192.168.0.78 - - [29/Apr/2026 10:22:52] "GET /status_json HTTP/1.1" 200 -
[vision_apriltag-9] [INFO] [1777472572.596932587] [vision_apriltag_node]: Vision AprilTag: images are arriving on /wrist_mounted_camera/image, but no AprilTags have been detected yet.
[adl_ui-15] 127.0.0.1 - - [29/Apr/2026 10:22:52] "GET /status_json HTTP/1.1" 200 -
[ros2_control_node-1] [WARN] [1777472573.006364830] [controller_manager]: Overrun might occur, Total time : 2465.975 us (Expected < 1000.000 us) --> Read time : 36.181 us, Update time : 265.296 us, Write time : 2164.498 us
[ros2_control_node-1] [WARN] [1777472573.006496807] [controller_manager]: Overrun detected! The controller manager missed its desired rate of 1000 Hz. The loop took 2.623006 ms (missed cycles : 3).
[adl_ui-15] 192.168.0.78 - - [29/Apr/2026 10:22:53] "GET /status_json HTTP/1.1" 200 -
[adl_ui-15] 127.0.0.1 - - [29/Apr/2026 10:22:53] "GET /status_json HTTP/1.1" 200 -
[vision_apriltag-9] [INFO] [1777472573.811454395] [vision_apriltag_node]: Vision AprilTag detection debug: no tags found after raw/CLAHE/sharp/adaptive/upscaled/tiled passes.
[adl_ui-15] 192.168.0.78 - - [29/Apr/2026 10:22:54] "GET /status_json HTTP/1.1" 200 -
[ros2_control_node-1] [WARN] [1777472574.006483263] [controller_manager]: Overrun might occur, Total time : 2584.975 us (Expected < 1000.000 us) --> Read time : 44.916 us, Update time : 258.581 us, Write time : 2281.478 us
[ros2_control_node-1] [WARN] [1777472574.006552580] [controller_manager]: Overrun detected! The controller manager missed its desired rate of 1000 Hz. The loop took 2.678948 ms (missed cycles : 3).
[adl_ui-15] 127.0.0.1 - - [29/Apr/2026 10:22:54] "GET /status_json HTTP/1.1" 200 -
[vision_apriltag-9] [INFO] [1777472574.598975851] [vision_apriltag_node]: Vision AprilTag: images are arriving on /wrist_mounted_camera/image, but no AprilTags have been detected yet.
[adl_ui-15] 192.168.0.78 - - [29/Apr/2026 10:22:54] "GET /status_json HTTP/1.1" 200 -
[ros2_control_node-1] [WARN] [1777472575.008933502] [controller_manager]: Overrun might occur, Total time : 3034.452 us (Expected < 1000.000 us) --> Read time : 38.307 us, Update time : 260.929 us, Write time : 2735.216 us
[ros2_control_node-1] [WARN] [1777472575.009030092] [controller_manager]: Overrun detected! The controller manager missed its desired rate of 1000 Hz. The loop took 3.155873 ms (missed cycles : 4).
[adl_ui-15] 127.0.0.1 - - [29/Apr/2026 10:22:55] "GET /status_json HTTP/1.1" 200 -
[adl_ui-15] 192.168.0.78 - - [29/Apr/2026 10:22:55] "GET /status_json HTTP/1.1" 200 -
[wrist_camera_usb_publisher-8] [INFO] [1777472575.579251750] [wrist_camera_usb_publisher_node]: USB camera publisher heartbeat: publishing 1280x720 frames on /wrist_mounted_camera/image; camera_info fx=920.87, fy=921.57, cx=644.76, cy=343.15.
[ros2_control_node-1] [WARN] [1777472576.011307668] [controller_manager]: Overrun might occur, Total time : 2415.668 us (Expected < 1000.000 us) --> Read time : 23.453 us, Update time : 220.958 us, Write time : 2171.257 us
[ros2_control_node-1] [WARN] [1777472576.011390884] [controller_manager]: Overrun detected! The controller manager missed its desired rate of 1000 Hz. The loop took 2.517308 ms (missed cycles : 3).
[adl_ui-15] 127.0.0.1 - - [29/Apr/2026 10:22:56] "GET /status_json HTTP/1.1" 200 -
[adl_ui-15] 192.168.0.78 - - [29/Apr/2026 10:22:56] "GET /status_json HTTP/1.1" 200 -
[vision_apriltag-9] [INFO] [1777472576.598411002] [vision_apriltag_node]: Vision AprilTag: images are arriving on /wrist_mounted_camera/image, but no AprilTags have been detected yet.
[adl_ui-15] 127.0.0.1 - - [29/Apr/2026 10:22:56] "GET /status_json HTTP/1.1" 200 -
[adl_ui-15] 192.168.0.78 - - [29/Apr/2026 10:22:57] "GET /status_json HTTP/1.1" 200 -
[ros2_control_node-1] [WARN] [1777472577.013012275] [controller_manager]: Overrun might occur, Total time : 3111.392 us (Expected < 1000.000 us) --> Read time : 45.106 us, Update time : 273.518 us, Write time : 2792.768 us
[ros2_control_node-1] [WARN] [1777472577.013085966] [controller_manager]: Overrun detected! The controller manager missed its desired rate of 1000 Hz. The loop took 3.212575 ms (missed cycles : 4).
[adl_ui-15] 127.0.0.1 - - [29/Apr/2026 10:22:57] "GET /status_json HTTP/1.1" 200 -
[adl_ui-15] 192.168.0.78 - - [29/Apr/2026 10:22:57] "GET /status_json HTTP/1.1" 200 -
[ros2_control_node-1] [WARN] [1777472578.015683515] [controller_manager]: Overrun might occur, Total time : 2784.369 us (Expected < 1000.000 us) --> Read time : 32.327 us, Update time : 216.228 us, Write time : 2535.814 us
[ros2_control_node-1] [WARN] [1777472578.015787883] [controller_manager]: Overrun detected! The controller manager missed its desired rate of 1000 Hz. The loop took 2.914403 ms (missed cycles : 3).
[adl_ui-15] 127.0.0.1 - - [29/Apr/2026 10:22:58] "GET /status_json HTTP/1.1" 200 -
[adl_ui-15] 192.168.0.78 - - [29/Apr/2026 10:22:58] "GET /status_json HTTP/1.1" 200 -
[vision_apriltag-9] [INFO] [1777472578.906405404] [vision_apriltag_node]: Vision AprilTag detection debug: no tags found after raw/CLAHE/sharp/adaptive/upscaled/tiled passes.
[vision_apriltag-9] [INFO] [1777472578.926189649] [vision_apriltag_node]: Vision AprilTag: images are arriving on /wrist_mounted_camera/image, but no AprilTags have been detected yet.
[ros2_control_node-1] [WARN] [1777472579.017299139] [controller_manager]: Overrun might occur, Total time : 3388.820 us (Expected < 1000.000 us) --> Read time : 40.068 us, Update time : 256.831 us, Write time : 3091.921 us
[ros2_control_node-1] [WARN] [1777472579.017383406] [controller_manager]: Overrun detected! The controller manager missed its desired rate of 1000 Hz. The loop took 3.509671 ms (missed cycles : 4).
[adl_ui-15] 127.0.0.1 - - [29/Apr/2026 10:22:59] "GET /status_json HTTP/1.1" 200 -
[adl_ui-15] 192.168.0.78 - - [29/Apr/2026 10:22:59] "GET /status_json HTTP/1.1" 200 -
[adl_ui-15] 127.0.0.1 - - [29/Apr/2026 10:22:59] "GET /status_json HTTP/1.1" 200 -
[adl_ui-15] 192.168.0.78 - - [29/Apr/2026 10:23:00] "GET /status_json HTTP/1.1" 200 -
[ros2_control_node-1] [WARN] [1777472580.017957545] [controller_manager]: Overrun might occur, Total time : 3059.003 us (Expected < 1000.000 us) --> Read time : 38.657 us, Update time : 245.722 us, Write time : 2774.624 us
[ros2_control_node-1] [WARN] [1777472580.018032091] [controller_manager]: Overrun detected! The controller manager missed its desired rate of 1000 Hz. The loop took 3.158677 ms (missed cycles : 4).
[adl_ui-15] 127.0.0.1 - - [29/Apr/2026 10:23:00] "GET /status_json HTTP/1.1" 200 -
[vision_apriltag-9] [INFO] [1777472580.597836902] [vision_apriltag_node]: Vision AprilTag: images are arriving on /wrist_mounted_camera/image, but no AprilTags have been detected yet.
[wrist_camera_usb_publisher-8] [INFO] [1777472580.741496482] [wrist_camera_usb_publisher_node]: USB camera publisher heartbeat: publishing 1280x720 frames on /wrist_mounted_camera/image; camera_info fx=920.87, fy=921.57, cx=644.76, cy=343.15.
[adl_ui-15] 192.168.0.78 - - [29/Apr/2026 10:23:00] "GET /status_json HTTP/1.1" 200 -
[ros2_control_node-1] [WARN] [1777472581.018335636] [controller_manager]: Overrun might occur, Total time : 2445.408 us (Expected < 1000.000 us) --> Read time : 30.790 us, Update time : 203.504 us, Write time : 2211.114 us
[ros2_control_node-1] [WARN] [1777472581.018405565] [controller_manager]: Overrun detected! The controller manager missed its desired rate of 1000 Hz. The loop took 2.532318 ms (missed cycles : 3).
[adl_ui-15] 127.0.0.1 - - [29/Apr/2026 10:23:01] "GET /status_json HTTP/1.1" 200 -
[adl_ui-15] 192.168.0.78 - - [29/Apr/2026 10:23:01] "GET /status_json HTTP/1.1" 200 -
[adl_ui-15] 127.0.0.1 - - [29/Apr/2026 10:23:02] "GET /status_json HTTP/1.1" 200 -
[ros2_control_node-1] [WARN] [1777472582.019801487] [controller_manager]: Overrun might occur, Total time : 2895.841 us (Expected < 1000.000 us) --> Read time : 49.281 us, Update time : 244.317 us, Write time : 2602.243 us
[ros2_control_node-1] [WARN] [1777472582.019911563] [controller_manager]: Overrun detected! The controller manager missed its desired rate of 1000 Hz. The loop took 3.037817 ms (missed cycles : 4).
[adl_ui-15] 192.168.0.78 - - [29/Apr/2026 10:23:02] "GET /status_json HTTP/1.1" 200 -
[adl_ui-15] 127.0.0.1 - - [29/Apr/2026 10:23:02] "GET /status_json HTTP/1.1" 200 -
[vision_apriltag-9] [INFO] [1777472582.803834979] [vision_apriltag_node]: Vision AprilTag: images are arriving on /wrist_mounted_camera/image, but no AprilTags have been detected yet.
[adl_ui-15] 192.168.0.78 - - [29/Apr/2026 10:23:03] "GET /status_json HTTP/1.1" 200 -
[ros2_control_node-1] [WARN] [1777472583.021544882] [controller_manager]: Overrun might occur, Total time : 2653.806 us (Expected < 1000.000 us) --> Read time : 28.068 us, Update time : 188.732 us, Write time : 2437.006 us
[ros2_control_node-1] [WARN] [1777472583.021609896] [controller_manager]: Overrun detected! The controller manager missed its desired rate of 1000 Hz. The loop took 2.736751 ms (missed cycles : 3).
[adl_ui-15] 127.0.0.1 - - [29/Apr/2026 10:23:03] "GET /status_json HTTP/1.1" 200 -
[adl_ui-15] 192.168.0.78 - - [29/Apr/2026 10:23:03] "GET /status_json HTTP/1.1" 200 -
[ros2_control_node-1] [WARN] [1777472584.023289748] [controller_manager]: Overrun might occur, Total time : 2397.312 us (Expected < 1000.000 us) --> Read time : 35.686 us, Update time : 246.708 us, Write time : 2114.918 us
[ros2_control_node-1] [WARN] [1777472584.023354269] [controller_manager]: Overrun detected! The controller manager missed its desired rate of 1000 Hz. The loop took 2.481151 ms (missed cycles : 3).
[vision_apriltag-9] [INFO] [1777472584.173717940] [vision_apriltag_node]: Vision AprilTag detection debug: no tags found after raw/CLAHE/sharp/adaptive/upscaled/tiled passes.
[adl_ui-15] 127.0.0.1 - - [29/Apr/2026 10:23:04] "GET /status_json HTTP/1.1" 200 -
[adl_ui-15] 192.168.0.78 - - [29/Apr/2026 10:23:04] "GET /status_json HTTP/1.1" 200 -
[vision_apriltag-9] [INFO] [1777472584.598712092] [vision_apriltag_node]: Vision AprilTag: images are arriving on /wrist_mounted_camera/image, but no AprilTags have been detected yet.
[adl_ui-15] 127.0.0.1 - - [29/Apr/2026 10:23:05] "GET /status_json HTTP/1.1" 200 -
[ros2_control_node-1] [WARN] [1777472585.025597251] [controller_manager]: Overrun might occur, Total time : 2681.978 us (Expected < 1000.000 us) --> Read time : 74.005 us, Update time : 320.683 us, Write time : 2287.290 us
[ros2_control_node-1] [WARN] [1777472585.025713478] [controller_manager]: Overrun detected! The controller manager missed its desired rate of 1000 Hz. The loop took 2.839487 ms (missed cycles : 3).
[adl_ui-15] 192.168.0.78 - - [29/Apr/2026 10:23:05] "GET /status_json HTTP/1.1" 200 -
[adl_ui-15] 127.0.0.1 - - [29/Apr/2026 10:23:05] "GET /status_json HTTP/1.1" 200 -
[wrist_camera_usb_publisher-8] [INFO] [1777472585.900859281] [wrist_camera_usb_publisher_node]: USB camera publisher heartbeat: publishing 1280x720 frames on /wrist_mounted_camera/image; camera_info fx=920.87, fy=921.57, cx=644.76, cy=343.15.
[adl_ui-15] 192.168.0.78 - - [29/Apr/2026 10:23:06] "GET /status_json HTTP/1.1" 200 -
[ros2_control_node-1] [WARN] [1777472586.026187525] [controller_manager]: Overrun might occur, Total time : 2295.091 us (Expected < 1000.000 us) --> Read time : 34.240 us, Update time : 246.617 us, Write time : 2014.234 us
[ros2_control_node-1] [WARN] [1777472586.026252187] [controller_manager]: Overrun detected! The controller manager missed its desired rate of 1000 Hz. The loop took 2.379024 ms (missed cycles : 3).
[adl_ui-15] 127.0.0.1 - - [29/Apr/2026 10:23:06] "GET /status_json HTTP/1.1" 200 -
[adl_ui-15] 192.168.0.78 - - [29/Apr/2026 10:23:06] "GET /status_json HTTP/1.1" 200 -
[vision_apriltag-9] [INFO] [1777472586.890731929] [vision_apriltag_node]: Vision AprilTag: images are arriving on /wrist_mounted_camera/image, but no AprilTags have been detected yet.
[ros2_control_node-1] [WARN] [1777472587.027430772] [controller_manager]: Overrun might occur, Total time : 2528.170 us (Expected < 1000.000 us) --> Read time : 52.244 us, Update time : 259.871 us, Write time : 2216.055 us
[ros2_control_node-1] [WARN] [1777472587.027518831] [controller_manager]: Overrun detected! The controller manager missed its desired rate of 1000 Hz. The loop took 2.645215 ms (missed cycles : 3).
[adl_ui-15] 127.0.0.1 - - [29/Apr/2026 10:23:07] "GET /status_json HTTP/1.1" 200 -
[adl_ui-15] 192.168.0.78 - - [29/Apr/2026 10:23:07] "GET /status_json HTTP/1.1" 200 -
[adl_ui-15] 127.0.0.1 - - [29/Apr/2026 10:23:08] "GET /status_json HTTP/1.1" 200 -
[ros2_control_node-1] [WARN] [1777472588.030744803] [controller_manager]: Overrun might occur, Total time : 2841.329 us (Expected < 1000.000 us) --> Read time : 44.491 us, Update time : 311.395 us, Write time : 2485.443 us
[ros2_control_node-1] [WARN] [1777472588.030839299] [controller_manager]: Overrun detected! The controller manager missed its desired rate of 1000 Hz. The loop took 2.965291 ms (missed cycles : 3).
[adl_ui-15] 192.168.0.78 - - [29/Apr/2026 10:23:08] "GET /status_json HTTP/1.1" 200 -
[vision_apriltag-9] [INFO] [1777472588.610462376] [vision_apriltag_node]: Vision AprilTag: images are arriving on /wrist_mounted_camera/image, but no AprilTags have been detected yet.
[adl_ui-15] [INFO] [1777472588.658619693] [adl_ui_node]: UI command published: emergency_stop_retract
[adl_ui-15] 127.0.0.1 - - [29/Apr/2026 10:23:08] "POST /command HTTP/1.1" 200 -
[adl_ui-15] 127.0.0.1 - - [29/Apr/2026 10:23:08] "GET /status_json HTTP/1.1" 200 -
[adl_controller-11] [INFO] [1777472588.839145214] [adl_controller_node]: is_near_retract: current arm is not at target (worst=joint_6:2.487 rad > 0.100).
[adl_controller-11] [INFO] [1777472588.839794753] [adl_controller_node]: go_retract: planning to RETRACT_JOINTS...
[adl_controller-11] [INFO] [1777472588.840774616] [adl_controller_node]: _send_goal: dispatching MoveGroup request group=manipulator, attempts=10, allowed_time=15.00s, vel_scale=0.250, accel_scale=0.250, gc1:joints(joint_1=+0.000+/-0.030, joint_2=-0.350+/-0.030, joint_3=+3.140+/-0.030, joint_4=-2.540+/-0.030, joint_5=+0.000+/-0.030, joint_6=-0.870+/-0.030, joint_7=+1.570+/-0.030)
[move_group-20] [ERROR] [1777472588.841734515] [move_group.moveit.moveit.core.conversions]: Found empty JointState message
[INFO] [launch.user]: [arm_start.launch] move_group reported an empty JointState while sanitizer mode is active. Keeping the launch alive, but this still indicates a planning-state problem. move_group output: [ERROR] [1777472588.841734515] [move_group.moveit.moveit.core.conversions]: Found empty JointState message
[adl_controller-11] [INFO] [1777472588.844578724] [adl_controller_node]: Start state: collision-valid — no collisions (not a joint-bounds check).
[move_group-20] [INFO] [1777472588.846077026] [move_group.moveit.moveit.ros.move_group.move_action]: MoveGroupMoveAction: Received request
[move_group-20] [INFO] [1777472588.848304955] [move_group.moveit.moveit.ros.move_group.move_action]: executing..
[move_group-20] [INFO] [1777472588.851031365] [move_group.moveit.moveit.ros.move_group.move_action]: Combined planning and execution request received for MoveGroup action. Forwarding to planning and execution pipeline.
[move_group-20] [WARN] [1777472588.851100125] [move_group.moveit.moveit.ros.move_group.capability]: Execution of motions should always start at the robot's current state. Ignoring the state supplied as start state in the motion planning request
[move_group-20] [WARN] [1777472588.851128646] [move_group.moveit.moveit.ros.move_group.capability]: Execution of motions should always start at the robot's current state. Ignoring the state supplied as difference in the planning scene diff
[move_group-20] [INFO] [1777472588.851152801] [move_group.moveit.moveit.ros.plan_execution]: Planning attempt 1 of at most 1
[move_group-20] [INFO] [1777472588.852347284] [move_group]: Calling PlanningRequestAdapter 'ResolveConstraintFrames'
[move_group-20] [INFO] [1777472588.852436747] [move_group]: Calling PlanningRequestAdapter 'ValidateWorkspaceBounds'
[move_group-20] [INFO] [1777472588.852468977] [move_group]: Calling PlanningRequestAdapter 'CheckStartStateBounds'
[move_group-20] [INFO] [1777472588.852527398] [move_group]: Calling PlanningRequestAdapter 'CheckStartStateCollision'
[move_group-20] [INFO] [1777472588.854525592] [move_group.moveit.moveit.planners.ompl.model_based_planning_context]: Planner configuration 'manipulator' will use planner 'geometric::RRTConnect'. Additional configuration parameters will be set when the planner is constructed.
[move_group-20] [INFO] [1777472588.854892294] [move_group]: Calling Planner 'OMPL'
[adl_controller-11] [INFO] [1777472588.857645534] [adl_controller_node]: _send_goal: MoveGroup goal accepted.
[move_group-20] [INFO] [1777472588.882056137] [move_group]: Calling PlanningResponseAdapter 'AddTimeOptimalParameterization'
[move_group-20] [INFO] [1777472588.896150625] [move_group]: Calling PlanningResponseAdapter 'ValidateSolution'
[move_group-20] [INFO] [1777472588.899954444] [move_group]: Calling PlanningResponseAdapter 'DisplayMotionPath'
[move_group-20] [WARN] [1777472588.900411336] [move_group.moveit.moveit.ros.planning_pipeline]: The planner plugin did not fill out the 'planner_id' field of the MotionPlanResponse. Setting it to the planner ID name of the MotionPlanRequest assuming that the planner plugin does warn you if it does not use the requested planner.
[move_group-20] [INFO] [1777472588.900784093] [move_group.moveit.moveit.plugins.simple_controller_manager]: Returned 2 controllers in list
[move_group-20] [INFO] [1777472588.900817032] [move_group.moveit.moveit.plugins.simple_controller_manager]: Returned 2 controllers in list
[move_group-20] [INFO] [1777472588.900928344] [move_group.moveit.moveit.ros.trajectory_execution_manager]: Validating trajectory with allowed_start_tolerance 0.01
[move_group-20] [INFO] [1777472588.910254781] [move_group.moveit.moveit.ros.trajectory_execution_manager]: Starting trajectory execution ...
[move_group-20] [INFO] [1777472588.910343628] [move_group.moveit.moveit.plugins.simple_controller_manager]: Returned 2 controllers in list
[move_group-20] [INFO] [1777472588.910399641] [move_group.moveit.moveit.plugins.simple_controller_manager]: Returned 2 controllers in list
[move_group-20] [INFO] [1777472588.910656815] [moveit.simple_controller_manager.follow_joint_trajectory_controller_handle]: sending trajectory to joint_trajectory_controller
[ros2_control_node-1] [INFO] [1777472588.912731914] [joint_trajectory_controller]: Received new action goal
[ros2_control_node-1] [INFO] [1777472588.912869571] [joint_trajectory_controller]: Accepted new action goal
[move_group-20] [INFO] [1777472588.915174411] [moveit.simple_controller_manager.follow_joint_trajectory_controller_handle]: joint_trajectory_controller started execution
[move_group-20] [INFO] [1777472588.915254866] [moveit.simple_controller_manager.follow_joint_trajectory_controller_handle]: Goal request accepted!
[adl_ui-15] 192.168.0.78 - - [29/Apr/2026 10:23:09] "GET /status_json HTTP/1.1" 200 -
[ros2_control_node-1] [WARN] [1777472589.033580923] [controller_manager]: Overrun might occur, Total time : 2681.486 us (Expected < 1000.000 us) --> Read time : 44.052 us, Update time : 291.897 us, Write time : 2345.537 us
[ros2_control_node-1] [WARN] [1777472589.033640100] [controller_manager]: Overrun detected! The controller manager missed its desired rate of 1000 Hz. The loop took 2.767009 ms (missed cycles : 3).
[adl_ui-15] 127.0.0.1 - - [29/Apr/2026 10:23:09] "GET /status_json HTTP/1.1" 200 -
[vision_apriltag-9] [INFO] [1777472589.551474100] [vision_apriltag_node]: Vision AprilTag detection debug: no tags found after raw/CLAHE/sharp/adaptive/upscaled/tiled passes.
[adl_ui-15] 192.168.0.78 - - [29/Apr/2026 10:23:09] "GET /status_json HTTP/1.1" 200 -
[ros2_control_node-1] [WARN] [1777472590.036821687] [controller_manager]: Overrun might occur, Total time : 2926.779 us (Expected < 1000.000 us) --> Read time : 38.647 us, Update time : 304.536 us, Write time : 2583.596 us
[ros2_control_node-1] [WARN] [1777472590.036917725] [controller_manager]: Overrun detected! The controller manager missed its desired rate of 1000 Hz. The loop took 3.029483 ms (missed cycles : 4).
[adl_ui-15] 127.0.0.1 - - [29/Apr/2026 10:23:10] "GET /status_json HTTP/1.1" 200 -
[adl_ui-15] 192.168.0.78 - - [29/Apr/2026 10:23:10] "GET /status_json HTTP/1.1" 200 -
[adl_ui-15] 127.0.0.1 - - [29/Apr/2026 10:23:10] "GET /status_json HTTP/1.1" 200 -
[ros2_control_node-1] [WARN] [1777472591.038236543] [controller_manager]: Overrun might occur, Total time : 2342.520 us (Expected < 1000.000 us) --> Read time : 24.970 us, Update time : 194.243 us, Write time : 2123.307 us
[ros2_control_node-1] [WARN] [1777472591.038317762] [controller_manager]: Overrun detected! The controller manager missed its desired rate of 1000 Hz. The loop took 2.443840 ms (missed cycles : 3).
[wrist_camera_usb_publisher-8] [INFO] [1777472591.061358730] [wrist_camera_usb_publisher_node]: USB camera publisher heartbeat: publishing 1280x720 frames on /wrist_mounted_camera/image; camera_info fx=920.87, fy=921.57, cx=644.76, cy=343.15.
[vision_apriltag-9] [INFO] [1777472591.114557282] [vision_apriltag_node]: Vision AprilTag: images are arriving on /wrist_mounted_camera/image, but no AprilTags have been detected yet.
[adl_ui-15] 192.168.0.78 - - [29/Apr/2026 10:23:11] "GET /status_json HTTP/1.1" 200 -
[adl_ui-15] 127.0.0.1 - - [29/Apr/2026 10:23:11] "GET /status_json HTTP/1.1" 200 -
[adl_ui-15] 192.168.0.78 - - [29/Apr/2026 10:23:12] "GET /status_json HTTP/1.1" 200 -
[ros2_control_node-1] [WARN] [1777472592.039717767] [controller_manager]: Overrun might occur, Total time : 3802.272 us (Expected < 1000.000 us) --> Read time : 91.491 us, Update time : 446.799 us, Write time : 3263.982 us
[ros2_control_node-1] [WARN] [1777472592.039821734] [controller_manager]: Overrun detected! The controller manager missed its desired rate of 1000 Hz. The loop took 3.947352 ms (missed cycles : 4).
[adl_ui-15] 127.0.0.1 - - [29/Apr/2026 10:23:12] "GET /status_json HTTP/1.1" 200 -
[adl_ui-15] 192.168.0.78 - - [29/Apr/2026 10:23:12] "GET /status_json HTTP/1.1" 200 -
[vision_apriltag-9] [INFO] [1777472592.893311587] [vision_apriltag_node]: Vision AprilTag: images are arriving on /wrist_mounted_camera/image, but no AprilTags have been detected yet.
[ros2_control_node-1] [WARN] [1777472593.042915545] [controller_manager]: Overrun might occur, Total time : 4021.314 us (Expected < 1000.000 us) --> Read time : 20.620 us, Update time : 202.807 us, Write time : 3797.887 us
[ros2_control_node-1] [WARN] [1777472593.042982237] [controller_manager]: Overrun detected! The controller manager missed its desired rate of 1000 Hz. The loop took 4.108965 ms (missed cycles : 5).
[adl_ui-15] 127.0.0.1 - - [29/Apr/2026 10:23:13] "GET /status_json HTTP/1.1" 200 -
[adl_ui-15] 192.168.0.78 - - [29/Apr/2026 10:23:13] "GET /status_json HTTP/1.1" 200 -
[adl_ui-15] 127.0.0.1 - - [29/Apr/2026 10:23:13] "GET /status_json HTTP/1.1" 200 -
[ros2_control_node-1] [WARN] [1777472594.044259941] [controller_manager]: Overrun might occur, Total time : 3364.550 us (Expected < 1000.000 us) --> Read time : 32.170 us, Update time : 301.638 us, Write time : 3030.742 us
[ros2_control_node-1] [WARN] [1777472594.044321892] [controller_manager]: Overrun detected! The controller manager missed its desired rate of 1000 Hz. The loop took 3.448541 ms (missed cycles : 4).
[adl_ui-15] 192.168.0.78 - - [29/Apr/2026 10:23:14] "GET /status_json HTTP/1.1" 200 -
[vision_apriltag-9] [INFO] [1777472594.597866498] [vision_apriltag_node]: Vision AprilTag: images are arriving on /wrist_mounted_camera/image, but no AprilTags have been detected yet.
[adl_ui-15] 127.0.0.1 - - [29/Apr/2026 10:23:14] "GET /status_json HTTP/1.1" 200 -
[vision_apriltag-9] [INFO] [1777472594.760598432] [vision_apriltag_node]: Vision AprilTag detection debug: no tags found after raw/CLAHE/sharp/adaptive/upscaled/tiled passes.
[adl_ui-15] 192.168.0.78 - - [29/Apr/2026 10:23:15] "GET /status_json HTTP/1.1" 200 -
[ros2_control_node-1] [WARN] [1777472595.046086460] [controller_manager]: Overrun might occur, Total time : 3153.865 us (Expected < 1000.000 us) --> Read time : 96.415 us, Update time : 467.246 us, Write time : 2590.204 us
[ros2_control_node-1] [WARN] [1777472595.046161129] [controller_manager]: Overrun detected! The controller manager missed its desired rate of 1000 Hz. The loop took 3.287600 ms (missed cycles : 4).
[adl_ui-15] 127.0.0.1 - - [29/Apr/2026 10:23:15] "GET /status_json HTTP/1.1" 200 -
[adl_ui-15] 192.168.0.78 - - [29/Apr/2026 10:23:15] "GET /status_json HTTP/1.1" 200 -
[ros2_control_node-1] [WARN] [1777472596.048820147] [controller_manager]: Overrun might occur, Total time : 2924.043 us (Expected < 1000.000 us) --> Read time : 40.269 us, Update time : 299.702 us, Write time : 2584.072 us
[ros2_control_node-1] [WARN] [1777472596.048891039] [controller_manager]: Overrun detected! The controller manager missed its desired rate of 1000 Hz. The loop took 3.017493 ms (missed cycles : 4).
[adl_ui-15] 127.0.0.1 - - [29/Apr/2026 10:23:16] "GET /status_json HTTP/1.1" 200 -
[wrist_camera_usb_publisher-8] [INFO] [1777472596.223674000] [wrist_camera_usb_publisher_node]: USB camera publisher heartbeat: publishing 1280x720 frames on /wrist_mounted_camera/image; camera_info fx=920.87, fy=921.57, cx=644.76, cy=343.15.
[adl_ui-15] 192.168.0.78 - - [29/Apr/2026 10:23:16] "GET /status_json HTTP/1.1" 200 -
[vision_apriltag-9] [INFO] [1777472596.599182083] [vision_apriltag_node]: Vision AprilTag: images are arriving on /wrist_mounted_camera/image, but no AprilTags have been detected yet.
[adl_ui-15] 127.0.0.1 - - [29/Apr/2026 10:23:16] "GET /status_json HTTP/1.1" 200 -
[ros2_control_node-1] [WARN] [1777472597.051308604] [controller_manager]: Overrun might occur, Total time : 2417.619 us (Expected < 1000.000 us) --> Read time : 23.101 us, Update time : 183.462 us, Write time : 2211.056 us
[ros2_control_node-1] [WARN] [1777472597.051384431] [controller_manager]: Overrun detected! The controller manager missed its desired rate of 1000 Hz. The loop took 2.510769 ms (missed cycles : 3).
[ros2_control_node-1] [INFO] [1777472597.114155820] [joint_trajectory_controller]: Goal reached, success!
[move_group-20] [INFO] [1777472597.115037412] [moveit.simple_controller_manager.follow_joint_trajectory_controller_handle]: Controller 'joint_trajectory_controller' successfully finished
[move_group-20] [INFO] [1777472597.170654307] [move_group.moveit.moveit.ros.trajectory_execution_manager]: Completed trajectory execution with status SUCCEEDED ...
[move_group-20] [INFO] [1777472597.180538703] [move_group.moveit.moveit.ros.move_group.move_action]: Solution was found and executed.
[adl_controller-11] [INFO] [1777472597.189455970] [adl_controller_node]: _send_goal: MoveGroup execution completed successfully.
[adl_ui-15] 192.168.0.78 - - [29/Apr/2026 10:23:17] "GET /status_json HTTP/1.1" 200 -
[adl_controller-11] [INFO] [1777472597.293459168] [adl_controller_node]: _send_goal: settled live EE pose pos=(0.133, -0.003, 0.332), ori=(0.707, 0.705, 0.027, 0.046)
[scene_from_vision-10] [INFO] [1777472597.396051211] [scene_from_vision_node]: Scene memory cleared. Removed remembered IDs: []
[adl_ui-15] 127.0.0.1 - - [29/Apr/2026 10:23:17] "GET /status_json HTTP/1.1" 200 -
[adl_ui-15] 192.168.0.78 - - [29/Apr/2026 10:23:18] "GET /status_json HTTP/1.1" 200 -
[ros2_control_node-1] [WARN] [1777472598.054455025] [controller_manager]: Overrun might occur, Total time : 2552.081 us (Expected < 1000.000 us) --> Read time : 50.010 us, Update time : 275.171 us, Write time : 2226.900 us
[ros2_control_node-1] [WARN] [1777472598.054536534] [controller_manager]: Overrun detected! The controller manager missed its desired rate of 1000 Hz. The loop took 2.662821 ms (missed cycles : 3).
[adl_ui-15] 127.0.0.1 - - [29/Apr/2026 10:23:18] "GET /status_json HTTP/1.1" 200 -
[vision_apriltag-9] [INFO] [1777472598.597073821] [vision_apriltag_node]: Vision AprilTag: images are arriving on /wrist_mounted_camera/image, but no AprilTags have been detected yet.
[adl_ui-15] 192.168.0.78 - - [29/Apr/2026 10:23:18] "GET /status_json HTTP/1.1" 200 -
[ros2_control_node-1] [WARN] [1777472599.056106676] [controller_manager]: Overrun might occur, Total time : 3166.715 us (Expected < 1000.000 us) --> Read time : 90.388 us, Update time : 512.967 us, Write time : 2563.360 us
[ros2_control_node-1] [WARN] [1777472599.056210056] [controller_manager]: Overrun detected! The controller manager missed its desired rate of 1000 Hz. The loop took 3.335744 ms (missed cycles : 4).
[adl_ui-15] 127.0.0.1 - - [29/Apr/2026 10:23:19] "GET /status_json HTTP/1.1" 200 -
[adl_ui-15] 192.168.0.78 - - [29/Apr/2026 10:23:19] "GET /status_json HTTP/1.1" 200 -
[adl_ui-15] 127.0.0.1 - - [29/Apr/2026 10:23:19] "GET /status_json HTTP/1.1" 200 -
[vision_apriltag-9] [INFO] [1777472599.976044271] [vision_apriltag_node]: Vision AprilTag detection debug: no tags found after raw/CLAHE/sharp/adaptive/upscaled/tiled passes.
[ros2_control_node-1] [WARN] [1777472600.060270388] [controller_manager]: Overrun might occur, Total time : 4371.140 us (Expected < 1000.000 us) --> Read time : 44.372 us, Update time : 243.134 us, Write time : 4083.634 us
[ros2_control_node-1] [WARN] [1777472600.060346807] [controller_manager]: Overrun detected! The controller manager missed its desired rate of 1000 Hz. The loop took 4.473392 ms (missed cycles : 5).
[adl_ui-15] 192.168.0.78 - - [29/Apr/2026 10:23:20] "GET /status_json HTTP/1.1" 200 -
[adl_ui-15] 127.0.0.1 - - [29/Apr/2026 10:23:20] "GET /status_json HTTP/1.1" 200 -
[vision_apriltag-9] [INFO] [1777472600.953968699] [vision_apriltag_node]: Vision AprilTag: images are arriving on /wrist_mounted_camera/image, but no AprilTags have been detected yet.
[adl_ui-15] 192.168.0.78 - - [29/Apr/2026 10:23:21] "GET /status_json HTTP/1.1" 200 -
[ros2_control_node-1] [WARN] [1777472601.061409011] [controller_manager]: Overrun might occur, Total time : 2507.724 us (Expected < 1000.000 us) --> Read time : 46.191 us, Update time : 232.632 us, Write time : 2228.901 us
[ros2_control_node-1] [WARN] [1777472601.061477355] [controller_manager]: Overrun detected! The controller manager missed its desired rate of 1000 Hz. The loop took 2.603886 ms (missed cycles : 3).
[wrist_camera_usb_publisher-8] [INFO] [1777472601.385400182] [wrist_camera_usb_publisher_node]: USB camera publisher heartbeat: publishing 1280x720 frames on /wrist_mounted_camera/image; camera_info fx=920.87, fy=921.57, cx=644.76, cy=343.15.
[adl_ui-15] 127.0.0.1 - - [29/Apr/2026 10:23:21] "GET /status_json HTTP/1.1" 200 -
[adl_ui-15] 192.168.0.78 - - [29/Apr/2026 10:23:21] "GET /status_json HTTP/1.1" 200 -
[ros2_control_node-1] [WARN] [1777472602.064978653] [controller_manager]: Overrun might occur, Total time : 3076.071 us (Expected < 1000.000 us) --> Read time : 57.858 us, Update time : 354.158 us, Write time : 2664.055 us
[ros2_control_node-1] [WARN] [1777472602.065052716] [controller_manager]: Overrun detected! The controller manager missed its desired rate of 1000 Hz. The loop took 3.179398 ms (missed cycles : 4).
[adl_ui-15] 127.0.0.1 - - [29/Apr/2026 10:23:22] "GET /status_json HTTP/1.1" 200 -
[adl_controller-11] [WARN] [1777472602.436076789] [adl_controller_node]: Scene clear timed out after idle emergency stop retract.
[adl_ui-15] 192.168.0.78 - - [29/Apr/2026 10:23:22] "GET /status_json HTTP/1.1" 200 -
[vision_apriltag-9] [INFO] [1777472602.669830711] [vision_apriltag_node]: Vision AprilTag: images are arriving on /wrist_mounted_camera/image, but no AprilTags have been detected yet.
[adl_ui-15] 127.0.0.1 - - [29/Apr/2026 10:23:22] "GET /status_json HTTP/1.1" 200 -
[ros2_control_node-1] [WARN] [1777472603.066493728] [controller_manager]: Overrun might occur, Total time : 2600.855 us (Expected < 1000.000 us) --> Read time : 30.493 us, Update time : 212.289 us, Write time : 2358.073 us
[ros2_control_node-1] [WARN] [1777472603.066570729] [controller_manager]: Overrun detected! The controller manager missed its desired rate of 1000 Hz. The loop took 2.697150 ms (missed cycles : 3).
[adl_ui-15] 192.168.0.78 - - [29/Apr/2026 10:23:23] "GET /status_json HTTP/1.1" 200 -
[adl_ui-15] 127.0.0.1 - - [29/Apr/2026 10:23:23] "GET /status_json HTTP/1.1" 200 -
[adl_ui-15] 192.168.0.78 - - [29/Apr/2026 10:23:24] "GET /status_json HTTP/1.1" 200 -
[ros2_control_node-1] [WARN] [1777472604.067852879] [controller_manager]: Overrun might occur, Total time : 3953.215 us (Expected < 1000.000 us) --> Read time : 40.202 us, Update time : 341.493 us, Write time : 3571.520 us
[ros2_control_node-1] [WARN] [1777472604.067930856] [controller_manager]: Overrun detected! The controller manager missed its desired rate of 1000 Hz. The loop took 4.057229 ms (missed cycles : 5).
[adl_ui-15] 127.0.0.1 - - [29/Apr/2026 10:23:24] "GET /status_json HTTP/1.1" 200 -
[adl_ui-15] [INFO] [1777472604.631137615] [adl_ui_node]: UI command published: give_medication
[adl_ui-15] 127.0.0.1 - - [29/Apr/2026 10:23:24] "POST /command HTTP/1.1" 200 -
[scene_from_vision-10] [INFO] [1777472604.637757042] [scene_from_vision_node]: Scene memory cleared. Removed remembered IDs: []
[give_medication-14] [INFO] [1777472604.688217514] [give_medication_node]: Scene memory cleared. Removed remembered IDs: []
[give_medication-14] [INFO] [1777472604.690124604] [give_medication_node]: look_at_table_horizontal_side_scan: using deterministic joint pose from ADL_HORIZONTAL_SIDE_SCAN_JOINT_*.
[give_medication-14] [INFO] [1777472604.692136975] [give_medication_node]: look_at_table_horizontal_side_scan: current arm is not at target (worst=joint_6:2.275 rad > 0.080).
[give_medication-14] [INFO] [1777472604.697264414] [give_medication_node]: look_at_table_horizontal_side_scan: moving with deterministic fixed joint pose.
[give_medication-14] [INFO] [1777472604.702301524] [give_medication_node]: _send_goal: dispatching MoveGroup request group=manipulator, attempts=10, allowed_time=18.00s, vel_scale=0.250, accel_scale=0.250, gc1:joints(joint_1=+1.523+/-0.030, joint_2=+1.460+/-0.030, joint_3=-3.129+/-0.030, joint_4=-2.404+/-0.030, joint_5=+1.744+/-0.030, joint_6=+1.432+/-0.030, joint_7=+2.304+/-0.030)
[move_group-20] [ERROR] [1777472604.703464230] [move_group.moveit.moveit.core.conversions]: Found empty JointState message
[adl_ui-15] 127.0.0.1 - - [29/Apr/2026 10:23:24] "GET /status_json HTTP/1.1" 200 -
[give_medication-14] [INFO] [1777472604.711830251] [give_medication_node]: Start state: collision-valid — no collisions (not a joint-bounds check).
[move_group-20] [INFO] [1777472604.714695242] [move_group.moveit.moveit.ros.move_group.move_action]: MoveGroupMoveAction: Received request
[move_group-20] [INFO] [1777472604.715691279] [move_group.moveit.moveit.ros.move_group.move_action]: executing..
[give_medication-14] [INFO] [1777472604.725044615] [give_medication_node]: _send_goal: MoveGroup goal accepted.
[move_group-20] [INFO] [1777472604.731742843] [move_group.moveit.moveit.ros.move_group.move_action]: Combined planning and execution request received for MoveGroup action. Forwarding to planning and execution pipeline.
[move_group-20] [WARN] [1777472604.731809968] [move_group.moveit.moveit.ros.move_group.capability]: Execution of motions should always start at the robot's current state. Ignoring the state supplied as start state in the motion planning request
[move_group-20] [WARN] [1777472604.731833736] [move_group.moveit.moveit.ros.move_group.capability]: Execution of motions should always start at the robot's current state. Ignoring the state supplied as difference in the planning scene diff
[move_group-20] [INFO] [1777472604.731848142] [move_group.moveit.moveit.ros.plan_execution]: Planning attempt 1 of at most 1
[move_group-20] [INFO] [1777472604.732148539] [move_group]: Calling PlanningRequestAdapter 'ResolveConstraintFrames'
[move_group-20] [INFO] [1777472604.732183322] [move_group]: Calling PlanningRequestAdapter 'ValidateWorkspaceBounds'
[move_group-20] [INFO] [1777472604.732202559] [move_group]: Calling PlanningRequestAdapter 'CheckStartStateBounds'
[move_group-20] [INFO] [1777472604.732243929] [move_group]: Calling PlanningRequestAdapter 'CheckStartStateCollision'
[move_group-20] [INFO] [1777472604.732881695] [move_group.moveit.moveit.planners.ompl.model_based_planning_context]: Planner configuration 'manipulator' will use planner 'geometric::RRTConnect'. Additional configuration parameters will be set when the planner is constructed.
[move_group-20] [INFO] [1777472604.732981391] [move_group]: Calling Planner 'OMPL'
[adl_ui-15] 192.168.0.78 - - [29/Apr/2026 10:23:24] "GET /status_json HTTP/1.1" 200 -
[move_group-20] [INFO] [1777472604.793805730] [move_group]: Calling PlanningResponseAdapter 'AddTimeOptimalParameterization'
[move_group-20] [INFO] [1777472604.807126545] [move_group]: Calling PlanningResponseAdapter 'ValidateSolution'
[move_group-20] [INFO] [1777472604.809239298] [move_group]: Calling PlanningResponseAdapter 'DisplayMotionPath'
[move_group-20] [WARN] [1777472604.809517034] [move_group.moveit.moveit.ros.planning_pipeline]: The planner plugin did not fill out the 'planner_id' field of the MotionPlanResponse. Setting it to the planner ID name of the MotionPlanRequest assuming that the planner plugin does warn you if it does not use the requested planner.
[move_group-20] [INFO] [1777472604.810017203] [move_group.moveit.moveit.plugins.simple_controller_manager]: Returned 2 controllers in list
[move_group-20] [INFO] [1777472604.810068443] [move_group.moveit.moveit.plugins.simple_controller_manager]: Returned 2 controllers in list
[move_group-20] [INFO] [1777472604.810197715] [move_group.moveit.moveit.ros.trajectory_execution_manager]: Validating trajectory with allowed_start_tolerance 0.01
[move_group-20] [INFO] [1777472604.811197178] [move_group.moveit.moveit.ros.trajectory_execution_manager]: Starting trajectory execution ...
[move_group-20] [INFO] [1777472604.812190978] [move_group.moveit.moveit.plugins.simple_controller_manager]: Returned 2 controllers in list
[move_group-20] [INFO] [1777472604.812230963] [move_group.moveit.moveit.plugins.simple_controller_manager]: Returned 2 controllers in list
[move_group-20] [INFO] [1777472604.812429862] [moveit.simple_controller_manager.follow_joint_trajectory_controller_handle]: sending trajectory to joint_trajectory_controller
[ros2_control_node-1] [INFO] [1777472604.813068719] [joint_trajectory_controller]: Received new action goal
[ros2_control_node-1] [INFO] [1777472604.813156027] [joint_trajectory_controller]: Accepted new action goal
[move_group-20] [INFO] [1777472604.813391452] [moveit.simple_controller_manager.follow_joint_trajectory_controller_handle]: joint_trajectory_controller started execution
[move_group-20] [INFO] [1777472604.813407924] [moveit.simple_controller_manager.follow_joint_trajectory_controller_handle]: Goal request accepted!
[vision_apriltag-9] [INFO] [1777472605.031310267] [vision_apriltag_node]: Vision AprilTag detection debug: no tags found after raw/CLAHE/sharp/adaptive/upscaled/tiled passes.
[ros2_control_node-1] [WARN] [1777472605.069066857] [controller_manager]: Overrun might occur, Total time : 3166.812 us (Expected < 1000.000 us) --> Read time : 43.774 us, Update time : 340.521 us, Write time : 2782.517 us
[ros2_control_node-1] [WARN] [1777472605.069187109] [controller_manager]: Overrun detected! The controller manager missed its desired rate of 1000 Hz. The loop took 3.311911 ms (missed cycles : 4).
[vision_apriltag-9] [INFO] [1777472605.106931783] [vision_apriltag_node]: Vision AprilTag: images are arriving on /wrist_mounted_camera/image, but no AprilTags have been detected yet.
[adl_ui-15] 127.0.0.1 - - [29/Apr/2026 10:23:25] "GET /status_json HTTP/1.1" 200 -
[adl_ui-15] 192.168.0.78 - - [29/Apr/2026 10:23:25] "GET /status_json HTTP/1.1" 200 -
[ros2_control_node-1] [WARN] [1777472606.069315421] [controller_manager]: Overrun might occur, Total time : 2425.270 us (Expected < 1000.000 us) --> Read time : 28.995 us, Update time : 302.221 us, Write time : 2094.054 us
[ros2_control_node-1] [WARN] [1777472606.069375692] [controller_manager]: Overrun detected! The controller manager missed its desired rate of 1000 Hz. The loop took 2.496133 ms (missed cycles : 3).
[adl_ui-15] 127.0.0.1 - - [29/Apr/2026 10:23:26] "GET /status_json HTTP/1.1" 200 -
[adl_ui-15] 192.168.0.78 - - [29/Apr/2026 10:23:26] "GET /status_json HTTP/1.1" 200 -
[wrist_camera_usb_publisher-8] [INFO] [1777472606.544216644] [wrist_camera_usb_publisher_node]: USB camera publisher heartbeat: publishing 1280x720 frames on /wrist_mounted_camera/image; camera_info fx=920.87, fy=921.57, cx=644.76, cy=343.15.
[adl_ui-15] 127.0.0.1 - - [29/Apr/2026 10:23:27] "GET /status_json HTTP/1.1" 200 -
[adl_ui-15] 192.168.0.78 - - [29/Apr/2026 10:23:27] "GET /status_json HTTP/1.1" 200 -
[ros2_control_node-1] [WARN] [1777472607.069496750] [controller_manager]: Overrun might occur, Total time : 2602.305 us (Expected < 1000.000 us) --> Read time : 32.850 us, Update time : 242.202 us, Write time : 2327.253 us
[ros2_control_node-1] [WARN] [1777472607.069569218] [controller_manager]: Overrun detected! The controller manager missed its desired rate of 1000 Hz. The loop took 2.695615 ms (missed cycles : 3).
[vision_apriltag-9] [INFO] [1777472607.431508982] [vision_apriltag_node]: Vision AprilTag: images are arriving on /wrist_mounted_camera/image, but no AprilTags have been detected yet.
[joint_state_sanitizer-3] [WARN] [1777472607.594467624] [joint_state_sanitizer_node]: [joint_state_sanitizer] Published sanitized joint state: joint_3:+3.134->+3.132
[adl_ui-15] 127.0.0.1 - - [29/Apr/2026 10:23:27] "GET /status_json HTTP/1.1" 200 -
[adl_ui-15] 192.168.0.78 - - [29/Apr/2026 10:23:27] "GET /status_json HTTP/1.1" 200 -
[ros2_control_node-1] [WARN] [1777472608.071713233] [controller_manager]: Overrun might occur, Total time : 3819.524 us (Expected < 1000.000 us) --> Read time : 24.127 us, Update time : 198.094 us, Write time : 3597.303 us
[ros2_control_node-1] [WARN] [1777472608.071792073] [controller_manager]: Overrun detected! The controller manager missed its desired rate of 1000 Hz. The loop took 3.918543 ms (missed cycles : 4).
[adl_ui-15] 127.0.0.1 - - [29/Apr/2026 10:23:28] "GET /status_json HTTP/1.1" 200 -
[adl_ui-15] 192.168.0.78 - - [29/Apr/2026 10:23:28] "GET /status_json HTTP/1.1" 200 -
[vision_apriltag-9] [INFO] [1777472608.599880608] [vision_apriltag_node]: Vision AprilTag: images are arriving on /wrist_mounted_camera/image, but no AprilTags have been detected yet.
[ros2_control_node-1] [WARN] [1777472609.074932860] [controller_manager]: Overrun might occur, Total time : 3035.416 us (Expected < 1000.000 us) --> Read time : 39.237 us, Update time : 267.592 us, Write time : 2728.587 us
[ros2_control_node-1] [WARN] [1777472609.075001712] [controller_manager]: Overrun detected! The controller manager missed its desired rate of 1000 Hz. The loop took 3.128259 ms (missed cycles : 4).
[adl_ui-15] 192.168.0.78 - - [29/Apr/2026 10:23:29] "GET /status_json HTTP/1.1" 200 -
[adl_ui-15] 127.0.0.1 - - [29/Apr/2026 10:23:29] "GET /status_json HTTP/1.1" 200 -
[adl_ui-15] 127.0.0.1 - - [29/Apr/2026 10:23:30] "GET /status_json HTTP/1.1" 200 -
[adl_ui-15] 192.168.0.78 - - [29/Apr/2026 10:23:30] "GET /status_json HTTP/1.1" 200 -
[ros2_control_node-1] [WARN] [1777472610.076359254] [controller_manager]: Overrun might occur, Total time : 2464.113 us (Expected < 1000.000 us) --> Read time : 42.362 us, Update time : 281.429 us, Write time : 2140.322 us
[ros2_control_node-1] [WARN] [1777472610.076419856] [controller_manager]: Overrun detected! The controller manager missed its desired rate of 1000 Hz. The loop took 2.546773 ms (missed cycles : 3).
[vision_apriltag-9] [INFO] [1777472610.331037327] [vision_apriltag_node]: Vision AprilTag detection debug: no tags found after raw/CLAHE/sharp/adaptive/upscaled/tiled passes.
[adl_ui-15] 192.168.0.78 - - [29/Apr/2026 10:23:30] "GET /status_json HTTP/1.1" 200 -
[adl_ui-15] 127.0.0.1 - - [29/Apr/2026 10:23:30] "GET /status_json HTTP/1.1" 200 -
[ros2_control_node-1] [WARN] [1777472611.079037030] [controller_manager]: Overrun might occur, Total time : 3140.211 us (Expected < 1000.000 us) --> Read time : 36.907 us, Update time : 282.540 us, Write time : 2820.764 us
[ros2_control_node-1] [WARN] [1777472611.079099068] [controller_manager]: Overrun detected! The controller manager missed its desired rate of 1000 Hz. The loop took 3.226075 ms (missed cycles : 4).
[vision_apriltag-9] [INFO] [1777472611.135166831] [vision_apriltag_node]: Vision AprilTag: images are arriving on /wrist_mounted_camera/image, but no AprilTags have been detected yet.
[adl_ui-15] 192.168.0.78 - - [29/Apr/2026 10:23:31] "GET /status_json HTTP/1.1" 200 -
[adl_ui-15] 127.0.0.1 - - [29/Apr/2026 10:23:31] "GET /status_json HTTP/1.1" 200 -
[wrist_camera_usb_publisher-8] [INFO] [1777472611.704617204] [wrist_camera_usb_publisher_node]: USB camera publisher heartbeat: publishing 1280x720 frames on /wrist_mounted_camera/image; camera_info fx=920.87, fy=921.57, cx=644.76, cy=343.15.
[vision_apriltag-9] [INFO] [1777472611.883141318] [vision_apriltag_node]: Vision AprilTag visible IDs: [1]
[ros2_control_node-1] [WARN] [1777472612.082283302] [controller_manager]: Overrun might occur, Total time : 3364.132 us (Expected < 1000.000 us) --> Read time : 81.161 us, Update time : 761.514 us, Write time : 2521.457 us
[ros2_control_node-1] [WARN] [1777472612.082442794] [controller_manager]: Overrun detected! The controller manager missed its desired rate of 1000 Hz. The loop took 3.566828 ms (missed cycles : 4).
[adl_ui-15] 192.168.0.78 - - [29/Apr/2026 10:23:32] "GET /status_json HTTP/1.1" 200 -
[adl_ui-15] 127.0.0.1 - - [29/Apr/2026 10:23:32] "GET /status_json HTTP/1.1" 200 -
[ros2_control_node-1] [INFO] [1777472612.378301007] [joint_trajectory_controller]: Goal reached, success!
[move_group-20] [INFO] [1777472612.417805960] [moveit.simple_controller_manager.follow_joint_trajectory_controller_handle]: Controller 'joint_trajectory_controller' successfully finished
[vision_apriltag-9] [INFO] [1777472612.443892937] [vision_apriltag_node]: Service: Tag 1 found and base-frame pose returned.
[move_group-20] [INFO] [1777472612.471318669] [move_group.moveit.moveit.ros.trajectory_execution_manager]: Completed trajectory execution with status SUCCEEDED ...
[move_group-20] [INFO] [1777472612.481609898] [move_group.moveit.moveit.ros.move_group.move_action]: Solution was found and executed.
[give_medication-14] [INFO] [1777472612.487918859] [give_medication_node]: _send_goal: MoveGroup execution completed successfully.
[joint_state_sanitizer-3] [WARN] [1777472612.594421652] [joint_state_sanitizer_node]: [joint_state_sanitizer] Published sanitized joint state: joint_3:-3.135->-3.132
[give_medication-14] [INFO] [1777472612.595510443] [give_medication_node]: _send_goal: settled live EE pose pos=(0.172, -0.171, 0.085), ori=(0.427, 0.573, 0.553, 0.429)
[give_medication-14] [INFO] [1777472612.596548621] [give_medication_node]: [CAL] horizontal side scan joint snapshot: ADL_HORIZONTAL_SIDE_SCAN_JOINT_1=+1.516695 ADL_HORIZONTAL_SIDE_SCAN_JOINT_2=+1.467133 ADL_HORIZONTAL_SIDE_SCAN_JOINT_3=-3.131593 ADL_HORIZONTAL_SIDE_SCAN_JOINT_4=-2.374783 ADL_HORIZONTAL_SIDE_SCAN_JOINT_5=+1.731203 ADL_HORIZONTAL_SIDE_SCAN_JOINT_6=+1.421920 ADL_HORIZONTAL_SIDE_SCAN_JOINT_7=+2.282374
[give_medication-14] [INFO] [1777472612.598491101] [give_medication_node]: Vision ENABLED.
[scene_from_vision-10] [INFO] [1777472612.609277666] [scene_from_vision_node]: Scene scan started for 5.0s. Visible detections will be sampled, filtered, and committed at scan end.
[vision_apriltag-9] [INFO] [1777472612.616068563] [vision_apriltag_node]: Service: Tag 1 found and base-frame pose returned.
[vision_apriltag-9] [INFO] [1777472612.717473353] [vision_apriltag_node]: Service: Tag 1 found and base-frame pose returned.
[vision_apriltag-9] [INFO] [1777472612.817359930] [vision_apriltag_node]: Service: Tag 1 found and base-frame pose returned.
[vision_apriltag-9] [INFO] [1777472612.932012957] [vision_apriltag_node]: Service: Tag 1 found and base-frame pose returned.
[vision_apriltag-9] [INFO] [1777472613.019023025] [vision_apriltag_node]: Service: Tag 1 found and base-frame pose returned.
[adl_ui-15] 192.168.0.78 - - [29/Apr/2026 10:23:33] "GET /status_json HTTP/1.1" 200 -
[adl_ui-15] 127.0.0.1 - - [29/Apr/2026 10:23:33] "GET /status_json HTTP/1.1" 200 -
[ros2_control_node-1] [WARN] [1777472613.083386491] [controller_manager]: Overrun might occur, Total time : 2500.474 us (Expected < 1000.000 us) --> Read time : 20.516 us, Update time : 203.530 us, Write time : 2276.428 us
[ros2_control_node-1] [WARN] [1777472613.083437255] [controller_manager]: Overrun detected! The controller manager missed its desired rate of 1000 Hz. The loop took 2.564608 ms (missed cycles : 3).
[vision_apriltag-9] [INFO] [1777472613.195152886] [vision_apriltag_node]: Service: Tag 1 found and base-frame pose returned.
[vision_apriltag-9] [INFO] [1777472613.362993400] [vision_apriltag_node]: Service: Tag 1 found and base-frame pose returned.
[adl_ui-15] 192.168.0.78 - - [29/Apr/2026 10:23:33] "GET /status_json HTTP/1.1" 200 -
[adl_ui-15] 127.0.0.1 - - [29/Apr/2026 10:23:33] "GET /status_json HTTP/1.1" 200 -
[vision_apriltag-9] [INFO] [1777472613.869990884] [vision_apriltag_node]: Service: Tag 1 found and base-frame pose returned.
[vision_apriltag-9] [INFO] [1777472613.923769299] [vision_apriltag_node]: Service: Tag 1 found and base-frame pose returned.
[vision_apriltag-9] [INFO] [1777472614.023844475] [vision_apriltag_node]: Service: Tag 1 found and base-frame pose returned.
[ros2_control_node-1] [WARN] [1777472614.083495110] [controller_manager]: Overrun might occur, Total time : 5596.960 us (Expected < 1000.000 us) --> Read time : 34.158 us, Update time : 224.157 us, Write time : 5338.645 us
[ros2_control_node-1] [WARN] [1777472614.083584386] [controller_manager]: Overrun detected! The controller manager missed its desired rate of 1000 Hz. The loop took 5.710620 ms (missed cycles : 6).
[vision_apriltag-9] [INFO] [1777472614.184111234] [vision_apriltag_node]: Service: Tag 1 found and base-frame pose returned.
[vision_apriltag-9] [INFO] [1777472614.232785179] [vision_apriltag_node]: Service: Tag 1 found and base-frame pose returned.
[vision_apriltag-9] [INFO] [1777472614.327094189] [vision_apriltag_node]: Service: Tag 1 found and base-frame pose returned.
[vision_apriltag-9] [INFO] [1777472614.429870624] [vision_apriltag_node]: Service: Tag 1 found and base-frame pose returned.
[vision_apriltag-9] [INFO] [1777472614.531827801] [vision_apriltag_node]: Service: Tag 1 found and base-frame pose returned.
[adl_ui-15] 192.168.0.78 - - [29/Apr/2026 10:23:34] "GET /status_json HTTP/1.1" 200 -
[adl_ui-15] 127.0.0.1 - - [29/Apr/2026 10:23:34] "GET /status_json HTTP/1.1" 200 -
[vision_apriltag-9] [INFO] [1777472614.634517547] [vision_apriltag_node]: Service: Tag 1 found and base-frame pose returned.
[vision_apriltag-9] [INFO] [1777472614.730899440] [vision_apriltag_node]: Service: Tag 1 found and base-frame pose returned.
[vision_apriltag-9] [INFO] [1777472614.831245609] [vision_apriltag_node]: Service: Tag 1 found and base-frame pose returned.
[vision_apriltag-9] [INFO] [1777472614.932452529] [vision_apriltag_node]: Service: Tag 1 found and base-frame pose returned.
[vision_apriltag-9] [INFO] [1777472615.032381297] [vision_apriltag_node]: Service: Tag 1 found and base-frame pose returned.
[ros2_control_node-1] [WARN] [1777472615.083532626] [controller_manager]: Overrun might occur, Total time : 2632.456 us (Expected < 1000.000 us) --> Read time : 18.382 us, Update time : 164.050 us, Write time : 2450.024 us
[ros2_control_node-1] [WARN] [1777472615.086101915] [controller_manager]: Overrun detected! The controller manager missed its desired rate of 1000 Hz. The loop took 2.229526 ms (missed cycles : 3).
[vision_apriltag-9] [INFO] [1777472615.132766675] [vision_apriltag_node]: Service: Tag 1 found and base-frame pose returned.
[vision_apriltag-9] [INFO] [1777472615.233358249] [vision_apriltag_node]: Service: Tag 1 found and base-frame pose returned.
[adl_ui-15] 192.168.0.78 - - [29/Apr/2026 10:23:35] "GET /status_json HTTP/1.1" 200 -
[adl_ui-15] 127.0.0.1 - - [29/Apr/2026 10:23:35] "GET /status_json HTTP/1.1" 200 -
[vision_apriltag-9] [INFO] [1777472615.338110077] [vision_apriltag_node]: Service: Tag 1 found and base-frame pose returned.
[vision_apriltag-9] [INFO] [1777472615.438088696] [vision_apriltag_node]: Service: Tag 1 found and base-frame pose returned.
[vision_apriltag-9] [INFO] [1777472615.538665716] [vision_apriltag_node]: Service: Tag 1 found and base-frame pose returned.
[vision_apriltag-9] [INFO] [1777472615.638808852] [vision_apriltag_node]: Service: Tag 1 found and base-frame pose returned.
[vision_apriltag-9] [INFO] [1777472615.876503153] [vision_apriltag_node]: Vision AprilTag detection debug: no tags found after raw/CLAHE/sharp/adaptive/upscaled/tiled passes.
[vision_apriltag-9] [INFO] [1777472615.878532721] [vision_apriltag_node]: Service: Tag 1 found and base-frame pose returned.
[adl_ui-15] 192.168.0.78 - - [29/Apr/2026 10:23:36] "GET /status_json HTTP/1.1" 200 -
[adl_ui-15] 127.0.0.1 - - [29/Apr/2026 10:23:36] "GET /status_json HTTP/1.1" 200 -
[ros2_control_node-1] [WARN] [1777472616.085455408] [controller_manager]: Overrun might occur, Total time : 2564.315 us (Expected < 1000.000 us) --> Read time : 33.010 us, Update time : 207.609 us, Write time : 2323.696 us
[ros2_control_node-1] [WARN] [1777472616.088131515] [controller_manager]: Overrun detected! The controller manager missed its desired rate of 1000 Hz. The loop took 2.258802 ms (missed cycles : 3).
[vision_apriltag-9] [INFO] [1777472616.299544679] [vision_apriltag_node]: Service: Tag 1 found and base-frame pose returned.
[vision_apriltag-9] [INFO] [1777472616.347365572] [vision_apriltag_node]: Service: Tag 1 found and base-frame pose returned.
[vision_apriltag-9] [INFO] [1777472616.433614099] [vision_apriltag_node]: Service: Tag 1 found and base-frame pose returned.
[vision_apriltag-9] [INFO] [1777472616.446653784] [vision_apriltag_node]: Service: Tag 1 found and base-frame pose returned.
[vision_apriltag-9] [INFO] [1777472616.547443546] [vision_apriltag_node]: Service: Tag 1 found and base-frame pose returned.
[vision_apriltag-9] [INFO] [1777472616.647148031] [vision_apriltag_node]: Service: Tag 1 found and base-frame pose returned.
[vision_apriltag-9] [INFO] [1777472616.747138337] [vision_apriltag_node]: Service: Tag 1 found and base-frame pose returned.
[adl_ui-15] 192.168.0.78 - - [29/Apr/2026 10:23:36] "GET /status_json HTTP/1.1" 200 -
[adl_ui-15] 127.0.0.1 - - [29/Apr/2026 10:23:36] "GET /status_json HTTP/1.1" 200 -
[vision_apriltag-9] [INFO] [1777472616.853781896] [vision_apriltag_node]: Service: Tag 1 found and base-frame pose returned.
[wrist_camera_usb_publisher-8] [INFO] [1777472616.875279383] [wrist_camera_usb_publisher_node]: USB camera publisher heartbeat: publishing 1280x720 frames on /wrist_mounted_camera/image; camera_info fx=920.87, fy=921.57, cx=644.76, cy=343.15.
[vision_apriltag-9] [INFO] [1777472616.952061411] [vision_apriltag_node]: Service: Tag 1 found and base-frame pose returned.
[vision_apriltag-9] [INFO] [1777472617.053773383] [vision_apriltag_node]: Service: Tag 1 found and base-frame pose returned.
[ros2_control_node-1] [WARN] [1777472617.087092663] [controller_manager]: Overrun might occur, Total time : 3156.379 us (Expected < 1000.000 us) --> Read time : 57.052 us, Update time : 353.261 us, Write time : 2746.066 us
[ros2_control_node-1] [WARN] [1777472617.091276855] [controller_manager]: Overrun detected! The controller manager missed its desired rate of 1000 Hz. The loop took 3.401020 ms (missed cycles : 4).
[vision_apriltag-9] [INFO] [1777472617.156039843] [vision_apriltag_node]: Service: Tag 1 found and base-frame pose returned.
[vision_apriltag-9] [INFO] [1777472617.255878360] [vision_apriltag_node]: Service: Tag 1 found and base-frame pose returned.
[vision_apriltag-9] [INFO] [1777472617.356579060] [vision_apriltag_node]: Service: Tag 1 found and base-frame pose returned.
[vision_apriltag-9] [INFO] [1777472617.444172900] [vision_apriltag_node]: Service: Tag 1 found and base-frame pose returned.
[vision_apriltag-9] [INFO] [1777472617.457466521] [vision_apriltag_node]: Service: Tag 1 found and base-frame pose returned.
[adl_ui-15] 192.168.0.78 - - [29/Apr/2026 10:23:37] "GET /status_json HTTP/1.1" 200 -
[vision_apriltag-9] [INFO] [1777472617.556175619] [vision_apriltag_node]: Service: Tag 1 found and base-frame pose returned.
[adl_ui-15] 127.0.0.1 - - [29/Apr/2026 10:23:37] "GET /status_json HTTP/1.1" 200 -
[joint_state_sanitizer-3] [WARN] [1777472617.595492484] [joint_state_sanitizer_node]: [joint_state_sanitizer] Published sanitized joint state: joint_3:-3.135->-3.132
[scene_from_vision-10] [INFO] [1777472617.657644267] [scene_from_vision_node]: Scan committed tag 1: raw=43, accepted=42, rejected=1, median tag pose x=0.821, y=0.041, z=0.103. object center x=0.752, y=0.029, z=0.143, yaw=-139.6deg. table_delta x=+0.070, y=+0.029.
[scene_from_vision-10] [INFO] [1777472617.659434522] [scene_from_vision_node]: Published obj_1 (new) at x=0.752, y=0.029, z=0.143, yaw=-139.6deg
[scene_from_vision-10] [INFO] [1777472617.664148290] [scene_from_vision_node]: Scene scan complete. Remembered object IDs: [1]
[scene_from_vision-10] [INFO] [1777472617.667242529] [scene_from_vision_node]: /apply_planning_scene accepted dynamic scene updates; MoveIt should mirror these objects to RViz.
[give_medication-14] [INFO] [1777472617.694293701] [give_medication_node]: Scene scan complete. Remembered object IDs: [1]
[give_medication-14] [INFO] [1777472617.796149233] [give_medication_node]: Medication startup scene scan remembered IDs: [1]
[vision_apriltag-9] [INFO] [1777472617.829248933] [vision_apriltag_node]: Service: Tag 1 found and base-frame pose returned.
[give_medication-14] [INFO] [1777472617.837979234] [give_medication_node]: Using live medication tag pose for QR/front-entry geometry.
[give_medication-14] [INFO] [1777472617.839504265] [give_medication_node]: [Medication] QR geometry pose applying medication world XY offset (-0.090m, -0.030m).
[give_medication-14] [INFO] [1777472617.840380036] [give_medication_node]: [Medication] QR geometry pose applying final XY nudge (-0.070m, +0.000m).
[give_medication-14] [INFO] [1777472617.840913684] [give_medication_node]: [Medication] QR geometry tag pose: pos=(0.661, 0.011, 0.103), ori=(-0.322, -0.614, 0.669, 0.269)
[give_medication-14] [INFO] [1777472617.842323595] [give_medication_node]: [Medication] QR-read final view lowered by 0.018m for face-text framing.
[give_medication-14] [WARN] [1777472617.843247060] [give_medication_node]: [Medication] QR-read pose z=0.125m is below configured minimum 0.155m; clamping upward for table safety.
[give_medication-14] [INFO] [1777472617.844104875] [give_medication_node]: [Medication] QR-read stand-off target=0.206m (before=+0.116m, delta=0.070m, tag_backoff=0.020m, source=obj.ee_to_pinch_center_m -> side_face_to_ee_grasp_standoff).
[give_medication-14] [INFO] [1777472617.844716741] [give_medication_node]: [Medication] Grasp pose: pos=(0.732, -0.033, 0.143), ori=(0.297, 0.642, 0.642, 0.297)
[give_medication-14] [INFO] [1777472617.845341955] [give_medication_node]: [Medication] Approach pose: pos=(0.710, -0.051, 0.143), ori=(0.297, 0.642, 0.642, 0.297)
[give_medication-14] [INFO] [1777472617.846056636] [give_medication_node]: [Medication] QR-read pose: pos=(0.503, -0.121, 0.155), ori=(0.297, 0.642, 0.642, 0.297)
[give_medication-14] [WARN] [1777472617.847187981] [give_medication_node]: [Medication] QR-read target z=0.155m is below table-safe floor 0.203m; clamping upward.
[give_medication-14] [WARN] [1777472617.848388375] [give_medication_node]: [Medication] QR front-entry z=0.155m is below table-safe floor 0.203m; clamping upward.
[give_medication-14] [INFO] [1777472617.849160636] [give_medication_node]: Scene LOCKED.
[scene_from_vision-10] [INFO] [1777472617.851443780] [scene_from_vision_node]: Scene LOCKED - updates paused.
[give_medication-14] [INFO] [1777472618.005955817] [give_medication_node]: Added temporary table-top keepout 'obj_1_qr_table_top_keepout' (size=(0.575,0.575,0.110)m, base_z=0.098m, top_z=0.208m, inset_xy=(0.000,0.000)m).
[ros2_control_node-1] [WARN] [1777472618.089451939] [controller_manager]: Overrun might occur, Total time : 2559.070 us (Expected < 1000.000 us) --> Read time : 34.484 us, Update time : 198.797 us, Write time : 2325.789 us
[ros2_control_node-1] [WARN] [1777472618.092643906] [controller_manager]: Overrun detected! The controller manager missed its desired rate of 1000 Hz. The loop took 2.770949 ms (missed cycles : 3).
[give_medication-14] [INFO] [1777472618.156562929] [give_medication_node]: go_to_position: (0.503,-0.121, 0.283) - orientation free
[give_medication-14] [INFO] [1777472618.157139045] [give_medication_node]: _send_goal: dispatching MoveGroup request group=manipulator, attempts=10, allowed_time=10.00s, vel_scale=0.250, accel_scale=0.250, gc1:pos(frame=base_link, link=end_effector_link, tol=0.060, pos=(0.503, -0.121, 0.283), ori=(0.297, 0.642, 0.642, 0.297))
[move_group-20] [ERROR] [1777472618.157799850] [move_group.moveit.moveit.core.conversions]: Found empty JointState message
[give_medication-14] [INFO] [1777472618.160486901] [give_medication_node]: Start state: collision-valid — no collisions (not a joint-bounds check).
[move_group-20] [INFO] [1777472618.162143493] [move_group.moveit.moveit.ros.move_group.move_action]: MoveGroupMoveAction: Received request
[move_group-20] [INFO] [1777472618.162433012] [move_group.moveit.moveit.ros.move_group.move_action]: executing..
[give_medication-14] [INFO] [1777472618.165769738] [give_medication_node]: _send_goal: MoveGroup goal accepted.
[move_group-20] [INFO] [1777472618.170224639] [move_group.moveit.moveit.ros.move_group.move_action]: Combined planning and execution request received for MoveGroup action. Forwarding to planning and execution pipeline.
[move_group-20] [WARN] [1777472618.170292087] [move_group.moveit.moveit.ros.move_group.capability]: Execution of motions should always start at the robot's current state. Ignoring the state supplied as start state in the motion planning request
[move_group-20] [WARN] [1777472618.170317429] [move_group.moveit.moveit.ros.move_group.capability]: Execution of motions should always start at the robot's current state. Ignoring the state supplied as difference in the planning scene diff
[move_group-20] [INFO] [1777472618.170332518] [move_group.moveit.moveit.ros.plan_execution]: Planning attempt 1 of at most 1
[move_group-20] [INFO] [1777472618.170677907] [move_group]: Calling PlanningRequestAdapter 'ResolveConstraintFrames'
[move_group-20] [INFO] [1777472618.170722439] [move_group]: Calling PlanningRequestAdapter 'ValidateWorkspaceBounds'
[move_group-20] [INFO] [1777472618.170742211] [move_group]: Calling PlanningRequestAdapter 'CheckStartStateBounds'
[move_group-20] [INFO] [1777472618.170775650] [move_group]: Calling PlanningRequestAdapter 'CheckStartStateCollision'
[move_group-20] [INFO] [1777472618.171199787] [move_group.moveit.moveit.planners.ompl.model_based_planning_context]: Planner configuration 'manipulator' will use planner 'geometric::RRTConnect'. Additional configuration parameters will be set when the planner is constructed.
[move_group-20] [INFO] [1777472618.171274957] [move_group]: Calling Planner 'OMPL'
[move_group-20] [INFO] [1777472618.244496546] [move_group]: Calling PlanningResponseAdapter 'AddTimeOptimalParameterization'
[move_group-20] [INFO] [1777472618.263919566] [move_group]: Calling PlanningResponseAdapter 'ValidateSolution'
[move_group-20] [INFO] [1777472618.266758236] [move_group]: Calling PlanningResponseAdapter 'DisplayMotionPath'
[move_group-20] [WARN] [1777472618.266979435] [move_group.moveit.moveit.ros.planning_pipeline]: The planner plugin did not fill out the 'planner_id' field of the MotionPlanResponse. Setting it to the planner ID name of the MotionPlanRequest assuming that the planner plugin does warn you if it does not use the requested planner.
[move_group-20] [INFO] [1777472618.267424171] [move_group.moveit.moveit.plugins.simple_controller_manager]: Returned 2 controllers in list
[move_group-20] [INFO] [1777472618.267459057] [move_group.moveit.moveit.plugins.simple_controller_manager]: Returned 2 controllers in list
[move_group-20] [INFO] [1777472618.267580164] [move_group.moveit.moveit.ros.trajectory_execution_manager]: Validating trajectory with allowed_start_tolerance 0.01
[move_group-20] [INFO] [1777472618.270925763] [move_group.moveit.moveit.ros.trajectory_execution_manager]: Starting trajectory execution ...
[move_group-20] [INFO] [1777472618.271001313] [move_group.moveit.moveit.plugins.simple_controller_manager]: Returned 2 controllers in list
[move_group-20] [INFO] [1777472618.271053897] [move_group.moveit.moveit.plugins.simple_controller_manager]: Returned 2 controllers in list
[move_group-20] [INFO] [1777472618.271241129] [moveit.simple_controller_manager.follow_joint_trajectory_controller_handle]: sending trajectory to joint_trajectory_controller
[ros2_control_node-1] [INFO] [1777472618.271901386] [joint_trajectory_controller]: Received new action goal
[ros2_control_node-1] [INFO] [1777472618.272004359] [joint_trajectory_controller]: Accepted new action goal
[move_group-20] [INFO] [1777472618.272599689] [moveit.simple_controller_manager.follow_joint_trajectory_controller_handle]: joint_trajectory_controller started execution
[move_group-20] [INFO] [1777472618.272639362] [moveit.simple_controller_manager.follow_joint_trajectory_controller_handle]: Goal request accepted!
[adl_ui-15] 192.168.0.78 - - [29/Apr/2026 10:23:38] "GET /status_json HTTP/1.1" 200 -
[adl_ui-15] 127.0.0.1 - - [29/Apr/2026 10:23:38] "GET /status_json HTTP/1.1" 200 -
[vision_apriltag-9] [INFO] [1777472618.597339764] [vision_apriltag_node]: Vision AprilTag: scene is locked; detection publishing is paused.
[adl_ui-15] 192.168.0.78 - - [29/Apr/2026 10:23:39] "GET /status_json HTTP/1.1" 200 -
[adl_ui-15] 127.0.0.1 - - [29/Apr/2026 10:23:39] "GET /status_json HTTP/1.1" 200 -
[ros2_control_node-1] [WARN] [1777472619.089590433] [controller_manager]: Overrun might occur, Total time : 2699.082 us (Expected < 1000.000 us) --> Read time : 30.160 us, Update time : 178.576 us, Write time : 2490.346 us
[ros2_control_node-1] [WARN] [1777472619.092900002] [controller_manager]: Overrun detected! The controller manager missed its desired rate of 1000 Hz. The loop took 3.027091 ms (missed cycles : 4).
[adl_ui-15] 192.168.0.78 - - [29/Apr/2026 10:23:39] "GET /status_json HTTP/1.1" 200 -
[adl_ui-15] 127.0.0.1 - - [29/Apr/2026 10:23:39] "GET /status_json HTTP/1.1" 200 -
[ros2_control_node-1] [WARN] [1777472620.091085226] [controller_manager]: Overrun might occur, Total time : 3185.043 us (Expected < 1000.000 us) --> Read time : 28.796 us, Update time : 398.578 us, Write time : 2757.669 us
[ros2_control_node-1] [WARN] [1777472620.095161852] [controller_manager]: Overrun detected! The controller manager missed its desired rate of 1000 Hz. The loop took 3.287145 ms (missed cycles : 4).
[adl_ui-15] 192.168.0.78 - - [29/Apr/2026 10:23:40] "GET /status_json HTTP/1.1" 200 -
[adl_ui-15] 127.0.0.1 - - [29/Apr/2026 10:23:40] "GET /status_json HTTP/1.1" 200 -
[vision_apriltag-9] [INFO] [1777472620.599162326] [vision_apriltag_node]: Vision AprilTag: scene is locked; detection publishing is paused.
[adl_ui-15] 192.168.0.78 - - [29/Apr/2026 10:23:41] "GET /status_json HTTP/1.1" 200 -
[adl_ui-15] 127.0.0.1 - - [29/Apr/2026 10:23:41] "GET /status_json HTTP/1.1" 200 -
[wrist_camera_usb_publisher-8] [INFO] [1777472622.033796729] [wrist_camera_usb_publisher_node]: USB camera publisher heartbeat: publishing 1280x720 frames on /wrist_mounted_camera/image; camera_info fx=920.87, fy=921.57, cx=644.76, cy=343.15.
[adl_ui-15] 192.168.0.78 - - [29/Apr/2026 10:23:42] "GET /status_json HTTP/1.1" 200 -
[adl_ui-15] 127.0.0.1 - - [29/Apr/2026 10:23:42] "GET /status_json HTTP/1.1" 200 -
[vision_apriltag-9] [INFO] [1777472622.596699392] [vision_apriltag_node]: Vision AprilTag: scene is locked; detection publishing is paused.
[adl_ui-15] 192.168.0.78 - - [29/Apr/2026 10:23:42] "GET /status_json HTTP/1.1" 200 -
[adl_ui-15] 127.0.0.1 - - [29/Apr/2026 10:23:42] "GET /status_json HTTP/1.1" 200 -
[adl_ui-15] 192.168.0.78 - - [29/Apr/2026 10:23:43] "GET /status_json HTTP/1.1" 200 -
[adl_ui-15] 127.0.0.1 - - [29/Apr/2026 10:23:43] "GET /status_json HTTP/1.1" 200 -
[ros2_control_node-1] [ERROR] [1777472623.573570480] [KortexMultiInterfaceHardware]: Runtime error: timeout detected: BaseCyclicClient::Refresh
[ros2_control_node-1] 
[ros2_control_node-1] [WARN] [1777472623.573654915] [controller_manager]: Overrun might occur, Total time : 3002737.701 us (Expected < 1000.000 us) --> Read time : 53.417 us, Update time : 441.945 us, Write time : 3002242.339 us
[ros2_control_node-1] [WARN] [1777472623.573715192] [controller_manager]: Overrun detected! The controller manager missed its desired rate of 1000 Hz. The loop took 3002.841526 ms (missed cycles : 3003).
[ros2_control_node-1] [ERROR] [1777472623.574115155] [tolerances]: State tolerances failed for joint 0:
[ros2_control_node-1] [ERROR] [1777472623.574136939] [tolerances]: Position Error: 0.452215, Position Tolerance: 0.150000
[ros2_control_node-1] [ERROR] [1777472623.574152341] [tolerances]: State tolerances failed for joint 1:
[ros2_control_node-1] [ERROR] [1777472623.574161760] [tolerances]: Position Error: -0.707550, Position Tolerance: 0.150000
[ros2_control_node-1] [ERROR] [1777472623.574174002] [tolerances]: State tolerances failed for joint 2:
[ros2_control_node-1] [ERROR] [1777472623.574185713] [tolerances]: Position Error: -0.937938, Position Tolerance: 0.150000
[ros2_control_node-1] [ERROR] [1777472623.574199877] [tolerances]: State tolerances failed for joint 3:
[ros2_control_node-1] [ERROR] [1777472623.574210762] [tolerances]: Position Error: 0.340524, Position Tolerance: 0.150000
[ros2_control_node-1] [ERROR] [1777472623.574223943] [tolerances]: State tolerances failed for joint 4:
[ros2_control_node-1] [ERROR] [1777472623.574238370] [tolerances]: Position Error: 0.187407, Position Tolerance: 0.150000
[ros2_control_node-1] [ERROR] [1777472623.574251370] [tolerances]: State tolerances failed for joint 5:
[ros2_control_node-1] [ERROR] [1777472623.574260626] [tolerances]: Position Error: -0.540944, Position Tolerance: 0.150000
[ros2_control_node-1] [ERROR] [1777472623.574272630] [tolerances]: State tolerances failed for joint 6:
[ros2_control_node-1] [ERROR] [1777472623.574281821] [tolerances]: Position Error: 0.522897, Position Tolerance: 0.150000
[ros2_control_node-1] [WARN] [1777472623.574342104] [joint_trajectory_controller]: Aborted due to state tolerance violation
[move_group-20] [WARN] [1777472623.673320394] [moveit.simple_controller_manager.follow_joint_trajectory_controller_handle]: Controller 'joint_trajectory_controller' failed with error PATH_TOLERANCE_VIOLATED: Aborted due to path tolerance violation
[move_group-20] [WARN] [1777472623.673377888] [move_group.moveit.moveit.ros.trajectory_execution_manager]: Controller handle joint_trajectory_controller reports status ABORTED
[move_group-20] [INFO] [1777472623.673416348] [move_group.moveit.moveit.ros.trajectory_execution_manager]: Completed trajectory execution with status ABORTED ...
[move_group-20] [INFO] [1777472623.681281417] [move_group.moveit.moveit.ros.move_group.move_action]: CONTROL_FAILED
[give_medication-14] [ERROR] [1777472623.692874184] [give_medication_node]: MoveGroup execution failed.
[give_medication-14]   error_code.val = -4
[give_medication-14]   group_name      = manipulator
[give_medication-14]   num_attempts    = 10
[give_medication-14]   allowed_time    = 10.0
[give_medication-14]   vel_scale       = 0.25
[give_medication-14]   accel_scale     = 0.25
[give_medication-14] If this persists, check move_group / controller logs for the meaning of this code (often control abort, invalid start state, or planning pipeline failure).
[give_medication-14] [WARN] [1777472623.695134464] [give_medication_node]: _recover_after_failure(): MoveGroup error_code=-4
[adl_ui-15] 192.168.0.78 - - [29/Apr/2026 10:23:44] "GET /status_json HTTP/1.1" 200 -
[adl_ui-15] 127.0.0.1 - - [29/Apr/2026 10:23:44] "GET /status_json HTTP/1.1" 200 -
[ros2_control_node-1] [WARN] [1777472624.575662713] [controller_manager]: Overrun might occur, Total time : 2771.781 us (Expected < 1000.000 us) --> Read time : 25.128 us, Update time : 208.543 us, Write time : 2538.110 us
[ros2_control_node-1] [WARN] [1777472624.575732303] [controller_manager]: Overrun detected! The controller manager missed its desired rate of 1000 Hz. The loop took 2.859131 ms (missed cycles : 3).
[vision_apriltag-9] [INFO] [1777472624.596878446] [vision_apriltag_node]: Vision AprilTag: scene is locked; detection publishing is paused.
[give_medication-14] [WARN] [1777472624.899256571] [give_medication_node]: [Medication] QR-read pre-height failed with table-top keepout active; removing that temporary keepout and retrying the pre-height move.
[give_medication-14] [INFO] [1777472624.900437579] [give_medication_node]: Removed temporary table-top keepout 'obj_1_qr_table_top_keepout'.
[give_medication-14] [INFO] [1777472625.001543435] [give_medication_node]: go_to_position: (0.503,-0.121, 0.283) - orientation free
[give_medication-14] [INFO] [1777472625.002435151] [give_medication_node]: _send_goal: dispatching MoveGroup request group=manipulator, attempts=10, allowed_time=10.00s, vel_scale=0.250, accel_scale=0.250, gc1:pos(frame=base_link, link=end_effector_link, tol=0.060, pos=(0.503, -0.121, 0.283), ori=(0.297, 0.642, 0.642, 0.297))
[move_group-20] [ERROR] [1777472625.003248643] [move_group.moveit.moveit.core.conversions]: Found empty JointState message
[give_medication-14] [INFO] [1777472625.007300786] [give_medication_node]: Start state: collision-valid — no collisions (not a joint-bounds check).
[move_group-20] [INFO] [1777472625.008424711] [move_group.moveit.moveit.ros.move_group.move_action]: MoveGroupMoveAction: Received request
[move_group-20] [INFO] [1777472625.008664396] [move_group.moveit.moveit.ros.move_group.move_action]: executing..
[move_group-20] [INFO] [1777472625.010407658] [move_group.moveit.moveit.ros.move_group.move_action]: Combined planning and execution request received for MoveGroup action. Forwarding to planning and execution pipeline.
[move_group-20] [WARN] [1777472625.010470262] [move_group.moveit.moveit.ros.move_group.capability]: Execution of motions should always start at the robot's current state. Ignoring the state supplied as start state in the motion planning request
[move_group-20] [WARN] [1777472625.010506730] [move_group.moveit.moveit.ros.move_group.capability]: Execution of motions should always start at the robot's current state. Ignoring the state supplied as difference in the planning scene diff
[move_group-20] [INFO] [1777472625.010526026] [move_group.moveit.moveit.ros.plan_execution]: Planning attempt 1 of at most 1
[move_group-20] [INFO] [1777472625.010906742] [move_group]: Calling PlanningRequestAdapter 'ResolveConstraintFrames'
[move_group-20] [INFO] [1777472625.010951851] [move_group]: Calling PlanningRequestAdapter 'ValidateWorkspaceBounds'
[move_group-20] [INFO] [1777472625.010975689] [move_group]: Calling PlanningRequestAdapter 'CheckStartStateBounds'
[move_group-20] [INFO] [1777472625.011020124] [move_group]: Calling PlanningRequestAdapter 'CheckStartStateCollision'
[move_group-20] [INFO] [1777472625.011738710] [move_group.moveit.moveit.planners.ompl.model_based_planning_context]: Planner configuration 'manipulator' will use planner 'geometric::RRTConnect'. Additional configuration parameters will be set when the planner is constructed.
[move_group-20] [INFO] [1777472625.011907790] [move_group]: Calling Planner 'OMPL'
[give_medication-14] [INFO] [1777472625.019198145] [give_medication_node]: _send_goal: MoveGroup goal accepted.
[adl_ui-15] 192.168.0.78 - - [29/Apr/2026 10:23:45] "GET /status_json HTTP/1.1" 200 -
[move_group-20] [INFO] [1777472625.057795273] [move_group]: Calling PlanningResponseAdapter 'AddTimeOptimalParameterization'
[move_group-20] [INFO] [1777472625.060399932] [move_group]: Calling PlanningResponseAdapter 'ValidateSolution'
[move_group-20] [INFO] [1777472625.061250494] [move_group]: Calling PlanningResponseAdapter 'DisplayMotionPath'
[move_group-20] [WARN] [1777472625.061367048] [move_group.moveit.moveit.ros.planning_pipeline]: The planner plugin did not fill out the 'planner_id' field of the MotionPlanResponse. Setting it to the planner ID name of the MotionPlanRequest assuming that the planner plugin does warn you if it does not use the requested planner.
[move_group-20] [INFO] [1777472625.061577894] [move_group.moveit.moveit.plugins.simple_controller_manager]: Returned 2 controllers in list
[move_group-20] [INFO] [1777472625.061623137] [move_group.moveit.moveit.plugins.simple_controller_manager]: Returned 2 controllers in list
[move_group-20] [INFO] [1777472625.061726998] [move_group.moveit.moveit.ros.trajectory_execution_manager]: Validating trajectory with allowed_start_tolerance 0.01
[move_group-20] [INFO] [1777472625.070297976] [move_group.moveit.moveit.ros.trajectory_execution_manager]: Starting trajectory execution ...
[move_group-20] [INFO] [1777472625.070412666] [move_group.moveit.moveit.plugins.simple_controller_manager]: Returned 2 controllers in list
[move_group-20] [INFO] [1777472625.070467964] [move_group.moveit.moveit.plugins.simple_controller_manager]: Returned 2 controllers in list
[move_group-20] [INFO] [1777472625.070846180] [moveit.simple_controller_manager.follow_joint_trajectory_controller_handle]: sending trajectory to joint_trajectory_controller
[adl_ui-15] 127.0.0.1 - - [29/Apr/2026 10:23:45] "GET /status_json HTTP/1.1" 200 -
[ros2_control_node-1] [INFO] [1777472625.072090874] [joint_trajectory_controller]: Received new action goal
[ros2_control_node-1] [INFO] [1777472625.072171706] [joint_trajectory_controller]: Accepted new action goal
[move_group-20] [INFO] [1777472625.072430602] [moveit.simple_controller_manager.follow_joint_trajectory_controller_handle]: joint_trajectory_controller started execution
[move_group-20] [INFO] [1777472625.072452662] [moveit.simple_controller_manager.follow_joint_trajectory_controller_handle]: Goal request accepted!
[ros2_control_node-1] [WARN] [1777472625.577531424] [controller_manager]: Overrun might occur, Total time : 2641.858 us (Expected < 1000.000 us) --> Read time : 21.385 us, Update time : 181.309 us, Write time : 2439.164 us
[ros2_control_node-1] [WARN] [1777472625.577585588] [controller_manager]: Overrun detected! The controller manager missed its desired rate of 1000 Hz. The loop took 2.712524 ms (missed cycles : 3).
[adl_ui-15] 192.168.0.78 - - [29/Apr/2026 10:23:45] "GET /status_json HTTP/1.1" 200 -
[adl_ui-15] 127.0.0.1 - - [29/Apr/2026 10:23:45] "GET /status_json HTTP/1.1" 200 -
[adl_ui-15] 192.168.0.78 - - [29/Apr/2026 10:23:46] "GET /status_json HTTP/1.1" 200 -
[adl_ui-15] 127.0.0.1 - - [29/Apr/2026 10:23:46] "GET /status_json HTTP/1.1" 200 -
[ros2_control_node-1] [WARN] [1777472626.579305315] [controller_manager]: Overrun might occur, Total time : 4368.576 us (Expected < 1000.000 us) --> Read time : 64.867 us, Update time : 619.592 us, Write time : 3684.117 us
[ros2_control_node-1] [WARN] [1777472626.579457091] [controller_manager]: Overrun detected! The controller manager missed its desired rate of 1000 Hz. The loop took 4.581151 ms (missed cycles : 5).
[vision_apriltag-9] [INFO] [1777472626.598925407] [vision_apriltag_node]: Vision AprilTag: scene is locked; detection publishing is paused.
[wrist_camera_usb_publisher-8] [INFO] [1777472627.188319675] [wrist_camera_usb_publisher_node]: USB camera publisher heartbeat: publishing 1280x720 frames on /wrist_mounted_camera/image; camera_info fx=920.87, fy=921.57, cx=644.76, cy=343.15.
[adl_ui-15] 192.168.0.78 - - [29/Apr/2026 10:23:47] "GET /status_json HTTP/1.1" 200 -
[adl_ui-15] 127.0.0.1 - - [29/Apr/2026 10:23:47] "GET /status_json HTTP/1.1" 200 -
[ros2_control_node-1] [WARN] [1777472627.580984144] [controller_manager]: Overrun might occur, Total time : 3090.900 us (Expected < 1000.000 us) --> Read time : 33.993 us, Update time : 318.202 us, Write time : 2738.705 us
[ros2_control_node-1] [WARN] [1777472627.581062192] [controller_manager]: Overrun detected! The controller manager missed its desired rate of 1000 Hz. The loop took 3.188250 ms (missed cycles : 4).
[ros2_control_node-1] [INFO] [1777472627.694096784] [joint_trajectory_controller]: Goal reached, success!
[move_group-20] [INFO] [1777472627.773208585] [moveit.simple_controller_manager.follow_joint_trajectory_controller_handle]: Controller 'joint_trajectory_controller' successfully finished
[move_group-20] [INFO] [1777472627.830397564] [move_group.moveit.moveit.ros.trajectory_execution_manager]: Completed trajectory execution with status SUCCEEDED ...
[move_group-20] [INFO] [1777472627.840468025] [move_group.moveit.moveit.ros.move_group.move_action]: Solution was found and executed.
[give_medication-14] [INFO] [1777472627.848807338] [give_medication_node]: _send_goal: MoveGroup execution completed successfully.
[give_medication-14] [INFO] [1777472627.956412585] [give_medication_node]: _send_goal: settled live EE pose pos=(0.453, -0.093, 0.274), ori=(-0.533, 0.625, 0.213, 0.529)
[adl_ui-15] 192.168.0.78 - - [29/Apr/2026 10:23:48] "GET /status_json HTTP/1.1" 200 -
[give_medication-14] [INFO] [1777472628.057771477] [give_medication_node]: go_to_pose: planning request frame_id=base_link, orientation_required=True, tol_pos=0.060, tol_ori_xy=0.400, tol_ori_z=1.100, target=pos=(0.503, -0.121, 0.283), ori=(0.297, 0.642, 0.642, 0.297)
[give_medication-14] [INFO] [1777472628.058849821] [give_medication_node]: _send_goal: dispatching MoveGroup request group=manipulator, attempts=10, allowed_time=10.00s, vel_scale=0.250, accel_scale=0.250, gc1:pos(frame=base_link, link=end_effector_link, tol=0.060, pos=(0.503, -0.121, 0.283), ori=(0.297, 0.642, 0.642, 0.297)); gc1:ori(frame=base_link, link=end_effector_link, tol_xy=0.400, tol_z=1.100, ori=(+0.297, +0.642, +0.642, +0.297))
[move_group-20] [ERROR] [1777472628.059618098] [move_group.moveit.moveit.core.conversions]: Found empty JointState message
[give_medication-14] [INFO] [1777472628.064662468] [give_medication_node]: Start state: collision-valid — no collisions (not a joint-bounds check).
[move_group-20] [INFO] [1777472628.066227227] [move_group.moveit.moveit.ros.move_group.move_action]: MoveGroupMoveAction: Received request
[move_group-20] [INFO] [1777472628.066520741] [move_group.moveit.moveit.ros.move_group.move_action]: executing..
[move_group-20] [INFO] [1777472628.071353051] [move_group.moveit.moveit.ros.move_group.move_action]: Combined planning and execution request received for MoveGroup action. Forwarding to planning and execution pipeline.
[move_group-20] [WARN] [1777472628.071517540] [move_group.moveit.moveit.ros.move_group.capability]: Execution of motions should always start at the robot's current state. Ignoring the state supplied as start state in the motion planning request
[move_group-20] [WARN] [1777472628.071565402] [move_group.moveit.moveit.ros.move_group.capability]: Execution of motions should always start at the robot's current state. Ignoring the state supplied as difference in the planning scene diff
[move_group-20] [INFO] [1777472628.071596818] [move_group.moveit.moveit.ros.plan_execution]: Planning attempt 1 of at most 1
[move_group-20] [INFO] [1777472628.073077761] [move_group]: Calling PlanningRequestAdapter 'ResolveConstraintFrames'
[move_group-20] [INFO] [1777472628.073147768] [move_group]: Calling PlanningRequestAdapter 'ValidateWorkspaceBounds'
[move_group-20] [INFO] [1777472628.073179589] [move_group]: Calling PlanningRequestAdapter 'CheckStartStateBounds'
[move_group-20] [INFO] [1777472628.073237410] [move_group]: Calling PlanningRequestAdapter 'CheckStartStateCollision'
[move_group-20] [INFO] [1777472628.074025689] [move_group.moveit.moveit.planners.ompl.model_based_planning_context]: Planner configuration 'manipulator' will use planner 'geometric::RRTConnect'. Additional configuration parameters will be set when the planner is constructed.
[move_group-20] [INFO] [1777472628.074151619] [move_group]: Calling Planner 'OMPL'
[adl_ui-15] 127.0.0.1 - - [29/Apr/2026 10:23:48] "GET /status_json HTTP/1.1" 200 -
[give_medication-14] [INFO] [1777472628.081968718] [give_medication_node]: _send_goal: MoveGroup goal accepted.
[move_group-20] [INFO] [1777472628.108637001] [move_group]: Calling PlanningResponseAdapter 'AddTimeOptimalParameterization'
[move_group-20] [INFO] [1777472628.113865605] [move_group]: Calling PlanningResponseAdapter 'ValidateSolution'
[move_group-20] [INFO] [1777472628.115244020] [move_group]: Calling PlanningResponseAdapter 'DisplayMotionPath'
[move_group-20] [WARN] [1777472628.115499534] [move_group.moveit.moveit.ros.planning_pipeline]: The planner plugin did not fill out the 'planner_id' field of the MotionPlanResponse. Setting it to the planner ID name of the MotionPlanRequest assuming that the planner plugin does warn you if it does not use the requested planner.
[move_group-20] [INFO] [1777472628.115796177] [move_group.moveit.moveit.plugins.simple_controller_manager]: Returned 2 controllers in list
[move_group-20] [INFO] [1777472628.115850359] [move_group.moveit.moveit.plugins.simple_controller_manager]: Returned 2 controllers in list
[move_group-20] [INFO] [1777472628.115979798] [move_group.moveit.moveit.ros.trajectory_execution_manager]: Validating trajectory with allowed_start_tolerance 0.01
[move_group-20] [INFO] [1777472628.130583653] [move_group.moveit.moveit.ros.trajectory_execution_manager]: Starting trajectory execution ...
[move_group-20] [INFO] [1777472628.130783656] [move_group.moveit.moveit.plugins.simple_controller_manager]: Returned 2 controllers in list
[move_group-20] [INFO] [1777472628.130872295] [move_group.moveit.moveit.plugins.simple_controller_manager]: Returned 2 controllers in list
[move_group-20] [INFO] [1777472628.131282156] [moveit.simple_controller_manager.follow_joint_trajectory_controller_handle]: sending trajectory to joint_trajectory_controller
[ros2_control_node-1] [INFO] [1777472628.132009741] [joint_trajectory_controller]: Received new action goal
[ros2_control_node-1] [INFO] [1777472628.132119047] [joint_trajectory_controller]: Accepted new action goal
[move_group-20] [INFO] [1777472628.132960094] [moveit.simple_controller_manager.follow_joint_trajectory_controller_handle]: joint_trajectory_controller started execution
[move_group-20] [INFO] [1777472628.132995856] [moveit.simple_controller_manager.follow_joint_trajectory_controller_handle]: Goal request accepted!
[ros2_control_node-1] [WARN] [1777472628.583262239] [controller_manager]: Overrun might occur, Total time : 3285.065 us (Expected < 1000.000 us) --> Read time : 47.144 us, Update time : 314.152 us, Write time : 2923.769 us
[ros2_control_node-1] [WARN] [1777472628.583346418] [controller_manager]: Overrun detected! The controller manager missed its desired rate of 1000 Hz. The loop took 3.472428 ms (missed cycles : 4).
[vision_apriltag-9] [INFO] [1777472628.597589251] [vision_apriltag_node]: Vision AprilTag: scene is locked; detection publishing is paused.
[adl_ui-15] 192.168.0.78 - - [29/Apr/2026 10:23:48] "GET /status_json HTTP/1.1" 200 -
[adl_ui-15] 127.0.0.1 - - [29/Apr/2026 10:23:48] "GET /status_json HTTP/1.1" 200 -
[adl_ui-15] 192.168.0.78 - - [29/Apr/2026 10:23:49] "GET /status_json HTTP/1.1" 200 -
[adl_ui-15] 127.0.0.1 - - [29/Apr/2026 10:23:49] "GET /status_json HTTP/1.1" 200 -
[ros2_control_node-1] [WARN] [1777472629.584202198] [controller_manager]: Overrun might occur, Total time : 3301.641 us (Expected < 1000.000 us) --> Read time : 41.251 us, Update time : 395.285 us, Write time : 2865.105 us
[ros2_control_node-1] [WARN] [1777472629.584266578] [controller_manager]: Overrun detected! The controller manager missed its desired rate of 1000 Hz. The loop took 3.393171 ms (missed cycles : 4).
[adl_ui-15] 192.168.0.78 - - [29/Apr/2026 10:23:50] "GET /status_json HTTP/1.1" 200 -
[adl_ui-15] 127.0.0.1 - - [29/Apr/2026 10:23:50] "GET /status_json HTTP/1.1" 200 -
[ros2_control_node-1] [WARN] [1777472630.587303311] [controller_manager]: Overrun might occur, Total time : 3397.350 us (Expected < 1000.000 us) --> Read time : 34.530 us, Update time : 281.787 us, Write time : 3081.033 us
[ros2_control_node-1] [WARN] [1777472630.587401751] [controller_manager]: Overrun detected! The controller manager missed its desired rate of 1000 Hz. The loop took 3.527744 ms (missed cycles : 4).
[vision_apriltag-9] [INFO] [1777472630.600057406] [vision_apriltag_node]: Vision AprilTag: scene is locked; detection publishing is paused.
[ros2_control_node-1] [INFO] [1777472630.766065006] [joint_trajectory_controller]: Goal reached, success!
[move_group-20] [INFO] [1777472630.833745175] [moveit.simple_controller_manager.follow_joint_trajectory_controller_handle]: Controller 'joint_trajectory_controller' successfully finished
[move_group-20] [INFO] [1777472630.890929499] [move_group.moveit.moveit.ros.trajectory_execution_manager]: Completed trajectory execution with status SUCCEEDED ...
[move_group-20] [INFO] [1777472630.900754822] [move_group.moveit.moveit.ros.move_group.move_action]: Solution was found and executed.
[give_medication-14] [INFO] [1777472630.910553456] [give_medication_node]: _send_goal: MoveGroup execution completed successfully.
[give_medication-14] [INFO] [1777472631.022715632] [give_medication_node]: _send_goal: settled live EE pose pos=(0.505, -0.131, 0.336), ori=(0.015, 0.777, 0.375, 0.506)
[give_medication-14] [INFO] [1777472631.029332167] [give_medication_node]: Added temporary medication face keepout 'obj_1_qr_face_keepout' (rear_depth=0.100m, rear_width=0.140m, rear_height=0.120m, top_cap=off, center_source=scene_like_side_face(face_to_center=0.027, tangent=0.000)).
[adl_ui-15] 192.168.0.78 - - [29/Apr/2026 10:23:51] "GET /status_json HTTP/1.1" 200 -
[adl_ui-15] 127.0.0.1 - - [29/Apr/2026 10:23:51] "GET /status_json HTTP/1.1" 200 -
[give_medication-14] [INFO] [1777472631.184221942] [give_medication_node]: go_cartesian: request waypoints=1, avoid_collisions=True, max_step=0.010, jump_thresh=0.000, min_fraction=0.920, fallback_to_pose=False, min_ee_z=none, start=pos=(0.503, -0.121, 0.203), ori=(0.297, 0.642, 0.642, 0.297), goal=pos=(0.503, -0.121, 0.203), ori=(0.297, 0.642, 0.642, 0.297)
[move_group-20] [INFO] [1777472631.186201023] [move_group.moveit.moveit.ros.move_group.cartesian_path_service_capability]: Received request to compute Cartesian path
[move_group-20] [INFO] [1777472631.186665721] [move_group.moveit.moveit.ros.move_group.cartesian_path_service_capability]: Attempting to follow 1 waypoints for link 'end_effector_link' using a step of 0.010000 m and jump threshold 0.000000 (in global reference frame)
[move_group-20] [INFO] [1777472631.229321314] [move_group.moveit.moveit.ros.move_group.cartesian_path_service_capability]: Computed Cartesian path with 28 points (followed 100.000000% of requested trajectory)
[give_medication-14] [INFO] [1777472631.264650756] [give_medication_node]: Cartesian path computed with 100.0% success for 1 waypoint(s); trajectory_points=19.
[move_group-20] [INFO] [1777472631.289974613] [move_group.moveit.moveit.ros.move_group.clear_octomap_service]: Execution request received
[move_group-20] [INFO] [1777472631.290093114] [move_group.moveit.moveit.plugins.simple_controller_manager]: Returned 2 controllers in list
[move_group-20] [INFO] [1777472631.290156152] [move_group.moveit.moveit.plugins.simple_controller_manager]: Returned 2 controllers in list
[move_group-20] [INFO] [1777472631.290491168] [move_group.moveit.moveit.ros.trajectory_execution_manager]: Validating trajectory with allowed_start_tolerance 0.01
[give_medication-14] [INFO] [1777472631.298141681] [give_medication_node]: go_cartesian: ExecuteTrajectory goal accepted.
[move_group-20] [INFO] [1777472631.310584260] [move_group.moveit.moveit.ros.trajectory_execution_manager]: Starting trajectory execution ...
[move_group-20] [INFO] [1777472631.310686062] [move_group.moveit.moveit.plugins.simple_controller_manager]: Returned 2 controllers in list
[move_group-20] [INFO] [1777472631.310747649] [move_group.moveit.moveit.plugins.simple_controller_manager]: Returned 2 controllers in list
[move_group-20] [INFO] [1777472631.311019342] [moveit.simple_controller_manager.follow_joint_trajectory_controller_handle]: sending trajectory to joint_trajectory_controller
[ros2_control_node-1] [INFO] [1777472631.311566336] [joint_trajectory_controller]: Received new action goal
[ros2_control_node-1] [INFO] [1777472631.311643744] [joint_trajectory_controller]: Accepted new action goal
[move_group-20] [INFO] [1777472631.312609203] [moveit.simple_controller_manager.follow_joint_trajectory_controller_handle]: joint_trajectory_controller started execution
[move_group-20] [INFO] [1777472631.312631454] [moveit.simple_controller_manager.follow_joint_trajectory_controller_handle]: Goal request accepted!
[ros2_control_node-1] [WARN] [1777472631.589225463] [controller_manager]: Overrun might occur, Total time : 4281.597 us (Expected < 1000.000 us) --> Read time : 83.957 us, Update time : 595.135 us, Write time : 3602.505 us
[ros2_control_node-1] [WARN] [1777472631.589435880] [controller_manager]: Overrun detected! The controller manager missed its desired rate of 1000 Hz. The loop took 4.559746 ms (missed cycles : 5).
[adl_ui-15] 127.0.0.1 - - [29/Apr/2026 10:23:51] "GET /status_json HTTP/1.1" 200 -
[adl_ui-15] 192.168.0.78 - - [29/Apr/2026 10:23:51] "GET /status_json HTTP/1.1" 200 -
[wrist_camera_usb_publisher-8] [INFO] [1777472632.356739001] [wrist_camera_usb_publisher_node]: USB camera publisher heartbeat: publishing 1280x720 frames on /wrist_mounted_camera/image; camera_info fx=920.87, fy=921.57, cx=644.76, cy=343.15.
[adl_ui-15] 192.168.0.78 - - [29/Apr/2026 10:23:52] "GET /status_json HTTP/1.1" 200 -
[adl_ui-15] 127.0.0.1 - - [29/Apr/2026 10:23:52] "GET /status_json HTTP/1.1" 200 -
[ros2_control_node-1] [WARN] [1777472632.590197965] [controller_manager]: Overrun might occur, Total time : 3238.369 us (Expected < 1000.000 us) --> Read time : 107.500 us, Update time : 703.344 us, Write time : 2427.525 us
[ros2_control_node-1] [WARN] [1777472632.590388688] [controller_manager]: Overrun detected! The controller manager missed its desired rate of 1000 Hz. The loop took 3.511622 ms (missed cycles : 4).
[vision_apriltag-9] [INFO] [1777472632.601503186] [vision_apriltag_node]: Vision AprilTag: scene is locked; detection publishing is paused.
[ros2_control_node-1] [INFO] [1777472633.053260833] [joint_trajectory_controller]: Goal reached, success!
[move_group-20] [INFO] [1777472633.112953706] [moveit.simple_controller_manager.follow_joint_trajectory_controller_handle]: Controller 'joint_trajectory_controller' successfully finished
[move_group-20] [INFO] [1777472633.170813501] [move_group.moveit.moveit.ros.trajectory_execution_manager]: Completed trajectory execution with status SUCCEEDED ...
[move_group-20] [INFO] [1777472633.173219766] [move_group.moveit.moveit.ros.move_group.clear_octomap_service]: Execution completed: SUCCEEDED
[adl_ui-15] 192.168.0.78 - - [29/Apr/2026 10:23:53] "GET /status_json HTTP/1.1" 200 -
[give_medication-14] [INFO] [1777472633.307060667] [give_medication_node]: go_cartesian: settled live EE pose pos=(0.503, -0.121, 0.203), ori=(0.297, 0.642, 0.642, 0.296)
[give_medication-14] [INFO] [1777472633.323664556] [give_medication_node]: [Medication] QR-read final in-plane approach: already within the short-motion goal window.
[move_group-20] [WARN] [1777472633.325803264] [move_group.moveit.moveit.core.planning_scene]: Tried to remove world object 'obj_1_qr_face_keepout_top', but it does not exist in this scene.
[adl_ui-15] 127.0.0.1 - - [29/Apr/2026 10:23:53] "GET /status_json HTTP/1.1" 200 -
[give_medication-14] [INFO] [1777472633.327413724] [give_medication_node]: Removed temporary medication face keepout 'obj_1_qr_face_keepout'.
[give_medication-14] [INFO] [1777472633.428594706] [give_medication_node]: Scene UNLOCKED.
[scene_from_vision-10] [INFO] [1777472633.430351056] [scene_from_vision_node]: Scene UNLOCKED - updates resuming.
[scene_from_vision-10] [INFO] [1777472633.435149179] [scene_from_vision_node]: Published obj_1 (heartbeat) at x=0.752, y=0.029, z=0.143, yaw=-139.6deg
[ros2_control_node-1] [WARN] [1777472633.590854763] [controller_manager]: Overrun might occur, Total time : 2951.924 us (Expected < 1000.000 us) --> Read time : 49.631 us, Update time : 307.130 us, Write time : 2595.163 us
[ros2_control_node-1] [WARN] [1777472633.590940147] [controller_manager]: Overrun detected! The controller manager missed its desired rate of 1000 Hz. The loop took 3.066081 ms (missed cycles : 4).
[vision_apriltag-9] [INFO] [1777472634.026710371] [vision_apriltag_node]: Vision AprilTag detection debug: no tags found after raw/CLAHE/sharp/adaptive/upscaled/tiled passes.
[adl_ui-15] 192.168.0.78 - - [29/Apr/2026 10:23:54] "GET /status_json HTTP/1.1" 200 -
[adl_ui-15] 127.0.0.1 - - [29/Apr/2026 10:23:54] "GET /status_json HTTP/1.1" 200 -
[ros2_control_node-1] [WARN] [1777472634.592215444] [controller_manager]: Overrun might occur, Total time : 3295.445 us (Expected < 1000.000 us) --> Read time : 36.475 us, Update time : 316.893 us, Write time : 2942.077 us
[ros2_control_node-1] [WARN] [1777472634.592302780] [controller_manager]: Overrun detected! The controller manager missed its desired rate of 1000 Hz. The loop took 3.428613 ms (missed cycles : 4).
[vision_apriltag-9] [INFO] [1777472634.597666426] [vision_apriltag_node]: Vision AprilTag: images are arriving, but no AprilTag has been seen for 18.3s.
[adl_ui-15] 192.168.0.78 - - [29/Apr/2026 10:23:54] "GET /status_json HTTP/1.1" 200 -
[adl_ui-15] 127.0.0.1 - - [29/Apr/2026 10:23:54] "GET /status_json HTTP/1.1" 200 -
[adl_ui-15] 192.168.0.78 - - [29/Apr/2026 10:23:55] "GET /status_json HTTP/1.1" 200 -
[adl_ui-15] 127.0.0.1 - - [29/Apr/2026 10:23:55] "GET /status_json HTTP/1.1" 200 -
[ros2_control_node-1] [WARN] [1777472635.594553279] [controller_manager]: Overrun might occur, Total time : 2659.785 us (Expected < 1000.000 us) --> Read time : 38.859 us, Update time : 221.179 us, Write time : 2399.747 us
[ros2_control_node-1] [WARN] [1777472635.594611430] [controller_manager]: Overrun detected! The controller manager missed its desired rate of 1000 Hz. The loop took 2.738485 ms (missed cycles : 3).
[scene_from_vision-10] [INFO] [1777472635.935962484] [scene_from_vision_node]: Published obj_1 (heartbeat) at x=0.752, y=0.029, z=0.143, yaw=-139.6deg
[adl_ui-15] 192.168.0.78 - - [29/Apr/2026 10:23:56] "GET /status_json HTTP/1.1" 200 -
[adl_ui-15] 127.0.0.1 - - [29/Apr/2026 10:23:56] "GET /status_json HTTP/1.1" 200 -
[vision_apriltag-9] [INFO] [1777472636.396949434] [vision_apriltag_node]: Removed stale tag ID 1 from detected tags
[ros2_control_node-1] [WARN] [1777472636.597246540] [controller_manager]: Overrun might occur, Total time : 2345.408 us (Expected < 1000.000 us) --> Read time : 44.968 us, Update time : 226.489 us, Write time : 2073.951 us
[ros2_control_node-1] [WARN] [1777472636.597325015] [controller_manager]: Overrun detected! The controller manager missed its desired rate of 1000 Hz. The loop took 2.451395 ms (missed cycles : 3).
[vision_apriltag-9] [INFO] [1777472636.804585609] [vision_apriltag_node]: Vision AprilTag: images are arriving, but no AprilTag has been seen for 20.5s.
[adl_ui-15] [INFO] [1777472636.939464377] [adl_ui_node]: UI patient name published: john doe
[give_medication-14] [INFO] [1777472636.942255880] [give_medication_node]: Received patient name from UI: john doe
[adl_ui-15] 127.0.0.1 - - [29/Apr/2026 10:23:56] "POST /patient_name HTTP/1.1" 200 -
[give_medication-14] [INFO] [1777472636.983717458] [give_medication_node]: Scene LOCKED.
[scene_from_vision-10] [INFO] [1777472636.985577941] [scene_from_vision_node]: Scene LOCKED - updates paused.
[adl_ui-15] 127.0.0.1 - - [29/Apr/2026 10:23:57] "GET /status_json HTTP/1.1" 200 -
[adl_ui-15] 192.168.0.78 - - [29/Apr/2026 10:23:57] "GET /status_json HTTP/1.1" 200 -
[give_medication-14] [INFO] [1777472637.135708402] [give_medication_node]: [Medication] Reusing the settled QR-read front-face pose as the completed pick approach. Proceeding directly to the final Cartesian grasp move.
[give_medication-14] [INFO] [1777472637.136321865] [give_medication_node]: open_gripper(): opening gripper fully...
[give_medication-14] [INFO] [1777472637.137001957] [give_medication_node]: _send_gripper_goal: request position=0.000, max_effort=20.0.
[ros2_control_node-1] [INFO] [1777472637.139876504] [robotiq_gripper_controller]: Received & accepted new action goal
[give_medication-14] [INFO] [1777472637.144567675] [give_medication_node]: _send_gripper_goal: gripper goal accepted.
[wrist_camera_usb_publisher-8] [INFO] [1777472637.513966133] [wrist_camera_usb_publisher_node]: USB camera publisher heartbeat: publishing 1280x720 frames on /wrist_mounted_camera/image; camera_info fx=920.87, fy=921.57, cx=644.76, cy=343.15.
[give_medication-14] [INFO] [1777472637.549330279] [give_medication_node]: Gripper reached requested=0.000, actual=0.007, stalled=False, reached_goal=True
[give_medication-14] [INFO] [1777472637.558617605] [give_medication_node]: Removed collision object obj_1 from planning scene.
[ros2_control_node-1] [WARN] [1777472637.598832844] [controller_manager]: Overrun might occur, Total time : 2907.809 us (Expected < 1000.000 us) --> Read time : 79.538 us, Update time : 400.550 us, Write time : 2427.721 us
[ros2_control_node-1] [WARN] [1777472637.598929009] [controller_manager]: Overrun detected! The controller manager missed its desired rate of 1000 Hz. The loop took 3.055167 ms (missed cycles : 4).
[adl_ui-15] 127.0.0.1 - - [29/Apr/2026 10:23:57] "GET /status_json HTTP/1.1" 200 -
[adl_ui-15] 192.168.0.78 - - [29/Apr/2026 10:23:57] "GET /status_json HTTP/1.1" 200 -
[give_medication-14] [INFO] [1777472637.917930620] [give_medication_node]: [Medication] Reused QR-read pose before final grasp: pos=(0.503, -0.121, 0.203), ori=(0.297, 0.642, 0.642, 0.297)
[give_medication-14] [INFO] [1777472637.919968923] [give_medication_node]: [Medication] Final push start pose: pos=(0.503, -0.121, 0.203), ori=(0.297, 0.642, 0.642, 0.297)
[give_medication-14] [INFO] [1777472637.921294635] [give_medication_node]: [Medication] Final grasp target: pos=(0.572, -0.063, 0.143), ori=(0.297, 0.642, 0.642, 0.297)
[give_medication-14] [INFO] [1777472637.923213497] [give_medication_node]: [Medication] Final side grasp vector approach->grasp: dx=+0.069, dy=+0.058, dz=-0.060, |xy|=0.090; min_ee_z=0.143.
[give_medication-14] [INFO] [1777472637.939134976] [give_medication_node]: [Medication] Final side grasp forward push: target is 0.108 m away, outside the short-motion servo range (0.100 m).
[give_medication-14] [WARN] [1777472637.941632721] [give_medication_node]: [Medication] Short-motion servo grasp push did not complete cleanly; falling back to MoveIt Cartesian planning.
[give_medication-14] [INFO] [1777472637.943281503] [give_medication_node]: go_cartesian: request waypoints=1, avoid_collisions=True, max_step=0.010, jump_thresh=0.000, min_fraction=0.920, fallback_to_pose=False, min_ee_z=0.143, start=pos=(0.572, -0.063, 0.143), ori=(0.297, 0.642, 0.642, 0.297), goal=pos=(0.572, -0.063, 0.143), ori=(0.297, 0.642, 0.642, 0.297)
[move_group-20] [INFO] [1777472637.944255584] [move_group.moveit.moveit.ros.move_group.cartesian_path_service_capability]: Received request to compute Cartesian path
[move_group-20] [INFO] [1777472637.944511916] [move_group.moveit.moveit.ros.move_group.cartesian_path_service_capability]: Attempting to follow 1 waypoints for link 'end_effector_link' using a step of 0.010000 m and jump threshold 0.000000 (in global reference frame)
[move_group-20] [INFO] [1777472637.954914983] [move_group.moveit.moveit.ros.move_group.cartesian_path_service_capability]: Computed Cartesian path with 12 points (followed 100.000000% of requested trajectory)
[give_medication-14] [INFO] [1777472637.963585847] [give_medication_node]: Cartesian path computed with 100.0% success for 1 waypoint(s); trajectory_points=9.
[give_medication-14] [INFO] [1777472638.043731494] [give_medication_node]: go_cartesian: guarded trajectory min EE z=0.143 at point 8 (floor=0.143).
[move_group-20] [INFO] [1777472638.045526691] [move_group.moveit.moveit.ros.move_group.clear_octomap_service]: Execution request received
[move_group-20] [INFO] [1777472638.045630550] [move_group.moveit.moveit.plugins.simple_controller_manager]: Returned 2 controllers in list
[move_group-20] [INFO] [1777472638.045679781] [move_group.moveit.moveit.plugins.simple_controller_manager]: Returned 2 controllers in list
[move_group-20] [INFO] [1777472638.045826836] [move_group.moveit.moveit.ros.trajectory_execution_manager]: Validating trajectory with allowed_start_tolerance 0.01
[move_group-20] [INFO] [1777472638.052277506] [move_group.moveit.moveit.ros.trajectory_execution_manager]: Starting trajectory execution ...
[move_group-20] [INFO] [1777472638.052458804] [move_group.moveit.moveit.plugins.simple_controller_manager]: Returned 2 controllers in list
[move_group-20] [INFO] [1777472638.052544652] [move_group.moveit.moveit.plugins.simple_controller_manager]: Returned 2 controllers in list
[move_group-20] [INFO] [1777472638.052850380] [moveit.simple_controller_manager.follow_joint_trajectory_controller_handle]: sending trajectory to joint_trajectory_controller
[ros2_control_node-1] [INFO] [1777472638.053448026] [joint_trajectory_controller]: Received new action goal
[ros2_control_node-1] [INFO] [1777472638.053534595] [joint_trajectory_controller]: Accepted new action goal
[move_group-20] [INFO] [1777472638.053984544] [moveit.simple_controller_manager.follow_joint_trajectory_controller_handle]: joint_trajectory_controller started execution
[move_group-20] [INFO] [1777472638.054015973] [moveit.simple_controller_manager.follow_joint_trajectory_controller_handle]: Goal request accepted!
[give_medication-14] [INFO] [1777472638.061346316] [give_medication_node]: go_cartesian: ExecuteTrajectory goal accepted.
[adl_ui-15] 127.0.0.1 - - [29/Apr/2026 10:23:58] "GET /status_json HTTP/1.1" 200 -
[adl_ui-15] 192.168.0.78 - - [29/Apr/2026 10:23:58] "GET /status_json HTTP/1.1" 200 -
[ros2_control_node-1] [WARN] [1777472638.601147647] [controller_manager]: Overrun might occur, Total time : 3223.788 us (Expected < 1000.000 us) --> Read time : 100.593 us, Update time : 494.302 us, Write time : 2628.893 us
[ros2_control_node-1] [WARN] [1777472638.601240685] [controller_manager]: Overrun detected! The controller manager missed its desired rate of 1000 Hz. The loop took 3.366110 ms (missed cycles : 4).
[vision_apriltag-9] [INFO] [1777472638.606566651] [vision_apriltag_node]: Vision AprilTag: scene is locked; detection publishing is paused.
[ros2_control_node-1] [INFO] [1777472638.794146227] [joint_trajectory_controller]: Goal reached, success!
[move_group-20] [INFO] [1777472638.854752299] [moveit.simple_controller_manager.follow_joint_trajectory_controller_handle]: Controller 'joint_trajectory_controller' successfully finished
[move_group-20] [INFO] [1777472638.910672780] [move_group.moveit.moveit.ros.trajectory_execution_manager]: Completed trajectory execution with status SUCCEEDED ...
[move_group-20] [INFO] [1777472638.910885300] [move_group.moveit.moveit.ros.move_group.clear_octomap_service]: Execution completed: SUCCEEDED
[give_medication-14] [INFO] [1777472639.027904362] [give_medication_node]: go_cartesian: settled live EE pose pos=(0.572, -0.062, 0.143), ori=(0.297, 0.642, 0.642, 0.296)
[give_medication-14] [INFO] [1777472639.028964176] [give_medication_node]: close_gripper(): closing gripper to width=0.287rad, force=7.0N
[give_medication-14] [INFO] [1777472639.030161096] [give_medication_node]: _send_gripper_goal: request position=0.287, max_effort=7.0.
[ros2_control_node-1] [INFO] [1777472639.031353803] [robotiq_gripper_controller]: Received & accepted new action goal
[give_medication-14] [INFO] [1777472639.040825295] [give_medication_node]: _send_gripper_goal: gripper goal accepted.
[adl_ui-15] 127.0.0.1 - - [29/Apr/2026 10:23:59] "GET /status_json HTTP/1.1" 200 -
[adl_ui-15] 192.168.0.78 - - [29/Apr/2026 10:23:59] "GET /status_json HTTP/1.1" 200 -
[give_medication-14] [INFO] [1777472639.340846822] [give_medication_node]: Gripper reached requested=0.287, actual=0.279, stalled=False, reached_goal=True
[give_medication-14] [INFO] [1777472639.347491890] [give_medication_node]: attach_object: live EE pose for obj_1: pos=(0.572, -0.063, 0.143), ori=(0.297, 0.642, 0.642, 0.297)
[give_medication-14] [INFO] [1777472639.350279013] [give_medication_node]: Attached object obj_1 to end_effector_link with geometry for tag ID 1 (touch_links=['robotiq_85_left_finger_tip_link', 'robotiq_85_right_finger_tip_link', 'robotiq_85_left_inner_knuckle_link', 'robotiq_85_right_inner_knuckle_link', 'robotiq_85_base_link', 'robotiq_85_left_knuckle_link', 'robotiq_85_right_knuckle_link', 'robotiq_85_left_finger_link', 'robotiq_85_right_finger_link']).
[scene_from_vision-10] [INFO] [1777472639.554604348] [scene_from_vision_node]: Scene UNLOCKED - updates resuming.
[give_medication-14] [INFO] [1777472639.561679129] [give_medication_node]: Scene UNLOCKED.
[ros2_control_node-1] [WARN] [1777472639.602615957] [controller_manager]: Overrun might occur, Total time : 2707.898 us (Expected < 1000.000 us) --> Read time : 52.331 us, Update time : 392.654 us, Write time : 2262.913 us
[ros2_control_node-1] [WARN] [1777472639.602693128] [controller_manager]: Overrun detected! The controller manager missed its desired rate of 1000 Hz. The loop took 2.819351 ms (missed cycles : 3).
[give_medication-14] [INFO] [1777472639.731064507] [give_medication_node]: [Medication] Post-grasp escape step 1/2 (back to front-face lane): pos=(0.503, -0.121, 0.203), ori=(0.297, 0.642, 0.642, 0.297)
[ros2_control_node-1] [INFO] [1777472639.754498103] [controller_manager]: Activating controllers: [ twist_controller ]
[ros2_control_node-1] [INFO] [1777472639.754575846] [controller_manager]: Deactivating controllers: [ joint_trajectory_controller ]
[scene_from_vision-10] [INFO] [1777472639.933905132] [scene_from_vision_node]: Published obj_1 (heartbeat) at x=0.752, y=0.029, z=0.143, yaw=-139.6deg
[adl_ui-15] 127.0.0.1 - - [29/Apr/2026 10:23:59] "GET /status_json HTTP/1.1" 200 -
[adl_ui-15] 192.168.0.78 - - [29/Apr/2026 10:24:00] "GET /status_json HTTP/1.1" 200 -
[ros2_control_node-1] [INFO] [1777472640.072085950] [controller_manager]: Successfully switched controllers!
[ros2_control_node-1] [WARN] [1777472640.116813066] [controller_manager]: Overrun might occur, Total time : 159921.334 us (Expected < 1000.000 us) --> Read time : 27.926 us, Update time : 115120.135 us (Switch time : 114929.057 us (Switch chained mode time : 1.695 us, perform mode change time : 114482.165 us, Activation time : 156.311 us, Deactivation time : 281.756 us)), Write time : 44773.273 us
[give_medication-14] [INFO] [1777472640.122140377] [give_medication_node]: [Medication] Post-grasp escape back to front-face lane: using twist_controller for a 0.108 m short Cartesian move.
[vision_apriltag-9] [INFO] [1777472640.134921547] [vision_apriltag_node]: Vision AprilTag detection debug: no tags found after raw/CLAHE/sharp/adaptive/upscaled/tiled passes.
[vision_apriltag-9] [INFO] [1777472640.600284161] [vision_apriltag_node]: Vision AprilTag: images are arriving, but no AprilTag has been seen for 24.3s.
[ros2_control_node-1] [WARN] [1777472640.617425740] [controller_manager]: Overrun might occur, Total time : 50508.827 us (Expected < 1000.000 us) --> Read time : 63.305 us, Update time : 260.504 us, Write time : 50185.018 us
[ros2_control_node-1] [WARN] [1777472640.617601563] [controller_manager]: Overrun detected! The controller manager missed its desired rate of 1000 Hz. The loop took 50.726177 ms (missed cycles : 51).
[adl_ui-15] 127.0.0.1 - - [29/Apr/2026 10:24:00] "GET /status_json HTTP/1.1" 200 -
[adl_ui-15] 192.168.0.78 - - [29/Apr/2026 10:24:00] "GET /status_json HTTP/1.1" 200 -
[give_medication-14] [WARN] [1777472641.159452895] [give_medication_node]: [Medication] Post-grasp escape back to front-face lane: twist motion stopped making progress; falling back to MoveIt.
[ros2_control_node-1] [INFO] [1777472641.314592669] [controller_manager]: Activating controllers: [ joint_trajectory_controller ]
[ros2_control_node-1] [INFO] [1777472641.314627122] [controller_manager]: Deactivating controllers: [ twist_controller ]
[adl_ui-15] 127.0.0.1 - - [29/Apr/2026 10:24:01] "GET /status_json HTTP/1.1" 200 -
[adl_ui-15] 192.168.0.78 - - [29/Apr/2026 10:24:01] "GET /status_json HTTP/1.1" 200 -
[ros2_control_node-1] [INFO] [1777472641.656401734] [controller_manager]: Successfully switched controllers!
[ros2_control_node-1] [WARN] [1777472641.658620099] [controller_manager]: Overrun might occur, Total time : 142733.313 us (Expected < 1000.000 us) --> Read time : 25.989 us, Update time : 140414.425 us (Switch time : 140291.312 us (Switch chained mode time : 1.268 us, perform mode change time : 139515.536 us, Activation time : 670.372 us, Deactivation time : 97.835 us)), Write time : 2292.899 us
[ros2_control_node-1] [WARN] [1777472641.658682805] [controller_manager]: Overrun detected! The controller manager missed its desired rate of 1000 Hz. The loop took 142.809994 ms (missed cycles : 143).
[ros2_control_node-1] [WARN] [1777472641.661417893] [controller_manager]: Overrun might occur, Total time : 2497.596 us (Expected < 1000.000 us) --> Read time : 27.922 us, Update time : 271.875 us, Write time : 2197.799 us
[give_medication-14] [WARN] [1777472641.662629987] [give_medication_node]: [Medication] Post-grasp back to front-face lane short-motion escape did not complete cleanly; falling back to MoveIt Cartesian planning.
[give_medication-14] [INFO] [1777472641.663790330] [give_medication_node]: go_cartesian: request waypoints=1, avoid_collisions=False, max_step=0.010, jump_thresh=0.000, min_fraction=0.950, fallback_to_pose=False, min_ee_z=none, start=pos=(0.503, -0.121, 0.203), ori=(0.297, 0.642, 0.642, 0.297), goal=pos=(0.503, -0.121, 0.203), ori=(0.297, 0.642, 0.642, 0.297)
[move_group-20] [INFO] [1777472641.664965418] [move_group.moveit.moveit.ros.move_group.cartesian_path_service_capability]: Received request to compute Cartesian path
[move_group-20] [INFO] [1777472641.665285262] [move_group.moveit.moveit.ros.move_group.cartesian_path_service_capability]: Attempting to follow 1 waypoints for link 'end_effector_link' using a step of 0.010000 m and jump threshold 0.000000 (in global reference frame)
[move_group-20] [INFO] [1777472641.669686326] [move_group.moveit.moveit.ros.move_group.cartesian_path_service_capability]: Computed Cartesian path with 14 points (followed 100.000000% of requested trajectory)
[give_medication-14] [INFO] [1777472641.676440437] [give_medication_node]: Cartesian path computed with 100.0% success for 1 waypoint(s); trajectory_points=11.
[move_group-20] [INFO] [1777472641.677319787] [move_group.moveit.moveit.ros.move_group.clear_octomap_service]: Execution request received
[move_group-20] [INFO] [1777472641.677384759] [move_group.moveit.moveit.plugins.simple_controller_manager]: Returned 2 controllers in list
[move_group-20] [INFO] [1777472641.677422300] [move_group.moveit.moveit.plugins.simple_controller_manager]: Returned 2 controllers in list
[move_group-20] [INFO] [1777472641.677511478] [move_group.moveit.moveit.ros.trajectory_execution_manager]: Validating trajectory with allowed_start_tolerance 0.01
[give_medication-14] [INFO] [1777472641.685951914] [give_medication_node]: go_cartesian: ExecuteTrajectory goal accepted.
[move_group-20] [INFO] [1777472641.690312712] [move_group.moveit.moveit.ros.trajectory_execution_manager]: Starting trajectory execution ...
[move_group-20] [INFO] [1777472641.690406825] [move_group.moveit.moveit.plugins.simple_controller_manager]: Returned 2 controllers in list
[move_group-20] [INFO] [1777472641.690456337] [move_group.moveit.moveit.plugins.simple_controller_manager]: Returned 2 controllers in list
[move_group-20] [INFO] [1777472641.690672675] [moveit.simple_controller_manager.follow_joint_trajectory_controller_handle]: sending trajectory to joint_trajectory_controller
[ros2_control_node-1] [INFO] [1777472641.691306956] [joint_trajectory_controller]: Received new action goal
[ros2_control_node-1] [INFO] [1777472641.691365377] [joint_trajectory_controller]: Accepted new action goal
[move_group-20] [INFO] [1777472641.691625612] [moveit.simple_controller_manager.follow_joint_trajectory_controller_handle]: joint_trajectory_controller started execution
[move_group-20] [INFO] [1777472641.691643446] [moveit.simple_controller_manager.follow_joint_trajectory_controller_handle]: Goal request accepted!
[scene_from_vision-10] [INFO] [1777472641.934324847] [scene_from_vision_node]: Published obj_1 (heartbeat) at x=0.752, y=0.029, z=0.143, yaw=-139.6deg
[adl_ui-15] 127.0.0.1 - - [29/Apr/2026 10:24:02] "GET /status_json HTTP/1.1" 200 -
[adl_ui-15] 192.168.0.78 - - [29/Apr/2026 10:24:02] "GET /status_json HTTP/1.1" 200 -
[vision_apriltag-9] [INFO] [1777472642.597485297] [vision_apriltag_node]: Vision AprilTag: images are arriving, but no AprilTag has been seen for 26.3s.
[wrist_camera_usb_publisher-8] [INFO] [1777472642.669171316] [wrist_camera_usb_publisher_node]: USB camera publisher heartbeat: publishing 1280x720 frames on /wrist_mounted_camera/image; camera_info fx=920.87, fy=921.57, cx=644.76, cy=343.15.
[adl_ui-15] 127.0.0.1 - - [29/Apr/2026 10:24:02] "GET /status_json HTTP/1.1" 200 -
[adl_ui-15] 192.168.0.78 - - [29/Apr/2026 10:24:03] "GET /status_json HTTP/1.1" 200 -
[move_group-20] [WARN] [1777472643.230439347] [moveit.simple_controller_manager.follow_joint_trajectory_controller_handle]: waitForExecution timed out
[move_group-20] [ERROR] [1777472643.230504697] [move_group.moveit.moveit.ros.trajectory_execution_manager]: Controller is taking too long to execute trajectory (the expected upper bound for the trajectory execution was 1.537582 seconds). Stopping trajectory.
[move_group-20] [INFO] [1777472643.230629930] [moveit.simple_controller_manager.follow_joint_trajectory_controller_handle]: Cancelling execution for joint_trajectory_controller
[ros2_control_node-1] [INFO] [1777472643.231255075] [joint_trajectory_controller]: Got request to cancel goal
[ros2_control_node-1] [INFO] [1777472643.231297190] [joint_trajectory_controller]: Canceling active action goal because cancel callback received.
[move_group-20] [INFO] [1777472643.232186934] [move_group.moveit.moveit.ros.trajectory_execution_manager]: Completed trajectory execution with status TIMED_OUT ...
[move_group-20] [INFO] [1777472643.232365397] [move_group.moveit.moveit.ros.move_group.clear_octomap_service]: Execution completed: TIMED_OUT
[give_medication-14] [ERROR] [1777472643.239762107] [give_medication_node]: ExecuteTrajectory failed with error code -6.
[give_medication-14] [ERROR] [1777472643.240770810] [give_medication_node]: [Medication] Failed to back to front-face lane after medication grasp.
[give_medication-14] [ERROR] [1777472643.241276036] [give_medication_node]: Failed to retreat the grasped medication bottle clear of the table.
[give_medication-14] [WARN] [1777472643.241887324] [give_medication_node]: Best-effort release for held medication bottle after failure: Failed to retreat the grasped medication bottle clear of the table.
[move_group-20] [INFO] [1777472643.292275034] [moveit.simple_controller_manager.follow_joint_trajectory_controller_handle]: Controller 'joint_trajectory_controller' successfully finished
[give_medication-14] [INFO] [1777472643.376281967] [give_medication_node]: Attempting retreat to a safer medication release pose before opening gripper.
[give_medication-14] [INFO] [1777472643.376781528] [give_medication_node]: go_to_pose: planning request frame_id=base_link, orientation_required=True, tol_pos=0.090, tol_ori_xy=0.600, tol_ori_z=3.140, target=pos=(0.503, -0.121, 0.358), ori=(0.297, 0.642, 0.642, 0.297)
[give_medication-14] [INFO] [1777472643.377315084] [give_medication_node]: _send_goal: dispatching MoveGroup request group=manipulator, attempts=10, allowed_time=10.00s, vel_scale=0.250, accel_scale=0.250, gc1:pos(frame=base_link, link=end_effector_link, tol=0.090, pos=(0.503, -0.121, 0.358), ori=(0.297, 0.642, 0.642, 0.297)); gc1:ori(frame=base_link, link=end_effector_link, tol_xy=0.600, tol_z=3.140, ori=(+0.297, +0.642, +0.642, +0.297))
[give_medication-14] [WARN] [1777472643.377842221] [give_medication_node]: _is_joint_state_fresh: joint state is stale (age 0.747>0.35s).
[give_medication-14] [ERROR] [1777472643.378249394] [give_medication_node]: Refusing to plan: joint state is stale or incomplete. This commonly causes MoveIt Error -26.
[give_medication-14] [INFO] [1777472643.478997537] [give_medication_node]: open_gripper(): opening gripper fully...
[give_medication-14] [INFO] [1777472643.479599647] [give_medication_node]: _send_gripper_goal: request position=0.000, max_effort=20.0.
[ros2_control_node-1] [INFO] [1777472643.480279031] [robotiq_gripper_controller]: Received & accepted new action goal
[give_medication-14] [INFO] [1777472643.484059408] [give_medication_node]: _send_gripper_goal: gripper goal accepted.
[adl_ui-15] 127.0.0.1 - - [29/Apr/2026 10:24:03] "GET /status_json HTTP/1.1" 200 -
[adl_ui-15] 192.168.0.78 - - [29/Apr/2026 10:24:03] "GET /status_json HTTP/1.1" 200 -
[scene_from_vision-10] [INFO] [1777472644.433166889] [scene_from_vision_node]: Published obj_1 (heartbeat) at x=0.752, y=0.029, z=0.143, yaw=-139.6deg
[rviz2-21] [ERROR] [1777472644.434279496] [rviz2_moveit.moveit.core.robot_state]: Attached body 'obj_1' not found
[adl_ui-15] 127.0.0.1 - - [29/Apr/2026 10:24:04] "GET /status_json HTTP/1.1" 200 -
[adl_ui-15] 192.168.0.78 - - [29/Apr/2026 10:24:04] "GET /status_json HTTP/1.1" 200 -
[vision_apriltag-9] [INFO] [1777472644.597624784] [vision_apriltag_node]: Vision AprilTag: images are arriving, but no AprilTag has been seen for 28.3s.
[adl_ui-15] 127.0.0.1 - - [29/Apr/2026 10:24:05] "GET /status_json HTTP/1.1" 200 -
[adl_ui-15] 192.168.0.78 - - [29/Apr/2026 10:24:05] "GET /status_json HTTP/1.1" 200 -
[vision_apriltag-9] [INFO] [1777472645.535061699] [vision_apriltag_node]: Vision AprilTag detection debug: no tags found after raw/CLAHE/sharp/adaptive/upscaled/tiled passes.
[ros2_control_node-1] [ERROR] [1777472645.621431067] [KortexMultiInterfaceHardware]: Runtime error: timeout detected: BaseCyclicClient::Refresh
[ros2_control_node-1] 
[ros2_control_node-1] [WARN] [1777472645.621528542] [controller_manager]: Overrun might occur, Total time : 3009632.243 us (Expected < 1000.000 us) --> Read time : 34.128 us, Update time : 309.248 us, Write time : 3009288.867 us
[ros2_control_node-1] [WARN] [1777472645.621594726] [controller_manager]: Overrun detected! The controller manager missed its desired rate of 1000 Hz. The loop took 3009.721510 ms (missed cycles : 3010).
[give_medication-14] [INFO] [1777472645.641255715] [give_medication_node]: Gripper reached requested=0.000, actual=0.287, stalled=True, reached_goal=False
[move_group-20] [WARN] [1777472645.641888266] [move_group.moveit.moveit.core.planning_scene]: The collision world already has an object with the same name as the body about to be detached. NOT adding the detached body 'obj_1' to the collision world.
[give_medication-14] [INFO] [1777472645.642634190] [give_medication_node]: Detached object obj_1 from end_effector_link.
[adl_ui-15] 127.0.0.1 - - [29/Apr/2026 10:24:05] "GET /status_json HTTP/1.1" 200 -
[adl_ui-15] 192.168.0.78 - - [29/Apr/2026 10:24:06] "GET /status_json HTTP/1.1" 200 -
[adl_controller-11] [INFO] [1777472646.083984158] [adl_controller_node]: is_near_retract: current arm is not at target (worst=joint_6:1.792 rad > 0.100).
[adl_controller-11] [INFO] [1777472646.084823934] [adl_controller_node]: is_near_home: current arm is not at target (worst=joint_5:1.518 rad > 0.100).
[adl_controller-11] [INFO] [1777472646.085461388] [adl_controller_node]: go_retract: planning to RETRACT_JOINTS...
[adl_controller-11] [INFO] [1777472646.086310884] [adl_controller_node]: _send_goal: dispatching MoveGroup request group=manipulator, attempts=10, allowed_time=15.00s, vel_scale=0.250, accel_scale=0.250, gc1:joints(joint_1=+0.000+/-0.030, joint_2=-0.350+/-0.030, joint_3=+3.140+/-0.030, joint_4=-2.540+/-0.030, joint_5=+0.000+/-0.030, joint_6=-0.870+/-0.030, joint_7=+1.570+/-0.030)
[move_group-20] [ERROR] [1777472646.086916341] [move_group.moveit.moveit.core.conversions]: Found empty JointState message
[adl_controller-11] [INFO] [1777472646.088844072] [adl_controller_node]: Start state: collision-valid — no collisions (not a joint-bounds check).
[move_group-20] [INFO] [1777472646.089729968] [move_group.moveit.moveit.ros.move_group.move_action]: MoveGroupMoveAction: Received request
[move_group-20] [INFO] [1777472646.089951294] [move_group.moveit.moveit.ros.move_group.move_action]: executing..
[adl_controller-11] [INFO] [1777472646.101568677] [adl_controller_node]: _send_goal: MoveGroup goal accepted.
[move_group-20] [INFO] [1777472646.110261745] [move_group.moveit.moveit.ros.move_group.move_action]: Combined planning and execution request received for MoveGroup action. Forwarding to planning and execution pipeline.
[move_group-20] [WARN] [1777472646.110331760] [move_group.moveit.moveit.ros.move_group.capability]: Execution of motions should always start at the robot's current state. Ignoring the state supplied as start state in the motion planning request
[move_group-20] [WARN] [1777472646.110377981] [move_group.moveit.moveit.ros.move_group.capability]: Execution of motions should always start at the robot's current state. Ignoring the state supplied as difference in the planning scene diff
[move_group-20] [INFO] [1777472646.110393167] [move_group.moveit.moveit.ros.plan_execution]: Planning attempt 1 of at most 1
[move_group-20] [INFO] [1777472646.110712906] [move_group]: Calling PlanningRequestAdapter 'ResolveConstraintFrames'
[move_group-20] [INFO] [1777472646.110750072] [move_group]: Calling PlanningRequestAdapter 'ValidateWorkspaceBounds'
[move_group-20] [INFO] [1777472646.110766980] [move_group]: Calling PlanningRequestAdapter 'CheckStartStateBounds'
[move_group-20] [INFO] [1777472646.110803051] [move_group]: Calling PlanningRequestAdapter 'CheckStartStateCollision'
[move_group-20] [INFO] [1777472646.111357976] [move_group.moveit.moveit.planners.ompl.model_based_planning_context]: Planner configuration 'manipulator' will use planner 'geometric::RRTConnect'. Additional configuration parameters will be set when the planner is constructed.
[move_group-20] [INFO] [1777472646.111450785] [move_group]: Calling Planner 'OMPL'
[move_group-20] [INFO] [1777472646.136532950] [move_group]: Calling PlanningResponseAdapter 'AddTimeOptimalParameterization'
[move_group-20] [INFO] [1777472646.143352004] [move_group]: Calling PlanningResponseAdapter 'ValidateSolution'
[move_group-20] [INFO] [1777472646.144969248] [move_group]: Calling PlanningResponseAdapter 'DisplayMotionPath'
[move_group-20] [WARN] [1777472646.145175835] [move_group.moveit.moveit.ros.planning_pipeline]: The planner plugin did not fill out the 'planner_id' field of the MotionPlanResponse. Setting it to the planner ID name of the MotionPlanRequest assuming that the planner plugin does warn you if it does not use the requested planner.
[move_group-20] [INFO] [1777472646.145479994] [move_group.moveit.moveit.plugins.simple_controller_manager]: Returned 2 controllers in list
[move_group-20] [INFO] [1777472646.145515334] [move_group.moveit.moveit.plugins.simple_controller_manager]: Returned 2 controllers in list
[move_group-20] [INFO] [1777472646.145575979] [move_group.moveit.moveit.ros.trajectory_execution_manager]: Validating trajectory with allowed_start_tolerance 0.01
[move_group-20] [INFO] [1777472646.150633822] [move_group.moveit.moveit.ros.trajectory_execution_manager]: Starting trajectory execution ...
[move_group-20] [INFO] [1777472646.150702656] [move_group.moveit.moveit.plugins.simple_controller_manager]: Returned 2 controllers in list
[move_group-20] [INFO] [1777472646.150738990] [move_group.moveit.moveit.plugins.simple_controller_manager]: Returned 2 controllers in list
[move_group-20] [INFO] [1777472646.151001953] [moveit.simple_controller_manager.follow_joint_trajectory_controller_handle]: sending trajectory to joint_trajectory_controller
[ros2_control_node-1] [INFO] [1777472646.151425874] [joint_trajectory_controller]: Received new action goal
[ros2_control_node-1] [INFO] [1777472646.151509206] [joint_trajectory_controller]: Accepted new action goal
[move_group-20] [INFO] [1777472646.151703143] [moveit.simple_controller_manager.follow_joint_trajectory_controller_handle]: joint_trajectory_controller started execution
[move_group-20] [INFO] [1777472646.151717460] [moveit.simple_controller_manager.follow_joint_trajectory_controller_handle]: Goal request accepted!
[scene_from_vision-10] [INFO] [1777472646.434829299] [scene_from_vision_node]: Published obj_1 (heartbeat) at x=0.752, y=0.029, z=0.143, yaw=-139.6deg
[vision_apriltag-9] [INFO] [1777472646.601712730] [vision_apriltag_node]: Vision AprilTag: images are arriving, but no AprilTag has been seen for 30.3s.
[ros2_control_node-1] [WARN] [1777472646.623553500] [controller_manager]: Overrun might occur, Total time : 2624.279 us (Expected < 1000.000 us) --> Read time : 26.685 us, Update time : 169.323 us, Write time : 2428.271 us
[ros2_control_node-1] [WARN] [1777472646.623647329] [controller_manager]: Overrun detected! The controller manager missed its desired rate of 1000 Hz. The loop took 2.773749 ms (missed cycles : 3).
[adl_ui-15] 127.0.0.1 - - [29/Apr/2026 10:24:06] "GET /status_json HTTP/1.1" 200 -
[adl_ui-15] 192.168.0.78 - - [29/Apr/2026 10:24:06] "GET /status_json HTTP/1.1" 200 -
[adl_ui-15] 127.0.0.1 - - [29/Apr/2026 10:24:07] "GET /status_json HTTP/1.1" 200 -
[adl_ui-15] 192.168.0.78 - - [29/Apr/2026 10:24:07] "GET /status_json HTTP/1.1" 200 -
[ros2_control_node-1] [WARN] [1777472647.624818525] [controller_manager]: Overrun might occur, Total time : 2914.021 us (Expected < 1000.000 us) --> Read time : 52.859 us, Update time : 274.771 us, Write time : 2586.391 us
[ros2_control_node-1] [WARN] [1777472647.624917001] [controller_manager]: Overrun detected! The controller manager missed its desired rate of 1000 Hz. The loop took 3.042514 ms (missed cycles : 4).
[wrist_camera_usb_publisher-8] [INFO] [1777472647.832467645] [wrist_camera_usb_publisher_node]: USB camera publisher heartbeat: publishing 1280x720 frames on /wrist_mounted_camera/image; camera_info fx=920.87, fy=921.57, cx=644.76, cy=343.15.
[adl_ui-15] 127.0.0.1 - - [29/Apr/2026 10:24:08] "GET /status_json HTTP/1.1" 200 -
[adl_ui-15] 192.168.0.78 - - [29/Apr/2026 10:24:08] "GET /status_json HTTP/1.1" 200 -
[scene_from_vision-10] [INFO] [1777472648.434041609] [scene_from_vision_node]: Published obj_1 (heartbeat) at x=0.752, y=0.029, z=0.143, yaw=-139.6deg
[vision_apriltag-9] [INFO] [1777472648.598906892] [vision_apriltag_node]: Vision AprilTag: images are arriving, but no AprilTag has been seen for 32.3s.
[ros2_control_node-1] [WARN] [1777472648.625377347] [controller_manager]: Overrun might occur, Total time : 2471.585 us (Expected < 1000.000 us) --> Read time : 35.489 us, Update time : 258.603 us, Write time : 2177.493 us
[ros2_control_node-1] [WARN] [1777472648.625477689] [controller_manager]: Overrun detected! The controller manager missed its desired rate of 1000 Hz. The loop took 2.603714 ms (missed cycles : 3).
[adl_ui-15] 127.0.0.1 - - [29/Apr/2026 10:24:08] "GET /status_json HTTP/1.1" 200 -
[adl_ui-15] 192.168.0.78 - - [29/Apr/2026 10:24:09] "GET /status_json HTTP/1.1" 200 -
[ros2_control_node-1] [WARN] [1777472649.625681581] [controller_manager]: Overrun might occur, Total time : 2794.286 us (Expected < 1000.000 us) --> Read time : 32.210 us, Update time : 256.114 us, Write time : 2505.962 us
[ros2_control_node-1] [WARN] [1777472649.625728229] [controller_manager]: Overrun detected! The controller manager missed its desired rate of 1000 Hz. The loop took 2.855401 ms (missed cycles : 3).
[adl_ui-15] 127.0.0.1 - - [29/Apr/2026 10:24:09] "GET /status_json HTTP/1.1" 200 -
[adl_ui-15] 192.168.0.78 - - [29/Apr/2026 10:24:09] "GET /status_json HTTP/1.1" 200 -
[scene_from_vision-10] [INFO] [1777472650.434470984] [scene_from_vision_node]: Published obj_1 (heartbeat) at x=0.752, y=0.029, z=0.143, yaw=-139.6deg
[adl_ui-15] 127.0.0.1 - - [29/Apr/2026 10:24:10] "GET /status_json HTTP/1.1" 200 -
[vision_apriltag-9] [INFO] [1777472650.534391770] [vision_apriltag_node]: Vision AprilTag detection debug: no tags found after raw/CLAHE/sharp/adaptive/upscaled/tiled passes.
[adl_ui-15] 192.168.0.78 - - [29/Apr/2026 10:24:10] "GET /status_json HTTP/1.1" 200 -
[vision_apriltag-9] [INFO] [1777472650.597978776] [vision_apriltag_node]: Vision AprilTag: images are arriving, but no AprilTag has been seen for 34.3s.
[ros2_control_node-1] [WARN] [1777472650.627089288] [controller_manager]: Overrun might occur, Total time : 3194.346 us (Expected < 1000.000 us) --> Read time : 35.786 us, Update time : 268.038 us, Write time : 2890.522 us
[ros2_control_node-1] [WARN] [1777472650.627150499] [controller_manager]: Overrun detected! The controller manager missed its desired rate of 1000 Hz. The loop took 3.277409 ms (missed cycles : 4).
[vision_apriltag-9] [INFO] [1777472651.191180316] [vision_apriltag_node]: Vision AprilTag visible IDs: [0]
[adl_ui-15] 127.0.0.1 - - [29/Apr/2026 10:24:11] "GET /status_json HTTP/1.1" 200 -
[adl_ui-15] 192.168.0.78 - - [29/Apr/2026 10:24:11] "GET /status_json HTTP/1.1" 200 -
[vision_apriltag-9] [INFO] [1777472651.433408571] [vision_apriltag_node]: Service: Tag 0 found and base-frame pose returned.
[scene_from_vision-10] [INFO] [1777472651.436543786] [scene_from_vision_node]: Latched first detection for tag ID 0 into scene memory.
[ros2_control_node-1] [WARN] [1777472651.628317002] [controller_manager]: Overrun might occur, Total time : 2430.623 us (Expected < 1000.000 us) --> Read time : 19.733 us, Update time : 182.467 us, Write time : 2228.423 us
[ros2_control_node-1] [WARN] [1777472651.628379103] [controller_manager]: Overrun detected! The controller manager missed its desired rate of 1000 Hz. The loop took 2.506224 ms (missed cycles : 3).
[scene_from_vision-10] [INFO] [1777472651.933775654] [scene_from_vision_node]: Published obj_0 (new) at x=0.219, y=-0.101, z=-0.332, yaw=+180.0deg
[adl_ui-15] 127.0.0.1 - - [29/Apr/2026 10:24:11] "GET /status_json HTTP/1.1" 200 -
[joint_state_sanitizer-3] [WARN] [1777472652.058349354] [joint_state_sanitizer_node]: [joint_state_sanitizer] Published sanitized joint state: joint_3:+3.134->+3.132
[adl_ui-15] 192.168.0.78 - - [29/Apr/2026 10:24:12] "GET /status_json HTTP/1.1" 200 -
[ros2_control_node-1] [INFO] [1777472652.153059649] [joint_trajectory_controller]: Goal reached, success!
[move_group-20] [INFO] [1777472652.253175778] [moveit.simple_controller_manager.follow_joint_trajectory_controller_handle]: Controller 'joint_trajectory_controller' successfully finished
[move_group-20] [INFO] [1777472652.310235086] [move_group.moveit.moveit.ros.trajectory_execution_manager]: Completed trajectory execution with status SUCCEEDED ...
[move_group-20] [INFO] [1777472652.320900428] [move_group.moveit.moveit.ros.move_group.move_action]: Solution was found and executed.
[adl_controller-11] [INFO] [1777472652.338230580] [adl_controller_node]: _send_goal: MoveGroup execution completed successfully.
[adl_controller-11] [INFO] [1777472652.443719841] [adl_controller_node]: _send_goal: settled live EE pose pos=(0.127, -0.000, 0.332), ori=(0.707, 0.706, 0.028, 0.038)
[move_group-20] [WARN] [1777472652.547624175] [move_group.moveit.moveit.core.planning_scene]: Tried to remove world object 'obj_0', but it does not exist in this scene.
[move_group-20] [WARN] [1777472652.547694252] [move_group.moveit.moveit.core.planning_scene]: Tried to remove world object 'obj_1', but it does not exist in this scene.
[scene_from_vision-10] [INFO] [1777472652.549839092] [scene_from_vision_node]: Scene memory cleared. Removed remembered IDs: [0, 1]
[scene_from_vision-10] [WARN] [1777472652.552564823] [scene_from_vision_node]: /apply_planning_scene rejected scene clear.
[ros2_control_node-1] [WARN] [1777472652.628515849] [controller_manager]: Overrun might occur, Total time : 2626.096 us (Expected < 1000.000 us) --> Read time : 34.770 us, Update time : 224.056 us, Write time : 2367.270 us
[ros2_control_node-1] [WARN] [1777472652.628589357] [controller_manager]: Overrun detected! The controller manager missed its desired rate of 1000 Hz. The loop took 2.715973 ms (missed cycles : 3).
[rviz2-21] [WARN] [1777472652.643707405] [rviz2_moveit.moveit.core.planning_scene]: Tried to remove world object 'obj_0', but it does not exist in this scene.
[rviz2-21] [WARN] [1777472652.646047869] [rviz2_moveit.moveit.core.planning_scene]: Tried to remove world object 'obj_1', but it does not exist in this scene.
[adl_ui-15] 127.0.0.1 - - [29/Apr/2026 10:24:12] "GET /status_json HTTP/1.1" 200 -
[adl_ui-15] 192.168.0.78 - - [29/Apr/2026 10:24:12] "GET /status_json HTTP/1.1" 200 -
[wrist_camera_usb_publisher-8] [INFO] [1777472652.993296882] [wrist_camera_usb_publisher_node]: USB camera publisher heartbeat: publishing 1280x720 frames on /wrist_mounted_camera/image; camera_info fx=920.87, fy=921.57, cx=644.76, cy=343.15.
[vision_apriltag-9] [INFO] [1777472653.433785277] [vision_apriltag_node]: Service: Tag 0 found and base-frame pose returned.
[adl_ui-15] 127.0.0.1 - - [29/Apr/2026 10:24:13] "GET /status_json HTTP/1.1" 200 -
[adl_ui-15] 192.168.0.78 - - [29/Apr/2026 10:24:13] "GET /status_json HTTP/1.1" 200 -
[ros2_control_node-1] [WARN] [1777472653.631202017] [controller_manager]: Overrun might occur, Total time : 2305.536 us (Expected < 1000.000 us) --> Read time : 35.845 us, Update time : 218.021 us, Write time : 2051.670 us
[ros2_control_node-1] [WARN] [1777472653.631281865] [controller_manager]: Overrun detected! The controller manager missed its desired rate of 1000 Hz. The loop took 2.408526 ms (missed cycles : 3).
[adl_ui-15] 127.0.0.1 - - [29/Apr/2026 10:24:14] "GET /status_json HTTP/1.1" 200 -
[adl_ui-15] 192.168.0.78 - - [29/Apr/2026 10:24:14] "GET /status_json HTTP/1.1" 200 -
[vision_apriltag-9] [INFO] [1777472654.526292806] [vision_apriltag_node]: Service: Tag 0 found and base-frame pose returned.
[vision_apriltag-9] [INFO] [1777472654.597154099] [vision_apriltag_node]: Vision AprilTag: images are arriving, but no AprilTag has been seen for 3.2s.
[ros2_control_node-1] [WARN] [1777472654.634504359] [controller_manager]: Overrun might occur, Total time : 2610.671 us (Expected < 1000.000 us) --> Read time : 35.411 us, Update time : 220.492 us, Write time : 2354.768 us
[ros2_control_node-1] [WARN] [1777472654.634564799] [controller_manager]: Overrun detected! The controller manager missed its desired rate of 1000 Hz. The loop took 2.691539 ms (missed cycles : 3).
[adl_ui-15] 127.0.0.1 - - [29/Apr/2026 10:24:15] "GET /status_json HTTP/1.1" 200 -
[adl_ui-15] 192.168.0.78 - - [29/Apr/2026 10:24:15] "GET /status_json HTTP/1.1" 200 -
[ros2_control_node-1] [WARN] [1777472655.636358059] [controller_manager]: Overrun might occur, Total time : 2466.141 us (Expected < 1000.000 us) --> Read time : 34.118 us, Update time : 216.574 us, Write time : 2215.449 us
[ros2_control_node-1] [WARN] [1777472655.636424017] [controller_manager]: Overrun detected! The controller manager missed its desired rate of 1000 Hz. The loop took 2.550826 ms (missed cycles : 3).
[vision_apriltag-9] [INFO] [1777472655.656854169] [vision_apriltag_node]: Vision AprilTag detection debug: no tags found after raw/CLAHE/sharp/adaptive/upscaled/tiled passes.
[adl_ui-15] 127.0.0.1 - - [29/Apr/2026 10:24:15] "GET /status_json HTTP/1.1" 200 -
[adl_ui-15] 192.168.0.78 - - [29/Apr/2026 10:24:15] "GET /status_json HTTP/1.1" 200 -
[vision_apriltag-9] [INFO] [1777472655.820108187] [vision_apriltag_node]: Service: Tag 0 found and base-frame pose returned.
[adl_ui-15] 127.0.0.1 - - [29/Apr/2026 10:24:16] "GET /status_json HTTP/1.1" 200 -
[adl_ui-15] 192.168.0.78 - - [29/Apr/2026 10:24:16] "GET /status_json HTTP/1.1" 200 -
[ros2_control_node-1] [WARN] [1777472656.638362002] [controller_manager]: Overrun might occur, Total time : 2467.912 us (Expected < 1000.000 us) --> Read time : 34.100 us, Update time : 233.486 us, Write time : 2200.326 us
[ros2_control_node-1] [WARN] [1777472656.638435089] [controller_manager]: Overrun detected! The controller manager missed its desired rate of 1000 Hz. The loop took 2.561934 ms (missed cycles : 3).
[vision_apriltag-9] [INFO] [1777472657.011857894] [vision_apriltag_node]: Service: Tag 0 found and base-frame pose returned.
[joint_state_sanitizer-3] [WARN] [1777472657.064311110] [joint_state_sanitizer_node]: [joint_state_sanitizer] Published sanitized joint state: joint_3:+3.138->+3.132
[adl_ui-15] 127.0.0.1 - - [29/Apr/2026 10:24:17] "GET /status_json HTTP/1.1" 200 -
[adl_ui-15] 192.168.0.78 - - [29/Apr/2026 10:24:17] "GET /status_json HTTP/1.1" 200 -
[vision_apriltag-9] [INFO] [1777472657.453548897] [vision_apriltag_node]: Vision AprilTag: images are arriving, but no AprilTag has been seen for 6.1s.
[vision_apriltag-9] [INFO] [1777472657.466482392] [vision_apriltag_node]: Service: Tag 0 found and base-frame pose returned.
[adl_controller-11] [WARN] [1777472657.594580448] [adl_controller_node]: Scene clear timed out after give_medication terminal transition.
[ros2_control_node-1] [WARN] [1777472657.638587813] [controller_manager]: Overrun might occur, Total time : 2680.509 us (Expected < 1000.000 us) --> Read time : 66.757 us, Update time : 331.724 us, Write time : 2282.028 us
[ros2_control_node-1] [WARN] [1777472657.638664093] [controller_manager]: Overrun detected! The controller manager missed its desired rate of 1000 Hz. The loop took 2.790958 ms (missed cycles : 3).
[adl_ui-15] 127.0.0.1 - - [29/Apr/2026 10:24:18] "GET /status_json HTTP/1.1" 200 -
[adl_ui-15] 192.168.0.78 - - [29/Apr/2026 10:24:18] "GET /status_json HTTP/1.1" 200 -
[wrist_camera_usb_publisher-8] [INFO] [1777472658.153040291] [wrist_camera_usb_publisher_node]: USB camera publisher heartbeat: publishing 1280x720 frames on /wrist_mounted_camera/image; camera_info fx=920.87, fy=921.57, cx=644.76, cy=343.15.
[vision_apriltag-9] [INFO] [1777472658.572459880] [vision_apriltag_node]: Service: Tag 0 found and base-frame pose returned.
[vision_apriltag-9] [INFO] [1777472658.598413185] [vision_apriltag_node]: Vision AprilTag: images are arriving, but no AprilTag has been seen for 7.2s.
[ros2_control_node-1] [WARN] [1777472658.641395735] [controller_manager]: Overrun might occur, Total time : 3483.259 us (Expected < 1000.000 us) --> Read time : 79.308 us, Update time : 442.545 us, Write time : 2961.406 us
[ros2_control_node-1] [WARN] [1777472658.641469714] [controller_manager]: Overrun detected! The controller manager missed its desired rate of 1000 Hz. The loop took 3.596490 ms (missed cycles : 4).
[adl_ui-15] 127.0.0.1 - - [29/Apr/2026 10:24:18] "GET /status_json HTTP/1.1" 200 -
[adl_ui-15] 192.168.0.78 - - [29/Apr/2026 10:24:18] "GET /status_json HTTP/1.1" 200 -
[vision_apriltag-9] [INFO] [1777472659.433814510] [vision_apriltag_node]: Service: Tag 0 found and base-frame pose returned.
[adl_ui-15] 127.0.0.1 - - [29/Apr/2026 10:24:19] "GET /status_json HTTP/1.1" 200 -
[adl_ui-15] 192.168.0.78 - - [29/Apr/2026 10:24:19] "GET /status_json HTTP/1.1" 200 -
[ros2_control_node-1] [WARN] [1777472659.641724136] [controller_manager]: Overrun might occur, Total time : 2832.589 us (Expected < 1000.000 us) --> Read time : 39.540 us, Update time : 258.633 us, Write time : 2534.416 us
[ros2_control_node-1] [WARN] [1777472659.641792284] [controller_manager]: Overrun detected! The controller manager missed its desired rate of 1000 Hz. The loop took 2.918924 ms (missed cycles : 3).
[adl_ui-15] 127.0.0.1 - - [29/Apr/2026 10:24:20] "GET /status_json HTTP/1.1" 200 -
[adl_ui-15] 192.168.0.78 - - [29/Apr/2026 10:24:20] "GET /status_json HTTP/1.1" 200 -
[vision_apriltag-9] [INFO] [1777472660.553735367] [vision_apriltag_node]: Service: Tag 0 found and base-frame pose returned.
[vision_apriltag-9] [INFO] [1777472660.597863666] [vision_apriltag_node]: Vision AprilTag: images are arriving, but no AprilTag has been seen for 9.2s.
[ros2_control_node-1] [WARN] [1777472660.642254023] [controller_manager]: Overrun might occur, Total time : 3347.065 us (Expected < 1000.000 us) --> Read time : 51.294 us, Update time : 285.515 us, Write time : 3010.256 us
[ros2_control_node-1] [WARN] [1777472660.642359457] [controller_manager]: Overrun detected! The controller manager missed its desired rate of 1000 Hz. The loop took 3.484400 ms (missed cycles : 4).
[vision_apriltag-9] [INFO] [1777472660.746621447] [vision_apriltag_node]: Vision AprilTag detection debug: no tags found after raw/CLAHE/sharp/adaptive/upscaled/tiled passes.
[adl_ui-15] 127.0.0.1 - - [29/Apr/2026 10:24:21] "GET /status_json HTTP/1.1" 200 -
[adl_ui-15] 192.168.0.78 - - [29/Apr/2026 10:24:21] "GET /status_json HTTP/1.1" 200 -
[vision_apriltag-9] [INFO] [1777472661.434909020] [vision_apriltag_node]: Service: Tag 0 found and base-frame pose returned.
[ros2_control_node-1] [WARN] [1777472661.642707957] [controller_manager]: Overrun might occur, Total time : 3810.455 us (Expected < 1000.000 us) --> Read time : 42.233 us, Update time : 300.729 us, Write time : 3467.493 us
[ros2_control_node-1] [WARN] [1777472661.642792526] [controller_manager]: Overrun detected! The controller manager missed its desired rate of 1000 Hz. The loop took 3.919096 ms (missed cycles : 4).
[adl_ui-15] 127.0.0.1 - - [29/Apr/2026 10:24:21] "GET /status_json HTTP/1.1" 200 -
[adl_ui-15] 192.168.0.78 - - [29/Apr/2026 10:24:21] "GET /status_json HTTP/1.1" 200 -
[joint_state_sanitizer-3] [WARN] [1777472662.066780648] [joint_state_sanitizer_node]: [joint_state_sanitizer] Published sanitized joint state: joint_3:+3.138->+3.132
[vision_apriltag-9] [INFO] [1777472662.436714283] [vision_apriltag_node]: Service: Tag 0 found and base-frame pose returned.
[adl_ui-15] 127.0.0.1 - - [29/Apr/2026 10:24:22] "GET /status_json HTTP/1.1" 200 -
[adl_ui-15] 192.168.0.78 - - [29/Apr/2026 10:24:22] "GET /status_json HTTP/1.1" 200 -
[vision_apriltag-9] [INFO] [1777472662.599592219] [vision_apriltag_node]: Vision AprilTag: images are arriving, but no AprilTag has been seen for 11.2s.
[ros2_control_node-1] [WARN] [1777472662.644524092] [controller_manager]: Overrun might occur, Total time : 2628.172 us (Expected < 1000.000 us) --> Read time : 25.762 us, Update time : 167.646 us, Write time : 2434.764 us
[ros2_control_node-1] [WARN] [1777472662.644621062] [controller_manager]: Overrun detected! The controller manager missed its desired rate of 1000 Hz. The loop took 2.746124 ms (missed cycles : 3).
[adl_ui-15] 127.0.0.1 - - [29/Apr/2026 10:24:23] "GET /status_json HTTP/1.1" 200 -
[adl_ui-15] 192.168.0.78 - - [29/Apr/2026 10:24:23] "GET /status_json HTTP/1.1" 200 -
[wrist_camera_usb_publisher-8] [INFO] [1777472663.318652007] [wrist_camera_usb_publisher_node]: USB camera publisher heartbeat: publishing 1280x720 frames on /wrist_mounted_camera/image; camera_info fx=920.87, fy=921.57, cx=644.76, cy=343.15.
[vision_apriltag-9] [INFO] [1777472663.542836649] [vision_apriltag_node]: Service: Tag 0 found and base-frame pose returned.
[ros2_control_node-1] [WARN] [1777472663.646751838] [controller_manager]: Overrun might occur, Total time : 2846.734 us (Expected < 1000.000 us) --> Read time : 40.004 us, Update time : 296.540 us, Write time : 2510.190 us
[ros2_control_node-1] [WARN] [1777472663.646878568] [controller_manager]: Overrun detected! The controller manager missed its desired rate of 1000 Hz. The loop took 3.005104 ms (missed cycles : 4).
[adl_ui-15] 127.0.0.1 - - [29/Apr/2026 10:24:24] "GET /status_json HTTP/1.1" 200 -
[adl_ui-15] 192.168.0.78 - - [29/Apr/2026 10:24:24] "GET /status_json HTTP/1.1" 200 -
[vision_apriltag-9] [INFO] [1777472664.436601833] [vision_apriltag_node]: Service: Tag 0 found and base-frame pose returned.
[vision_apriltag-9] [INFO] [1777472664.597775759] [vision_apriltag_node]: Vision AprilTag: images are arriving, but no AprilTag has been seen for 13.2s.
[ros2_control_node-1] [WARN] [1777472664.649781224] [controller_manager]: Overrun might occur, Total time : 2878.435 us (Expected < 1000.000 us) --> Read time : 47.268 us, Update time : 300.712 us, Write time : 2530.455 us
[ros2_control_node-1] [WARN] [1777472664.649882851] [controller_manager]: Overrun detected! The controller manager missed its desired rate of 1000 Hz. The loop took 3.008761 ms (missed cycles : 4).
[adl_ui-15] 127.0.0.1 - - [29/Apr/2026 10:24:24] "GET /status_json HTTP/1.1" 200 -
[adl_ui-15] 192.168.0.78 - - [29/Apr/2026 10:24:24] "GET /status_json HTTP/1.1" 200 -
[adl_ui-15] 127.0.0.1 - - [29/Apr/2026 10:24:25] "GET /status_json HTTP/1.1" 200 -
[adl_ui-15] 192.168.0.78 - - [29/Apr/2026 10:24:25] "GET /status_json HTTP/1.1" 200 -
[ros2_control_node-1] [WARN] [1777472665.652428168] [controller_manager]: Overrun might occur, Total time : 2530.706 us (Expected < 1000.000 us) --> Read time : 32.445 us, Update time : 268.498 us, Write time : 2229.763 us
[ros2_control_node-1] [WARN] [1777472665.652506794] [controller_manager]: Overrun detected! The controller manager missed its desired rate of 1000 Hz. The loop took 2.632843 ms (missed cycles : 3).
[vision_apriltag-9] [INFO] [1777472665.793229350] [vision_apriltag_node]: Vision AprilTag detection debug: no tags found after raw/CLAHE/sharp/adaptive/upscaled/tiled passes.
[vision_apriltag-9] [INFO] [1777472665.802462003] [vision_apriltag_node]: Service: Tag 0 found and base-frame pose returned.
[adl_ui-15] 127.0.0.1 - - [29/Apr/2026 10:24:26] "GET /status_json HTTP/1.1" 200 -
[adl_ui-15] 192.168.0.78 - - [29/Apr/2026 10:24:26] "GET /status_json HTTP/1.1" 200 -
[vision_apriltag-9] [INFO] [1777472666.436628783] [vision_apriltag_node]: Service: Tag 0 found and base-frame pose returned.
[vision_apriltag-9] [INFO] [1777472666.598234196] [vision_apriltag_node]: Vision AprilTag: images are arriving, but no AprilTag has been seen for 15.2s.
[ros2_control_node-1] [WARN] [1777472666.656447850] [controller_manager]: Overrun might occur, Total time : 4543.197 us (Expected < 1000.000 us) --> Read time : 64.640 us, Update time : 256.668 us, Write time : 4221.889 us
[ros2_control_node-1] [WARN] [1777472666.656539778] [controller_manager]: Overrun detected! The controller manager missed its desired rate of 1000 Hz. The loop took 4.665088 ms (missed cycles : 5).
[adl_ui-15] 127.0.0.1 - - [29/Apr/2026 10:24:27] "GET /status_json HTTP/1.1" 200 -
[adl_ui-15] 192.168.0.78 - - [29/Apr/2026 10:24:27] "GET /status_json HTTP/1.1" 200 -
[joint_state_sanitizer-3] [WARN] [1777472667.069545729] [joint_state_sanitizer_node]: [joint_state_sanitizer] Published sanitized joint state: joint_3:+3.138->+3.132
[vision_apriltag-9] [INFO] [1777472667.435217670] [vision_apriltag_node]: Service: Tag 0 found and base-frame pose returned.
[ros2_control_node-1] [WARN] [1777472667.658280215] [controller_manager]: Overrun might occur, Total time : 3382.972 us (Expected < 1000.000 us) --> Read time : 37.139 us, Update time : 213.587 us, Write time : 3132.246 us
[ros2_control_node-1] [WARN] [1777472667.658352115] [controller_manager]: Overrun detected! The controller manager missed its desired rate of 1000 Hz. The loop took 3.478708 ms (missed cycles : 4).
[adl_ui-15] 127.0.0.1 - - [29/Apr/2026 10:24:27] "GET /status_json HTTP/1.1" 200 -
[adl_ui-15] 192.168.0.78 - - [29/Apr/2026 10:24:27] "GET /status_json HTTP/1.1" 200 -
[wrist_camera_usb_publisher-8] [INFO] [1777472668.480099111] [wrist_camera_usb_publisher_node]: USB camera publisher heartbeat: publishing 1280x720 frames on /wrist_mounted_camera/image; camera_info fx=920.87, fy=921.57, cx=644.76, cy=343.15.
[adl_ui-15] 127.0.0.1 - - [29/Apr/2026 10:24:28] "GET /status_json HTTP/1.1" 200 -
[vision_apriltag-9] [INFO] [1777472668.540331263] [vision_apriltag_node]: Service: Tag 0 found and base-frame pose returned.
[adl_ui-15] 192.168.0.78 - - [29/Apr/2026 10:24:28] "GET /status_json HTTP/1.1" 200 -
[vision_apriltag-9] [INFO] [1777472668.598601059] [vision_apriltag_node]: Vision AprilTag: images are arriving, but no AprilTag has been seen for 17.2s.
[ros2_control_node-1] [WARN] [1777472668.659405059] [controller_manager]: Overrun might occur, Total time : 2514.449 us (Expected < 1000.000 us) --> Read time : 25.909 us, Update time : 173.622 us, Write time : 2314.918 us
[ros2_control_node-1] [WARN] [1777472668.659464480] [controller_manager]: Overrun detected! The controller manager missed its desired rate of 1000 Hz. The loop took 2.591277 ms (missed cycles : 3).
[adl_ui-15] 127.0.0.1 - - [29/Apr/2026 10:24:29] "GET /status_json HTTP/1.1" 200 -
[adl_ui-15] 192.168.0.78 - - [29/Apr/2026 10:24:29] "GET /status_json HTTP/1.1" 200 -
[vision_apriltag-9] [INFO] [1777472669.433675032] [vision_apriltag_node]: Service: Tag 0 found and base-frame pose returned.
[ros2_control_node-1] [WARN] [1777472669.662471441] [controller_manager]: Overrun might occur, Total time : 2580.572 us (Expected < 1000.000 us) --> Read time : 32.549 us, Update time : 196.671 us, Write time : 2351.352 us
[ros2_control_node-1] [WARN] [1777472669.662532953] [controller_manager]: Overrun detected! The controller manager missed its desired rate of 1000 Hz. The loop took 2.659964 ms (missed cycles : 3).
[adl_ui-15] 127.0.0.1 - - [29/Apr/2026 10:24:30] "GET /status_json HTTP/1.1" 200 -
[adl_ui-15] 192.168.0.78 - - [29/Apr/2026 10:24:30] "GET /status_json HTTP/1.1" 200 -
[vision_apriltag-9] [INFO] [1777472670.438954158] [vision_apriltag_node]: Service: Tag 0 found and base-frame pose returned.
[vision_apriltag-9] [INFO] [1777472670.604402588] [vision_apriltag_node]: Vision AprilTag: images are arriving, but no AprilTag has been seen for 19.2s.
[ros2_control_node-1] [WARN] [1777472670.662882671] [controller_manager]: Overrun might occur, Total time : 3953.273 us (Expected < 1000.000 us) --> Read time : 71.864 us, Update time : 569.801 us, Write time : 3311.608 us
[ros2_control_node-1] [WARN] [1777472670.663067764] [controller_manager]: Overrun detected! The controller manager missed its desired rate of 1000 Hz. The loop took 4.191508 ms (missed cycles : 5).
[adl_ui-15] 127.0.0.1 - - [29/Apr/2026 10:24:30] "GET /status_json HTTP/1.1" 200 -
[adl_ui-15] 192.168.0.78 - - [29/Apr/2026 10:24:30] "GET /status_json HTTP/1.1" 200 -
[vision_apriltag-9] [INFO] [1777472671.085416187] [vision_apriltag_node]: Vision AprilTag detection debug: no tags found after raw/CLAHE/sharp/adaptive/upscaled/tiled passes.
[vision_apriltag-9] [INFO] [1777472671.529106856] [vision_apriltag_node]: Removed stale tag ID 0 from detected tags
[adl_ui-15] 127.0.0.1 - - [29/Apr/2026 10:24:31] "GET /status_json HTTP/1.1" 200 -
[adl_ui-15] 192.168.0.78 - - [29/Apr/2026 10:24:31] "GET /status_json HTTP/1.1" 200 -
[ros2_control_node-1] [WARN] [1777472671.664500515] [controller_manager]: Overrun might occur, Total time : 2611.722 us (Expected < 1000.000 us) --> Read time : 22.219 us, Update time : 166.742 us, Write time : 2422.761 us
[ros2_control_node-1] [WARN] [1777472671.664563044] [controller_manager]: Overrun detected! The controller manager missed its desired rate of 1000 Hz. The loop took 2.689852 ms (missed cycles : 3).
[joint_state_sanitizer-3] [WARN] [1777472672.070231552] [joint_state_sanitizer_node]: [joint_state_sanitizer] Published sanitized joint state: joint_3:+3.138->+3.132
[adl_ui-15] 127.0.0.1 - - [29/Apr/2026 10:24:32] "GET /status_json HTTP/1.1" 200 -
[adl_ui-15] 192.168.0.78 - - [29/Apr/2026 10:24:32] "GET /status_json HTTP/1.1" 200 -
[vision_apriltag-9] [INFO] [1777472672.597114347] [vision_apriltag_node]: Vision AprilTag: images are arriving, but no AprilTag has been seen for 21.2s.
[ros2_control_node-1] [WARN] [1777472672.664752029] [controller_manager]: Overrun might occur, Total time : 2862.398 us (Expected < 1000.000 us) --> Read time : 33.618 us, Update time : 238.777 us, Write time : 2590.003 us
[ros2_control_node-1] [WARN] [1777472672.664800520] [controller_manager]: Overrun detected! The controller manager missed its desired rate of 1000 Hz. The loop took 2.927819 ms (missed cycles : 3).
[adl_ui-15] 127.0.0.1 - - [29/Apr/2026 10:24:33] "GET /status_json HTTP/1.1" 200 -
[adl_ui-15] 192.168.0.78 - - [29/Apr/2026 10:24:33] "GET /status_json HTTP/1.1" 200 -
[wrist_camera_usb_publisher-8] [INFO] [1777472673.637841466] [wrist_camera_usb_publisher_node]: USB camera publisher heartbeat: publishing 1280x720 frames on /wrist_mounted_camera/image; camera_info fx=920.87, fy=921.57, cx=644.76, cy=343.15.
[ros2_control_node-1] [WARN] [1777472673.665690811] [controller_manager]: Overrun might occur, Total time : 2794.007 us (Expected < 1000.000 us) --> Read time : 35.764 us, Update time : 226.807 us, Write time : 2531.436 us
[ros2_control_node-1] [WARN] [1777472673.665773077] [controller_manager]: Overrun detected! The controller manager missed its desired rate of 1000 Hz. The loop took 2.899676 ms (missed cycles : 3).
[adl_ui-15] 127.0.0.1 - - [29/Apr/2026 10:24:33] "GET /status_json HTTP/1.1" 200 -
[adl_ui-15] 192.168.0.78 - - [29/Apr/2026 10:24:33] "GET /status_json HTTP/1.1" 200 -
[adl_ui-15] 127.0.0.1 - - [29/Apr/2026 10:24:34] "GET /status_json HTTP/1.1" 200 -
[adl_ui-15] 192.168.0.78 - - [29/Apr/2026 10:24:34] "GET /status_json HTTP/1.1" 200 -
[ros2_control_node-1] [WARN] [1777472674.668717279] [controller_manager]: Overrun might occur, Total time : 2816.330 us (Expected < 1000.000 us) --> Read time : 55.499 us, Update time : 245.537 us, Write time : 2515.294 us
[ros2_control_node-1] [WARN] [1777472674.668788729] [controller_manager]: Overrun detected! The controller manager missed its desired rate of 1000 Hz. The loop took 2.915335 ms (missed cycles : 3).
[vision_apriltag-9] [INFO] [1777472675.007895408] [vision_apriltag_node]: Vision AprilTag: images are arriving, but no AprilTag has been seen for 23.6s.
[adl_ui-15] 127.0.0.1 - - [29/Apr/2026 10:24:35] "GET /status_json HTTP/1.1" 200 -
[adl_ui-15] 192.168.0.78 - - [29/Apr/2026 10:24:35] "GET /status_json HTTP/1.1" 200 -
[ros2_control_node-1] [WARN] [1777472675.670289700] [controller_manager]: Overrun might occur, Total time : 2374.103 us (Expected < 1000.000 us) --> Read time : 15.739 us, Update time : 111.113 us, Write time : 2247.251 us
[ros2_control_node-1] [WARN] [1777472675.670342284] [controller_manager]: Overrun detected! The controller manager missed its desired rate of 1000 Hz. The loop took 2.468981 ms (missed cycles : 3).
[adl_ui-15] 127.0.0.1 - - [29/Apr/2026 10:24:36] "GET /status_json HTTP/1.1" 200 -
[adl_ui-15] 192.168.0.78 - - [29/Apr/2026 10:24:36] "GET /status_json HTTP/1.1" 200 -
[vision_apriltag-9] [INFO] [1777472676.486739762] [vision_apriltag_node]: Vision AprilTag detection debug: no tags found after raw/CLAHE/sharp/adaptive/upscaled/tiled passes.
[vision_apriltag-9] [WARN] [1777472676.576896321] [vision_apriltag_node]: Tag ID 0 did not produce a fresh base_link pose within 5.0s.
[scene_from_vision-10] [WARN] [1777472676.583759376] [scene_from_vision_node]: Failed to get pose for tag ID 0: Tag ID 0 did not produce a fresh base_link pose within 5.0s.
[ros2_control_node-1] [WARN] [1777472676.671061522] [controller_manager]: Overrun might occur, Total time : 3168.383 us (Expected < 1000.000 us) --> Read time : 38.557 us, Update time : 218.377 us, Write time : 2911.449 us
[ros2_control_node-1] [WARN] [1777472676.671137381] [controller_manager]: Overrun detected! The controller manager missed its desired rate of 1000 Hz. The loop took 3.263895 ms (missed cycles : 4).
[adl_ui-15] 127.0.0.1 - - [29/Apr/2026 10:24:36] "GET /status_json HTTP/1.1" 200 -
[adl_ui-15] 192.168.0.78 - - [29/Apr/2026 10:24:36] "GET /status_json HTTP/1.1" 200 -
[joint_state_sanitizer-3] [WARN] [1777472677.071683948] [joint_state_sanitizer_node]: [joint_state_sanitizer] Published sanitized joint state: joint_3:+3.138->+3.132
[adl_ui-15] 127.0.0.1 - - [29/Apr/2026 10:24:37] "GET /status_json HTTP/1.1" 200 -
[adl_ui-15] 192.168.0.78 - - [29/Apr/2026 10:24:37] "GET /status_json HTTP/1.1" 200 -
[vision_apriltag-9] [INFO] [1777472677.632502044] [vision_apriltag_node]: Vision AprilTag: images are arriving, but no AprilTag has been seen for 26.3s.
[ros2_control_node-1] [WARN] [1777472677.672396775] [controller_manager]: Overrun might occur, Total time : 4501.632 us (Expected < 1000.000 us) --> Read time : 37.874 us, Update time : 245.932 us, Write time : 4217.826 us
[ros2_control_node-1] [WARN] [1777472677.672468167] [controller_manager]: Overrun detected! The controller manager missed its desired rate of 1000 Hz. The loop took 4.594685 ms (missed cycles : 5).
[adl_ui-15] 127.0.0.1 - - [29/Apr/2026 10:24:38] "GET /status_json HTTP/1.1" 200 -
[adl_ui-15] 192.168.0.78 - - [29/Apr/2026 10:24:38] "GET /status_json HTTP/1.1" 200 -
[vision_apriltag-9] [INFO] [1777472678.598400160] [vision_apriltag_node]: Vision AprilTag: images are arriving, but no AprilTag has been seen for 27.2s.
[ros2_control_node-1] [WARN] [1777472678.674457530] [controller_manager]: Overrun might occur, Total time : 2559.556 us (Expected < 1000.000 us) --> Read time : 41.635 us, Update time : 236.426 us, Write time : 2281.495 us
[ros2_control_node-1] [WARN] [1777472678.674519633] [controller_manager]: Overrun detected! The controller manager missed its desired rate of 1000 Hz. The loop took 2.646790 ms (missed cycles : 3).
[wrist_camera_usb_publisher-8] [INFO] [1777472678.797628846] [wrist_camera_usb_publisher_node]: USB camera publisher heartbeat: publishing 1280x720 frames on /wrist_mounted_camera/image; camera_info fx=920.87, fy=921.57, cx=644.76, cy=343.15.
[adl_ui-15] 127.0.0.1 - - [29/Apr/2026 10:24:39] "GET /status_json HTTP/1.1" 200 -
[adl_ui-15] 192.168.0.78 - - [29/Apr/2026 10:24:39] "GET /status_json HTTP/1.1" 200 -
[ros2_control_node-1] [WARN] [1777472679.675679885] [controller_manager]: Overrun might occur, Total time : 2787.282 us (Expected < 1000.000 us) --> Read time : 38.752 us, Update time : 222.547 us, Write time : 2525.983 us
[ros2_control_node-1] [WARN] [1777472679.675746014] [controller_manager]: Overrun detected! The controller manager missed its desired rate of 1000 Hz. The loop took 2.872759 ms (missed cycles : 3).
[adl_ui-15] 127.0.0.1 - - [29/Apr/2026 10:24:39] "GET /status_json HTTP/1.1" 200 -
[adl_ui-15] 192.168.0.78 - - [29/Apr/2026 10:24:39] "GET /status_json HTTP/1.1" 200 -
[adl_ui-15] 127.0.0.1 - - [29/Apr/2026 10:24:40] "GET /status_json HTTP/1.1" 200 -
[adl_ui-15] 192.168.0.78 - - [29/Apr/2026 10:24:40] "GET /status_json HTTP/1.1" 200 -
[vision_apriltag-9] [INFO] [1777472680.598740347] [vision_apriltag_node]: Vision AprilTag: images are arriving, but no AprilTag has been seen for 29.2s.
[ros2_control_node-1] [WARN] [1777472680.677472439] [controller_manager]: Overrun might occur, Total time : 2572.884 us (Expected < 1000.000 us) --> Read time : 36.110 us, Update time : 232.292 us, Write time : 2304.482 us
[ros2_control_node-1] [WARN] [1777472680.677561826] [controller_manager]: Overrun detected! The controller manager missed its desired rate of 1000 Hz. The loop took 2.688649 ms (missed cycles : 3).
[adl_ui-15] 127.0.0.1 - - [29/Apr/2026 10:24:41] "GET /status_json HTTP/1.1" 200 -
[adl_ui-15] 192.168.0.78 - - [29/Apr/2026 10:24:41] "GET /status_json HTTP/1.1" 200 -
[vision_apriltag-9] [INFO] [1777472681.559519966] [vision_apriltag_node]: Vision AprilTag detection debug: no tags found after raw/CLAHE/sharp/adaptive/upscaled/tiled passes.
[ros2_control_node-1] [WARN] [1777472681.678352717] [controller_manager]: Overrun might occur, Total time : 2439.935 us (Expected < 1000.000 us) --> Read time : 29.188 us, Update time : 237.603 us, Write time : 2173.144 us
[ros2_control_node-1] [WARN] [1777472681.678415229] [controller_manager]: Overrun detected! The controller manager missed its desired rate of 1000 Hz. The loop took 2.541804 ms (missed cycles : 3).
[adl_ui-15] 127.0.0.1 - - [29/Apr/2026 10:24:42] "GET /status_json HTTP/1.1" 200 -
[joint_state_sanitizer-3] [WARN] [1777472682.074699247] [joint_state_sanitizer_node]: [joint_state_sanitizer] Published sanitized joint state: joint_3:+3.138->+3.132
[adl_ui-15] 192.168.0.78 - - [29/Apr/2026 10:24:42] "GET /status_json HTTP/1.1" 200 -
[ros2_control_node-1] [WARN] [1777472682.678687801] [controller_manager]: Overrun might occur, Total time : 2791.602 us (Expected < 1000.000 us) --> Read time : 38.776 us, Update time : 263.080 us, Write time : 2489.746 us
[ros2_control_node-1] [WARN] [1777472682.678760842] [controller_manager]: Overrun detected! The controller manager missed its desired rate of 1000 Hz. The loop took 2.887580 ms (missed cycles : 3).
[adl_ui-15] 127.0.0.1 - - [29/Apr/2026 10:24:42] "GET /status_json HTTP/1.1" 200 -
[adl_ui-15] 192.168.0.78 - - [29/Apr/2026 10:24:42] "GET /status_json HTTP/1.1" 200 -
[vision_apriltag-9] [INFO] [1777472683.144051538] [vision_apriltag_node]: Vision AprilTag: images are arriving, but no AprilTag has been seen for 31.8s.
[adl_ui-15] 127.0.0.1 - - [29/Apr/2026 10:24:43] "GET /status_json HTTP/1.1" 200 -
[adl_ui-15] 192.168.0.78 - - [29/Apr/2026 10:24:43] "GET /status_json HTTP/1.1" 200 -
[ros2_control_node-1] [WARN] [1777472683.680746091] [controller_manager]: Overrun might occur, Total time : 2846.045 us (Expected < 1000.000 us) --> Read time : 33.094 us, Update time : 217.458 us, Write time : 2595.493 us
[ros2_control_node-1] [WARN] [1777472683.680861916] [controller_manager]: Overrun detected! The controller manager missed its desired rate of 1000 Hz. The loop took 2.987600 ms (missed cycles : 3).
[wrist_camera_usb_publisher-8] [INFO] [1777472683.956883958] [wrist_camera_usb_publisher_node]: USB camera publisher heartbeat: publishing 1280x720 frames on /wrist_mounted_camera/image; camera_info fx=920.87, fy=921.57, cx=644.76, cy=343.15.
[adl_ui-15] 127.0.0.1 - - [29/Apr/2026 10:24:44] "GET /status_json HTTP/1.1" 200 -
[adl_ui-15] 192.168.0.78 - - [29/Apr/2026 10:24:44] "GET /status_json HTTP/1.1" 200 -
[vision_apriltag-9] [INFO] [1777472684.598025579] [vision_apriltag_node]: Vision AprilTag: images are arriving, but no AprilTag has been seen for 33.2s.
[ros2_control_node-1] [WARN] [1777472684.681136501] [controller_manager]: Overrun might occur, Total time : 6241.424 us (Expected < 1000.000 us) --> Read time : 35.521 us, Update time : 229.930 us, Write time : 5975.973 us
[ros2_control_node-1] [WARN] [1777472684.681214218] [controller_manager]: Overrun detected! The controller manager missed its desired rate of 1000 Hz. The loop took 6.341158 ms (missed cycles : 7).
[adl_ui-15] 127.0.0.1 - - [29/Apr/2026 10:24:45] "GET /status_json HTTP/1.1" 200 -
[adl_ui-15] 192.168.0.78 - - [29/Apr/2026 10:24:45] "GET /status_json HTTP/1.1" 200 -
[ros2_control_node-1] [WARN] [1777472685.681647294] [controller_manager]: Overrun might occur, Total time : 2758.114 us (Expected < 1000.000 us) --> Read time : 31.214 us, Update time : 204.800 us, Write time : 2522.100 us
[ros2_control_node-1] [WARN] [1777472685.681706289] [controller_manager]: Overrun detected! The controller manager missed its desired rate of 1000 Hz. The loop took 2.832592 ms (missed cycles : 3).
[adl_ui-15] 127.0.0.1 - - [29/Apr/2026 10:24:45] "GET /status_json HTTP/1.1" 200 -
[adl_ui-15] 192.168.0.78 - - [29/Apr/2026 10:24:45] "GET /status_json HTTP/1.1" 200 -
[adl_ui-15] 127.0.0.1 - - [29/Apr/2026 10:24:46] "GET /status_json HTTP/1.1" 200 -
[adl_ui-15] 192.168.0.78 - - [29/Apr/2026 10:24:46] "GET /status_json HTTP/1.1" 200 -
[vision_apriltag-9] [INFO] [1777472686.597647201] [vision_apriltag_node]: Vision AprilTag: images are arriving, but no AprilTag has been seen for 35.2s.
[ros2_control_node-1] [WARN] [1777472686.683383306] [controller_manager]: Overrun might occur, Total time : 2494.440 us (Expected < 1000.000 us) --> Read time : 17.369 us, Update time : 135.688 us, Write time : 2341.383 us
[ros2_control_node-1] [WARN] [1777472686.683446265] [controller_manager]: Overrun detected! The controller manager missed its desired rate of 1000 Hz. The loop took 2.573260 ms (missed cycles : 3).
[joint_state_sanitizer-3] [WARN] [1777472687.078836447] [joint_state_sanitizer_node]: [joint_state_sanitizer] Published sanitized joint state: joint_3:+3.138->+3.132
[vision_apriltag-9] [INFO] [1777472687.093822102] [vision_apriltag_node]: Vision AprilTag detection debug: no tags found after raw/CLAHE/sharp/adaptive/upscaled/tiled passes.
[adl_ui-15] 127.0.0.1 - - [29/Apr/2026 10:24:47] "GET /status_json HTTP/1.1" 200 -
[adl_ui-15] 192.168.0.78 - - [29/Apr/2026 10:24:47] "GET /status_json HTTP/1.1" 200 -
[ros2_control_node-1] [WARN] [1777472687.683553905] [controller_manager]: Overrun might occur, Total time : 2650.650 us (Expected < 1000.000 us) --> Read time : 41.466 us, Update time : 352.184 us, Write time : 2257.000 us
[ros2_control_node-1] [WARN] [1777472687.683647307] [controller_manager]: Overrun detected! The controller manager missed its desired rate of 1000 Hz. The loop took 2.773447 ms (missed cycles : 3).
[adl_ui-15] 127.0.0.1 - - [29/Apr/2026 10:24:48] "GET /status_json HTTP/1.1" 200 -
[adl_ui-15] 192.168.0.78 - - [29/Apr/2026 10:24:48] "GET /status_json HTTP/1.1" 200 -
[ros2_control_node-1] [WARN] [1777472688.686801835] [controller_manager]: Overrun might occur, Total time : 2906.227 us (Expected < 1000.000 us) --> Read time : 33.516 us, Update time : 220.879 us, Write time : 2651.832 us
[ros2_control_node-1] [WARN] [1777472688.686876516] [controller_manager]: Overrun detected! The controller manager missed its desired rate of 1000 Hz. The loop took 3.003011 ms (missed cycles : 4).
[adl_ui-15] 127.0.0.1 - - [29/Apr/2026 10:24:48] "GET /status_json HTTP/1.1" 200 -
[adl_ui-15] 192.168.0.78 - - [29/Apr/2026 10:24:48] "GET /status_json HTTP/1.1" 200 -
[vision_apriltag-9] [INFO] [1777472688.897614881] [vision_apriltag_node]: Vision AprilTag: images are arriving, but no AprilTag has been seen for 37.5s.
[wrist_camera_usb_publisher-8] [INFO] [1777472689.118488668] [wrist_camera_usb_publisher_node]: USB camera publisher heartbeat: publishing 1280x720 frames on /wrist_mounted_camera/image; camera_info fx=920.87, fy=921.57, cx=644.76, cy=343.15.
[adl_ui-15] 127.0.0.1 - - [29/Apr/2026 10:24:49] "GET /status_json HTTP/1.1" 200 -
[adl_ui-15] 192.168.0.78 - - [29/Apr/2026 10:24:49] "GET /status_json HTTP/1.1" 200 -
[ros2_control_node-1] [WARN] [1777472689.689674298] [controller_manager]: Overrun might occur, Total time : 2774.658 us (Expected < 1000.000 us) --> Read time : 30.406 us, Update time : 253.577 us, Write time : 2490.675 us
[ros2_control_node-1] [WARN] [1777472689.689750635] [controller_manager]: Overrun detected! The controller manager missed its desired rate of 1000 Hz. The loop took 2.877098 ms (missed cycles : 3).
[adl_ui-15] 127.0.0.1 - - [29/Apr/2026 10:24:50] "GET /status_json HTTP/1.1" 200 -
[adl_ui-15] 192.168.0.78 - - [29/Apr/2026 10:24:50] "GET /status_json HTTP/1.1" 200 -
[vision_apriltag-9] [INFO] [1777472690.601912113] [vision_apriltag_node]: Vision AprilTag: images are arriving, but no AprilTag has been seen for 39.2s.
[ros2_control_node-1] [WARN] [1777472690.692576409] [controller_manager]: Overrun might occur, Total time : 3664.543 us (Expected < 1000.000 us) --> Read time : 68.136 us, Update time : 369.881 us, Write time : 3226.526 us
[ros2_control_node-1] [WARN] [1777472690.692680407] [controller_manager]: Overrun detected! The controller manager missed its desired rate of 1000 Hz. The loop took 3.806768 ms (missed cycles : 4).
[adl_ui-15] 127.0.0.1 - - [29/Apr/2026 10:24:51] "GET /status_json HTTP/1.1" 200 -
[adl_ui-15] 192.168.0.78 - - [29/Apr/2026 10:24:51] "GET /status_json HTTP/1.1" 200 -
[ros2_control_node-1] [WARN] [1777472691.693099742] [controller_manager]: Overrun might occur, Total time : 3193.144 us (Expected < 1000.000 us) --> Read time : 54.793 us, Update time : 274.709 us, Write time : 2863.642 us
[ros2_control_node-1] [WARN] [1777472691.693178194] [controller_manager]: Overrun detected! The controller manager missed its desired rate of 1000 Hz. The loop took 3.304152 ms (missed cycles : 4).
[adl_ui-15] 127.0.0.1 - - [29/Apr/2026 10:24:51] "GET /status_json HTTP/1.1" 200 -
[adl_ui-15] 192.168.0.78 - - [29/Apr/2026 10:24:51] "GET /status_json HTTP/1.1" 200 -
[joint_state_sanitizer-3] [WARN] [1777472692.080219992] [joint_state_sanitizer_node]: [joint_state_sanitizer] Published sanitized joint state: joint_3:+3.138->+3.132
[vision_apriltag-9] [INFO] [1777472692.271695923] [vision_apriltag_node]: Vision AprilTag detection debug: no tags found after raw/CLAHE/sharp/adaptive/upscaled/tiled passes.
[adl_ui-15] 127.0.0.1 - - [29/Apr/2026 10:24:52] "GET /status_json HTTP/1.1" 200 -
[adl_ui-15] 192.168.0.78 - - [29/Apr/2026 10:24:52] "GET /status_json HTTP/1.1" 200 -
[vision_apriltag-9] [INFO] [1777472692.599315065] [vision_apriltag_node]: Vision AprilTag: images are arriving, but no AprilTag has been seen for 41.2s.
[ros2_control_node-1] [WARN] [1777472692.695415358] [controller_manager]: Overrun might occur, Total time : 2521.327 us (Expected < 1000.000 us) --> Read time : 35.989 us, Update time : 204.294 us, Write time : 2281.044 us
[ros2_control_node-1] [WARN] [1777472692.695465754] [controller_manager]: Overrun detected! The controller manager missed its desired rate of 1000 Hz. The loop took 2.592595 ms (missed cycles : 3).
[adl_ui-15] 127.0.0.1 - - [29/Apr/2026 10:24:53] "GET /status_json HTTP/1.1" 200 -
[adl_ui-15] 192.168.0.78 - - [29/Apr/2026 10:24:53] "GET /status_json HTTP/1.1" 200 -
[ros2_control_node-1] [WARN] [1777472693.696511562] [controller_manager]: Overrun might occur, Total time : 2606.839 us (Expected < 1000.000 us) --> Read time : 36.386 us, Update time : 218.098 us, Write time : 2352.355 us
[ros2_control_node-1] [WARN] [1777472693.696672511] [controller_manager]: Overrun detected! The controller manager missed its desired rate of 1000 Hz. The loop took 2.797295 ms (missed cycles : 3).
[adl_ui-15] 127.0.0.1 - - [29/Apr/2026 10:24:54] "GET /status_json HTTP/1.1" 200 -
[adl_ui-15] 192.168.0.78 - - [29/Apr/2026 10:24:54] "GET /status_json HTTP/1.1" 200 -
[wrist_camera_usb_publisher-8] [INFO] [1777472694.278280992] [wrist_camera_usb_publisher_node]: USB camera publisher heartbeat: publishing 1280x720 frames on /wrist_mounted_camera/image; camera_info fx=920.87, fy=921.57, cx=644.76, cy=343.15.
[ros2_control_node-1] [WARN] [1777472694.696544277] [controller_manager]: Overrun might occur, Total time : 2642.235 us (Expected < 1000.000 us) --> Read time : 53.862 us, Update time : 347.816 us, Write time : 2240.557 us
[ros2_control_node-1] [WARN] [1777472694.699777518] [controller_manager]: Overrun detected! The controller manager missed its desired rate of 1000 Hz. The loop took 2.904099 ms (missed cycles : 3).
[vision_apriltag-9] [INFO] [1777472694.723808495] [vision_apriltag_node]: Vision AprilTag: images are arriving, but no AprilTag has been seen for 43.4s.
[adl_ui-15] 127.0.0.1 - - [29/Apr/2026 10:24:54] "GET /status_json HTTP/1.1" 200 -
[adl_ui-15] 192.168.0.78 - - [29/Apr/2026 10:24:54] "GET /status_json HTTP/1.1" 200 -
[adl_ui-15] 127.0.0.1 - - [29/Apr/2026 10:24:55] "GET /status_json HTTP/1.1" 200 -
[adl_ui-15] 192.168.0.78 - - [29/Apr/2026 10:24:55] "GET /status_json HTTP/1.1" 200 -
[ros2_control_node-1] [WARN] [1777472695.698469319] [controller_manager]: Overrun might occur, Total time : 2568.547 us (Expected < 1000.000 us) --> Read time : 33.819 us, Update time : 261.756 us, Write time : 2272.972 us
[ros2_control_node-1] [WARN] [1777472695.701511955] [controller_manager]: Overrun detected! The controller manager missed its desired rate of 1000 Hz. The loop took 2.638507 ms (missed cycles : 3).
[adl_ui-15] 127.0.0.1 - - [29/Apr/2026 10:24:56] "GET /status_json HTTP/1.1" 200 -
[adl_ui-15] 192.168.0.78 - - [29/Apr/2026 10:24:56] "GET /status_json HTTP/1.1" 200 -
[vision_apriltag-9] [INFO] [1777472696.598200864] [vision_apriltag_node]: Vision AprilTag: images are arriving, but no AprilTag has been seen for 45.2s.
[ros2_control_node-1] [WARN] [1777472696.699724364] [controller_manager]: Overrun might occur, Total time : 2829.991 us (Expected < 1000.000 us) --> Read time : 33.725 us, Update time : 201.026 us, Write time : 2595.240 us
[ros2_control_node-1] [WARN] [1777472696.702667373] [controller_manager]: Overrun detected! The controller manager missed its desired rate of 1000 Hz. The loop took 2.793278 ms (missed cycles : 3).
[adl_ui-15] 127.0.0.1 - - [29/Apr/2026 10:24:57] "GET /status_json HTTP/1.1" 200 -
[joint_state_sanitizer-3] [WARN] [1777472697.082158549] [joint_state_sanitizer_node]: [joint_state_sanitizer] Published sanitized joint state: joint_3:+3.138->+3.132
[adl_ui-15] 192.168.0.78 - - [29/Apr/2026 10:24:57] "GET /status_json HTTP/1.1" 200 -
[vision_apriltag-9] [INFO] [1777472697.298430599] [vision_apriltag_node]: Vision AprilTag detection debug: no tags found after raw/CLAHE/sharp/adaptive/upscaled/tiled passes.
[ros2_control_node-1] [WARN] [1777472697.708744378] [controller_manager]: Overrun might occur, Total time : 12843.948 us (Expected < 1000.000 us) --> Read time : 39.893 us, Update time : 306.866 us, Write time : 12497.189 us
[ros2_control_node-1] [WARN] [1777472697.708839575] [controller_manager]: Overrun detected! The controller manager missed its desired rate of 1000 Hz. The loop took 12.966007 ms (missed cycles : 13).
[adl_ui-15] 127.0.0.1 - - [29/Apr/2026 10:24:57] "GET /status_json HTTP/1.1" 200 -
[adl_ui-15] 192.168.0.78 - - [29/Apr/2026 10:24:57] "GET /status_json HTTP/1.1" 200 -
[adl_ui-15] 127.0.0.1 - - [29/Apr/2026 10:24:58] "GET /status_json HTTP/1.1" 200 -
[adl_ui-15] 192.168.0.78 - - [29/Apr/2026 10:24:58] "GET /status_json HTTP/1.1" 200 -
[vision_apriltag-9] [INFO] [1777472698.597533582] [vision_apriltag_node]: Vision AprilTag: images are arriving, but no AprilTag has been seen for 47.2s.
[ros2_control_node-1] [WARN] [1777472698.710529194] [controller_manager]: Overrun might occur, Total time : 2631.369 us (Expected < 1000.000 us) --> Read time : 37.356 us, Update time : 249.575 us, Write time : 2344.438 us
[ros2_control_node-1] [WARN] [1777472698.710611684] [controller_manager]: Overrun detected! The controller manager missed its desired rate of 1000 Hz. The loop took 2.738040 ms (missed cycles : 3).
[adl_ui-15] 127.0.0.1 - - [29/Apr/2026 10:24:59] "GET /status_json HTTP/1.1" 200 -
[adl_ui-15] 192.168.0.78 - - [29/Apr/2026 10:24:59] "GET /status_json HTTP/1.1" 200 -
[wrist_camera_usb_publisher-8] [INFO] [1777472699.443401447] [wrist_camera_usb_publisher_node]: USB camera publisher heartbeat: publishing 1280x720 frames on /wrist_mounted_camera/image; camera_info fx=920.87, fy=921.57, cx=644.76, cy=343.15.
[ros2_control_node-1] [WARN] [1777472699.712072078] [controller_manager]: Overrun might occur, Total time : 3171.065 us (Expected < 1000.000 us) --> Read time : 45.699 us, Update time : 235.359 us, Write time : 2890.007 us
[ros2_control_node-1] [WARN] [1777472699.712156684] [controller_manager]: Overrun detected! The controller manager missed its desired rate of 1000 Hz. The loop took 3.283240 ms (missed cycles : 4).
[adl_ui-15] 127.0.0.1 - - [29/Apr/2026 10:25:00] "GET /status_json HTTP/1.1" 200 -
[adl_ui-15] 192.168.0.78 - - [29/Apr/2026 10:25:00] "GET /status_json HTTP/1.1" 200 -
[vision_apriltag-9] [INFO] [1777472700.598084710] [vision_apriltag_node]: Vision AprilTag: images are arriving, but no AprilTag has been seen for 49.2s.
[ros2_control_node-1] [WARN] [1777472700.714519481] [controller_manager]: Overrun might occur, Total time : 2621.191 us (Expected < 1000.000 us) --> Read time : 40.824 us, Update time : 227.289 us, Write time : 2353.078 us
[ros2_control_node-1] [WARN] [1777472700.714593359] [controller_manager]: Overrun detected! The controller manager missed its desired rate of 1000 Hz. The loop took 2.719658 ms (missed cycles : 3).
[adl_ui-15] 127.0.0.1 - - [29/Apr/2026 10:25:00] "GET /status_json HTTP/1.1" 200 -
[adl_ui-15] 192.168.0.78 - - [29/Apr/2026 10:25:00] "GET /status_json HTTP/1.1" 200 -
[adl_ui-15] 127.0.0.1 - - [29/Apr/2026 10:25:01] "GET /status_json HTTP/1.1" 200 -
[adl_ui-15] 192.168.0.78 - - [29/Apr/2026 10:25:01] "GET /status_json HTTP/1.1" 200 -
[ros2_control_node-1] [WARN] [1777472701.716726934] [controller_manager]: Overrun might occur, Total time : 2825.097 us (Expected < 1000.000 us) --> Read time : 48.684 us, Update time : 273.247 us, Write time : 2503.166 us
[ros2_control_node-1] [WARN] [1777472701.716797759] [controller_manager]: Overrun detected! The controller manager missed its desired rate of 1000 Hz. The loop took 2.924525 ms (missed cycles : 3).
[joint_state_sanitizer-3] [WARN] [1777472702.085239759] [joint_state_sanitizer_node]: [joint_state_sanitizer] Published sanitized joint state: joint_3:+3.138->+3.132
[adl_ui-15] 127.0.0.1 - - [29/Apr/2026 10:25:02] "GET /status_json HTTP/1.1" 200 -
[adl_ui-15] 192.168.0.78 - - [29/Apr/2026 10:25:02] "GET /status_json HTTP/1.1" 200 -
[ros2_control_node-1] [WARN] [1777472702.719567630] [controller_manager]: Overrun might occur, Total time : 2671.850 us (Expected < 1000.000 us) --> Read time : 35.698 us, Update time : 228.915 us, Write time : 2407.237 us
[ros2_control_node-1] [WARN] [1777472702.719666058] [controller_manager]: Overrun detected! The controller manager missed its desired rate of 1000 Hz. The loop took 2.791652 ms (missed cycles : 3).
[vision_apriltag-9] [INFO] [1777472702.890342019] [vision_apriltag_node]: Vision AprilTag detection debug: no tags found after raw/CLAHE/sharp/adaptive/upscaled/tiled passes.
[vision_apriltag-9] [INFO] [1777472702.925552962] [vision_apriltag_node]: Vision AprilTag: images are arriving, but no AprilTag has been seen for 51.5s.
[adl_ui-15] 127.0.0.1 - - [29/Apr/2026 10:25:03] "GET /status_json HTTP/1.1" 200 -
[adl_ui-15] 192.168.0.78 - - [29/Apr/2026 10:25:03] "GET /status_json HTTP/1.1" 200 -
[ros2_control_node-1] [WARN] [1777472703.721645119] [controller_manager]: Overrun might occur, Total time : 2753.042 us (Expected < 1000.000 us) --> Read time : 31.374 us, Update time : 201.507 us, Write time : 2520.161 us
[ros2_control_node-1] [WARN] [1777472703.721712747] [controller_manager]: Overrun detected! The controller manager missed its desired rate of 1000 Hz. The loop took 2.839592 ms (missed cycles : 3).
[adl_ui-15] 127.0.0.1 - - [29/Apr/2026 10:25:03] "GET /status_json HTTP/1.1" 200 -
[adl_ui-15] 192.168.0.78 - - [29/Apr/2026 10:25:03] "GET /status_json HTTP/1.1" 200 -
[wrist_camera_usb_publisher-8] [INFO] [1777472704.600779997] [wrist_camera_usb_publisher_node]: USB camera publisher heartbeat: publishing 1280x720 frames on /wrist_mounted_camera/image; camera_info fx=920.87, fy=921.57, cx=644.76, cy=343.15.
[adl_ui-15] 192.168.0.78 - - [29/Apr/2026 10:25:04] "GET /status_json HTTP/1.1" 200 -
[adl_ui-15] 127.0.0.1 - - [29/Apr/2026 10:25:04] "GET /status_json HTTP/1.1" 200 -
[ros2_control_node-1] [WARN] [1777472704.721713369] [controller_manager]: Overrun might occur, Total time : 2824.828 us (Expected < 1000.000 us) --> Read time : 27.851 us, Update time : 195.451 us, Write time : 2601.526 us
[ros2_control_node-1] [WARN] [1777472704.721761185] [controller_manager]: Overrun detected! The controller manager missed its desired rate of 1000 Hz. The loop took 2.888658 ms (missed cycles : 3).
[vision_apriltag-9] [INFO] [1777472704.769558891] [vision_apriltag_node]: Vision AprilTag: images are arriving, but no AprilTag has been seen for 53.4s.
[adl_ui-15] 192.168.0.78 - - [29/Apr/2026 10:25:05] "GET /status_json HTTP/1.1" 200 -
[adl_ui-15] 127.0.0.1 - - [29/Apr/2026 10:25:05] "GET /status_json HTTP/1.1" 200 -
[adl_ui-15] [INFO] [1777472705.494200401] [adl_ui_node]: UI command published: give_medication
[adl_ui-15] 127.0.0.1 - - [29/Apr/2026 10:25:05] "POST /command HTTP/1.1" 200 -
[scene_from_vision-10] [INFO] [1777472705.508562758] [scene_from_vision_node]: Scene memory cleared. Removed remembered IDs: []
[give_medication-14] [INFO] [1777472705.550170675] [give_medication_node]: Scene memory cleared. Removed remembered IDs: []
[give_medication-14] [INFO] [1777472705.555152832] [give_medication_node]: look_at_table_horizontal_side_scan: using deterministic joint pose from ADL_HORIZONTAL_SIDE_SCAN_JOINT_*.
[give_medication-14] [INFO] [1777472705.557346639] [give_medication_node]: look_at_table_horizontal_side_scan: current arm is not at target (worst=joint_6:2.299 rad > 0.080).
[give_medication-14] [INFO] [1777472705.559965742] [give_medication_node]: look_at_table_horizontal_side_scan: moving with deterministic fixed joint pose.
[give_medication-14] [INFO] [1777472705.561894678] [give_medication_node]: _send_goal: dispatching MoveGroup request group=manipulator, attempts=10, allowed_time=18.00s, vel_scale=0.250, accel_scale=0.250, gc1:joints(joint_1=+1.523+/-0.030, joint_2=+1.460+/-0.030, joint_3=-3.129+/-0.030, joint_4=-2.404+/-0.030, joint_5=+1.744+/-0.030, joint_6=+1.432+/-0.030, joint_7=+2.304+/-0.030)
[move_group-20] [ERROR] [1777472705.563501717] [move_group.moveit.moveit.core.conversions]: Found empty JointState message
[give_medication-14] [INFO] [1777472705.569147491] [give_medication_node]: Start state: collision-valid — no collisions (not a joint-bounds check).
[move_group-20] [INFO] [1777472705.571607030] [move_group.moveit.moveit.ros.move_group.move_action]: MoveGroupMoveAction: Received request
[move_group-20] [INFO] [1777472705.573865257] [move_group.moveit.moveit.ros.move_group.move_action]: executing..
[give_medication-14] [INFO] [1777472705.583085421] [give_medication_node]: _send_goal: MoveGroup goal accepted.
[move_group-20] [INFO] [1777472705.593247274] [move_group.moveit.moveit.ros.move_group.move_action]: Combined planning and execution request received for MoveGroup action. Forwarding to planning and execution pipeline.
[move_group-20] [WARN] [1777472705.593322215] [move_group.moveit.moveit.ros.move_group.capability]: Execution of motions should always start at the robot's current state. Ignoring the state supplied as start state in the motion planning request
[move_group-20] [WARN] [1777472705.593360297] [move_group.moveit.moveit.ros.move_group.capability]: Execution of motions should always start at the robot's current state. Ignoring the state supplied as difference in the planning scene diff
[move_group-20] [INFO] [1777472705.593392939] [move_group.moveit.moveit.ros.plan_execution]: Planning attempt 1 of at most 1
[move_group-20] [INFO] [1777472705.593814392] [move_group]: Calling PlanningRequestAdapter 'ResolveConstraintFrames'
[move_group-20] [INFO] [1777472705.593853169] [move_group]: Calling PlanningRequestAdapter 'ValidateWorkspaceBounds'
[move_group-20] [INFO] [1777472705.593872360] [move_group]: Calling PlanningRequestAdapter 'CheckStartStateBounds'
[move_group-20] [INFO] [1777472705.593910546] [move_group]: Calling PlanningRequestAdapter 'CheckStartStateCollision'
[move_group-20] [INFO] [1777472705.594461578] [move_group.moveit.moveit.planners.ompl.model_based_planning_context]: Planner configuration 'manipulator' will use planner 'geometric::RRTConnect'. Additional configuration parameters will be set when the planner is constructed.
[move_group-20] [INFO] [1777472705.595416338] [move_group]: Calling Planner 'OMPL'
[adl_ui-15] 127.0.0.1 - - [29/Apr/2026 10:25:05] "GET /status_json HTTP/1.1" 200 -
[move_group-20] [INFO] [1777472705.694592314] [move_group]: Calling PlanningResponseAdapter 'AddTimeOptimalParameterization'
[move_group-20] [INFO] [1777472705.712083280] [move_group]: Calling PlanningResponseAdapter 'ValidateSolution'
[move_group-20] [INFO] [1777472705.715900689] [move_group]: Calling PlanningResponseAdapter 'DisplayMotionPath'
[move_group-20] [WARN] [1777472705.716497148] [move_group.moveit.moveit.ros.planning_pipeline]: The planner plugin did not fill out the 'planner_id' field of the MotionPlanResponse. Setting it to the planner ID name of the MotionPlanRequest assuming that the planner plugin does warn you if it does not use the requested planner.
[move_group-20] [INFO] [1777472705.717676837] [move_group.moveit.moveit.plugins.simple_controller_manager]: Returned 2 controllers in list
[move_group-20] [INFO] [1777472705.717732420] [move_group.moveit.moveit.plugins.simple_controller_manager]: Returned 2 controllers in list
[move_group-20] [INFO] [1777472705.717851695] [move_group.moveit.moveit.ros.trajectory_execution_manager]: Validating trajectory with allowed_start_tolerance 0.01
[ros2_control_node-1] [WARN] [1777472705.726196360] [controller_manager]: Overrun might occur, Total time : 4297.606 us (Expected < 1000.000 us) --> Read time : 29.737 us, Update time : 213.615 us, Write time : 4054.254 us
[ros2_control_node-1] [WARN] [1777472705.726298033] [controller_manager]: Overrun detected! The controller manager missed its desired rate of 1000 Hz. The loop took 4.424099 ms (missed cycles : 5).
[move_group-20] [INFO] [1777472705.734417077] [move_group.moveit.moveit.ros.trajectory_execution_manager]: Starting trajectory execution ...
[move_group-20] [INFO] [1777472705.734530018] [move_group.moveit.moveit.plugins.simple_controller_manager]: Returned 2 controllers in list
[move_group-20] [INFO] [1777472705.735034381] [move_group.moveit.moveit.plugins.simple_controller_manager]: Returned 2 controllers in list
[move_group-20] [INFO] [1777472705.735437216] [moveit.simple_controller_manager.follow_joint_trajectory_controller_handle]: sending trajectory to joint_trajectory_controller
[ros2_control_node-1] [INFO] [1777472705.737843583] [joint_trajectory_controller]: Received new action goal
[ros2_control_node-1] [INFO] [1777472705.738913156] [joint_trajectory_controller]: Accepted new action goal
[move_group-20] [INFO] [1777472705.739366557] [moveit.simple_controller_manager.follow_joint_trajectory_controller_handle]: joint_trajectory_controller started execution
[move_group-20] [INFO] [1777472705.739403193] [moveit.simple_controller_manager.follow_joint_trajectory_controller_handle]: Goal request accepted!
[adl_ui-15] 192.168.0.78 - - [29/Apr/2026 10:25:06] "GET /status_json HTTP/1.1" 200 -
[adl_ui-15] 127.0.0.1 - - [29/Apr/2026 10:25:06] "GET /status_json HTTP/1.1" 200 -
[ros2_control_node-1] [WARN] [1777472706.729433709] [controller_manager]: Overrun might occur, Total time : 2512.224 us (Expected < 1000.000 us) --> Read time : 46.209 us, Update time : 280.092 us, Write time : 2185.923 us
[ros2_control_node-1] [WARN] [1777472706.729486985] [controller_manager]: Overrun detected! The controller manager missed its desired rate of 1000 Hz. The loop took 2.613405 ms (missed cycles : 3).
[adl_ui-15] 192.168.0.78 - - [29/Apr/2026 10:25:06] "GET /status_json HTTP/1.1" 200 -
[adl_ui-15] 127.0.0.1 - - [29/Apr/2026 10:25:07] "GET /status_json HTTP/1.1" 200 -
[joint_state_sanitizer-3] [WARN] [1777472707.085650669] [joint_state_sanitizer_node]: [joint_state_sanitizer] Published sanitized joint state: joint_3:+3.134->+3.132
[vision_apriltag-9] [INFO] [1777472707.191726348] [vision_apriltag_node]: Vision AprilTag: images are arriving, but no AprilTag has been seen for 55.8s.
[adl_ui-15] 192.168.0.78 - - [29/Apr/2026 10:25:07] "GET /status_json HTTP/1.1" 200 -
[ros2_control_node-1] [WARN] [1777472707.729691124] [controller_manager]: Overrun might occur, Total time : 2787.512 us (Expected < 1000.000 us) --> Read time : 44.979 us, Update time : 361.539 us, Write time : 2380.994 us
[ros2_control_node-1] [WARN] [1777472707.729780047] [controller_manager]: Overrun detected! The controller manager missed its desired rate of 1000 Hz. The loop took 2.906091 ms (missed cycles : 3).
[adl_ui-15] 127.0.0.1 - - [29/Apr/2026 10:25:07] "GET /status_json HTTP/1.1" 200 -
[vision_apriltag-9] [INFO] [1777472708.066045121] [vision_apriltag_node]: Vision AprilTag detection debug: no tags found after raw/CLAHE/sharp/adaptive/upscaled/tiled passes.
[adl_ui-15] 192.168.0.78 - - [29/Apr/2026 10:25:08] "GET /status_json HTTP/1.1" 200 -
[adl_ui-15] 127.0.0.1 - - [29/Apr/2026 10:25:08] "GET /status_json HTTP/1.1" 200 -
[vision_apriltag-9] [INFO] [1777472708.602341702] [vision_apriltag_node]: Vision AprilTag: images are arriving, but no AprilTag has been seen for 57.2s.
[ros2_control_node-1] [WARN] [1777472708.733113281] [controller_manager]: Overrun might occur, Total time : 4212.254 us (Expected < 1000.000 us) --> Read time : 39.519 us, Update time : 282.654 us, Write time : 3890.081 us
[ros2_control_node-1] [WARN] [1777472708.733194474] [controller_manager]: Overrun detected! The controller manager missed its desired rate of 1000 Hz. The loop took 4.321338 ms (missed cycles : 5).
[adl_ui-15] 192.168.0.78 - - [29/Apr/2026 10:25:09] "GET /status_json HTTP/1.1" 200 -
[adl_ui-15] 127.0.0.1 - - [29/Apr/2026 10:25:09] "GET /status_json HTTP/1.1" 200 -
[ros2_control_node-1] [WARN] [1777472709.736582351] [controller_manager]: Overrun might occur, Total time : 3667.892 us (Expected < 1000.000 us) --> Read time : 66.616 us, Update time : 456.914 us, Write time : 3144.362 us
[ros2_control_node-1] [WARN] [1777472709.736660209] [controller_manager]: Overrun detected! The controller manager missed its desired rate of 1000 Hz. The loop took 3.786147 ms (missed cycles : 4).
[wrist_camera_usb_publisher-8] [INFO] [1777472709.763494391] [wrist_camera_usb_publisher_node]: USB camera publisher heartbeat: publishing 1280x720 frames on /wrist_mounted_camera/image; camera_info fx=920.87, fy=921.57, cx=644.76, cy=343.15.
[adl_ui-15] 192.168.0.78 - - [29/Apr/2026 10:25:09] "GET /status_json HTTP/1.1" 200 -
[adl_ui-15] 127.0.0.1 - - [29/Apr/2026 10:25:10] "GET /status_json HTTP/1.1" 200 -
[vision_apriltag-9] [INFO] [1777472710.598475480] [vision_apriltag_node]: Vision AprilTag: images are arriving, but no AprilTag has been seen for 59.2s.
[adl_ui-15] 192.168.0.78 - - [29/Apr/2026 10:25:10] "GET /status_json HTTP/1.1" 200 -
[ros2_control_node-1] [WARN] [1777472710.738282040] [controller_manager]: Overrun might occur, Total time : 2388.327 us (Expected < 1000.000 us) --> Read time : 28.232 us, Update time : 236.079 us, Write time : 2124.016 us
[ros2_control_node-1] [WARN] [1777472710.738377623] [controller_manager]: Overrun detected! The controller manager missed its desired rate of 1000 Hz. The loop took 2.503585 ms (missed cycles : 3).
[adl_ui-15] 127.0.0.1 - - [29/Apr/2026 10:25:10] "GET /status_json HTTP/1.1" 200 -
[adl_ui-15] 192.168.0.78 - - [29/Apr/2026 10:25:11] "GET /status_json HTTP/1.1" 200 -
[adl_ui-15] 127.0.0.1 - - [29/Apr/2026 10:25:11] "GET /status_json HTTP/1.1" 200 -
[ros2_control_node-1] [WARN] [1777472711.741717191] [controller_manager]: Overrun might occur, Total time : 2819.058 us (Expected < 1000.000 us) --> Read time : 53.714 us, Update time : 323.303 us, Write time : 2442.041 us
[ros2_control_node-1] [WARN] [1777472711.741786798] [controller_manager]: Overrun detected! The controller manager missed its desired rate of 1000 Hz. The loop took 2.913567 ms (missed cycles : 3).
[joint_state_sanitizer-3] [WARN] [1777472712.089085317] [joint_state_sanitizer_node]: [joint_state_sanitizer] Published sanitized joint state: joint_3:-3.140->-3.132
[adl_ui-15] 192.168.0.78 - - [29/Apr/2026 10:25:12] "GET /status_json HTTP/1.1" 200 -
[adl_ui-15] 127.0.0.1 - - [29/Apr/2026 10:25:12] "GET /status_json HTTP/1.1" 200 -
[vision_apriltag-9] [INFO] [1777472712.676073356] [vision_apriltag_node]: Vision AprilTag: images are arriving, but no AprilTag has been seen for 61.3s.
[ros2_control_node-1] [WARN] [1777472712.742985866] [controller_manager]: Overrun might occur, Total time : 3087.496 us (Expected < 1000.000 us) --> Read time : 80.049 us, Update time : 462.364 us, Write time : 2545.083 us
[ros2_control_node-1] [WARN] [1777472712.743055916] [controller_manager]: Overrun detected! The controller manager missed its desired rate of 1000 Hz. The loop took 3.182427 ms (missed cycles : 4).
[adl_ui-15] 192.168.0.78 - - [29/Apr/2026 10:25:12] "GET /status_json HTTP/1.1" 200 -
[vision_apriltag-9] [INFO] [1777472713.115534741] [vision_apriltag_node]: Vision AprilTag detection debug: no tags found after raw/CLAHE/sharp/adaptive/upscaled/tiled passes.
[adl_ui-15] 127.0.0.1 - - [29/Apr/2026 10:25:13] "GET /status_json HTTP/1.1" 200 -
[ros2_control_node-1] [INFO] [1777472713.323000121] [joint_trajectory_controller]: Goal reached, success!
[move_group-20] [INFO] [1777472713.340991204] [moveit.simple_controller_manager.follow_joint_trajectory_controller_handle]: Controller 'joint_trajectory_controller' successfully finished
[move_group-20] [INFO] [1777472713.390420861] [move_group.moveit.moveit.ros.trajectory_execution_manager]: Completed trajectory execution with status SUCCEEDED ...
[move_group-20] [INFO] [1777472713.394549120] [move_group.moveit.moveit.ros.move_group.move_action]: Solution was found and executed.
[give_medication-14] [INFO] [1777472713.402447720] [give_medication_node]: _send_goal: MoveGroup execution completed successfully.
[give_medication-14] [INFO] [1777472713.509202210] [give_medication_node]: _send_goal: settled live EE pose pos=(0.174, -0.152, 0.091), ori=(0.423, 0.577, 0.563, 0.414)
[give_medication-14] [INFO] [1777472713.510066356] [give_medication_node]: [CAL] horizontal side scan joint snapshot: ADL_HORIZONTAL_SIDE_SCAN_JOINT_1=+1.493990 ADL_HORIZONTAL_SIDE_SCAN_JOINT_2=+1.479156 ADL_HORIZONTAL_SIDE_SCAN_JOINT_3=-3.131593 ADL_HORIZONTAL_SIDE_SCAN_JOINT_4=-2.418976 ADL_HORIZONTAL_SIDE_SCAN_JOINT_5=+1.728512 ADL_HORIZONTAL_SIDE_SCAN_JOINT_6=+1.404420 ADL_HORIZONTAL_SIDE_SCAN_JOINT_7=+2.319383
[give_medication-14] [INFO] [1777472713.512929651] [give_medication_node]: Vision ENABLED.
[scene_from_vision-10] [INFO] [1777472713.518017510] [scene_from_vision_node]: Scene scan started for 5.0s. Visible detections will be sampled, filtered, and committed at scan end.
[adl_ui-15] 192.168.0.78 - - [29/Apr/2026 10:25:13] "GET /status_json HTTP/1.1" 200 -
[ros2_control_node-1] [WARN] [1777472713.744348150] [controller_manager]: Overrun might occur, Total time : 2461.749 us (Expected < 1000.000 us) --> Read time : 25.754 us, Update time : 244.250 us, Write time : 2191.745 us
[ros2_control_node-1] [WARN] [1777472713.744403660] [controller_manager]: Overrun detected! The controller manager missed its desired rate of 1000 Hz. The loop took 2.530717 ms (missed cycles : 3).
[adl_ui-15] 127.0.0.1 - - [29/Apr/2026 10:25:13] "GET /status_json HTTP/1.1" 200 -
[adl_ui-15] 192.168.0.78 - - [29/Apr/2026 10:25:14] "GET /status_json HTTP/1.1" 200 -
[vision_apriltag-9] [INFO] [1777472714.597157163] [vision_apriltag_node]: Vision AprilTag: images are arriving, but no AprilTag has been seen for 63.2s.
[adl_ui-15] 127.0.0.1 - - [29/Apr/2026 10:25:14] "GET /status_json HTTP/1.1" 200 -
[ros2_control_node-1] [WARN] [1777472714.746601259] [controller_manager]: Overrun might occur, Total time : 2705.674 us (Expected < 1000.000 us) --> Read time : 39.154 us, Update time : 238.393 us, Write time : 2428.127 us
[ros2_control_node-1] [WARN] [1777472714.746688280] [controller_manager]: Overrun detected! The controller manager missed its desired rate of 1000 Hz. The loop took 2.814771 ms (missed cycles : 3).
[wrist_camera_usb_publisher-8] [INFO] [1777472714.920332025] [wrist_camera_usb_publisher_node]: USB camera publisher heartbeat: publishing 1280x720 frames on /wrist_mounted_camera/image; camera_info fx=920.87, fy=921.57, cx=644.76, cy=343.15.
[adl_ui-15] 192.168.0.78 - - [29/Apr/2026 10:25:15] "GET /status_json HTTP/1.1" 200 -
[adl_ui-15] 127.0.0.1 - - [29/Apr/2026 10:25:15] "GET /status_json HTTP/1.1" 200 -
[ros2_control_node-1] [WARN] [1777472715.748863068] [controller_manager]: Overrun might occur, Total time : 3970.933 us (Expected < 1000.000 us) --> Read time : 31.272 us, Update time : 297.523 us, Write time : 3642.138 us
[ros2_control_node-1] [WARN] [1777472715.748938269] [controller_manager]: Overrun detected! The controller manager missed its desired rate of 1000 Hz. The loop took 4.064879 ms (missed cycles : 5).
[adl_ui-15] 192.168.0.78 - - [29/Apr/2026 10:25:15] "GET /status_json HTTP/1.1" 200 -
[adl_ui-15] 127.0.0.1 - - [29/Apr/2026 10:25:16] "GET /status_json HTTP/1.1" 200 -
[vision_apriltag-9] [INFO] [1777472716.598425853] [vision_apriltag_node]: Vision AprilTag: images are arriving, but no AprilTag has been seen for 65.2s.
[adl_ui-15] 192.168.0.78 - - [29/Apr/2026 10:25:16] "GET /status_json HTTP/1.1" 200 -
[ros2_control_node-1] [WARN] [1777472716.750637173] [controller_manager]: Overrun might occur, Total time : 3732.311 us (Expected < 1000.000 us) --> Read time : 44.270 us, Update time : 265.367 us, Write time : 3422.674 us
[ros2_control_node-1] [WARN] [1777472716.750739100] [controller_manager]: Overrun detected! The controller manager missed its desired rate of 1000 Hz. The loop took 3.864341 ms (missed cycles : 4).
[adl_ui-15] 127.0.0.1 - - [29/Apr/2026 10:25:16] "GET /status_json HTTP/1.1" 200 -
[joint_state_sanitizer-3] [WARN] [1777472717.090379075] [joint_state_sanitizer_node]: [joint_state_sanitizer] Published sanitized joint state: joint_3:-3.138->-3.132
[adl_ui-15] 192.168.0.78 - - [29/Apr/2026 10:25:17] "GET /status_json HTTP/1.1" 200 -
[adl_ui-15] 127.0.0.1 - - [29/Apr/2026 10:25:17] "GET /status_json HTTP/1.1" 200 -
[ros2_control_node-1] [WARN] [1777472717.753696515] [controller_manager]: Overrun might occur, Total time : 2801.687 us (Expected < 1000.000 us) --> Read time : 35.738 us, Update time : 232.684 us, Write time : 2533.265 us
[ros2_control_node-1] [WARN] [1777472717.753766504] [controller_manager]: Overrun detected! The controller manager missed its desired rate of 1000 Hz. The loop took 2.892863 ms (missed cycles : 3).
[adl_ui-15] 192.168.0.78 - - [29/Apr/2026 10:25:18] "GET /status_json HTTP/1.1" 200 -
[adl_ui-15] 127.0.0.1 - - [29/Apr/2026 10:25:18] "GET /status_json HTTP/1.1" 200 -
[vision_apriltag-9] [INFO] [1777472718.402158461] [vision_apriltag_node]: Vision AprilTag detection debug: 1:cv2.solvePnP_ippe_square:raw@(689,382)
[vision_apriltag-9] [INFO] [1777472718.403860682] [vision_apriltag_node]: Vision AprilTag visible IDs: [1]
[scene_from_vision-10] [WARN] [1777472718.560768741] [scene_from_vision_node]: Scene scan extending by 1.5s (1/2) because no pose samples collected yet.
[vision_apriltag-9] [INFO] [1777472718.563523098] [vision_apriltag_node]: Service: Tag 1 found and base-frame pose returned.
[vision_apriltag-9] [INFO] [1777472718.677495451] [vision_apriltag_node]: Service: Tag 1 found and base-frame pose returned.
[ros2_control_node-1] [WARN] [1777472718.755675708] [controller_manager]: Overrun might occur, Total time : 3774.261 us (Expected < 1000.000 us) --> Read time : 59.091 us, Update time : 246.399 us, Write time : 3468.771 us
[ros2_control_node-1] [WARN] [1777472718.755751792] [controller_manager]: Overrun detected! The controller manager missed its desired rate of 1000 Hz. The loop took 3.878367 ms (missed cycles : 4).
[vision_apriltag-9] [INFO] [1777472718.768044006] [vision_apriltag_node]: Service: Tag 1 found and base-frame pose returned.
[adl_ui-15] 192.168.0.78 - - [29/Apr/2026 10:25:18] "GET /status_json HTTP/1.1" 200 -
[vision_apriltag-9] [INFO] [1777472718.868979469] [vision_apriltag_node]: Service: Tag 1 found and base-frame pose returned.
[vision_apriltag-9] [INFO] [1777472718.969331141] [vision_apriltag_node]: Service: Tag 1 found and base-frame pose returned.
[vision_apriltag-9] [INFO] [1777472719.069830967] [vision_apriltag_node]: Service: Tag 1 found and base-frame pose returned.
[adl_ui-15] 127.0.0.1 - - [29/Apr/2026 10:25:19] "GET /status_json HTTP/1.1" 200 -
[vision_apriltag-9] [INFO] [1777472719.171040889] [vision_apriltag_node]: Service: Tag 1 found and base-frame pose returned.
[vision_apriltag-9] [INFO] [1777472719.270883469] [vision_apriltag_node]: Service: Tag 1 found and base-frame pose returned.
[vision_apriltag-9] [INFO] [1777472719.372894348] [vision_apriltag_node]: Service: Tag 1 found and base-frame pose returned.
[vision_apriltag-9] [INFO] [1777472719.434396642] [vision_apriltag_node]: Service: Tag 1 found and base-frame pose returned.
[vision_apriltag-9] [INFO] [1777472719.473572347] [vision_apriltag_node]: Service: Tag 1 found and base-frame pose returned.
[vision_apriltag-9] [INFO] [1777472719.573242539] [vision_apriltag_node]: Service: Tag 1 found and base-frame pose returned.
[adl_ui-15] 192.168.0.78 - - [29/Apr/2026 10:25:19] "GET /status_json HTTP/1.1" 200 -
[vision_apriltag-9] [INFO] [1777472719.673897862] [vision_apriltag_node]: Service: Tag 1 found and base-frame pose returned.
[ros2_control_node-1] [WARN] [1777472719.756488279] [controller_manager]: Overrun might occur, Total time : 2599.748 us (Expected < 1000.000 us) --> Read time : 28.989 us, Update time : 194.066 us, Write time : 2376.693 us
[ros2_control_node-1] [WARN] [1777472719.756546992] [controller_manager]: Overrun detected! The controller manager missed its desired rate of 1000 Hz. The loop took 2.673788 ms (missed cycles : 3).
[vision_apriltag-9] [INFO] [1777472719.774611581] [vision_apriltag_node]: Service: Tag 1 found and base-frame pose returned.
[vision_apriltag-9] [INFO] [1777472719.875643545] [vision_apriltag_node]: Service: Tag 1 found and base-frame pose returned.
[adl_ui-15] 127.0.0.1 - - [29/Apr/2026 10:25:19] "GET /status_json HTTP/1.1" 200 -
[vision_apriltag-9] [INFO] [1777472719.976832655] [vision_apriltag_node]: Service: Tag 1 found and base-frame pose returned.
[wrist_camera_usb_publisher-8] [INFO] [1777472720.092432890] [wrist_camera_usb_publisher_node]: USB camera publisher heartbeat: publishing 1280x720 frames on /wrist_mounted_camera/image; camera_info fx=920.87, fy=921.57, cx=644.76, cy=343.15.
[scene_from_vision-10] [INFO] [1777472720.113199792] [scene_from_vision_node]: Scan committed tag 1: raw=16, accepted=16, rejected=0, median tag pose x=0.804, y=0.013, z=0.109. object center x=0.730, y=0.006, z=0.143, yaw=-124.6deg. table_delta x=+0.048, y=+0.006.
[scene_from_vision-10] [INFO] [1777472720.116922896] [scene_from_vision_node]: Published obj_1 (new) at x=0.730, y=0.006, z=0.143, yaw=-124.6deg
[scene_from_vision-10] [INFO] [1777472720.119830318] [scene_from_vision_node]: Scene scan complete. Remembered object IDs: [1]
[give_medication-14] [INFO] [1777472720.174555490] [give_medication_node]: Scene scan complete. Remembered object IDs: [1]
[give_medication-14] [INFO] [1777472720.282202625] [give_medication_node]: Medication startup scene scan remembered IDs: [1]
[vision_apriltag-9] [INFO] [1777472720.298590352] [vision_apriltag_node]: Service: Tag 1 found and base-frame pose returned.
[give_medication-14] [INFO] [1777472720.306329856] [give_medication_node]: Using live medication tag pose for QR/front-entry geometry.
[give_medication-14] [INFO] [1777472720.308032478] [give_medication_node]: [Medication] QR geometry pose applying medication world XY offset (-0.090m, -0.030m).
[give_medication-14] [INFO] [1777472720.308991508] [give_medication_node]: [Medication] QR geometry pose applying final XY nudge (-0.070m, +0.000m).
[give_medication-14] [INFO] [1777472720.309520959] [give_medication_node]: [Medication] QR geometry tag pose: pos=(0.644, -0.017, 0.109), ori=(-0.237, -0.637, 0.711, 0.180)
[give_medication-14] [INFO] [1777472720.313824276] [give_medication_node]: [Medication] QR-read final view lowered by 0.018m for face-text framing.
[give_medication-14] [WARN] [1777472720.314948150] [give_medication_node]: [Medication] QR-read pose z=0.125m is below configured minimum 0.155m; clamping upward for table safety.
[give_medication-14] [INFO] [1777472720.315964676] [give_medication_node]: [Medication] QR-read stand-off target=0.206m (before=+0.116m, delta=0.070m, tag_backoff=0.020m, source=obj.ee_to_pinch_center_m -> side_face_to_ee_grasp_standoff).
[give_medication-14] [INFO] [1777472720.316627062] [give_medication_node]: [Medication] Grasp pose: pos=(0.737, -0.081, 0.143), ori=(0.210, 0.675, 0.675, 0.210)
[give_medication-14] [INFO] [1777472720.317322783] [give_medication_node]: [Medication] Approach pose: pos=(0.721, -0.104, 0.143), ori=(0.210, 0.675, 0.675, 0.210)
[give_medication-14] [INFO] [1777472720.319448929] [give_medication_node]: [Medication] QR-read pose: pos=(0.526, -0.185, 0.155), ori=(0.210, 0.675, 0.675, 0.210)
[give_medication-14] [WARN] [1777472720.320825300] [give_medication_node]: [Medication] QR-read target z=0.155m is below table-safe floor 0.203m; clamping upward.
[give_medication-14] [WARN] [1777472720.321880271] [give_medication_node]: [Medication] QR front-entry z=0.155m is below table-safe floor 0.203m; clamping upward.
[give_medication-14] [INFO] [1777472720.322573421] [give_medication_node]: Scene LOCKED.
[scene_from_vision-10] [INFO] [1777472720.324817114] [scene_from_vision_node]: Scene LOCKED - updates paused.
[adl_ui-15] 192.168.0.78 - - [29/Apr/2026 10:25:20] "GET /status_json HTTP/1.1" 200 -
[give_medication-14] [INFO] [1777472720.473582259] [give_medication_node]: Added temporary table-top keepout 'obj_1_qr_table_top_keepout' (size=(0.575,0.575,0.110)m, base_z=0.098m, top_z=0.208m, inset_xy=(0.000,0.000)m).
[vision_apriltag-9] [INFO] [1777472720.616869627] [vision_apriltag_node]: Vision AprilTag: scene is locked; detection publishing is paused.
[give_medication-14] [INFO] [1777472720.627560690] [give_medication_node]: go_to_position: (0.526,-0.185, 0.283) - orientation free
[give_medication-14] [INFO] [1777472720.630719662] [give_medication_node]: _send_goal: dispatching MoveGroup request group=manipulator, attempts=10, allowed_time=10.00s, vel_scale=0.250, accel_scale=0.250, gc1:pos(frame=base_link, link=end_effector_link, tol=0.060, pos=(0.526, -0.185, 0.283), ori=(0.210, 0.675, 0.675, 0.210))
[move_group-20] [ERROR] [1777472720.634702320] [move_group.moveit.moveit.core.conversions]: Found empty JointState message
[adl_ui-15] 127.0.0.1 - - [29/Apr/2026 10:25:20] "GET /status_json HTTP/1.1" 200 -
[give_medication-14] [INFO] [1777472720.649149378] [give_medication_node]: Start state: collision-valid — no collisions (not a joint-bounds check).
[move_group-20] [INFO] [1777472720.652211754] [move_group.moveit.moveit.ros.move_group.move_action]: MoveGroupMoveAction: Received request
[move_group-20] [INFO] [1777472720.654752067] [move_group.moveit.moveit.ros.move_group.move_action]: executing..
[give_medication-14] [INFO] [1777472720.661358977] [give_medication_node]: _send_goal: MoveGroup goal accepted.
[move_group-20] [INFO] [1777472720.671043054] [move_group.moveit.moveit.ros.move_group.move_action]: Combined planning and execution request received for MoveGroup action. Forwarding to planning and execution pipeline.
[move_group-20] [WARN] [1777472720.671116110] [move_group.moveit.moveit.ros.move_group.capability]: Execution of motions should always start at the robot's current state. Ignoring the state supplied as start state in the motion planning request
[move_group-20] [WARN] [1777472720.671143662] [move_group.moveit.moveit.ros.move_group.capability]: Execution of motions should always start at the robot's current state. Ignoring the state supplied as difference in the planning scene diff
[move_group-20] [INFO] [1777472720.671159157] [move_group.moveit.moveit.ros.plan_execution]: Planning attempt 1 of at most 1
[move_group-20] [INFO] [1777472720.671533140] [move_group]: Calling PlanningRequestAdapter 'ResolveConstraintFrames'
[move_group-20] [INFO] [1777472720.671580350] [move_group]: Calling PlanningRequestAdapter 'ValidateWorkspaceBounds'
[move_group-20] [INFO] [1777472720.671603097] [move_group]: Calling PlanningRequestAdapter 'CheckStartStateBounds'
[move_group-20] [INFO] [1777472720.671645824] [move_group]: Calling PlanningRequestAdapter 'CheckStartStateCollision'
[move_group-20] [INFO] [1777472720.672401139] [move_group.moveit.moveit.planners.ompl.model_based_planning_context]: Planner configuration 'manipulator' will use planner 'geometric::RRTConnect'. Additional configuration parameters will be set when the planner is constructed.
[move_group-20] [INFO] [1777472720.672543491] [move_group]: Calling Planner 'OMPL'
[move_group-20] [INFO] [1777472720.744599786] [move_group]: Calling PlanningResponseAdapter 'AddTimeOptimalParameterization'
[ros2_control_node-1] [WARN] [1777472720.757005065] [controller_manager]: Overrun might occur, Total time : 2122.160 us (Expected < 1000.000 us) --> Read time : 13.401 us, Update time : 109.902 us, Write time : 1998.857 us
[ros2_control_node-1] [WARN] [1777472720.757044543] [controller_manager]: Overrun detected! The controller manager missed its desired rate of 1000 Hz. The loop took 2.172085 ms (missed cycles : 3).
[move_group-20] [INFO] [1777472720.778714814] [move_group]: Calling PlanningResponseAdapter 'ValidateSolution'
[move_group-20] [INFO] [1777472720.783320985] [move_group]: Calling PlanningResponseAdapter 'DisplayMotionPath'
[move_group-20] [WARN] [1777472720.783785707] [move_group.moveit.moveit.ros.planning_pipeline]: The planner plugin did not fill out the 'planner_id' field of the MotionPlanResponse. Setting it to the planner ID name of the MotionPlanRequest assuming that the planner plugin does warn you if it does not use the requested planner.
[move_group-20] [INFO] [1777472720.784345393] [move_group.moveit.moveit.plugins.simple_controller_manager]: Returned 2 controllers in list
[move_group-20] [INFO] [1777472720.784424178] [move_group.moveit.moveit.plugins.simple_controller_manager]: Returned 2 controllers in list
[move_group-20] [INFO] [1777472720.784560581] [move_group.moveit.moveit.ros.trajectory_execution_manager]: Validating trajectory with allowed_start_tolerance 0.01
[move_group-20] [INFO] [1777472720.790197913] [move_group.moveit.moveit.ros.trajectory_execution_manager]: Starting trajectory execution ...
[move_group-20] [INFO] [1777472720.790266384] [move_group.moveit.moveit.plugins.simple_controller_manager]: Returned 2 controllers in list
[move_group-20] [INFO] [1777472720.790298160] [move_group.moveit.moveit.plugins.simple_controller_manager]: Returned 2 controllers in list
[move_group-20] [INFO] [1777472720.790482788] [moveit.simple_controller_manager.follow_joint_trajectory_controller_handle]: sending trajectory to joint_trajectory_controller
[ros2_control_node-1] [INFO] [1777472720.790979914] [joint_trajectory_controller]: Received new action goal
[ros2_control_node-1] [INFO] [1777472720.791084585] [joint_trajectory_controller]: Accepted new action goal
[move_group-20] [INFO] [1777472720.791239403] [moveit.simple_controller_manager.follow_joint_trajectory_controller_handle]: joint_trajectory_controller started execution
[move_group-20] [INFO] [1777472720.791252470] [moveit.simple_controller_manager.follow_joint_trajectory_controller_handle]: Goal request accepted!
[adl_ui-15] 192.168.0.78 - - [29/Apr/2026 10:25:21] "GET /status_json HTTP/1.1" 200 -
[adl_ui-15] 127.0.0.1 - - [29/Apr/2026 10:25:21] "GET /status_json HTTP/1.1" 200 -
[ros2_control_node-1] [WARN] [1777472721.759940377] [controller_manager]: Overrun might occur, Total time : 3010.039 us (Expected < 1000.000 us) --> Read time : 32.951 us, Update time : 328.400 us, Write time : 2648.688 us
[ros2_control_node-1] [WARN] [1777472721.760044271] [controller_manager]: Overrun detected! The controller manager missed its desired rate of 1000 Hz. The loop took 3.169652 ms (missed cycles : 4).
[adl_ui-15] 192.168.0.78 - - [29/Apr/2026 10:25:21] "GET /status_json HTTP/1.1" 200 -
[adl_ui-15] 127.0.0.1 - - [29/Apr/2026 10:25:22] "GET /status_json HTTP/1.1" 200 -
[adl_ui-15] 192.168.0.78 - - [29/Apr/2026 10:25:22] "GET /status_json HTTP/1.1" 200 -
[vision_apriltag-9] [INFO] [1777472722.600207151] [vision_apriltag_node]: Vision AprilTag: scene is locked; detection publishing is paused.
[ros2_control_node-1] [WARN] [1777472722.760963970] [controller_manager]: Overrun might occur, Total time : 2993.757 us (Expected < 1000.000 us) --> Read time : 43.415 us, Update time : 295.266 us, Write time : 2655.076 us
[ros2_control_node-1] [WARN] [1777472722.761031099] [controller_manager]: Overrun detected! The controller manager missed its desired rate of 1000 Hz. The loop took 3.157695 ms (missed cycles : 4).
[adl_ui-15] 127.0.0.1 - - [29/Apr/2026 10:25:22] "GET /status_json HTTP/1.1" 200 -
[adl_ui-15] 192.168.0.78 - - [29/Apr/2026 10:25:23] "GET /status_json HTTP/1.1" 200 -
[adl_ui-15] 127.0.0.1 - - [29/Apr/2026 10:25:23] "GET /status_json HTTP/1.1" 200 -
[ros2_control_node-1] [WARN] [1777472723.763359602] [controller_manager]: Overrun might occur, Total time : 2460.186 us (Expected < 1000.000 us) --> Read time : 29.976 us, Update time : 238.155 us, Write time : 2192.055 us
[ros2_control_node-1] [WARN] [1777472723.763440721] [controller_manager]: Overrun detected! The controller manager missed its desired rate of 1000 Hz. The loop took 2.566947 ms (missed cycles : 3).
[adl_ui-15] 192.168.0.78 - - [29/Apr/2026 10:25:24] "GET /status_json HTTP/1.1" 200 -
[adl_ui-15] 127.0.0.1 - - [29/Apr/2026 10:25:24] "GET /status_json HTTP/1.1" 200 -
[vision_apriltag-9] [INFO] [1777472724.597867399] [vision_apriltag_node]: Vision AprilTag: scene is locked; detection publishing is paused.
[ros2_control_node-1] [WARN] [1777472724.764778482] [controller_manager]: Overrun might occur, Total time : 2856.472 us (Expected < 1000.000 us) --> Read time : 26.830 us, Update time : 218.066 us, Write time : 2611.576 us
[ros2_control_node-1] [WARN] [1777472724.764844583] [controller_manager]: Overrun detected! The controller manager missed its desired rate of 1000 Hz. The loop took 2.971189 ms (missed cycles : 3).
[adl_ui-15] 192.168.0.78 - - [29/Apr/2026 10:25:24] "GET /status_json HTTP/1.1" 200 -
[adl_ui-15] 127.0.0.1 - - [29/Apr/2026 10:25:25] "GET /status_json HTTP/1.1" 200 -
[wrist_camera_usb_publisher-8] [INFO] [1777472725.244318549] [wrist_camera_usb_publisher_node]: USB camera publisher heartbeat: publishing 1280x720 frames on /wrist_mounted_camera/image; camera_info fx=920.87, fy=921.57, cx=644.76, cy=343.15.
[adl_ui-15] 192.168.0.78 - - [29/Apr/2026 10:25:25] "GET /status_json HTTP/1.1" 200 -
[joint_state_sanitizer-3] [WARN] [1777472725.675425283] [joint_state_sanitizer_node]: [joint_state_sanitizer] Published sanitized joint state: joint_7:+3.134->+3.132
[ros2_control_node-1] [WARN] [1777472725.765138332] [controller_manager]: Overrun might occur, Total time : 3141.430 us (Expected < 1000.000 us) --> Read time : 64.832 us, Update time : 361.876 us, Write time : 2714.722 us
[ros2_control_node-1] [WARN] [1777472725.765225346] [controller_manager]: Overrun detected! The controller manager missed its desired rate of 1000 Hz. The loop took 3.351727 ms (missed cycles : 4).
[adl_ui-15] 127.0.0.1 - - [29/Apr/2026 10:25:25] "GET /status_json HTTP/1.1" 200 -
[adl_ui-15] 192.168.0.78 - - [29/Apr/2026 10:25:26] "GET /status_json HTTP/1.1" 200 -
[vision_apriltag-9] [INFO] [1777472726.597875608] [vision_apriltag_node]: Vision AprilTag: scene is locked; detection publishing is paused.
[adl_ui-15] 127.0.0.1 - - [29/Apr/2026 10:25:26] "GET /status_json HTTP/1.1" 200 -
[ros2_control_node-1] [WARN] [1777472726.767709857] [controller_manager]: Overrun might occur, Total time : 2813.608 us (Expected < 1000.000 us) --> Read time : 29.599 us, Update time : 226.415 us, Write time : 2557.594 us
[ros2_control_node-1] [WARN] [1777472726.767788643] [controller_manager]: Overrun detected! The controller manager missed its desired rate of 1000 Hz. The loop took 2.914960 ms (missed cycles : 3).
[adl_ui-15] 192.168.0.78 - - [29/Apr/2026 10:25:27] "GET /status_json HTTP/1.1" 200 -
[adl_ui-15] 127.0.0.1 - - [29/Apr/2026 10:25:27] "GET /status_json HTTP/1.1" 200 -
[ros2_control_node-1] [WARN] [1777472727.768761797] [controller_manager]: Overrun might occur, Total time : 2836.791 us (Expected < 1000.000 us) --> Read time : 31.354 us, Update time : 250.544 us, Write time : 2554.893 us
[ros2_control_node-1] [WARN] [1777472727.768838731] [controller_manager]: Overrun detected! The controller manager missed its desired rate of 1000 Hz. The loop took 2.965298 ms (missed cycles : 3).
[adl_ui-15] 192.168.0.78 - - [29/Apr/2026 10:25:27] "GET /status_json HTTP/1.1" 200 -
[adl_ui-15] 127.0.0.1 - - [29/Apr/2026 10:25:28] "GET /status_json HTTP/1.1" 200 -
[adl_ui-15] 192.168.0.78 - - [29/Apr/2026 10:25:28] "GET /status_json HTTP/1.1" 200 -
[vision_apriltag-9] [INFO] [1777472728.608794849] [vision_apriltag_node]: Vision AprilTag: scene is locked; detection publishing is paused.
[ros2_control_node-1] [WARN] [1777472728.769607970] [controller_manager]: Overrun might occur, Total time : 2705.465 us (Expected < 1000.000 us) --> Read time : 27.776 us, Update time : 254.754 us, Write time : 2422.935 us
[ros2_control_node-1] [WARN] [1777472728.769713708] [controller_manager]: Overrun detected! The controller manager missed its desired rate of 1000 Hz. The loop took 2.839687 ms (missed cycles : 3).
[adl_ui-15] 127.0.0.1 - - [29/Apr/2026 10:25:28] "GET /status_json HTTP/1.1" 200 -
[adl_ui-15] 192.168.0.78 - - [29/Apr/2026 10:25:29] "GET /status_json HTTP/1.1" 200 -
[adl_ui-15] 127.0.0.1 - - [29/Apr/2026 10:25:29] "GET /status_json HTTP/1.1" 200 -
[ros2_control_node-1] [WARN] [1777472729.769924830] [controller_manager]: Overrun might occur, Total time : 2977.037 us (Expected < 1000.000 us) --> Read time : 59.374 us, Update time : 505.332 us, Write time : 2412.331 us
[ros2_control_node-1] [WARN] [1777472729.770017929] [controller_manager]: Overrun detected! The controller manager missed its desired rate of 1000 Hz. The loop took 3.143629 ms (missed cycles : 4).
[adl_ui-15] 192.168.0.78 - - [29/Apr/2026 10:25:30] "GET /status_json HTTP/1.1" 200 -
[wrist_camera_usb_publisher-8] [INFO] [1777472730.407411437] [wrist_camera_usb_publisher_node]: USB camera publisher heartbeat: publishing 1280x720 frames on /wrist_mounted_camera/image; camera_info fx=920.87, fy=921.57, cx=644.76, cy=343.15.
[adl_ui-15] 127.0.0.1 - - [29/Apr/2026 10:25:30] "GET /status_json HTTP/1.1" 200 -
[vision_apriltag-9] [INFO] [1777472730.600513124] [vision_apriltag_node]: Vision AprilTag: scene is locked; detection publishing is paused.
[ros2_control_node-1] [WARN] [1777472730.773400999] [controller_manager]: Overrun might occur, Total time : 3479.987 us (Expected < 1000.000 us) --> Read time : 64.611 us, Update time : 553.231 us, Write time : 2862.145 us
[ros2_control_node-1] [WARN] [1777472730.773525272] [controller_manager]: Overrun detected! The controller manager missed its desired rate of 1000 Hz. The loop took 3.649306 ms (missed cycles : 4).
[adl_ui-15] 192.168.0.78 - - [29/Apr/2026 10:25:30] "GET /status_json HTTP/1.1" 200 -
[adl_ui-15] 127.0.0.1 - - [29/Apr/2026 10:25:31] "GET /status_json HTTP/1.1" 200 -
[joint_state_sanitizer-3] [WARN] [1777472731.360560558] [joint_state_sanitizer_node]: [joint_state_sanitizer] Published sanitized joint state: joint_7:-3.134->-3.132
[adl_ui-15] 192.168.0.78 - - [29/Apr/2026 10:25:31] "GET /status_json HTTP/1.1" 200 -
[ros2_control_node-1] [WARN] [1777472731.777279921] [controller_manager]: Overrun might occur, Total time : 3343.848 us (Expected < 1000.000 us) --> Read time : 48.965 us, Update time : 592.468 us, Write time : 2702.415 us
[ros2_control_node-1] [WARN] [1777472731.777421843] [controller_manager]: Overrun detected! The controller manager missed its desired rate of 1000 Hz. The loop took 3.546921 ms (missed cycles : 4).
[adl_ui-15] 127.0.0.1 - - [29/Apr/2026 10:25:31] "GET /status_json HTTP/1.1" 200 -
[adl_ui-15] 192.168.0.78 - - [29/Apr/2026 10:25:32] "GET /status_json HTTP/1.1" 200 -
[vision_apriltag-9] [INFO] [1777472732.599666985] [vision_apriltag_node]: Vision AprilTag: scene is locked; detection publishing is paused.
[adl_ui-15] 127.0.0.1 - - [29/Apr/2026 10:25:32] "GET /status_json HTTP/1.1" 200 -
[ros2_control_node-1] [WARN] [1777472732.779929539] [controller_manager]: Overrun might occur, Total time : 4023.391 us (Expected < 1000.000 us) --> Read time : 51.927 us, Update time : 444.978 us, Write time : 3526.486 us
[ros2_control_node-1] [WARN] [1777472732.780051888] [controller_manager]: Overrun detected! The controller manager missed its desired rate of 1000 Hz. The loop took 4.175985 ms (missed cycles : 5).
[adl_ui-15] 192.168.0.78 - - [29/Apr/2026 10:25:33] "GET /status_json HTTP/1.1" 200 -
[adl_ui-15] 127.0.0.1 - - [29/Apr/2026 10:25:33] "GET /status_json HTTP/1.1" 200 -
[ros2_control_node-1] [WARN] [1777472733.783807495] [controller_manager]: Overrun might occur, Total time : 2897.152 us (Expected < 1000.000 us) --> Read time : 45.007 us, Update time : 380.559 us, Write time : 2471.586 us
[ros2_control_node-1] [WARN] [1777472733.783898791] [controller_manager]: Overrun detected! The controller manager missed its desired rate of 1000 Hz. The loop took 3.024574 ms (missed cycles : 4).
[adl_ui-15] 192.168.0.78 - - [29/Apr/2026 10:25:33] "GET /status_json HTTP/1.1" 200 -
[adl_ui-15] 127.0.0.1 - - [29/Apr/2026 10:25:34] "GET /status_json HTTP/1.1" 200 -
[adl_ui-15] 192.168.0.78 - - [29/Apr/2026 10:25:34] "GET /status_json HTTP/1.1" 200 -
[vision_apriltag-9] [INFO] [1777472734.609042546] [vision_apriltag_node]: Vision AprilTag: scene is locked; detection publishing is paused.
[ros2_control_node-1] [WARN] [1777472734.783908114] [controller_manager]: Overrun might occur, Total time : 2991.892 us (Expected < 1000.000 us) --> Read time : 49.063 us, Update time : 337.335 us, Write time : 2605.494 us
[ros2_control_node-1] [WARN] [1777472734.784014534] [controller_manager]: Overrun detected! The controller manager missed its desired rate of 1000 Hz. The loop took 3.140212 ms (missed cycles : 4).
[adl_ui-15] 127.0.0.1 - - [29/Apr/2026 10:25:34] "GET /status_json HTTP/1.1" 200 -
[adl_ui-15] 192.168.0.78 - - [29/Apr/2026 10:25:35] "GET /status_json HTTP/1.1" 200 -
[wrist_camera_usb_publisher-8] [INFO] [1777472735.565743855] [wrist_camera_usb_publisher_node]: USB camera publisher heartbeat: publishing 1280x720 frames on /wrist_mounted_camera/image; camera_info fx=920.87, fy=921.57, cx=644.76, cy=343.15.
[adl_ui-15] 127.0.0.1 - - [29/Apr/2026 10:25:35] "GET /status_json HTTP/1.1" 200 -
[ros2_control_node-1] [WARN] [1777472735.784994783] [controller_manager]: Overrun might occur, Total time : 3087.379 us (Expected < 1000.000 us) --> Read time : 61.594 us, Update time : 341.808 us, Write time : 2683.977 us
[ros2_control_node-1] [WARN] [1777472735.785076236] [controller_manager]: Overrun detected! The controller manager missed its desired rate of 1000 Hz. The loop took 3.201946 ms (missed cycles : 4).
[adl_ui-15] 192.168.0.78 - - [29/Apr/2026 10:25:36] "GET /status_json HTTP/1.1" 200 -
[adl_ui-15] 127.0.0.1 - - [29/Apr/2026 10:25:36] "GET /status_json HTTP/1.1" 200 -
[vision_apriltag-9] [INFO] [1777472736.599222123] [vision_apriltag_node]: Vision AprilTag: scene is locked; detection publishing is paused.
[joint_state_sanitizer-3] [WARN] [1777472736.777656342] [joint_state_sanitizer_node]: [joint_state_sanitizer] Published sanitized joint state: joint_1:-3.134->-3.132
[ros2_control_node-1] [WARN] [1777472736.787832929] [controller_manager]: Overrun might occur, Total time : 2909.532 us (Expected < 1000.000 us) --> Read time : 27.437 us, Update time : 220.823 us, Write time : 2661.272 us
[ros2_control_node-1] [WARN] [1777472736.787901112] [controller_manager]: Overrun detected! The controller manager missed its desired rate of 1000 Hz. The loop took 3.027642 ms (missed cycles : 4).
[adl_ui-15] 192.168.0.78 - - [29/Apr/2026 10:25:36] "GET /status_json HTTP/1.1" 200 -
[adl_ui-15] 127.0.0.1 - - [29/Apr/2026 10:25:37] "GET /status_json HTTP/1.1" 200 -
[adl_ui-15] 192.168.0.78 - - [29/Apr/2026 10:25:37] "GET /status_json HTTP/1.1" 200 -
[ros2_control_node-1] [WARN] [1777472737.790921313] [controller_manager]: Overrun might occur, Total time : 2985.665 us (Expected < 1000.000 us) --> Read time : 33.459 us, Update time : 256.006 us, Write time : 2696.200 us
[ros2_control_node-1] [WARN] [1777472737.791021209] [controller_manager]: Overrun detected! The controller manager missed its desired rate of 1000 Hz. The loop took 3.146313 ms (missed cycles : 4).
[adl_ui-15] 127.0.0.1 - - [29/Apr/2026 10:25:37] "GET /status_json HTTP/1.1" 200 -
[adl_ui-15] 192.168.0.78 - - [29/Apr/2026 10:25:38] "GET /status_json HTTP/1.1" 200 -
[vision_apriltag-9] [INFO] [1777472738.598076063] [vision_apriltag_node]: Vision AprilTag: scene is locked; detection publishing is paused.
[adl_ui-15] 127.0.0.1 - - [29/Apr/2026 10:25:38] "GET /status_json HTTP/1.1" 200 -
[ros2_control_node-1] [WARN] [1777472738.793959720] [controller_manager]: Overrun might occur, Total time : 3053.991 us (Expected < 1000.000 us) --> Read time : 45.310 us, Update time : 346.620 us, Write time : 2662.061 us
[ros2_control_node-1] [WARN] [1777472738.794047056] [controller_manager]: Overrun detected! The controller manager missed its desired rate of 1000 Hz. The loop took 3.172521 ms (missed cycles : 4).
[ros2_control_node-1] [INFO] [1777472738.913152762] [joint_trajectory_controller]: Goal reached, success!
[move_group-20] [INFO] [1777472738.992093010] [moveit.simple_controller_manager.follow_joint_trajectory_controller_handle]: Controller 'joint_trajectory_controller' successfully finished
[move_group-20] [INFO] [1777472739.050281415] [move_group.moveit.moveit.ros.trajectory_execution_manager]: Completed trajectory execution with status SUCCEEDED ...
[move_group-20] [INFO] [1777472739.060684785] [move_group.moveit.moveit.ros.move_group.move_action]: Solution was found and executed.
[give_medication-14] [INFO] [1777472739.077318831] [give_medication_node]: _send_goal: MoveGroup execution completed successfully.
[adl_ui-15] 192.168.0.78 - - [29/Apr/2026 10:25:39] "GET /status_json HTTP/1.1" 200 -
[give_medication-14] [INFO] [1777472739.183487485] [give_medication_node]: _send_goal: settled live EE pose pos=(0.516, -0.170, 0.286), ori=(0.701, -0.225, 0.310, 0.601)
[give_medication-14] [INFO] [1777472739.284808550] [give_medication_node]: go_to_pose: planning request frame_id=base_link, orientation_required=True, tol_pos=0.060, tol_ori_xy=0.400, tol_ori_z=1.100, target=pos=(0.526, -0.185, 0.283), ori=(0.210, 0.675, 0.675, 0.210)
[give_medication-14] [INFO] [1777472739.286144555] [give_medication_node]: _send_goal: dispatching MoveGroup request group=manipulator, attempts=10, allowed_time=10.00s, vel_scale=0.250, accel_scale=0.250, gc1:pos(frame=base_link, link=end_effector_link, tol=0.060, pos=(0.526, -0.185, 0.283), ori=(0.210, 0.675, 0.675, 0.210)); gc1:ori(frame=base_link, link=end_effector_link, tol_xy=0.400, tol_z=1.100, ori=(+0.210, +0.675, +0.675, +0.210))
[move_group-20] [ERROR] [1777472739.287059324] [move_group.moveit.moveit.core.conversions]: Found empty JointState message
[give_medication-14] [INFO] [1777472739.297000490] [give_medication_node]: Start state: collision-valid — no collisions (not a joint-bounds check).
[move_group-20] [INFO] [1777472739.299494191] [move_group.moveit.moveit.ros.move_group.move_action]: MoveGroupMoveAction: Received request
[move_group-20] [INFO] [1777472739.299998818] [move_group.moveit.moveit.ros.move_group.move_action]: executing..
[give_medication-14] [INFO] [1777472739.308005239] [give_medication_node]: _send_goal: MoveGroup goal accepted.
[move_group-20] [INFO] [1777472739.310472103] [move_group.moveit.moveit.ros.move_group.move_action]: Combined planning and execution request received for MoveGroup action. Forwarding to planning and execution pipeline.
[move_group-20] [WARN] [1777472739.310557224] [move_group.moveit.moveit.ros.move_group.capability]: Execution of motions should always start at the robot's current state. Ignoring the state supplied as start state in the motion planning request
[move_group-20] [WARN] [1777472739.310602433] [move_group.moveit.moveit.ros.move_group.capability]: Execution of motions should always start at the robot's current state. Ignoring the state supplied as difference in the planning scene diff
[move_group-20] [INFO] [1777472739.310626943] [move_group.moveit.moveit.ros.plan_execution]: Planning attempt 1 of at most 1
[move_group-20] [INFO] [1777472739.311326846] [move_group]: Calling PlanningRequestAdapter 'ResolveConstraintFrames'
[move_group-20] [INFO] [1777472739.311417199] [move_group]: Calling PlanningRequestAdapter 'ValidateWorkspaceBounds'
[move_group-20] [INFO] [1777472739.311453708] [move_group]: Calling PlanningRequestAdapter 'CheckStartStateBounds'
[move_group-20] [INFO] [1777472739.311529809] [move_group]: Calling PlanningRequestAdapter 'CheckStartStateCollision'
[move_group-20] [INFO] [1777472739.312188533] [move_group.moveit.moveit.planners.ompl.model_based_planning_context]: Planner configuration 'manipulator' will use planner 'geometric::RRTConnect'. Additional configuration parameters will be set when the planner is constructed.
[move_group-20] [INFO] [1777472739.312314358] [move_group]: Calling Planner 'OMPL'
[move_group-20] [INFO] [1777472739.383252956] [move_group]: Calling PlanningResponseAdapter 'AddTimeOptimalParameterization'
[move_group-20] [INFO] [1777472739.409108936] [move_group]: Calling PlanningResponseAdapter 'ValidateSolution'
[move_group-20] [INFO] [1777472739.413638658] [move_group]: Calling PlanningResponseAdapter 'DisplayMotionPath'
[move_group-20] [WARN] [1777472739.414110760] [move_group.moveit.moveit.ros.planning_pipeline]: The planner plugin did not fill out the 'planner_id' field of the MotionPlanResponse. Setting it to the planner ID name of the MotionPlanRequest assuming that the planner plugin does warn you if it does not use the requested planner.
[move_group-20] [INFO] [1777472739.414984692] [move_group.moveit.moveit.plugins.simple_controller_manager]: Returned 2 controllers in list
[move_group-20] [INFO] [1777472739.415082278] [move_group.moveit.moveit.plugins.simple_controller_manager]: Returned 2 controllers in list
[move_group-20] [INFO] [1777472739.415282767] [move_group.moveit.moveit.ros.trajectory_execution_manager]: Validating trajectory with allowed_start_tolerance 0.01
[move_group-20] [INFO] [1777472739.430984291] [move_group.moveit.moveit.ros.trajectory_execution_manager]: Starting trajectory execution ...
[move_group-20] [INFO] [1777472739.431154246] [move_group.moveit.moveit.plugins.simple_controller_manager]: Returned 2 controllers in list
[move_group-20] [INFO] [1777472739.431244206] [move_group.moveit.moveit.plugins.simple_controller_manager]: Returned 2 controllers in list
[move_group-20] [INFO] [1777472739.431644243] [moveit.simple_controller_manager.follow_joint_trajectory_controller_handle]: sending trajectory to joint_trajectory_controller
[ros2_control_node-1] [INFO] [1777472739.432968830] [joint_trajectory_controller]: Received new action goal
[ros2_control_node-1] [INFO] [1777472739.433104712] [joint_trajectory_controller]: Accepted new action goal
[move_group-20] [INFO] [1777472739.433716521] [moveit.simple_controller_manager.follow_joint_trajectory_controller_handle]: joint_trajectory_controller started execution
[move_group-20] [INFO] [1777472739.433743036] [moveit.simple_controller_manager.follow_joint_trajectory_controller_handle]: Goal request accepted!
[adl_ui-15] 127.0.0.1 - - [29/Apr/2026 10:25:39] "GET /status_json HTTP/1.1" 200 -
[ros2_control_node-1] [WARN] [1777472739.796149857] [controller_manager]: Overrun might occur, Total time : 3251.020 us (Expected < 1000.000 us) --> Read time : 34.168 us, Update time : 261.794 us, Write time : 2955.058 us
[ros2_control_node-1] [WARN] [1777472739.796228744] [controller_manager]: Overrun detected! The controller manager missed its desired rate of 1000 Hz. The loop took 3.354372 ms (missed cycles : 4).
[adl_ui-15] 192.168.0.78 - - [29/Apr/2026 10:25:39] "GET /status_json HTTP/1.1" 200 -
[adl_ui-15] 127.0.0.1 - - [29/Apr/2026 10:25:40] "GET /status_json HTTP/1.1" 200 -
[vision_apriltag-9] [INFO] [1777472740.597626758] [vision_apriltag_node]: Vision AprilTag: scene is locked; detection publishing is paused.
[adl_ui-15] 192.168.0.78 - - [29/Apr/2026 10:25:40] "GET /status_json HTTP/1.1" 200 -
[wrist_camera_usb_publisher-8] [INFO] [1777472740.727076348] [wrist_camera_usb_publisher_node]: USB camera publisher heartbeat: publishing 1280x720 frames on /wrist_mounted_camera/image; camera_info fx=920.87, fy=921.57, cx=644.76, cy=343.15.
[ros2_control_node-1] [WARN] [1777472740.800008074] [controller_manager]: Overrun might occur, Total time : 3098.203 us (Expected < 1000.000 us) --> Read time : 44.420 us, Update time : 326.060 us, Write time : 2727.723 us
[ros2_control_node-1] [WARN] [1777472740.800103138] [controller_manager]: Overrun detected! The controller manager missed its desired rate of 1000 Hz. The loop took 3.229262 ms (missed cycles : 4).
[adl_ui-15] 127.0.0.1 - - [29/Apr/2026 10:25:40] "GET /status_json HTTP/1.1" 200 -
[adl_ui-15] 192.168.0.78 - - [29/Apr/2026 10:25:41] "GET /status_json HTTP/1.1" 200 -
[adl_ui-15] 127.0.0.1 - - [29/Apr/2026 10:25:41] "GET /status_json HTTP/1.1" 200 -
[ros2_control_node-1] [WARN] [1777472741.801939198] [controller_manager]: Overrun might occur, Total time : 3035.361 us (Expected < 1000.000 us) --> Read time : 63.345 us, Update time : 362.085 us, Write time : 2609.931 us
[ros2_control_node-1] [WARN] [1777472741.802010342] [controller_manager]: Overrun detected! The controller manager missed its desired rate of 1000 Hz. The loop took 3.136723 ms (missed cycles : 4).
[adl_ui-15] 192.168.0.78 - - [29/Apr/2026 10:25:42] "GET /status_json HTTP/1.1" 200 -
[joint_state_sanitizer-3] [WARN] [1777472742.374788354] [joint_state_sanitizer_node]: [joint_state_sanitizer] Published sanitized joint state: joint_1:+3.134->+3.132
[adl_ui-15] 127.0.0.1 - - [29/Apr/2026 10:25:42] "GET /status_json HTTP/1.1" 200 -
[vision_apriltag-9] [INFO] [1777472742.598128805] [vision_apriltag_node]: Vision AprilTag: scene is locked; detection publishing is paused.
[ros2_control_node-1] [WARN] [1777472742.804453912] [controller_manager]: Overrun might occur, Total time : 2530.329 us (Expected < 1000.000 us) --> Read time : 35.617 us, Update time : 277.273 us, Write time : 2217.439 us
[ros2_control_node-1] [WARN] [1777472742.804533809] [controller_manager]: Overrun detected! The controller manager missed its desired rate of 1000 Hz. The loop took 2.660071 ms (missed cycles : 3).
[adl_ui-15] 192.168.0.78 - - [29/Apr/2026 10:25:42] "GET /status_json HTTP/1.1" 200 -
[adl_ui-15] 127.0.0.1 - - [29/Apr/2026 10:25:43] "GET /status_json HTTP/1.1" 200 -
[adl_ui-15] 192.168.0.78 - - [29/Apr/2026 10:25:43] "GET /status_json HTTP/1.1" 200 -
[ros2_control_node-1] [WARN] [1777472743.804455257] [controller_manager]: Overrun might occur, Total time : 2537.915 us (Expected < 1000.000 us) --> Read time : 50.503 us, Update time : 370.751 us, Write time : 2116.661 us
[ros2_control_node-1] [WARN] [1777472743.804553811] [controller_manager]: Overrun detected! The controller manager missed its desired rate of 1000 Hz. The loop took 2.680125 ms (missed cycles : 3).
[adl_ui-15] 127.0.0.1 - - [29/Apr/2026 10:25:43] "GET /status_json HTTP/1.1" 200 -
[adl_ui-15] 192.168.0.78 - - [29/Apr/2026 10:25:44] "GET /status_json HTTP/1.1" 200 -
[vision_apriltag-9] [INFO] [1777472744.597309891] [vision_apriltag_node]: Vision AprilTag: scene is locked; detection publishing is paused.
[adl_ui-15] 127.0.0.1 - - [29/Apr/2026 10:25:44] "GET /status_json HTTP/1.1" 200 -
[ros2_control_node-1] [WARN] [1777472744.806958028] [controller_manager]: Overrun might occur, Total time : 3073.754 us (Expected < 1000.000 us) --> Read time : 18.622 us, Update time : 221.514 us, Write time : 2833.618 us
[ros2_control_node-1] [WARN] [1777472744.806997018] [controller_manager]: Overrun detected! The controller manager missed its desired rate of 1000 Hz. The loop took 3.124511 ms (missed cycles : 4).
[adl_ui-15] 192.168.0.78 - - [29/Apr/2026 10:25:45] "GET /status_json HTTP/1.1" 200 -
[adl_ui-15] 127.0.0.1 - - [29/Apr/2026 10:25:45] "GET /status_json HTTP/1.1" 200 -
[ros2_control_node-1] [WARN] [1777472745.809113612] [controller_manager]: Overrun might occur, Total time : 2229.270 us (Expected < 1000.000 us) --> Read time : 15.935 us, Update time : 134.694 us, Write time : 2078.641 us
[ros2_control_node-1] [WARN] [1777472745.809157179] [controller_manager]: Overrun detected! The controller manager missed its desired rate of 1000 Hz. The loop took 2.284515 ms (missed cycles : 3).
[adl_ui-15] 192.168.0.78 - - [29/Apr/2026 10:25:45] "GET /status_json HTTP/1.1" 200 -
[wrist_camera_usb_publisher-8] [INFO] [1777472745.887232441] [wrist_camera_usb_publisher_node]: USB camera publisher heartbeat: publishing 1280x720 frames on /wrist_mounted_camera/image; camera_info fx=920.87, fy=921.57, cx=644.76, cy=343.15.
[adl_ui-15] 127.0.0.1 - - [29/Apr/2026 10:25:46] "GET /status_json HTTP/1.1" 200 -
[vision_apriltag-9] [INFO] [1777472746.598637572] [vision_apriltag_node]: Vision AprilTag: scene is locked; detection publishing is paused.
[adl_ui-15] 192.168.0.78 - - [29/Apr/2026 10:25:46] "GET /status_json HTTP/1.1" 200 -
[ros2_control_node-1] [WARN] [1777472746.811170152] [controller_manager]: Overrun might occur, Total time : 2270.797 us (Expected < 1000.000 us) --> Read time : 28.057 us, Update time : 194.535 us, Write time : 2048.205 us
[ros2_control_node-1] [WARN] [1777472746.811236753] [controller_manager]: Overrun detected! The controller manager missed its desired rate of 1000 Hz. The loop took 2.363443 ms (missed cycles : 3).
[adl_ui-15] 127.0.0.1 - - [29/Apr/2026 10:25:46] "GET /status_json HTTP/1.1" 200 -
[adl_ui-15] 192.168.0.78 - - [29/Apr/2026 10:25:47] "GET /status_json HTTP/1.1" 200 -
[adl_ui-15] 127.0.0.1 - - [29/Apr/2026 10:25:47] "GET /status_json HTTP/1.1" 200 -
[ros2_control_node-1] [WARN] [1777472747.812614297] [controller_manager]: Overrun might occur, Total time : 3690.777 us (Expected < 1000.000 us) --> Read time : 51.555 us, Update time : 487.609 us, Write time : 3151.613 us
[ros2_control_node-1] [WARN] [1777472747.812743250] [controller_manager]: Overrun detected! The controller manager missed its desired rate of 1000 Hz. The loop took 3.867371 ms (missed cycles : 4).
[adl_ui-15] 192.168.0.78 - - [29/Apr/2026 10:25:48] "GET /status_json HTTP/1.1" 200 -
[adl_ui-15] 127.0.0.1 - - [29/Apr/2026 10:25:48] "GET /status_json HTTP/1.1" 200 -
[vision_apriltag-9] [INFO] [1777472748.599353198] [vision_apriltag_node]: Vision AprilTag: scene is locked; detection publishing is paused.
[joint_state_sanitizer-3] [WARN] [1777472748.753786847] [joint_state_sanitizer_node]: [joint_state_sanitizer] Published sanitized joint state: joint_7:+3.134->+3.132
[ros2_control_node-1] [WARN] [1777472748.814503318] [controller_manager]: Overrun might occur, Total time : 2592.401 us (Expected < 1000.000 us) --> Read time : 47.982 us, Update time : 386.100 us, Write time : 2158.319 us
[ros2_control_node-1] [WARN] [1777472748.814623823] [controller_manager]: Overrun detected! The controller manager missed its desired rate of 1000 Hz. The loop took 2.748788 ms (missed cycles : 3).
[ros2_control_node-1] [INFO] [1777472748.851219103] [joint_trajectory_controller]: Goal reached, success!
[adl_ui-15] 192.168.0.78 - - [29/Apr/2026 10:25:48] "GET /status_json HTTP/1.1" 200 -
[move_group-20] [INFO] [1777472748.934788772] [moveit.simple_controller_manager.follow_joint_trajectory_controller_handle]: Controller 'joint_trajectory_controller' successfully finished
[move_group-20] [INFO] [1777472748.991552934] [move_group.moveit.moveit.ros.trajectory_execution_manager]: Completed trajectory execution with status SUCCEEDED ...
[move_group-20] [INFO] [1777472749.001583269] [move_group.moveit.moveit.ros.move_group.move_action]: Solution was found and executed.
[give_medication-14] [INFO] [1777472749.020138345] [give_medication_node]: _send_goal: MoveGroup execution completed successfully.
[give_medication-14] [INFO] [1777472749.129917548] [give_medication_node]: _send_goal: settled live EE pose pos=(0.548, -0.173, 0.329), ori=(0.495, 0.646, 0.579, 0.046)
[give_medication-14] [INFO] [1777472749.142724676] [give_medication_node]: Added temporary medication face keepout 'obj_1_qr_face_keepout' (rear_depth=0.100m, rear_width=0.140m, rear_height=0.120m, top_cap=off, center_source=scene_like_side_face(face_to_center=0.027, tangent=0.000)).
[adl_ui-15] 127.0.0.1 - - [29/Apr/2026 10:25:49] "GET /status_json HTTP/1.1" 200 -
[give_medication-14] [INFO] [1777472749.298100759] [give_medication_node]: Removed temporary table-top keepout 'obj_1_qr_table_top_keepout'.
[give_medication-14] [INFO] [1777472749.400050365] [give_medication_node]: go_cartesian: request waypoints=1, avoid_collisions=True, max_step=0.010, jump_thresh=0.000, min_fraction=0.920, fallback_to_pose=False, min_ee_z=none, start=pos=(0.526, -0.185, 0.203), ori=(0.210, 0.675, 0.675, 0.210), goal=pos=(0.526, -0.185, 0.203), ori=(0.210, 0.675, 0.675, 0.210)
[move_group-20] [INFO] [1777472749.400678697] [move_group.moveit.moveit.ros.move_group.cartesian_path_service_capability]: Received request to compute Cartesian path
[move_group-20] [INFO] [1777472749.400865220] [move_group.moveit.moveit.ros.move_group.cartesian_path_service_capability]: Attempting to follow 1 waypoints for link 'end_effector_link' using a step of 0.010000 m and jump threshold 0.000000 (in global reference frame)
[move_group-20] [INFO] [1777472749.438261648] [move_group.moveit.moveit.ros.move_group.cartesian_path_service_capability]: Computed Cartesian path with 23 points (followed 100.000000% of requested trajectory)
[give_medication-14] [INFO] [1777472749.447607630] [give_medication_node]: Cartesian path computed with 100.0% success for 1 waypoint(s); trajectory_points=49.
[move_group-20] [INFO] [1777472749.449575352] [move_group.moveit.moveit.ros.move_group.clear_octomap_service]: Execution request received
[move_group-20] [INFO] [1777472749.449694548] [move_group.moveit.moveit.plugins.simple_controller_manager]: Returned 2 controllers in list
[move_group-20] [INFO] [1777472749.449757821] [move_group.moveit.moveit.plugins.simple_controller_manager]: Returned 2 controllers in list
[move_group-20] [INFO] [1777472749.449992104] [move_group.moveit.moveit.ros.trajectory_execution_manager]: Validating trajectory with allowed_start_tolerance 0.01
[move_group-20] [INFO] [1777472749.450744116] [move_group.moveit.moveit.ros.trajectory_execution_manager]: Starting trajectory execution ...
[move_group-20] [INFO] [1777472749.450840755] [move_group.moveit.moveit.plugins.simple_controller_manager]: Returned 2 controllers in list
[move_group-20] [INFO] [1777472749.450916292] [move_group.moveit.moveit.plugins.simple_controller_manager]: Returned 2 controllers in list
[move_group-20] [INFO] [1777472749.451278247] [moveit.simple_controller_manager.follow_joint_trajectory_controller_handle]: sending trajectory to joint_trajectory_controller
[ros2_control_node-1] [INFO] [1777472749.453195101] [joint_trajectory_controller]: Received new action goal
[ros2_control_node-1] [INFO] [1777472749.453315300] [joint_trajectory_controller]: Accepted new action goal
[move_group-20] [INFO] [1777472749.453736933] [moveit.simple_controller_manager.follow_joint_trajectory_controller_handle]: joint_trajectory_controller started execution
[move_group-20] [INFO] [1777472749.453766958] [moveit.simple_controller_manager.follow_joint_trajectory_controller_handle]: Goal request accepted!
[give_medication-14] [INFO] [1777472749.460931749] [give_medication_node]: go_cartesian: ExecuteTrajectory goal accepted.
[adl_ui-15] 192.168.0.78 - - [29/Apr/2026 10:25:49] "GET /status_json HTTP/1.1" 200 -
[ros2_control_node-1] [WARN] [1777472749.815605965] [controller_manager]: Overrun might occur, Total time : 3693.696 us (Expected < 1000.000 us) --> Read time : 48.078 us, Update time : 367.069 us, Write time : 3278.549 us
[ros2_control_node-1] [WARN] [1777472749.815685358] [controller_manager]: Overrun detected! The controller manager missed its desired rate of 1000 Hz. The loop took 3.811395 ms (missed cycles : 4).
[adl_ui-15] 127.0.0.1 - - [29/Apr/2026 10:25:49] "GET /status_json HTTP/1.1" 200 -
[adl_ui-15] 192.168.0.78 - - [29/Apr/2026 10:25:50] "GET /status_json HTTP/1.1" 200 -
[vision_apriltag-9] [INFO] [1777472750.600784644] [vision_apriltag_node]: Vision AprilTag: scene is locked; detection publishing is paused.
[adl_ui-15] 127.0.0.1 - - [29/Apr/2026 10:25:50] "GET /status_json HTTP/1.1" 200 -
[ros2_control_node-1] [WARN] [1777472750.816098847] [controller_manager]: Overrun might occur, Total time : 3185.730 us (Expected < 1000.000 us) --> Read time : 62.111 us, Update time : 464.764 us, Write time : 2658.855 us
[ros2_control_node-1] [WARN] [1777472750.816191211] [controller_manager]: Overrun detected! The controller manager missed its desired rate of 1000 Hz. The loop took 3.316843 ms (missed cycles : 4).
[wrist_camera_usb_publisher-8] [INFO] [1777472751.049235567] [wrist_camera_usb_publisher_node]: USB camera publisher heartbeat: publishing 1280x720 frames on /wrist_mounted_camera/image; camera_info fx=920.87, fy=921.57, cx=644.76, cy=343.15.
[adl_ui-15] 192.168.0.78 - - [29/Apr/2026 10:25:51] "GET /status_json HTTP/1.1" 200 -
[adl_ui-15] 127.0.0.1 - - [29/Apr/2026 10:25:51] "GET /status_json HTTP/1.1" 200 -
[ros2_control_node-1] [WARN] [1777472751.819459504] [controller_manager]: Overrun might occur, Total time : 3557.591 us (Expected < 1000.000 us) --> Read time : 55.806 us, Update time : 489.474 us, Write time : 3012.311 us
[ros2_control_node-1] [WARN] [1777472751.819548214] [controller_manager]: Overrun detected! The controller manager missed its desired rate of 1000 Hz. The loop took 3.673787 ms (missed cycles : 4).
[adl_ui-15] 192.168.0.78 - - [29/Apr/2026 10:25:51] "GET /status_json HTTP/1.1" 200 -
[adl_ui-15] 127.0.0.1 - - [29/Apr/2026 10:25:52] "GET /status_json HTTP/1.1" 200 -
[vision_apriltag-9] [INFO] [1777472752.599174607] [vision_apriltag_node]: Vision AprilTag: scene is locked; detection publishing is paused.
[adl_ui-15] 192.168.0.78 - - [29/Apr/2026 10:25:52] "GET /status_json HTTP/1.1" 200 -
[ros2_control_node-1] [WARN] [1777472752.820120933] [controller_manager]: Overrun might occur, Total time : 3229.580 us (Expected < 1000.000 us) --> Read time : 35.609 us, Update time : 318.211 us, Write time : 2875.760 us
[ros2_control_node-1] [WARN] [1777472752.820173077] [controller_manager]: Overrun detected! The controller manager missed its desired rate of 1000 Hz. The loop took 3.300397 ms (missed cycles : 4).
[adl_ui-15] 127.0.0.1 - - [29/Apr/2026 10:25:52] "GET /status_json HTTP/1.1" 200 -
[adl_ui-15] 192.168.0.78 - - [29/Apr/2026 10:25:53] "GET /status_json HTTP/1.1" 200 -
[adl_ui-15] 127.0.0.1 - - [29/Apr/2026 10:25:53] "GET /status_json HTTP/1.1" 200 -
[joint_state_sanitizer-3] [WARN] [1777472753.755852225] [joint_state_sanitizer_node]: [joint_state_sanitizer] Published sanitized joint state: joint_7:+3.142->+3.132
[ros2_control_node-1] [WARN] [1777472753.823417807] [controller_manager]: Overrun might occur, Total time : 3462.182 us (Expected < 1000.000 us) --> Read time : 93.404 us, Update time : 943.254 us, Write time : 2425.524 us
[ros2_control_node-1] [WARN] [1777472753.823617036] [controller_manager]: Overrun detected! The controller manager missed its desired rate of 1000 Hz. The loop took 3.739403 ms (missed cycles : 4).
[adl_ui-15] 192.168.0.78 - - [29/Apr/2026 10:25:54] "GET /status_json HTTP/1.1" 200 -
[ros2_control_node-1] [INFO] [1777472754.240107926] [joint_trajectory_controller]: Goal reached, success!
[move_group-20] [INFO] [1777472754.254423444] [moveit.simple_controller_manager.follow_joint_trajectory_controller_handle]: Controller 'joint_trajectory_controller' successfully finished
[move_group-20] [INFO] [1777472754.310401290] [move_group.moveit.moveit.ros.trajectory_execution_manager]: Completed trajectory execution with status SUCCEEDED ...
[move_group-20] [INFO] [1777472754.310574900] [move_group.moveit.moveit.ros.move_group.clear_octomap_service]: Execution completed: SUCCEEDED
[give_medication-14] [INFO] [1777472754.420583734] [give_medication_node]: go_cartesian: settled live EE pose pos=(0.526, -0.185, 0.203), ori=(0.214, 0.674, 0.676, 0.207)
[give_medication-14] [INFO] [1777472754.426259706] [give_medication_node]: [Medication] QR-read final in-plane approach: already within the short-motion goal window.
[move_group-20] [WARN] [1777472754.427116239] [move_group.moveit.moveit.core.planning_scene]: Tried to remove world object 'obj_1_qr_face_keepout_top', but it does not exist in this scene.
[give_medication-14] [INFO] [1777472754.428009211] [give_medication_node]: Removed temporary medication face keepout 'obj_1_qr_face_keepout'.
[adl_ui-15] 127.0.0.1 - - [29/Apr/2026 10:25:54] "GET /status_json HTTP/1.1" 200 -
[give_medication-14] [INFO] [1777472754.529637454] [give_medication_node]: Scene UNLOCKED.
[scene_from_vision-10] [INFO] [1777472754.534903961] [scene_from_vision_node]: Scene UNLOCKED - updates resuming.
[vision_apriltag-9] [WARN] [1777472754.599699536] [vision_apriltag_node]: Vision AprilTag: last image on /wrist_mounted_camera/image arrived 34.8s ago.
[vision_apriltag-9] [INFO] [1777472754.600032055] [vision_apriltag_node]: Removed stale tag ID 1 from detected tags
[ros2_control_node-1] [WARN] [1777472754.825663738] [controller_manager]: Overrun might occur, Total time : 2768.518 us (Expected < 1000.000 us) --> Read time : 38.986 us, Update time : 272.680 us, Write time : 2456.852 us
[ros2_control_node-1] [WARN] [1777472754.825734459] [controller_manager]: Overrun detected! The controller manager missed its desired rate of 1000 Hz. The loop took 2.861077 ms (missed cycles : 3).
[adl_ui-15] 192.168.0.78 - - [29/Apr/2026 10:25:54] "GET /status_json HTTP/1.1" 200 -
[scene_from_vision-10] [INFO] [1777472754.934443430] [scene_from_vision_node]: Published obj_1 (heartbeat) at x=0.730, y=0.006, z=0.143, yaw=-124.6deg
[vision_apriltag-9] [INFO] [1777472755.060939444] [vision_apriltag_node]: Vision AprilTag detection debug: no tags found after raw/CLAHE/sharp/adaptive/upscaled/tiled passes.
[adl_ui-15] 127.0.0.1 - - [29/Apr/2026 10:25:55] "GET /status_json HTTP/1.1" 200 -
[adl_ui-15] 192.168.0.78 - - [29/Apr/2026 10:25:55] "GET /status_json HTTP/1.1" 200 -
[ros2_control_node-1] [WARN] [1777472755.828550935] [controller_manager]: Overrun might occur, Total time : 2631.227 us (Expected < 1000.000 us) --> Read time : 24.760 us, Update time : 252.225 us, Write time : 2354.242 us
[ros2_control_node-1] [WARN] [1777472755.828592476] [controller_manager]: Overrun detected! The controller manager missed its desired rate of 1000 Hz. The loop took 2.719861 ms (missed cycles : 3).
[adl_ui-15] 127.0.0.1 - - [29/Apr/2026 10:25:55] "GET /status_json HTTP/1.1" 200 -
[wrist_camera_usb_publisher-8] [INFO] [1777472756.207251759] [wrist_camera_usb_publisher_node]: USB camera publisher heartbeat: publishing 1280x720 frames on /wrist_mounted_camera/image; camera_info fx=920.87, fy=921.57, cx=644.76, cy=343.15.
[adl_ui-15] 192.168.0.78 - - [29/Apr/2026 10:25:56] "GET /status_json HTTP/1.1" 200 -
[vision_apriltag-9] [INFO] [1777472756.597770866] [vision_apriltag_node]: Vision AprilTag: images are arriving, but no AprilTag has been seen for 38.2s.
[adl_ui-15] 127.0.0.1 - - [29/Apr/2026 10:25:56] "GET /status_json HTTP/1.1" 200 -
[ros2_control_node-1] [WARN] [1777472756.831268150] [controller_manager]: Overrun might occur, Total time : 3370.591 us (Expected < 1000.000 us) --> Read time : 59.126 us, Update time : 303.158 us, Write time : 3008.307 us
[ros2_control_node-1] [WARN] [1777472756.831336216] [controller_manager]: Overrun detected! The controller manager missed its desired rate of 1000 Hz. The loop took 3.462780 ms (missed cycles : 4).
[adl_ui-15] 192.168.0.78 - - [29/Apr/2026 10:25:57] "GET /status_json HTTP/1.1" 200 -
[scene_from_vision-10] [INFO] [1777472757.433862139] [scene_from_vision_node]: Published obj_1 (heartbeat) at x=0.730, y=0.006, z=0.143, yaw=-124.6deg
[adl_ui-15] 127.0.0.1 - - [29/Apr/2026 10:25:57] "GET /status_json HTTP/1.1" 200 -
[ros2_control_node-1] [WARN] [1777472757.832367345] [controller_manager]: Overrun might occur, Total time : 4460.623 us (Expected < 1000.000 us) --> Read time : 74.146 us, Update time : 315.985 us, Write time : 4070.492 us
[ros2_control_node-1] [WARN] [1777472757.832472009] [controller_manager]: Overrun detected! The controller manager missed its desired rate of 1000 Hz. The loop took 4.598212 ms (missed cycles : 5).
[adl_ui-15] 192.168.0.78 - - [29/Apr/2026 10:25:57] "GET /status_json HTTP/1.1" 200 -
[adl_ui-15] 127.0.0.1 - - [29/Apr/2026 10:25:58] "GET /status_json HTTP/1.1" 200 -
[adl_ui-15] 192.168.0.78 - - [29/Apr/2026 10:25:58] "GET /status_json HTTP/1.1" 200 -
[joint_state_sanitizer-3] [WARN] [1777472758.756877058] [joint_state_sanitizer_node]: [joint_state_sanitizer] Published sanitized joint state: joint_7:+3.142->+3.132
[vision_apriltag-9] [INFO] [1777472758.772840902] [vision_apriltag_node]: Vision AprilTag: images are arriving, but no AprilTag has been seen for 40.4s.
[ros2_control_node-1] [WARN] [1777472758.834999677] [controller_manager]: Overrun might occur, Total time : 6096.700 us (Expected < 1000.000 us) --> Read time : 57.299 us, Update time : 271.235 us, Write time : 5768.166 us
[ros2_control_node-1] [WARN] [1777472758.835087196] [controller_manager]: Overrun detected! The controller manager missed its desired rate of 1000 Hz. The loop took 6.214228 ms (missed cycles : 7).
[adl_ui-15] 127.0.0.1 - - [29/Apr/2026 10:25:58] "GET /status_json HTTP/1.1" 200 -
[adl_ui-15] 192.168.0.78 - - [29/Apr/2026 10:25:59] "GET /status_json HTTP/1.1" 200 -
[scene_from_vision-10] [INFO] [1777472759.435334431] [scene_from_vision_node]: Published obj_1 (heartbeat) at x=0.730, y=0.006, z=0.143, yaw=-124.6deg
[adl_ui-15] 127.0.0.1 - - [29/Apr/2026 10:25:59] "GET /status_json HTTP/1.1" 200 -
[ros2_control_node-1] [WARN] [1777472759.835309910] [controller_manager]: Overrun might occur, Total time : 2415.367 us (Expected < 1000.000 us) --> Read time : 39.044 us, Update time : 215.826 us, Write time : 2160.497 us
[ros2_control_node-1] [WARN] [1777472759.835408315] [controller_manager]: Overrun detected! The controller manager missed its desired rate of 1000 Hz. The loop took 2.534684 ms (missed cycles : 3).
[adl_ui-15] 192.168.0.78 - - [29/Apr/2026 10:26:00] "GET /status_json HTTP/1.1" 200 -
[vision_apriltag-9] [INFO] [1777472760.248255075] [vision_apriltag_node]: Vision AprilTag detection debug: no tags found after raw/CLAHE/sharp/adaptive/upscaled/tiled passes.
[adl_ui-15] 127.0.0.1 - - [29/Apr/2026 10:26:00] "GET /status_json HTTP/1.1" 200 -
[vision_apriltag-9] [INFO] [1777472760.599511449] [vision_apriltag_node]: Vision AprilTag: images are arriving, but no AprilTag has been seen for 42.2s.
[ros2_control_node-1] [WARN] [1777472760.835784364] [controller_manager]: Overrun might occur, Total time : 2875.264 us (Expected < 1000.000 us) --> Read time : 36.159 us, Update time : 321.399 us, Write time : 2517.706 us
[ros2_control_node-1] [WARN] [1777472760.835899691] [controller_manager]: Overrun detected! The controller manager missed its desired rate of 1000 Hz. The loop took 3.026043 ms (missed cycles : 4).
[adl_ui-15] 192.168.0.78 - - [29/Apr/2026 10:26:00] "GET /status_json HTTP/1.1" 200 -
[adl_ui-15] 127.0.0.1 - - [29/Apr/2026 10:26:01] "GET /status_json HTTP/1.1" 200 -
[wrist_camera_usb_publisher-8] [INFO] [1777472761.369137354] [wrist_camera_usb_publisher_node]: USB camera publisher heartbeat: publishing 1280x720 frames on /wrist_mounted_camera/image; camera_info fx=920.87, fy=921.57, cx=644.76, cy=343.15.
[scene_from_vision-10] [INFO] [1777472761.438286090] [scene_from_vision_node]: Published obj_1 (heartbeat) at x=0.730, y=0.006, z=0.143, yaw=-124.6deg
[adl_ui-15] 192.168.0.78 - - [29/Apr/2026 10:26:01] "GET /status_json HTTP/1.1" 200 -
[ros2_control_node-1] [WARN] [1777472761.838303540] [controller_manager]: Overrun might occur, Total time : 2412.895 us (Expected < 1000.000 us) --> Read time : 36.679 us, Update time : 211.409 us, Write time : 2164.807 us
[ros2_control_node-1] [WARN] [1777472761.838365069] [controller_manager]: Overrun detected! The controller manager missed its desired rate of 1000 Hz. The loop took 2.491842 ms (missed cycles : 3).
[adl_ui-15] 127.0.0.1 - - [29/Apr/2026 10:26:01] "GET /status_json HTTP/1.1" 200 -
[adl_ui-15] 192.168.0.78 - - [29/Apr/2026 10:26:02] "GET /status_json HTTP/1.1" 200 -
[vision_apriltag-9] [INFO] [1777472762.708756082] [vision_apriltag_node]: Vision AprilTag: images are arriving, but no AprilTag has been seen for 44.3s.
[adl_ui-15] 127.0.0.1 - - [29/Apr/2026 10:26:02] "GET /status_json HTTP/1.1" 200 -
[ros2_control_node-1] [WARN] [1777472762.840453149] [controller_manager]: Overrun might occur, Total time : 2563.495 us (Expected < 1000.000 us) --> Read time : 23.011 us, Update time : 166.798 us, Write time : 2373.686 us
[ros2_control_node-1] [WARN] [1777472762.840538409] [controller_manager]: Overrun detected! The controller manager missed its desired rate of 1000 Hz. The loop took 2.664676 ms (missed cycles : 3).
[adl_ui-15] 192.168.0.78 - - [29/Apr/2026 10:26:03] "GET /status_json HTTP/1.1" 200 -
[adl_ui-15] 127.0.0.1 - - [29/Apr/2026 10:26:03] "GET /status_json HTTP/1.1" 200 -
[joint_state_sanitizer-3] [WARN] [1777472763.757817361] [joint_state_sanitizer_node]: [joint_state_sanitizer] Published sanitized joint state: joint_7:+3.142->+3.132
[ros2_control_node-1] [WARN] [1777472763.843016477] [controller_manager]: Overrun might occur, Total time : 3115.571 us (Expected < 1000.000 us) --> Read time : 57.670 us, Update time : 294.471 us, Write time : 2763.430 us
[ros2_control_node-1] [WARN] [1777472763.843078437] [controller_manager]: Overrun detected! The controller manager missed its desired rate of 1000 Hz. The loop took 3.205463 ms (missed cycles : 4).
[adl_ui-15] 192.168.0.78 - - [29/Apr/2026 10:26:03] "GET /status_json HTTP/1.1" 200 -
[scene_from_vision-10] [INFO] [1777472763.934836378] [scene_from_vision_node]: Published obj_1 (heartbeat) at x=0.730, y=0.006, z=0.143, yaw=-124.6deg
[adl_ui-15] 127.0.0.1 - - [29/Apr/2026 10:26:04] "GET /status_json HTTP/1.1" 200 -
[vision_apriltag-9] [INFO] [1777472764.600837080] [vision_apriltag_node]: Vision AprilTag: images are arriving, but no AprilTag has been seen for 46.2s.
[adl_ui-15] 192.168.0.78 - - [29/Apr/2026 10:26:04] "GET /status_json HTTP/1.1" 200 -
[ros2_control_node-1] [WARN] [1777472764.844104730] [controller_manager]: Overrun might occur, Total time : 3211.123 us (Expected < 1000.000 us) --> Read time : 40.135 us, Update time : 191.351 us, Write time : 2979.637 us
[ros2_control_node-1] [WARN] [1777472764.844192471] [controller_manager]: Overrun detected! The controller manager missed its desired rate of 1000 Hz. The loop took 3.319074 ms (missed cycles : 4).
[adl_ui-15] 127.0.0.1 - - [29/Apr/2026 10:26:04] "GET /status_json HTTP/1.1" 200 -
[adl_ui-15] 192.168.0.78 - - [29/Apr/2026 10:26:05] "GET /status_json HTTP/1.1" 200 -
[vision_apriltag-9] [INFO] [1777472765.397098365] [vision_apriltag_node]: Vision AprilTag detection debug: no tags found after raw/CLAHE/sharp/adaptive/upscaled/tiled passes.
[adl_ui-15] 127.0.0.1 - - [29/Apr/2026 10:26:05] "GET /status_json HTTP/1.1" 200 -
[ros2_control_node-1] [WARN] [1777472765.846340184] [controller_manager]: Overrun might occur, Total time : 2445.882 us (Expected < 1000.000 us) --> Read time : 38.321 us, Update time : 199.073 us, Write time : 2208.488 us
[ros2_control_node-1] [WARN] [1777472765.846414358] [controller_manager]: Overrun detected! The controller manager missed its desired rate of 1000 Hz. The loop took 2.540945 ms (missed cycles : 3).
[scene_from_vision-10] [INFO] [1777472765.934526398] [scene_from_vision_node]: Published obj_1 (heartbeat) at x=0.730, y=0.006, z=0.143, yaw=-124.6deg
[adl_ui-15] 192.168.0.78 - - [29/Apr/2026 10:26:06] "GET /status_json HTTP/1.1" 200 -
[adl_ui-15] [INFO] [1777472766.247049812] [adl_ui_node]: UI patient name published: john doe
[give_medication-14] [INFO] [1777472766.256418838] [give_medication_node]: Received patient name from UI: john doe
[adl_ui-15] 127.0.0.1 - - [29/Apr/2026 10:26:06] "POST /patient_name HTTP/1.1" 200 -
[give_medication-14] [INFO] [1777472766.295054704] [give_medication_node]: Scene LOCKED.
[scene_from_vision-10] [INFO] [1777472766.311089905] [scene_from_vision_node]: Scene LOCKED - updates paused.
[adl_ui-15] 127.0.0.1 - - [29/Apr/2026 10:26:06] "GET /status_json HTTP/1.1" 200 -
[give_medication-14] [INFO] [1777472766.447587592] [give_medication_node]: [Medication] Reusing the settled QR-read front-face pose as the completed pick approach. Proceeding directly to the final Cartesian grasp move.
[give_medication-14] [INFO] [1777472766.448984640] [give_medication_node]: open_gripper(): opening gripper fully...
[give_medication-14] [INFO] [1777472766.450355685] [give_medication_node]: _send_gripper_goal: request position=0.000, max_effort=20.0.
[ros2_control_node-1] [INFO] [1777472766.453149807] [robotiq_gripper_controller]: Received & accepted new action goal
[give_medication-14] [INFO] [1777472766.462595326] [give_medication_node]: _send_gripper_goal: gripper goal accepted.
[give_medication-14] [INFO] [1777472766.511931624] [give_medication_node]: Gripper reached requested=0.000, actual=0.007, stalled=False, reached_goal=True
[give_medication-14] [INFO] [1777472766.516335550] [give_medication_node]: Removed collision object obj_1 from planning scene.
[wrist_camera_usb_publisher-8] [INFO] [1777472766.533323883] [wrist_camera_usb_publisher_node]: USB camera publisher heartbeat: publishing 1280x720 frames on /wrist_mounted_camera/image; camera_info fx=920.87, fy=921.57, cx=644.76, cy=343.15.
[vision_apriltag-9] [INFO] [1777472766.598969193] [vision_apriltag_node]: Vision AprilTag: scene is locked; detection publishing is paused.
[ros2_control_node-1] [WARN] [1777472766.849275427] [controller_manager]: Overrun might occur, Total time : 3352.131 us (Expected < 1000.000 us) --> Read time : 74.056 us, Update time : 621.625 us, Write time : 2656.450 us
[ros2_control_node-1] [WARN] [1777472766.849459814] [controller_manager]: Overrun detected! The controller manager missed its desired rate of 1000 Hz. The loop took 3.581730 ms (missed cycles : 4).
[give_medication-14] [INFO] [1777472766.877520646] [give_medication_node]: [Medication] Reused QR-read pose before final grasp: pos=(0.526, -0.185, 0.203), ori=(0.214, 0.674, 0.676, 0.207)
[give_medication-14] [INFO] [1777472766.879276607] [give_medication_node]: [Medication] Final push start pose: pos=(0.526, -0.185, 0.203), ori=(0.214, 0.674, 0.676, 0.207)
[give_medication-14] [INFO] [1777472766.880267614] [give_medication_node]: [Medication] Final grasp target: pos=(0.577, -0.111, 0.143), ori=(0.214, 0.674, 0.676, 0.207)
[adl_ui-15] 192.168.0.78 - - [29/Apr/2026 10:26:06] "GET /status_json HTTP/1.1" 200 -
[give_medication-14] [INFO] [1777472766.881973822] [give_medication_node]: [Medication] Final side grasp vector approach->grasp: dx=+0.051, dy=+0.074, dz=-0.060, |xy|=0.090; min_ee_z=0.143.
[give_medication-14] [INFO] [1777472766.889691875] [give_medication_node]: [Medication] Final side grasp forward push: target is 0.108 m away, outside the short-motion servo range (0.100 m).
[give_medication-14] [WARN] [1777472766.892600487] [give_medication_node]: [Medication] Short-motion servo grasp push did not complete cleanly; falling back to MoveIt Cartesian planning.
[give_medication-14] [INFO] [1777472766.895726192] [give_medication_node]: go_cartesian: request waypoints=1, avoid_collisions=True, max_step=0.010, jump_thresh=0.000, min_fraction=0.920, fallback_to_pose=False, min_ee_z=0.143, start=pos=(0.577, -0.111, 0.143), ori=(0.214, 0.674, 0.676, 0.207), goal=pos=(0.577, -0.111, 0.143), ori=(0.214, 0.674, 0.676, 0.207)
[move_group-20] [INFO] [1777472766.896319574] [move_group.moveit.moveit.ros.move_group.cartesian_path_service_capability]: Received request to compute Cartesian path
[move_group-20] [INFO] [1777472766.896452821] [move_group.moveit.moveit.ros.move_group.cartesian_path_service_capability]: Attempting to follow 1 waypoints for link 'end_effector_link' using a step of 0.010000 m and jump threshold 0.000000 (in global reference frame)
[move_group-20] [INFO] [1777472766.923328726] [move_group.moveit.moveit.ros.move_group.cartesian_path_service_capability]: Computed Cartesian path with 10 points (followed 81.818182% of requested trajectory)
[give_medication-14] [INFO] [1777472766.927461668] [give_medication_node]: Cartesian path computed with 81.8% success for 1 waypoint(s); trajectory_points=7.
[give_medication-14] [ERROR] [1777472766.928722888] [give_medication_node]: Cartesian path only 81.8% complete — aborting.Last waypoint was (0.577, -0.111, 0.143).
[give_medication-14] [WARN] [1777472766.929867602] [give_medication_node]: go_cartesian: partial-path failure means MoveIt could not continue the requested Cartesian interpolation. This is often caused by collision constraints, IK limits, or joint-space discontinuity during the path, even if the current start state itself is collision-free.
[move_group-20] [ERROR] [1777472766.931060810] [move_group.moveit.moveit.core.conversions]: Found empty JointState message
[give_medication-14] [INFO] [1777472766.935750680] [give_medication_node]: Start state: collision-valid — no collisions (not a joint-bounds check).
[give_medication-14] [ERROR] [1777472766.936733293] [give_medication_node]: [Medication] Final grasp push failed collision-aware; aborting instead of retrying without collision checks.
[give_medication-14] [ERROR] [1777472766.937232021] [give_medication_node]: Failed to reach medication grasp pose.
[give_medication-14] [INFO] [1777472766.938168525] [give_medication_node]: Scene UNLOCKED.
[scene_from_vision-10] [INFO] [1777472766.939862890] [scene_from_vision_node]: Scene UNLOCKED - updates resuming.
[adl_ui-15] 127.0.0.1 - - [29/Apr/2026 10:26:07] "GET /status_json HTTP/1.1" 200 -
[adl_controller-11] [INFO] [1777472767.094780121] [adl_controller_node]: is_near_retract: current arm is not at target (worst=joint_1:1.849 rad > 0.100).
[adl_controller-11] [INFO] [1777472767.095628610] [adl_controller_node]: is_near_home: current arm is not at target (worst=joint_2:2.058 rad > 0.100).
[adl_controller-11] [INFO] [1777472767.096296176] [adl_controller_node]: go_retract: planning to RETRACT_JOINTS...
[adl_controller-11] [INFO] [1777472767.097218036] [adl_controller_node]: _send_goal: dispatching MoveGroup request group=manipulator, attempts=10, allowed_time=15.00s, vel_scale=0.250, accel_scale=0.250, gc1:joints(joint_1=+0.000+/-0.030, joint_2=-0.350+/-0.030, joint_3=+3.140+/-0.030, joint_4=-2.540+/-0.030, joint_5=+0.000+/-0.030, joint_6=-0.870+/-0.030, joint_7=+1.570+/-0.030)
[move_group-20] [ERROR] [1777472767.099298983] [move_group.moveit.moveit.core.conversions]: Found empty JointState message
[adl_controller-11] [INFO] [1777472767.105609785] [adl_controller_node]: Start state: collision-valid — no collisions (not a joint-bounds check).
[move_group-20] [INFO] [1777472767.107572251] [move_group.moveit.moveit.ros.move_group.move_action]: MoveGroupMoveAction: Received request
[move_group-20] [INFO] [1777472767.108013156] [move_group.moveit.moveit.ros.move_group.move_action]: executing..
[move_group-20] [INFO] [1777472767.112253484] [move_group.moveit.moveit.ros.move_group.move_action]: Combined planning and execution request received for MoveGroup action. Forwarding to planning and execution pipeline.
[move_group-20] [WARN] [1777472767.112322372] [move_group.moveit.moveit.ros.move_group.capability]: Execution of motions should always start at the robot's current state. Ignoring the state supplied as start state in the motion planning request
[move_group-20] [WARN] [1777472767.112348660] [move_group.moveit.moveit.ros.move_group.capability]: Execution of motions should always start at the robot's current state. Ignoring the state supplied as difference in the planning scene diff
[move_group-20] [INFO] [1777472767.112365422] [move_group.moveit.moveit.ros.plan_execution]: Planning attempt 1 of at most 1
[move_group-20] [INFO] [1777472767.112699990] [move_group]: Calling PlanningRequestAdapter 'ResolveConstraintFrames'
[move_group-20] [INFO] [1777472767.112731568] [move_group]: Calling PlanningRequestAdapter 'ValidateWorkspaceBounds'
[move_group-20] [INFO] [1777472767.112749368] [move_group]: Calling PlanningRequestAdapter 'CheckStartStateBounds'
[move_group-20] [INFO] [1777472767.112786117] [move_group]: Calling PlanningRequestAdapter 'CheckStartStateCollision'
[move_group-20] [INFO] [1777472767.113198868] [move_group.moveit.moveit.planners.ompl.model_based_planning_context]: Planner configuration 'manipulator' will use planner 'geometric::RRTConnect'. Additional configuration parameters will be set when the planner is constructed.
[move_group-20] [INFO] [1777472767.113282576] [move_group]: Calling Planner 'OMPL'
[adl_controller-11] [INFO] [1777472767.112807797] [adl_controller_node]: _send_goal: MoveGroup goal accepted.
[move_group-20] [INFO] [1777472767.155910570] [move_group]: Calling PlanningResponseAdapter 'AddTimeOptimalParameterization'
[move_group-20] [INFO] [1777472767.170147815] [move_group]: Calling PlanningResponseAdapter 'ValidateSolution'
[move_group-20] [INFO] [1777472767.173701545] [move_group]: Calling PlanningResponseAdapter 'DisplayMotionPath'
[move_group-20] [WARN] [1777472767.173970449] [move_group.moveit.moveit.ros.planning_pipeline]: The planner plugin did not fill out the 'planner_id' field of the MotionPlanResponse. Setting it to the planner ID name of the MotionPlanRequest assuming that the planner plugin does warn you if it does not use the requested planner.
[move_group-20] [INFO] [1777472767.174382516] [move_group.moveit.moveit.plugins.simple_controller_manager]: Returned 2 controllers in list
[move_group-20] [INFO] [1777472767.174432985] [move_group.moveit.moveit.plugins.simple_controller_manager]: Returned 2 controllers in list
[move_group-20] [INFO] [1777472767.174518807] [move_group.moveit.moveit.ros.trajectory_execution_manager]: Validating trajectory with allowed_start_tolerance 0.01
[move_group-20] [INFO] [1777472767.191138843] [move_group.moveit.moveit.ros.trajectory_execution_manager]: Starting trajectory execution ...
[move_group-20] [INFO] [1777472767.191238708] [move_group.moveit.moveit.plugins.simple_controller_manager]: Returned 2 controllers in list
[move_group-20] [INFO] [1777472767.191275009] [move_group.moveit.moveit.plugins.simple_controller_manager]: Returned 2 controllers in list
[move_group-20] [INFO] [1777472767.191481926] [moveit.simple_controller_manager.follow_joint_trajectory_controller_handle]: sending trajectory to joint_trajectory_controller
[ros2_control_node-1] [INFO] [1777472767.192784351] [joint_trajectory_controller]: Received new action goal
[ros2_control_node-1] [INFO] [1777472767.193279413] [joint_trajectory_controller]: Accepted new action goal
[move_group-20] [INFO] [1777472767.195212602] [moveit.simple_controller_manager.follow_joint_trajectory_controller_handle]: joint_trajectory_controller started execution
[move_group-20] [INFO] [1777472767.195238985] [moveit.simple_controller_manager.follow_joint_trajectory_controller_handle]: Goal request accepted!
[adl_ui-15] 192.168.0.78 - - [29/Apr/2026 10:26:07] "GET /status_json HTTP/1.1" 200 -
[adl_ui-15] 127.0.0.1 - - [29/Apr/2026 10:26:07] "GET /status_json HTTP/1.1" 200 -
[ros2_control_node-1] [WARN] [1777472767.851377988] [controller_manager]: Overrun might occur, Total time : 2444.236 us (Expected < 1000.000 us) --> Read time : 19.021 us, Update time : 149.854 us, Write time : 2275.361 us
[ros2_control_node-1] [WARN] [1777472767.851479195] [controller_manager]: Overrun detected! The controller manager missed its desired rate of 1000 Hz. The loop took 2.604968 ms (missed cycles : 3).
[scene_from_vision-10] [INFO] [1777472767.936643533] [scene_from_vision_node]: Published obj_1 (heartbeat) at x=0.730, y=0.006, z=0.143, yaw=-124.6deg
[adl_ui-15] 192.168.0.78 - - [29/Apr/2026 10:26:08] "GET /status_json HTTP/1.1" 200 -
[adl_ui-15] 127.0.0.1 - - [29/Apr/2026 10:26:08] "GET /status_json HTTP/1.1" 200 -
[ros2_control_node-1] [WARN] [1777472768.852615345] [controller_manager]: Overrun might occur, Total time : 2725.636 us (Expected < 1000.000 us) --> Read time : 28.704 us, Update time : 277.568 us, Write time : 2419.364 us
[ros2_control_node-1] [WARN] [1777472768.852679080] [controller_manager]: Overrun detected! The controller manager missed its desired rate of 1000 Hz. The loop took 2.805582 ms (missed cycles : 3).
[vision_apriltag-9] [INFO] [1777472768.930094863] [vision_apriltag_node]: Vision AprilTag: images are arriving, but no AprilTag has been seen for 50.5s.
[adl_ui-15] 192.168.0.78 - - [29/Apr/2026 10:26:09] "GET /status_json HTTP/1.1" 200 -
[adl_ui-15] 127.0.0.1 - - [29/Apr/2026 10:26:09] "GET /status_json HTTP/1.1" 200 -
[ros2_control_node-1] [WARN] [1777472769.852828474] [controller_manager]: Overrun might occur, Total time : 3937.817 us (Expected < 1000.000 us) --> Read time : 28.333 us, Update time : 295.588 us, Write time : 3613.896 us
[ros2_control_node-1] [WARN] [1777472769.852904793] [controller_manager]: Overrun detected! The controller manager missed its desired rate of 1000 Hz. The loop took 4.031247 ms (missed cycles : 5).
[adl_ui-15] 192.168.0.78 - - [29/Apr/2026 10:26:09] "GET /status_json HTTP/1.1" 200 -
[adl_ui-15] 127.0.0.1 - - [29/Apr/2026 10:26:10] "GET /status_json HTTP/1.1" 200 -
[scene_from_vision-10] [INFO] [1777472770.440516137] [scene_from_vision_node]: Published obj_1 (heartbeat) at x=0.730, y=0.006, z=0.143, yaw=-124.6deg
[vision_apriltag-9] [INFO] [1777472770.598300027] [vision_apriltag_node]: Vision AprilTag: images are arriving, but no AprilTag has been seen for 52.2s.
[adl_ui-15] 192.168.0.78 - - [29/Apr/2026 10:26:10] "GET /status_json HTTP/1.1" 200 -
[vision_apriltag-9] [INFO] [1777472770.751413365] [vision_apriltag_node]: Vision AprilTag detection debug: no tags found after raw/CLAHE/sharp/adaptive/upscaled/tiled passes.
[adl_ui-15] 127.0.0.1 - - [29/Apr/2026 10:26:10] "GET /status_json HTTP/1.1" 200 -
[ros2_control_node-1] [WARN] [1777472770.856444705] [controller_manager]: Overrun might occur, Total time : 3516.149 us (Expected < 1000.000 us) --> Read time : 99.824 us, Update time : 476.138 us, Write time : 2940.187 us
[ros2_control_node-1] [WARN] [1777472770.856538284] [controller_manager]: Overrun detected! The controller manager missed its desired rate of 1000 Hz. The loop took 3.664314 ms (missed cycles : 4).
[adl_ui-15] 192.168.0.78 - - [29/Apr/2026 10:26:11] "GET /status_json HTTP/1.1" 200 -
[adl_ui-15] 127.0.0.1 - - [29/Apr/2026 10:26:11] "GET /status_json HTTP/1.1" 200 -
[wrist_camera_usb_publisher-8] [INFO] [1777472771.691366699] [wrist_camera_usb_publisher_node]: USB camera publisher heartbeat: publishing 1280x720 frames on /wrist_mounted_camera/image; camera_info fx=920.87, fy=921.57, cx=644.76, cy=343.15.
[ros2_control_node-1] [WARN] [1777472771.856657835] [controller_manager]: Overrun might occur, Total time : 2759.506 us (Expected < 1000.000 us) --> Read time : 42.449 us, Update time : 312.928 us, Write time : 2404.129 us
[ros2_control_node-1] [WARN] [1777472771.856737081] [controller_manager]: Overrun detected! The controller manager missed its desired rate of 1000 Hz. The loop took 2.863249 ms (missed cycles : 3).
[adl_ui-15] 192.168.0.78 - - [29/Apr/2026 10:26:12] "GET /status_json HTTP/1.1" 200 -
[adl_ui-15] 127.0.0.1 - - [29/Apr/2026 10:26:12] "GET /status_json HTTP/1.1" 200 -
[ros2_control_node-1] [WARN] [1777472772.857592210] [controller_manager]: Overrun might occur, Total time : 2694.522 us (Expected < 1000.000 us) --> Read time : 50.370 us, Update time : 423.536 us, Write time : 2220.616 us
[ros2_control_node-1] [WARN] [1777472772.857682773] [controller_manager]: Overrun detected! The controller manager missed its desired rate of 1000 Hz. The loop took 2.808761 ms (missed cycles : 3).
[adl_ui-15] 192.168.0.78 - - [29/Apr/2026 10:26:12] "GET /status_json HTTP/1.1" 200 -
[scene_from_vision-10] [INFO] [1777472772.935083922] [scene_from_vision_node]: Published obj_1 (heartbeat) at x=0.730, y=0.006, z=0.143, yaw=-124.6deg
[vision_apriltag-9] [INFO] [1777472772.976498955] [vision_apriltag_node]: Vision AprilTag: images are arriving, but no AprilTag has been seen for 54.6s.
[adl_ui-15] 127.0.0.1 - - [29/Apr/2026 10:26:13] "GET /status_json HTTP/1.1" 200 -
[adl_ui-15] 192.168.0.78 - - [29/Apr/2026 10:26:13] "GET /status_json HTTP/1.1" 200 -
[adl_ui-15] 127.0.0.1 - - [29/Apr/2026 10:26:13] "GET /status_json HTTP/1.1" 200 -
[ros2_control_node-1] [WARN] [1777472773.860417765] [controller_manager]: Overrun might occur, Total time : 3510.171 us (Expected < 1000.000 us) --> Read time : 38.171 us, Update time : 275.587 us, Write time : 3196.413 us
[ros2_control_node-1] [WARN] [1777472773.860605734] [controller_manager]: Overrun detected! The controller manager missed its desired rate of 1000 Hz. The loop took 3.730197 ms (missed cycles : 4).
[adl_ui-15] 192.168.0.78 - - [29/Apr/2026 10:26:14] "GET /status_json HTTP/1.1" 200 -
[adl_ui-15] 127.0.0.1 - - [29/Apr/2026 10:26:14] "GET /status_json HTTP/1.1" 200 -
[ros2_control_node-1] [WARN] [1777472774.862692983] [controller_manager]: Overrun might occur, Total time : 2805.663 us (Expected < 1000.000 us) --> Read time : 26.686 us, Update time : 266.334 us, Write time : 2512.643 us
[ros2_control_node-1] [WARN] [1777472774.862744192] [controller_manager]: Overrun detected! The controller manager missed its desired rate of 1000 Hz. The loop took 2.871490 ms (missed cycles : 3).
[adl_ui-15] 192.168.0.78 - - [29/Apr/2026 10:26:15] "GET /status_json HTTP/1.1" 200 -
[vision_apriltag-9] [INFO] [1777472775.162519995] [vision_apriltag_node]: Vision AprilTag: images are arriving, but no AprilTag has been seen for 56.8s.
[adl_ui-15] 127.0.0.1 - - [29/Apr/2026 10:26:15] "GET /status_json HTTP/1.1" 200 -
[scene_from_vision-10] [INFO] [1777472775.436055293] [scene_from_vision_node]: Published obj_1 (heartbeat) at x=0.730, y=0.006, z=0.143, yaw=-124.6deg
[ros2_control_node-1] [WARN] [1777472775.864333461] [controller_manager]: Overrun might occur, Total time : 2441.091 us (Expected < 1000.000 us) --> Read time : 35.192 us, Update time : 241.661 us, Write time : 2164.238 us
[ros2_control_node-1] [WARN] [1777472775.864403756] [controller_manager]: Overrun detected! The controller manager missed its desired rate of 1000 Hz. The loop took 2.530697 ms (missed cycles : 3).
[adl_ui-15] 192.168.0.78 - - [29/Apr/2026 10:26:15] "GET /status_json HTTP/1.1" 200 -
[vision_apriltag-9] [INFO] [1777472775.976683879] [vision_apriltag_node]: Vision AprilTag detection debug: no tags found after raw/CLAHE/sharp/adaptive/upscaled/tiled passes.
[adl_ui-15] 127.0.0.1 - - [29/Apr/2026 10:26:16] "GET /status_json HTTP/1.1" 200 -
[joint_state_sanitizer-3] [WARN] [1777472776.114676402] [joint_state_sanitizer_node]: [joint_state_sanitizer] Published sanitized joint state: joint_3:-3.134->-3.132
[ros2_control_node-1] [INFO] [1777472776.366029310] [joint_trajectory_controller]: Goal reached, success!
[move_group-20] [INFO] [1777472776.394998869] [moveit.simple_controller_manager.follow_joint_trajectory_controller_handle]: Controller 'joint_trajectory_controller' successfully finished
[move_group-20] [INFO] [1777472776.450236468] [move_group.moveit.moveit.ros.trajectory_execution_manager]: Completed trajectory execution with status SUCCEEDED ...
[move_group-20] [INFO] [1777472776.451931687] [move_group.moveit.moveit.ros.move_group.move_action]: Solution was found and executed.
[adl_controller-11] [INFO] [1777472776.456987282] [adl_controller_node]: _send_goal: MoveGroup execution completed successfully.
[adl_controller-11] [INFO] [1777472776.561305938] [adl_controller_node]: _send_goal: settled live EE pose pos=(0.134, 0.008, 0.339), ori=(0.690, 0.721, 0.042, 0.039)
[vision_apriltag-9] [INFO] [1777472776.598174647] [vision_apriltag_node]: Vision AprilTag: images are arriving, but no AprilTag has been seen for 58.2s.
[adl_ui-15] 192.168.0.78 - - [29/Apr/2026 10:26:16] "GET /status_json HTTP/1.1" 200 -
[move_group-20] [WARN] [1777472776.663880577] [move_group.moveit.moveit.core.planning_scene]: Tried to remove world object 'obj_1', but it does not exist in this scene.
[scene_from_vision-10] [INFO] [1777472776.664647082] [scene_from_vision_node]: Scene memory cleared. Removed remembered IDs: [1]
[scene_from_vision-10] [WARN] [1777472776.674504621] [scene_from_vision_node]: /apply_planning_scene rejected scene clear.
[wrist_camera_usb_publisher-8] [INFO] [1777472776.859395982] [wrist_camera_usb_publisher_node]: USB camera publisher heartbeat: publishing 1280x720 frames on /wrist_mounted_camera/image; camera_info fx=920.87, fy=921.57, cx=644.76, cy=343.15.
[adl_ui-15] 127.0.0.1 - - [29/Apr/2026 10:26:16] "GET /status_json HTTP/1.1" 200 -
[ros2_control_node-1] [WARN] [1777472776.865546418] [controller_manager]: Overrun might occur, Total time : 3636.965 us (Expected < 1000.000 us) --> Read time : 66.979 us, Update time : 307.848 us, Write time : 3262.138 us
[ros2_control_node-1] [WARN] [1777472776.865615248] [controller_manager]: Overrun detected! The controller manager missed its desired rate of 1000 Hz. The loop took 3.741933 ms (missed cycles : 4).
[rviz2-21] [WARN] [1777472776.872645084] [rviz2_moveit.moveit.core.planning_scene]: Tried to remove world object 'obj_1', but it does not exist in this scene.
[adl_ui-15] 192.168.0.78 - - [29/Apr/2026 10:26:17] "GET /status_json HTTP/1.1" 200 -
[adl_ui-15] 127.0.0.1 - - [29/Apr/2026 10:26:17] "GET /status_json HTTP/1.1" 200 -
[ros2_control_node-1] [WARN] [1777472777.867029441] [controller_manager]: Overrun might occur, Total time : 4126.084 us (Expected < 1000.000 us) --> Read time : 59.189 us, Update time : 293.709 us, Write time : 3773.186 us
[ros2_control_node-1] [WARN] [1777472777.867112723] [controller_manager]: Overrun detected! The controller manager missed its desired rate of 1000 Hz. The loop took 4.239083 ms (missed cycles : 5).
[adl_ui-15] 192.168.0.78 - - [29/Apr/2026 10:26:18] "GET /status_json HTTP/1.1" 200 -
[adl_ui-15] 127.0.0.1 - - [29/Apr/2026 10:26:18] "GET /status_json HTTP/1.1" 200 -
[vision_apriltag-9] [INFO] [1777472778.599674273] [vision_apriltag_node]: Vision AprilTag: images are arriving, but no AprilTag has been seen for 60.2s.
[ros2_control_node-1] [WARN] [1777472778.869469892] [controller_manager]: Overrun might occur, Total time : 2579.018 us (Expected < 1000.000 us) --> Read time : 18.480 us, Update time : 142.336 us, Write time : 2418.202 us
[ros2_control_node-1] [WARN] [1777472778.869556879] [controller_manager]: Overrun detected! The controller manager missed its desired rate of 1000 Hz. The loop took 2.683014 ms (missed cycles : 3).
[adl_ui-15] 192.168.0.78 - - [29/Apr/2026 10:26:18] "GET /status_json HTTP/1.1" 200 -
[adl_ui-15] 127.0.0.1 - - [29/Apr/2026 10:26:19] "GET /status_json HTTP/1.1" 200 -
[adl_ui-15] [INFO] [1777472779.140479088] [adl_ui_node]: UI command published: emergency_stop_retract
[adl_ui-15] 127.0.0.1 - - [29/Apr/2026 10:26:19] "POST /command HTTP/1.1" 200 -
[adl_ui-15] 127.0.0.1 - - [29/Apr/2026 10:26:19] "GET /status_json HTTP/1.1" 200 -
[adl_ui-15] 192.168.0.78 - - [29/Apr/2026 10:26:19] "GET /status_json HTTP/1.1" 200 -
[ros2_control_node-1] [WARN] [1777472779.870376291] [controller_manager]: Overrun might occur, Total time : 2467.504 us (Expected < 1000.000 us) --> Read time : 16.090 us, Update time : 122.009 us, Write time : 2329.405 us
[ros2_control_node-1] [WARN] [1777472779.870478242] [controller_manager]: Overrun detected! The controller manager missed its desired rate of 1000 Hz. The loop took 2.603550 ms (missed cycles : 3).
[adl_ui-15] 127.0.0.1 - - [29/Apr/2026 10:26:19] "GET /status_json HTTP/1.1" 200 -
[adl_ui-15] 192.168.0.78 - - [29/Apr/2026 10:26:20] "GET /status_json HTTP/1.1" 200 -
[vision_apriltag-9] [INFO] [1777472780.598031057] [vision_apriltag_node]: Vision AprilTag: images are arriving, but no AprilTag has been seen for 62.2s.
[adl_ui-15] 127.0.0.1 - - [29/Apr/2026 10:26:20] "GET /status_json HTTP/1.1" 200 -
[ros2_control_node-1] [WARN] [1777472780.873476198] [controller_manager]: Overrun might occur, Total time : 2584.306 us (Expected < 1000.000 us) --> Read time : 30.404 us, Update time : 205.738 us, Write time : 2348.164 us
[ros2_control_node-1] [WARN] [1777472780.873542938] [controller_manager]: Overrun detected! The controller manager missed its desired rate of 1000 Hz. The loop took 2.669111 ms (missed cycles : 3).
[vision_apriltag-9] [INFO] [1777472781.100905631] [vision_apriltag_node]: Vision AprilTag detection debug: no tags found after raw/CLAHE/sharp/adaptive/upscaled/tiled passes.
[adl_ui-15] 192.168.0.78 - - [29/Apr/2026 10:26:21] "GET /status_json HTTP/1.1" 200 -
[adl_ui-15] 127.0.0.1 - - [29/Apr/2026 10:26:21] "GET /status_json HTTP/1.1" 200 -
[adl_controller-11] [WARN] [1777472781.686858131] [adl_controller_node]: Scene clear timed out after give_medication terminal transition.
[scene_from_vision-10] [INFO] [1777472781.860731855] [scene_from_vision_node]: Scene memory cleared. Removed remembered IDs: []
[ros2_control_node-1] [WARN] [1777472781.874979135] [controller_manager]: Overrun might occur, Total time : 4081.879 us (Expected < 1000.000 us) --> Read time : 37.506 us, Update time : 224.109 us, Write time : 3820.264 us
[ros2_control_node-1] [WARN] [1777472781.875061156] [controller_manager]: Overrun detected! The controller manager missed its desired rate of 1000 Hz. The loop took 4.187404 ms (missed cycles : 5).
[adl_ui-15] 192.168.0.78 - - [29/Apr/2026 10:26:21] "GET /status_json HTTP/1.1" 200 -
[wrist_camera_usb_publisher-8] [INFO] [1777472782.015559997] [wrist_camera_usb_publisher_node]: USB camera publisher heartbeat: publishing 1280x720 frames on /wrist_mounted_camera/image; camera_info fx=920.87, fy=921.57, cx=644.76, cy=343.15.
[adl_ui-15] 127.0.0.1 - - [29/Apr/2026 10:26:22] "GET /status_json HTTP/1.1" 200 -
[vision_apriltag-9] [INFO] [1777472782.598269116] [vision_apriltag_node]: Vision AprilTag: images are arriving, but no AprilTag has been seen for 64.2s.
[adl_ui-15] 192.168.0.78 - - [29/Apr/2026 10:26:22] "GET /status_json HTTP/1.1" 200 -
[adl_ui-15] [INFO] [1777472782.727920620] [adl_ui_node]: UI command published: give_medication
[adl_ui-15] 127.0.0.1 - - [29/Apr/2026 10:26:22] "POST /command HTTP/1.1" 200 -
[scene_from_vision-10] [INFO] [1777472782.737484464] [scene_from_vision_node]: Scene memory cleared. Removed remembered IDs: []
[adl_ui-15] 127.0.0.1 - - [29/Apr/2026 10:26:22] "GET /status_json HTTP/1.1" 200 -
[give_medication-14] [INFO] [1777472782.781127895] [give_medication_node]: Scene memory cleared. Removed remembered IDs: []
[give_medication-14] [INFO] [1777472782.782001587] [give_medication_node]: look_at_table_horizontal_side_scan: using deterministic joint pose from ADL_HORIZONTAL_SIDE_SCAN_JOINT_*.
[give_medication-14] [INFO] [1777472782.782964034] [give_medication_node]: look_at_table_horizontal_side_scan: current arm is not at target (worst=joint_6:2.305 rad > 0.080).
[give_medication-14] [INFO] [1777472782.783847370] [give_medication_node]: look_at_table_horizontal_side_scan: moving with deterministic fixed joint pose.
[give_medication-14] [INFO] [1777472782.784838268] [give_medication_node]: _send_goal: dispatching MoveGroup request group=manipulator, attempts=10, allowed_time=18.00s, vel_scale=0.250, accel_scale=0.250, gc1:joints(joint_1=+1.523+/-0.030, joint_2=+1.460+/-0.030, joint_3=-3.129+/-0.030, joint_4=-2.404+/-0.030, joint_5=+1.744+/-0.030, joint_6=+1.432+/-0.030, joint_7=+2.304+/-0.030)
[move_group-20] [ERROR] [1777472782.785724911] [move_group.moveit.moveit.core.conversions]: Found empty JointState message
[give_medication-14] [INFO] [1777472782.789154299] [give_medication_node]: Start state: collision-valid — no collisions (not a joint-bounds check).
[move_group-20] [INFO] [1777472782.790299885] [move_group.moveit.moveit.ros.move_group.move_action]: MoveGroupMoveAction: Received request
[move_group-20] [INFO] [1777472782.790584917] [move_group.moveit.moveit.ros.move_group.move_action]: executing..
[give_medication-14] [INFO] [1777472782.794581674] [give_medication_node]: _send_goal: MoveGroup goal accepted.
[move_group-20] [INFO] [1777472782.810175757] [move_group.moveit.moveit.ros.move_group.move_action]: Combined planning and execution request received for MoveGroup action. Forwarding to planning and execution pipeline.
[move_group-20] [WARN] [1777472782.810234575] [move_group.moveit.moveit.ros.move_group.capability]: Execution of motions should always start at the robot's current state. Ignoring the state supplied as start state in the motion planning request
[move_group-20] [WARN] [1777472782.810260982] [move_group.moveit.moveit.ros.move_group.capability]: Execution of motions should always start at the robot's current state. Ignoring the state supplied as difference in the planning scene diff
[move_group-20] [INFO] [1777472782.810275861] [move_group.moveit.moveit.ros.plan_execution]: Planning attempt 1 of at most 1
[move_group-20] [INFO] [1777472782.810598431] [move_group]: Calling PlanningRequestAdapter 'ResolveConstraintFrames'
[move_group-20] [INFO] [1777472782.810636517] [move_group]: Calling PlanningRequestAdapter 'ValidateWorkspaceBounds'
[move_group-20] [INFO] [1777472782.810653564] [move_group]: Calling PlanningRequestAdapter 'CheckStartStateBounds'
[move_group-20] [INFO] [1777472782.810683442] [move_group]: Calling PlanningRequestAdapter 'CheckStartStateCollision'
[move_group-20] [INFO] [1777472782.811107824] [move_group.moveit.moveit.planners.ompl.model_based_planning_context]: Planner configuration 'manipulator' will use planner 'geometric::RRTConnect'. Additional configuration parameters will be set when the planner is constructed.
[move_group-20] [INFO] [1777472782.811189294] [move_group]: Calling Planner 'OMPL'
[move_group-20] [INFO] [1777472782.849183459] [move_group]: Calling PlanningResponseAdapter 'AddTimeOptimalParameterization'
[move_group-20] [INFO] [1777472782.865835797] [move_group]: Calling PlanningResponseAdapter 'ValidateSolution'
[move_group-20] [INFO] [1777472782.868519336] [move_group]: Calling PlanningResponseAdapter 'DisplayMotionPath'
[move_group-20] [WARN] [1777472782.868767061] [move_group.moveit.moveit.ros.planning_pipeline]: The planner plugin did not fill out the 'planner_id' field of the MotionPlanResponse. Setting it to the planner ID name of the MotionPlanRequest assuming that the planner plugin does warn you if it does not use the requested planner.
[move_group-20] [INFO] [1777472782.869140521] [move_group.moveit.moveit.plugins.simple_controller_manager]: Returned 2 controllers in list
[move_group-20] [INFO] [1777472782.869174329] [move_group.moveit.moveit.plugins.simple_controller_manager]: Returned 2 controllers in list
[move_group-20] [INFO] [1777472782.869279224] [move_group.moveit.moveit.ros.trajectory_execution_manager]: Validating trajectory with allowed_start_tolerance 0.01
[move_group-20] [INFO] [1777472782.874202358] [move_group.moveit.moveit.ros.trajectory_execution_manager]: Starting trajectory execution ...
[move_group-20] [INFO] [1777472782.874272433] [move_group.moveit.moveit.plugins.simple_controller_manager]: Returned 2 controllers in list
[move_group-20] [INFO] [1777472782.874309462] [move_group.moveit.moveit.plugins.simple_controller_manager]: Returned 2 controllers in list
[move_group-20] [INFO] [1777472782.874599532] [moveit.simple_controller_manager.follow_joint_trajectory_controller_handle]: sending trajectory to joint_trajectory_controller
[ros2_control_node-1] [INFO] [1777472782.875042116] [joint_trajectory_controller]: Received new action goal
[ros2_control_node-1] [INFO] [1777472782.875112072] [joint_trajectory_controller]: Accepted new action goal
[move_group-20] [INFO] [1777472782.876025434] [moveit.simple_controller_manager.follow_joint_trajectory_controller_handle]: joint_trajectory_controller started execution
[move_group-20] [INFO] [1777472782.876049686] [moveit.simple_controller_manager.follow_joint_trajectory_controller_handle]: Goal request accepted!
[ros2_control_node-1] [WARN] [1777472782.877718871] [controller_manager]: Overrun might occur, Total time : 2820.668 us (Expected < 1000.000 us) --> Read time : 39.322 us, Update time : 225.940 us, Write time : 2555.406 us
[ros2_control_node-1] [WARN] [1777472782.877818906] [controller_manager]: Overrun detected! The controller manager missed its desired rate of 1000 Hz. The loop took 2.945572 ms (missed cycles : 3).
[adl_ui-15] 192.168.0.78 - - [29/Apr/2026 10:26:23] "GET /status_json HTTP/1.1" 200 -
[adl_ui-15] 127.0.0.1 - - [29/Apr/2026 10:26:23] "GET /status_json HTTP/1.1" 200 -
[ros2_control_node-1] [WARN] [1777472783.881213133] [controller_manager]: Overrun might occur, Total time : 3313.522 us (Expected < 1000.000 us) --> Read time : 44.837 us, Update time : 292.424 us, Write time : 2976.261 us
[ros2_control_node-1] [WARN] [1777472783.881281718] [controller_manager]: Overrun detected! The controller manager missed its desired rate of 1000 Hz. The loop took 3.408159 ms (missed cycles : 4).
[adl_ui-15] 192.168.0.78 - - [29/Apr/2026 10:26:24] "GET /status_json HTTP/1.1" 200 -
[adl_ui-15] 127.0.0.1 - - [29/Apr/2026 10:26:24] "GET /status_json HTTP/1.1" 200 -
[vision_apriltag-9] [INFO] [1777472784.597272736] [vision_apriltag_node]: Vision AprilTag: images are arriving, but no AprilTag has been seen for 66.2s.
[ros2_control_node-1] [WARN] [1777472784.883563461] [controller_manager]: Overrun might occur, Total time : 2672.818 us (Expected < 1000.000 us) --> Read time : 24.177 us, Update time : 187.870 us, Write time : 2460.771 us
[ros2_control_node-1] [WARN] [1777472784.883624690] [controller_manager]: Overrun detected! The controller manager missed its desired rate of 1000 Hz. The loop took 2.751504 ms (missed cycles : 3).
[adl_ui-15] 192.168.0.78 - - [29/Apr/2026 10:26:24] "GET /status_json HTTP/1.1" 200 -
[adl_ui-15] 127.0.0.1 - - [29/Apr/2026 10:26:25] "GET /status_json HTTP/1.1" 200 -
[joint_state_sanitizer-3] [WARN] [1777472785.555849673] [joint_state_sanitizer_node]: [joint_state_sanitizer] Published sanitized joint state: joint_3:+3.134->+3.132
[adl_ui-15] 192.168.0.78 - - [29/Apr/2026 10:26:25] "GET /status_json HTTP/1.1" 200 -
[adl_ui-15] 127.0.0.1 - - [29/Apr/2026 10:26:25] "GET /status_json HTTP/1.1" 200 -
[vision_apriltag-9] [INFO] [1777472785.812743653] [vision_apriltag_node]: Vision AprilTag visible IDs: [0]
[ros2_control_node-1] [WARN] [1777472785.886417643] [controller_manager]: Overrun might occur, Total time : 2519.635 us (Expected < 1000.000 us) --> Read time : 41.641 us, Update time : 290.094 us, Write time : 2187.900 us
[ros2_control_node-1] [WARN] [1777472785.886496173] [controller_manager]: Overrun detected! The controller manager missed its desired rate of 1000 Hz. The loop took 2.622605 ms (missed cycles : 3).
[adl_ui-15] 192.168.0.78 - - [29/Apr/2026 10:26:26] "GET /status_json HTTP/1.1" 200 -
[vision_apriltag-9] [INFO] [1777472786.440303678] [vision_apriltag_node]: Service: Tag 0 found and base-frame pose returned.
[vision_apriltag-9] [INFO] [1777472786.495242377] [vision_apriltag_node]: Vision AprilTag detection debug: no tags found after raw/CLAHE/sharp/adaptive/upscaled/tiled passes.
[adl_ui-15] 127.0.0.1 - - [29/Apr/2026 10:26:26] "GET /status_json HTTP/1.1" 200 -
[adl_controller-11] [WARN] [1777472786.865160633] [adl_controller_node]: Scene clear timed out after idle emergency stop retract.
[ros2_control_node-1] [WARN] [1777472786.887051332] [controller_manager]: Overrun might occur, Total time : 3149.619 us (Expected < 1000.000 us) --> Read time : 92.738 us, Update time : 515.556 us, Write time : 2541.325 us
[ros2_control_node-1] [WARN] [1777472786.887134659] [controller_manager]: Overrun detected! The controller manager missed its desired rate of 1000 Hz. The loop took 3.261295 ms (missed cycles : 4).
[adl_ui-15] 192.168.0.78 - - [29/Apr/2026 10:26:27] "GET /status_json HTTP/1.1" 200 -
[wrist_camera_usb_publisher-8] [INFO] [1777472787.181355792] [wrist_camera_usb_publisher_node]: USB camera publisher heartbeat: publishing 1280x720 frames on /wrist_mounted_camera/image; camera_info fx=920.87, fy=921.57, cx=644.76, cy=343.15.
[adl_ui-15] 127.0.0.1 - - [29/Apr/2026 10:26:27] "GET /status_json HTTP/1.1" 200 -
[vision_apriltag-9] [INFO] [1777472787.434526733] [vision_apriltag_node]: Service: Tag 0 found and base-frame pose returned.
[ros2_control_node-1] [WARN] [1777472787.888670476] [controller_manager]: Overrun might occur, Total time : 2770.492 us (Expected < 1000.000 us) --> Read time : 55.616 us, Update time : 378.632 us, Write time : 2336.244 us
[ros2_control_node-1] [WARN] [1777472787.888755295] [controller_manager]: Overrun detected! The controller manager missed its desired rate of 1000 Hz. The loop took 2.881120 ms (missed cycles : 3).
[adl_ui-15] 192.168.0.78 - - [29/Apr/2026 10:26:27] "GET /status_json HTTP/1.1" 200 -
[adl_ui-15] 127.0.0.1 - - [29/Apr/2026 10:26:28] "GET /status_json HTTP/1.1" 200 -
[vision_apriltag-9] [INFO] [1777472788.433430408] [vision_apriltag_node]: Service: Tag 0 found and base-frame pose returned.
[adl_ui-15] 192.168.0.78 - - [29/Apr/2026 10:26:28] "GET /status_json HTTP/1.1" 200 -
[adl_ui-15] 127.0.0.1 - - [29/Apr/2026 10:26:28] "GET /status_json HTTP/1.1" 200 -
[ros2_control_node-1] [WARN] [1777472788.890469267] [controller_manager]: Overrun might occur, Total time : 2575.623 us (Expected < 1000.000 us) --> Read time : 37.129 us, Update time : 273.958 us, Write time : 2264.536 us
[ros2_control_node-1] [WARN] [1777472788.890541236] [controller_manager]: Overrun detected! The controller manager missed its desired rate of 1000 Hz. The loop took 2.667554 ms (missed cycles : 3).
[adl_ui-15] 192.168.0.78 - - [29/Apr/2026 10:26:29] "GET /status_json HTTP/1.1" 200 -
[vision_apriltag-9] [INFO] [1777472789.440409080] [vision_apriltag_node]: Service: Tag 0 found and base-frame pose returned.
[adl_ui-15] 127.0.0.1 - - [29/Apr/2026 10:26:29] "GET /status_json HTTP/1.1" 200 -
[ros2_control_node-1] [WARN] [1777472789.891273798] [controller_manager]: Overrun might occur, Total time : 4352.852 us (Expected < 1000.000 us) --> Read time : 94.493 us, Update time : 489.722 us, Write time : 3768.637 us
[ros2_control_node-1] [WARN] [1777472789.891348880] [controller_manager]: Overrun detected! The controller manager missed its desired rate of 1000 Hz. The loop took 4.475919 ms (missed cycles : 5).
[adl_ui-15] 192.168.0.78 - - [29/Apr/2026 10:26:30] "GET /status_json HTTP/1.1" 200 -
[adl_ui-15] 127.0.0.1 - - [29/Apr/2026 10:26:30] "GET /status_json HTTP/1.1" 200 -
[vision_apriltag-9] [INFO] [1777472790.435248751] [vision_apriltag_node]: Service: Tag 0 found and base-frame pose returned.
[ros2_control_node-1] [INFO] [1777472790.529076552] [joint_trajectory_controller]: Goal reached, success!
[move_group-20] [INFO] [1777472790.576125991] [moveit.simple_controller_manager.follow_joint_trajectory_controller_handle]: Controller 'joint_trajectory_controller' successfully finished
[vision_apriltag-9] [INFO] [1777472790.597335657] [vision_apriltag_node]: Vision AprilTag: images are arriving, but no AprilTag has been seen for 3.8s.
[move_group-20] [INFO] [1777472790.631167183] [move_group.moveit.moveit.ros.trajectory_execution_manager]: Completed trajectory execution with status SUCCEEDED ...
[move_group-20] [INFO] [1777472790.634465033] [move_group.moveit.moveit.ros.move_group.move_action]: Solution was found and executed.
[give_medication-14] [INFO] [1777472790.639750386] [give_medication_node]: _send_goal: MoveGroup execution completed successfully.
[give_medication-14] [INFO] [1777472790.745266451] [give_medication_node]: _send_goal: settled live EE pose pos=(0.167, -0.168, 0.094), ori=(0.424, 0.582, 0.540, 0.437)
[give_medication-14] [INFO] [1777472790.746116786] [give_medication_node]: [CAL] horizontal side scan joint snapshot: ADL_HORIZONTAL_SIDE_SCAN_JOINT_1=+1.523469 ADL_HORIZONTAL_SIDE_SCAN_JOINT_2=+1.445745 ADL_HORIZONTAL_SIDE_SCAN_JOINT_3=-3.116996 ADL_HORIZONTAL_SIDE_SCAN_JOINT_4=-2.411909 ADL_HORIZONTAL_SIDE_SCAN_JOINT_5=+1.727673 ADL_HORIZONTAL_SIDE_SCAN_JOINT_6=+1.420315 ADL_HORIZONTAL_SIDE_SCAN_JOINT_7=+2.331640
[give_medication-14] [INFO] [1777472790.746959007] [give_medication_node]: Vision ENABLED.
[scene_from_vision-10] [INFO] [1777472790.749615653] [scene_from_vision_node]: Scene scan started for 5.0s. Visible detections will be sampled, filtered, and committed at scan end.
[vision_apriltag-9] [INFO] [1777472790.753907189] [vision_apriltag_node]: Service: Tag 0 found and base-frame pose returned.
[vision_apriltag-9] [INFO] [1777472790.855068172] [vision_apriltag_node]: Service: Tag 0 found and base-frame pose returned.
[adl_ui-15] 192.168.0.78 - - [29/Apr/2026 10:26:30] "GET /status_json HTTP/1.1" 200 -
[ros2_control_node-1] [WARN] [1777472790.893645005] [controller_manager]: Overrun might occur, Total time : 4748.209 us (Expected < 1000.000 us) --> Read time : 33.008 us, Update time : 200.555 us, Write time : 4514.646 us
[ros2_control_node-1] [WARN] [1777472790.893746133] [controller_manager]: Overrun detected! The controller manager missed its desired rate of 1000 Hz. The loop took 4.872451 ms (missed cycles : 5).
[vision_apriltag-9] [INFO] [1777472790.953866153] [vision_apriltag_node]: Service: Tag 0 found and base-frame pose returned.
[adl_ui-15] 127.0.0.1 - - [29/Apr/2026 10:26:31] "GET /status_json HTTP/1.1" 200 -
[vision_apriltag-9] [INFO] [1777472791.055207708] [vision_apriltag_node]: Service: Tag 0 found and base-frame pose returned.
[vision_apriltag-9] [INFO] [1777472791.155503504] [vision_apriltag_node]: Service: Tag 0 found and base-frame pose returned.
[vision_apriltag-9] [INFO] [1777472791.256070057] [vision_apriltag_node]: Service: Tag 0 found and base-frame pose returned.
[vision_apriltag-9] [INFO] [1777472791.358052043] [vision_apriltag_node]: Service: Tag 0 found and base-frame pose returned.
[vision_apriltag-9] [INFO] [1777472791.447448700] [vision_apriltag_node]: Service: Tag 0 found and base-frame pose returned.
[vision_apriltag-9] [INFO] [1777472791.458586153] [vision_apriltag_node]: Service: Tag 0 found and base-frame pose returned.
[vision_apriltag-9] [INFO] [1777472791.558157775] [vision_apriltag_node]: Service: Tag 0 found and base-frame pose returned.
[adl_ui-15] 192.168.0.78 - - [29/Apr/2026 10:26:31] "GET /status_json HTTP/1.1" 200 -
[vision_apriltag-9] [INFO] [1777472791.658611976] [vision_apriltag_node]: Service: Tag 0 found and base-frame pose returned.
[vision_apriltag-9] [INFO] [1777472791.759854658] [vision_apriltag_node]: Service: Tag 0 found and base-frame pose returned.
[adl_ui-15] 127.0.0.1 - - [29/Apr/2026 10:26:31] "GET /status_json HTTP/1.1" 200 -
[vision_apriltag-9] [INFO] [1777472791.850894893] [vision_apriltag_node]: Vision AprilTag detection debug: no tags found after raw/CLAHE/sharp/adaptive/upscaled/tiled passes.
[vision_apriltag-9] [INFO] [1777472791.859276030] [vision_apriltag_node]: Service: Tag 0 found and base-frame pose returned.
[ros2_control_node-1] [WARN] [1777472791.895531063] [controller_manager]: Overrun might occur, Total time : 2623.495 us (Expected < 1000.000 us) --> Read time : 49.320 us, Update time : 240.360 us, Write time : 2333.815 us
[ros2_control_node-1] [WARN] [1777472791.895585063] [controller_manager]: Overrun detected! The controller manager missed its desired rate of 1000 Hz. The loop took 2.712095 ms (missed cycles : 3).
[vision_apriltag-9] [INFO] [1777472791.960404047] [vision_apriltag_node]: Service: Tag 0 found and base-frame pose returned.
[vision_apriltag-9] [INFO] [1777472792.061157708] [vision_apriltag_node]: Service: Tag 0 found and base-frame pose returned.
[vision_apriltag-9] [INFO] [1777472792.161792862] [vision_apriltag_node]: Service: Tag 0 found and base-frame pose returned.
[vision_apriltag-9] [INFO] [1777472792.261779772] [vision_apriltag_node]: Service: Tag 0 found and base-frame pose returned.
[wrist_camera_usb_publisher-8] [INFO] [1777472792.334312522] [wrist_camera_usb_publisher_node]: USB camera publisher heartbeat: publishing 1280x720 frames on /wrist_mounted_camera/image; camera_info fx=920.87, fy=921.57, cx=644.76, cy=343.15.
[vision_apriltag-9] [INFO] [1777472792.366730292] [vision_apriltag_node]: Service: Tag 0 found and base-frame pose returned.
[adl_ui-15] 192.168.0.78 - - [29/Apr/2026 10:26:32] "GET /status_json HTTP/1.1" 200 -
[vision_apriltag-9] [INFO] [1777472792.433611133] [vision_apriltag_node]: Service: Tag 0 found and base-frame pose returned.
[vision_apriltag-9] [INFO] [1777472792.465943704] [vision_apriltag_node]: Service: Tag 0 found and base-frame pose returned.
[adl_ui-15] 127.0.0.1 - - [29/Apr/2026 10:26:32] "GET /status_json HTTP/1.1" 200 -
[vision_apriltag-9] [INFO] [1777472792.800864881] [vision_apriltag_node]: Service: Tag 0 found and base-frame pose returned.
[vision_apriltag-9] [INFO] [1777472792.804916998] [vision_apriltag_node]: Vision AprilTag: images are arriving, but no AprilTag has been seen for 6.0s.
[vision_apriltag-9] [INFO] [1777472792.867067923] [vision_apriltag_node]: Service: Tag 0 found and base-frame pose returned.
[ros2_control_node-1] [WARN] [1777472792.896686050] [controller_manager]: Overrun might occur, Total time : 2790.009 us (Expected < 1000.000 us) --> Read time : 44.107 us, Update time : 249.936 us, Write time : 2495.966 us
[ros2_control_node-1] [WARN] [1777472792.896759163] [controller_manager]: Overrun detected! The controller manager missed its desired rate of 1000 Hz. The loop took 2.884747 ms (missed cycles : 3).
[vision_apriltag-9] [INFO] [1777472792.967947534] [vision_apriltag_node]: Service: Tag 0 found and base-frame pose returned.
[vision_apriltag-9] [INFO] [1777472793.067553416] [vision_apriltag_node]: Service: Tag 0 found and base-frame pose returned.
[adl_ui-15] 192.168.0.78 - - [29/Apr/2026 10:26:33] "GET /status_json HTTP/1.1" 200 -
[vision_apriltag-9] [INFO] [1777472793.170224000] [vision_apriltag_node]: Service: Tag 0 found and base-frame pose returned.
[adl_ui-15] 127.0.0.1 - - [29/Apr/2026 10:26:33] "GET /status_json HTTP/1.1" 200 -
[vision_apriltag-9] [INFO] [1777472793.270436778] [vision_apriltag_node]: Service: Tag 0 found and base-frame pose returned.
[vision_apriltag-9] [INFO] [1777472793.372194901] [vision_apriltag_node]: Service: Tag 0 found and base-frame pose returned.
[vision_apriltag-9] [INFO] [1777472793.435860519] [vision_apriltag_node]: Service: Tag 0 found and base-frame pose returned.
[vision_apriltag-9] [INFO] [1777472793.473751522] [vision_apriltag_node]: Service: Tag 0 found and base-frame pose returned.
[vision_apriltag-9] [INFO] [1777472793.577295211] [vision_apriltag_node]: Service: Tag 0 found and base-frame pose returned.
[vision_apriltag-9] [INFO] [1777472793.675538548] [vision_apriltag_node]: Service: Tag 0 found and base-frame pose returned.
[vision_apriltag-9] [INFO] [1777472793.775613699] [vision_apriltag_node]: Service: Tag 0 found and base-frame pose returned.
[vision_apriltag-9] [INFO] [1777472793.879645773] [vision_apriltag_node]: Service: Tag 0 found and base-frame pose returned.
[adl_ui-15] 192.168.0.78 - - [29/Apr/2026 10:26:33] "GET /status_json HTTP/1.1" 200 -
[ros2_control_node-1] [WARN] [1777472793.897823621] [controller_manager]: Overrun might occur, Total time : 2931.709 us (Expected < 1000.000 us) --> Read time : 33.695 us, Update time : 242.669 us, Write time : 2655.345 us
[ros2_control_node-1] [WARN] [1777472793.897884726] [controller_manager]: Overrun detected! The controller manager missed its desired rate of 1000 Hz. The loop took 3.011735 ms (missed cycles : 4).
[vision_apriltag-9] [INFO] [1777472793.979883378] [vision_apriltag_node]: Service: Tag 0 found and base-frame pose returned.
[adl_ui-15] 127.0.0.1 - - [29/Apr/2026 10:26:34] "GET /status_json HTTP/1.1" 200 -
[vision_apriltag-9] [INFO] [1777472794.082964108] [vision_apriltag_node]: Service: Tag 0 found and base-frame pose returned.
[vision_apriltag-9] [INFO] [1777472794.183681932] [vision_apriltag_node]: Service: Tag 0 found and base-frame pose returned.
[vision_apriltag-9] [INFO] [1777472794.283304556] [vision_apriltag_node]: Service: Tag 0 found and base-frame pose returned.
[vision_apriltag-9] [INFO] [1777472794.383602456] [vision_apriltag_node]: Service: Tag 0 found and base-frame pose returned.
[vision_apriltag-9] [INFO] [1777472794.433444465] [vision_apriltag_node]: Service: Tag 0 found and base-frame pose returned.
[vision_apriltag-9] [INFO] [1777472794.484296640] [vision_apriltag_node]: Service: Tag 0 found and base-frame pose returned.
[vision_apriltag-9] [INFO] [1777472794.585241209] [vision_apriltag_node]: Service: Tag 0 found and base-frame pose returned.
[vision_apriltag-9] [INFO] [1777472794.597071211] [vision_apriltag_node]: Vision AprilTag: images are arriving, but no AprilTag has been seen for 7.8s.
[adl_ui-15] 192.168.0.78 - - [29/Apr/2026 10:26:34] "GET /status_json HTTP/1.1" 200 -
[vision_apriltag-9] [INFO] [1777472794.685718208] [vision_apriltag_node]: Service: Tag 0 found and base-frame pose returned.
[adl_ui-15] 127.0.0.1 - - [29/Apr/2026 10:26:34] "GET /status_json HTTP/1.1" 200 -
[vision_apriltag-9] [INFO] [1777472794.786537077] [vision_apriltag_node]: Service: Tag 0 found and base-frame pose returned.
[vision_apriltag-9] [INFO] [1777472794.886541904] [vision_apriltag_node]: Service: Tag 0 found and base-frame pose returned.
[ros2_control_node-1] [WARN] [1777472794.899617906] [controller_manager]: Overrun might occur, Total time : 2719.560 us (Expected < 1000.000 us) --> Read time : 37.277 us, Update time : 243.447 us, Write time : 2438.836 us
[ros2_control_node-1] [WARN] [1777472794.899729114] [controller_manager]: Overrun detected! The controller manager missed its desired rate of 1000 Hz. The loop took 2.855954 ms (missed cycles : 3).
[vision_apriltag-9] [INFO] [1777472794.987323223] [vision_apriltag_node]: Service: Tag 0 found and base-frame pose returned.
[vision_apriltag-9] [INFO] [1777472795.087407061] [vision_apriltag_node]: Service: Tag 0 found and base-frame pose returned.
[vision_apriltag-9] [INFO] [1777472795.232656941] [vision_apriltag_node]: Service: Tag 0 found and base-frame pose returned.
[vision_apriltag-9] [INFO] [1777472795.288724233] [vision_apriltag_node]: Service: Tag 0 found and base-frame pose returned.
[vision_apriltag-9] [INFO] [1777472795.388734945] [vision_apriltag_node]: Service: Tag 0 found and base-frame pose returned.
[adl_ui-15] 192.168.0.78 - - [29/Apr/2026 10:26:35] "GET /status_json HTTP/1.1" 200 -
[vision_apriltag-9] [INFO] [1777472795.433523641] [vision_apriltag_node]: Service: Tag 0 found and base-frame pose returned.
[vision_apriltag-9] [INFO] [1777472795.490217715] [vision_apriltag_node]: Service: Tag 0 found and base-frame pose returned.
[adl_ui-15] 127.0.0.1 - - [29/Apr/2026 10:26:35] "GET /status_json HTTP/1.1" 200 -
[vision_apriltag-9] [INFO] [1777472795.589746799] [vision_apriltag_node]: Service: Tag 0 found and base-frame pose returned.
[vision_apriltag-9] [INFO] [1777472795.690234528] [vision_apriltag_node]: Service: Tag 0 found and base-frame pose returned.
[scene_from_vision-10] [INFO] [1777472795.790803041] [scene_from_vision_node]: Scan committed tag 0: raw=53, accepted=53, rejected=0, median tag pose x=0.317, y=-0.097, z=-0.619. object center x=0.317, y=-0.097, z=-0.332, yaw=+180.0deg.
[scene_from_vision-10] [INFO] [1777472795.792427209] [scene_from_vision_node]: Published obj_0 (new) at x=0.317, y=-0.097, z=-0.332, yaw=+180.0deg
[scene_from_vision-10] [INFO] [1777472795.796074849] [scene_from_vision_node]: Scene scan complete. Remembered object IDs: [0]
[give_medication-14] [INFO] [1777472795.830284201] [give_medication_node]: Scene scan complete. Remembered object IDs: [0]
[ros2_control_node-1] [WARN] [1777472795.901589269] [controller_manager]: Overrun might occur, Total time : 2695.712 us (Expected < 1000.000 us) --> Read time : 35.452 us, Update time : 234.327 us, Write time : 2425.933 us
[ros2_control_node-1] [WARN] [1777472795.901667665] [controller_manager]: Overrun detected! The controller manager missed its desired rate of 1000 Hz. The loop took 2.794290 ms (missed cycles : 3).
[give_medication-14] [INFO] [1777472795.933509089] [give_medication_node]: Medication startup scene scan remembered IDs: [0]
[give_medication-14] [WARN] [1777472795.935312610] [give_medication_node]: Medication startup scene scan did not latch tag ID 1. Pose lookup will continue with live-vision fallback.
[give_medication-14] [WARN] [1777472795.948116125] [give_medication_node]: Scene memory pose for tag ID 1 unavailable. Response: Tag ID 1 is not in scene memory.. Falling back to live vision.
[adl_ui-15] 192.168.0.78 - - [29/Apr/2026 10:26:36] "GET /status_json HTTP/1.1" 200 -
[adl_ui-15] 127.0.0.1 - - [29/Apr/2026 10:26:36] "GET /status_json HTTP/1.1" 200 -
[vision_apriltag-9] [INFO] [1777472796.627957669] [vision_apriltag_node]: Vision AprilTag: images are arriving, but no AprilTag has been seen for 9.8s.
[adl_ui-15] 192.168.0.78 - - [29/Apr/2026 10:26:36] "GET /status_json HTTP/1.1" 200 -
[ros2_control_node-1] [WARN] [1777472796.902471070] [controller_manager]: Overrun might occur, Total time : 2572.935 us (Expected < 1000.000 us) --> Read time : 39.432 us, Update time : 235.634 us, Write time : 2297.869 us
[ros2_control_node-1] [WARN] [1777472796.902537776] [controller_manager]: Overrun detected! The controller manager missed its desired rate of 1000 Hz. The loop took 2.664625 ms (missed cycles : 3).
[adl_ui-15] 127.0.0.1 - - [29/Apr/2026 10:26:37] "GET /status_json HTTP/1.1" 200 -
[vision_apriltag-9] [INFO] [1777472797.232989346] [vision_apriltag_node]: Vision AprilTag detection debug: no tags found after raw/CLAHE/sharp/adaptive/upscaled/tiled passes.
[wrist_camera_usb_publisher-8] [INFO] [1777472797.496091454] [wrist_camera_usb_publisher_node]: USB camera publisher heartbeat: publishing 1280x720 frames on /wrist_mounted_camera/image; camera_info fx=920.87, fy=921.57, cx=644.76, cy=343.15.
[adl_ui-15] 192.168.0.78 - - [29/Apr/2026 10:26:37] "GET /status_json HTTP/1.1" 200 -
[adl_ui-15] 127.0.0.1 - - [29/Apr/2026 10:26:37] "GET /status_json HTTP/1.1" 200 -
[ros2_control_node-1] [WARN] [1777472797.902528824] [controller_manager]: Overrun might occur, Total time : 2640.742 us (Expected < 1000.000 us) --> Read time : 27.243 us, Update time : 244.524 us, Write time : 2368.975 us
[ros2_control_node-1] [WARN] [1777472797.902593841] [controller_manager]: Overrun detected! The controller manager missed its desired rate of 1000 Hz. The loop took 2.720772 ms (missed cycles : 3).
[scene_from_vision-10] [INFO] [1777472797.934869997] [scene_from_vision_node]: Published obj_0 (heartbeat) at x=0.317, y=-0.097, z=-0.332, yaw=+180.0deg
[adl_ui-15] 192.168.0.78 - - [29/Apr/2026 10:26:38] "GET /status_json HTTP/1.1" 200 -
[adl_ui-15] 127.0.0.1 - - [29/Apr/2026 10:26:38] "GET /status_json HTTP/1.1" 200 -
[ros2_control_node-1] [WARN] [1777472798.904607820] [controller_manager]: Overrun might occur, Total time : 2715.181 us (Expected < 1000.000 us) --> Read time : 32.341 us, Update time : 195.493 us, Write time : 2487.347 us
[ros2_control_node-1] [WARN] [1777472798.904661473] [controller_manager]: Overrun detected! The controller manager missed its desired rate of 1000 Hz. The loop took 2.788353 ms (missed cycles : 3).
[vision_apriltag-9] [INFO] [1777472799.158505856] [vision_apriltag_node]: Vision AprilTag: images are arriving, but no AprilTag has been seen for 12.3s.
[adl_ui-15] 192.168.0.78 - - [29/Apr/2026 10:26:39] "GET /status_json HTTP/1.1" 200 -
[adl_ui-15] 127.0.0.1 - - [29/Apr/2026 10:26:39] "GET /status_json HTTP/1.1" 200 -
[adl_ui-15] 192.168.0.78 - - [29/Apr/2026 10:26:39] "GET /status_json HTTP/1.1" 200 -
[ros2_control_node-1] [WARN] [1777472799.905151395] [controller_manager]: Overrun might occur, Total time : 4257.381 us (Expected < 1000.000 us) --> Read time : 31.487 us, Update time : 209.438 us, Write time : 4016.456 us
[ros2_control_node-1] [WARN] [1777472799.905226659] [controller_manager]: Overrun detected! The controller manager missed its desired rate of 1000 Hz. The loop took 4.353444 ms (missed cycles : 5).
[scene_from_vision-10] [INFO] [1777472799.935820534] [scene_from_vision_node]: Published obj_0 (heartbeat) at x=0.317, y=-0.097, z=-0.332, yaw=+180.0deg
[adl_ui-15] 127.0.0.1 - - [29/Apr/2026 10:26:40] "GET /status_json HTTP/1.1" 200 -
[adl_ui-15] 192.168.0.78 - - [29/Apr/2026 10:26:40] "GET /status_json HTTP/1.1" 200 -
[adl_ui-15] 127.0.0.1 - - [29/Apr/2026 10:26:40] "GET /status_json HTTP/1.1" 200 -
[ros2_control_node-1] [WARN] [1777472800.907129516] [controller_manager]: Overrun might occur, Total time : 2232.195 us (Expected < 1000.000 us) --> Read time : 16.982 us, Update time : 165.055 us, Write time : 2050.158 us
[ros2_control_node-1] [WARN] [1777472800.907204456] [controller_manager]: Overrun detected! The controller manager missed its desired rate of 1000 Hz. The loop took 2.331716 ms (missed cycles : 3).
[vision_apriltag-9] [WARN] [1777472801.032196869] [vision_apriltag_node]: Tag ID 1 did not produce a fresh base_link pose within 5.0s.
[give_medication-14] [WARN] [1777472801.038006633] [give_medication_node]: Failed to get pose for tag ID 1. Response: Tag ID 1 did not produce a fresh base_link pose within 5.0s.
[vision_apriltag-9] [INFO] [1777472801.055454634] [vision_apriltag_node]: Vision AprilTag: images are arriving, but no AprilTag has been seen for 14.2s.
[give_medication-14] [WARN] [1777472801.249285443] [give_medication_node]: Scene memory pose for tag ID 1 unavailable. Response: Tag ID 1 is not in scene memory.. Falling back to live vision.
[adl_ui-15] 192.168.0.78 - - [29/Apr/2026 10:26:41] "GET /status_json HTTP/1.1" 200 -
[adl_ui-15] 127.0.0.1 - - [29/Apr/2026 10:26:41] "GET /status_json HTTP/1.1" 200 -
[ros2_control_node-1] [WARN] [1777472801.909413930] [controller_manager]: Overrun might occur, Total time : 2527.189 us (Expected < 1000.000 us) --> Read time : 22.802 us, Update time : 156.065 us, Write time : 2348.322 us
[ros2_control_node-1] [WARN] [1777472801.909468258] [controller_manager]: Overrun detected! The controller manager missed its desired rate of 1000 Hz. The loop took 2.595410 ms (missed cycles : 3).
[adl_ui-15] 192.168.0.78 - - [29/Apr/2026 10:26:42] "GET /status_json HTTP/1.1" 200 -
[adl_ui-15] 127.0.0.1 - - [29/Apr/2026 10:26:42] "GET /status_json HTTP/1.1" 200 -
[vision_apriltag-9] [INFO] [1777472802.375220547] [vision_apriltag_node]: Vision AprilTag detection debug: no tags found after raw/CLAHE/sharp/adaptive/upscaled/tiled passes.
[scene_from_vision-10] [INFO] [1777472802.437377410] [scene_from_vision_node]: Published obj_0 (heartbeat) at x=0.317, y=-0.097, z=-0.332, yaw=+180.0deg
[wrist_camera_usb_publisher-8] [INFO] [1777472802.656450635] [wrist_camera_usb_publisher_node]: USB camera publisher heartbeat: publishing 1280x720 frames on /wrist_mounted_camera/image; camera_info fx=920.87, fy=921.57, cx=644.76, cy=343.15.
[vision_apriltag-9] [INFO] [1777472802.712107103] [vision_apriltag_node]: Vision AprilTag: images are arriving, but no AprilTag has been seen for 15.9s.
[adl_ui-15] 192.168.0.78 - - [29/Apr/2026 10:26:42] "GET /status_json HTTP/1.1" 200 -
[ros2_control_node-1] [WARN] [1777472802.909819552] [controller_manager]: Overrun might occur, Total time : 2926.836 us (Expected < 1000.000 us) --> Read time : 52.991 us, Update time : 227.471 us, Write time : 2646.374 us
[ros2_control_node-1] [WARN] [1777472802.909895361] [controller_manager]: Overrun detected! The controller manager missed its desired rate of 1000 Hz. The loop took 3.022003 ms (missed cycles : 4).
[adl_ui-15] 127.0.0.1 - - [29/Apr/2026 10:26:43] "GET /status_json HTTP/1.1" 200 -
[adl_ui-15] 192.168.0.78 - - [29/Apr/2026 10:26:43] "GET /status_json HTTP/1.1" 200 -
[adl_ui-15] 127.0.0.1 - - [29/Apr/2026 10:26:43] "GET /status_json HTTP/1.1" 200 -
[ros2_control_node-1] [WARN] [1777472803.911662764] [controller_manager]: Overrun might occur, Total time : 2759.850 us (Expected < 1000.000 us) --> Read time : 85.906 us, Update time : 284.191 us, Write time : 2389.753 us
[ros2_control_node-1] [WARN] [1777472803.911742023] [controller_manager]: Overrun detected! The controller manager missed its desired rate of 1000 Hz. The loop took 2.868412 ms (missed cycles : 3).
[adl_ui-15] 192.168.0.78 - - [29/Apr/2026 10:26:44] "GET /status_json HTTP/1.1" 200 -
[scene_from_vision-10] [INFO] [1777472804.438129683] [scene_from_vision_node]: Published obj_0 (heartbeat) at x=0.317, y=-0.097, z=-0.332, yaw=+180.0deg
[adl_ui-15] 127.0.0.1 - - [29/Apr/2026 10:26:44] "GET /status_json HTTP/1.1" 200 -
[vision_apriltag-9] [INFO] [1777472804.686858728] [vision_apriltag_node]: Vision AprilTag: images are arriving, but no AprilTag has been seen for 17.9s.
[ros2_control_node-1] [WARN] [1777472804.914579073] [controller_manager]: Overrun might occur, Total time : 2688.608 us (Expected < 1000.000 us) --> Read time : 25.799 us, Update time : 177.561 us, Write time : 2485.248 us
[ros2_control_node-1] [WARN] [1777472804.914640000] [controller_manager]: Overrun detected! The controller manager missed its desired rate of 1000 Hz. The loop took 2.766850 ms (missed cycles : 3).
[adl_ui-15] 192.168.0.78 - - [29/Apr/2026 10:26:45] "GET /status_json HTTP/1.1" 200 -
[adl_ui-15] 127.0.0.1 - - [29/Apr/2026 10:26:45] "GET /status_json HTTP/1.1" 200 -
[adl_ui-15] 192.168.0.78 - - [29/Apr/2026 10:26:45] "GET /status_json HTTP/1.1" 200 -
[ros2_control_node-1] [WARN] [1777472805.915263943] [controller_manager]: Overrun might occur, Total time : 2366.801 us (Expected < 1000.000 us) --> Read time : 37.729 us, Update time : 223.795 us, Write time : 2105.277 us
[ros2_control_node-1] [WARN] [1777472805.915350402] [controller_manager]: Overrun detected! The controller manager missed its desired rate of 1000 Hz. The loop took 2.476747 ms (missed cycles : 3).
[adl_ui-15] 127.0.0.1 - - [29/Apr/2026 10:26:46] "GET /status_json HTTP/1.1" 200 -
[vision_apriltag-9] [WARN] [1777472806.318672612] [vision_apriltag_node]: Tag ID 1 did not produce a fresh base_link pose within 5.0s.
[give_medication-14] [WARN] [1777472806.325544288] [give_medication_node]: Failed to get pose for tag ID 1. Response: Tag ID 1 did not produce a fresh base_link pose within 5.0s.
[give_medication-14] [INFO] [1777472806.526762982] [give_medication_node]: Medication startup recovery sweep offsets: [('right', {'joint_1': -0.24, 'joint_6': -0.0}), ('right_outer', {'joint_1': -0.4, 'joint_6': -0.0}), ('left', {'joint_1': 0.14, 'joint_6': 0.0})]
[give_medication-14] [INFO] [1777472806.529338672] [give_medication_node]: look_at_table_horizontal_side_scan_with_offsets: moving to horizontal side scan with joint offsets (joint_1=-0.240, joint_6=-0.000).
[give_medication-14] [INFO] [1777472806.530213168] [give_medication_node]: look_at_table_horizontal_side_scan: current arm is not at target (worst=joint_1:0.240 rad > 0.080).
[give_medication-14] [INFO] [1777472806.537574262] [give_medication_node]: look_at_table_horizontal_side_scan: moving with deterministic fixed joint pose.
[give_medication-14] [INFO] [1777472806.540473479] [give_medication_node]: _send_goal: dispatching MoveGroup request group=manipulator, attempts=10, allowed_time=18.00s, vel_scale=0.250, accel_scale=0.250, gc1:joints(joint_1=+1.283+/-0.030, joint_2=+1.460+/-0.030, joint_3=-3.129+/-0.030, joint_4=-2.404+/-0.030, joint_5=+1.744+/-0.030, joint_6=+1.432+/-0.030, joint_7=+2.304+/-0.030)
[move_group-20] [ERROR] [1777472806.543204522] [move_group.moveit.moveit.core.conversions]: Found empty JointState message
[give_medication-14] [INFO] [1777472806.547929929] [give_medication_node]: Start state: collision-valid — no collisions (not a joint-bounds check).
[move_group-20] [INFO] [1777472806.549608631] [move_group.moveit.moveit.ros.move_group.move_action]: MoveGroupMoveAction: Received request
[move_group-20] [INFO] [1777472806.549799157] [move_group.moveit.moveit.ros.move_group.move_action]: executing..
[move_group-20] [INFO] [1777472806.552426931] [move_group.moveit.moveit.ros.move_group.move_action]: Combined planning and execution request received for MoveGroup action. Forwarding to planning and execution pipeline.
[move_group-20] [WARN] [1777472806.552477759] [move_group.moveit.moveit.ros.move_group.capability]: Execution of motions should always start at the robot's current state. Ignoring the state supplied as start state in the motion planning request
[move_group-20] [WARN] [1777472806.552497124] [move_group.moveit.moveit.ros.move_group.capability]: Execution of motions should always start at the robot's current state. Ignoring the state supplied as difference in the planning scene diff
[move_group-20] [INFO] [1777472806.553434817] [move_group.moveit.moveit.ros.plan_execution]: Planning attempt 1 of at most 1
[move_group-20] [INFO] [1777472806.555146226] [move_group]: Calling PlanningRequestAdapter 'ResolveConstraintFrames'
[move_group-20] [INFO] [1777472806.555437507] [move_group]: Calling PlanningRequestAdapter 'ValidateWorkspaceBounds'
[move_group-20] [INFO] [1777472806.555456283] [move_group]: Calling PlanningRequestAdapter 'CheckStartStateBounds'
[move_group-20] [INFO] [1777472806.555490043] [move_group]: Calling PlanningRequestAdapter 'CheckStartStateCollision'
[move_group-20] [INFO] [1777472806.557925913] [move_group.moveit.moveit.planners.ompl.model_based_planning_context]: Planner configuration 'manipulator' will use planner 'geometric::RRTConnect'. Additional configuration parameters will be set when the planner is constructed.
[move_group-20] [INFO] [1777472806.558047382] [move_group]: Calling Planner 'OMPL'
[give_medication-14] [INFO] [1777472806.560052170] [give_medication_node]: _send_goal: MoveGroup goal accepted.
[move_group-20] [INFO] [1777472806.596662342] [move_group]: Calling PlanningResponseAdapter 'AddTimeOptimalParameterization'
[move_group-20] [INFO] [1777472806.597731543] [move_group]: Calling PlanningResponseAdapter 'ValidateSolution'
[move_group-20] [INFO] [1777472806.598155729] [move_group]: Calling PlanningResponseAdapter 'DisplayMotionPath'
[move_group-20] [WARN] [1777472806.598349308] [move_group.moveit.moveit.ros.planning_pipeline]: The planner plugin did not fill out the 'planner_id' field of the MotionPlanResponse. Setting it to the planner ID name of the MotionPlanRequest assuming that the planner plugin does warn you if it does not use the requested planner.
[move_group-20] [INFO] [1777472806.598879870] [move_group.moveit.moveit.plugins.simple_controller_manager]: Returned 2 controllers in list
[move_group-20] [INFO] [1777472806.598914400] [move_group.moveit.moveit.plugins.simple_controller_manager]: Returned 2 controllers in list
[move_group-20] [INFO] [1777472806.598986746] [move_group.moveit.moveit.ros.trajectory_execution_manager]: Validating trajectory with allowed_start_tolerance 0.01
[move_group-20] [INFO] [1777472806.610460237] [move_group.moveit.moveit.ros.trajectory_execution_manager]: Starting trajectory execution ...
[move_group-20] [INFO] [1777472806.610544314] [move_group.moveit.moveit.plugins.simple_controller_manager]: Returned 2 controllers in list
[move_group-20] [INFO] [1777472806.610597119] [move_group.moveit.moveit.plugins.simple_controller_manager]: Returned 2 controllers in list
[move_group-20] [INFO] [1777472806.610779498] [moveit.simple_controller_manager.follow_joint_trajectory_controller_handle]: sending trajectory to joint_trajectory_controller
[ros2_control_node-1] [INFO] [1777472806.611079694] [joint_trajectory_controller]: Received new action goal
[ros2_control_node-1] [INFO] [1777472806.611127448] [joint_trajectory_controller]: Accepted new action goal
[move_group-20] [INFO] [1777472806.612438112] [moveit.simple_controller_manager.follow_joint_trajectory_controller_handle]: joint_trajectory_controller started execution
[move_group-20] [INFO] [1777472806.612456737] [moveit.simple_controller_manager.follow_joint_trajectory_controller_handle]: Goal request accepted!
[vision_apriltag-9] [INFO] [1777472806.632296693] [vision_apriltag_node]: Vision AprilTag: images are arriving, but no AprilTag has been seen for 19.8s.
[adl_ui-15] 192.168.0.78 - - [29/Apr/2026 10:26:46] "GET /status_json HTTP/1.1" 200 -
[adl_ui-15] 127.0.0.1 - - [29/Apr/2026 10:26:46] "GET /status_json HTTP/1.1" 200 -
[vision_apriltag-9] [INFO] [1777472806.896940837] [vision_apriltag_node]: Removed stale tag ID 0 from detected tags
[ros2_control_node-1] [WARN] [1777472806.917707613] [controller_manager]: Overrun might occur, Total time : 3799.881 us (Expected < 1000.000 us) --> Read time : 51.093 us, Update time : 375.872 us, Write time : 3372.916 us
[ros2_control_node-1] [WARN] [1777472806.917798775] [controller_manager]: Overrun detected! The controller manager missed its desired rate of 1000 Hz. The loop took 3.924836 ms (missed cycles : 4).
[scene_from_vision-10] [INFO] [1777472806.932637512] [scene_from_vision_node]: Published obj_0 (heartbeat) at x=0.317, y=-0.097, z=-0.332, yaw=+180.0deg
[adl_ui-15] 192.168.0.78 - - [29/Apr/2026 10:26:47] "GET /status_json HTTP/1.1" 200 -
[adl_ui-15] 127.0.0.1 - - [29/Apr/2026 10:26:47] "GET /status_json HTTP/1.1" 200 -
[ros2_control_node-1] [INFO] [1777472807.548108714] [joint_trajectory_controller]: Goal reached, success!
[move_group-20] [INFO] [1777472807.612261360] [moveit.simple_controller_manager.follow_joint_trajectory_controller_handle]: Controller 'joint_trajectory_controller' successfully finished
[move_group-20] [INFO] [1777472807.670313320] [move_group.moveit.moveit.ros.trajectory_execution_manager]: Completed trajectory execution with status SUCCEEDED ...
[move_group-20] [INFO] [1777472807.671343194] [move_group.moveit.moveit.ros.move_group.move_action]: Solution was found and executed.
[give_medication-14] [INFO] [1777472807.677647039] [give_medication_node]: _send_goal: MoveGroup execution completed successfully.
[vision_apriltag-9] [INFO] [1777472807.722158064] [vision_apriltag_node]: Vision AprilTag detection debug: no tags found after raw/CLAHE/sharp/adaptive/upscaled/tiled passes.
[give_medication-14] [INFO] [1777472807.782944507] [give_medication_node]: _send_goal: settled live EE pose pos=(0.212, -0.124, 0.099), ori=(0.332, 0.625, 0.598, 0.374)
[give_medication-14] [INFO] [1777472807.783718141] [give_medication_node]: [CAL] horizontal side scan joint snapshot: ADL_HORIZONTAL_SIDE_SCAN_JOINT_1=+1.253121 ADL_HORIZONTAL_SIDE_SCAN_JOINT_2=+1.431558 ADL_HORIZONTAL_SIDE_SCAN_JOINT_3=-3.130382 ADL_HORIZONTAL_SIDE_SCAN_JOINT_4=-2.393332 ADL_HORIZONTAL_SIDE_SCAN_JOINT_5=+1.737075 ADL_HORIZONTAL_SIDE_SCAN_JOINT_6=+1.446536 ADL_HORIZONTAL_SIDE_SCAN_JOINT_7=+2.315794
[wrist_camera_usb_publisher-8] [INFO] [1777472807.815645490] [wrist_camera_usb_publisher_node]: USB camera publisher heartbeat: publishing 1280x720 frames on /wrist_mounted_camera/image; camera_info fx=920.87, fy=921.57, cx=644.76, cy=343.15.
[ros2_control_node-1] [WARN] [1777472807.918095328] [controller_manager]: Overrun might occur, Total time : 3206.965 us (Expected < 1000.000 us) --> Read time : 27.186 us, Update time : 192.536 us, Write time : 2987.243 us
[ros2_control_node-1] [WARN] [1777472807.918155534] [controller_manager]: Overrun detected! The controller manager missed its desired rate of 1000 Hz. The loop took 3.282502 ms (missed cycles : 4).
[scene_from_vision-10] [INFO] [1777472808.039835277] [scene_from_vision_node]: Scene scan started for 5.0s. Visible detections will be sampled, filtered, and committed at scan end.
[adl_ui-15] 192.168.0.78 - - [29/Apr/2026 10:26:48] "GET /status_json HTTP/1.1" 200 -
[adl_ui-15] 127.0.0.1 - - [29/Apr/2026 10:26:48] "GET /status_json HTTP/1.1" 200 -
[adl_ui-15] 192.168.0.78 - - [29/Apr/2026 10:26:48] "GET /status_json HTTP/1.1" 200 -
[ros2_control_node-1] [WARN] [1777472808.920741950] [controller_manager]: Overrun might occur, Total time : 3850.722 us (Expected < 1000.000 us) --> Read time : 43.070 us, Update time : 234.180 us, Write time : 3573.472 us
[ros2_control_node-1] [WARN] [1777472808.920813622] [controller_manager]: Overrun detected! The controller manager missed its desired rate of 1000 Hz. The loop took 3.940226 ms (missed cycles : 4).
[vision_apriltag-9] [INFO] [1777472808.933176985] [vision_apriltag_node]: Vision AprilTag: images are arriving, but no AprilTag has been seen for 22.1s.
[scene_from_vision-10] [INFO] [1777472808.933816465] [scene_from_vision_node]: Published obj_0 (heartbeat) at x=0.317, y=-0.097, z=-0.332, yaw=+180.0deg
[adl_ui-15] 127.0.0.1 - - [29/Apr/2026 10:26:49] "GET /status_json HTTP/1.1" 200 -
[adl_ui-15] 192.168.0.78 - - [29/Apr/2026 10:26:49] "GET /status_json HTTP/1.1" 200 -
[adl_ui-15] 127.0.0.1 - - [29/Apr/2026 10:26:49] "GET /status_json HTTP/1.1" 200 -
[ros2_control_node-1] [WARN] [1777472809.923666751] [controller_manager]: Overrun might occur, Total time : 2767.488 us (Expected < 1000.000 us) --> Read time : 57.761 us, Update time : 326.970 us, Write time : 2382.757 us
[ros2_control_node-1] [WARN] [1777472809.923736983] [controller_manager]: Overrun detected! The controller manager missed its desired rate of 1000 Hz. The loop took 2.863769 ms (missed cycles : 3).
[adl_ui-15] 192.168.0.78 - - [29/Apr/2026 10:26:50] "GET /status_json HTTP/1.1" 200 -
[adl_ui-15] 127.0.0.1 - - [29/Apr/2026 10:26:50] "GET /status_json HTTP/1.1" 200 -
[vision_apriltag-9] [INFO] [1777472810.599838602] [vision_apriltag_node]: Vision AprilTag: images are arriving, but no AprilTag has been seen for 23.8s.
[ros2_control_node-1] [WARN] [1777472810.924279699] [controller_manager]: Overrun might occur, Total time : 2364.211 us (Expected < 1000.000 us) --> Read time : 18.530 us, Update time : 117.996 us, Write time : 2227.685 us
[ros2_control_node-1] [WARN] [1777472810.924365561] [controller_manager]: Overrun detected! The controller manager missed its desired rate of 1000 Hz. The loop took 2.491765 ms (missed cycles : 3).
[scene_from_vision-10] [INFO] [1777472810.966739330] [scene_from_vision_node]: Published obj_0 (heartbeat) at x=0.317, y=-0.097, z=-0.332, yaw=+180.0deg
[adl_ui-15] 192.168.0.78 - - [29/Apr/2026 10:26:51] "GET /status_json HTTP/1.1" 200 -
[adl_ui-15] 127.0.0.1 - - [29/Apr/2026 10:26:51] "GET /status_json HTTP/1.1" 200 -
[ros2_control_node-1] [WARN] [1777472811.925696858] [controller_manager]: Overrun might occur, Total time : 2808.644 us (Expected < 1000.000 us) --> Read time : 24.606 us, Update time : 178.716 us, Write time : 2605.322 us
[ros2_control_node-1] [WARN] [1777472811.925755925] [controller_manager]: Overrun detected! The controller manager missed its desired rate of 1000 Hz. The loop took 2.883013 ms (missed cycles : 3).
[adl_ui-15] 192.168.0.78 - - [29/Apr/2026 10:26:51] "GET /status_json HTTP/1.1" 200 -
[adl_ui-15] 127.0.0.1 - - [29/Apr/2026 10:26:52] "GET /status_json HTTP/1.1" 200 -
[vision_apriltag-9] [INFO] [1777472812.597813202] [vision_apriltag_node]: Vision AprilTag: images are arriving, but no AprilTag has been seen for 25.8s.
[adl_ui-15] 192.168.0.78 - - [29/Apr/2026 10:26:52] "GET /status_json HTTP/1.1" 200 -
[adl_ui-15] 127.0.0.1 - - [29/Apr/2026 10:26:52] "GET /status_json HTTP/1.1" 200 -
[ros2_control_node-1] [WARN] [1777472812.928715103] [controller_manager]: Overrun might occur, Total time : 2810.937 us (Expected < 1000.000 us) --> Read time : 53.521 us, Update time : 302.012 us, Write time : 2455.404 us
[ros2_control_node-1] [WARN] [1777472812.928835402] [controller_manager]: Overrun detected! The controller manager missed its desired rate of 1000 Hz. The loop took 2.961896 ms (missed cycles : 3).
[vision_apriltag-9] [INFO] [1777472812.936883520] [vision_apriltag_node]: Vision AprilTag detection debug: no tags found after raw/CLAHE/sharp/adaptive/upscaled/tiled passes.
[wrist_camera_usb_publisher-8] [INFO] [1777472812.977635686] [wrist_camera_usb_publisher_node]: USB camera publisher heartbeat: publishing 1280x720 frames on /wrist_mounted_camera/image; camera_info fx=920.87, fy=921.57, cx=644.76, cy=343.15.
[scene_from_vision-10] [INFO] [1777472812.985839918] [scene_from_vision_node]: Published obj_0 (heartbeat) at x=0.317, y=-0.097, z=-0.332, yaw=+180.0deg
[scene_from_vision-10] [WARN] [1777472813.088083179] [scene_from_vision_node]: Scene scan extending by 1.5s (1/2) because no pose samples collected yet.
[adl_ui-15] 192.168.0.78 - - [29/Apr/2026 10:26:53] "GET /status_json HTTP/1.1" 200 -
[adl_ui-15] 127.0.0.1 - - [29/Apr/2026 10:26:53] "GET /status_json HTTP/1.1" 200 -
[ros2_control_node-1] [WARN] [1777472813.928839070] [controller_manager]: Overrun might occur, Total time : 2944.352 us (Expected < 1000.000 us) --> Read time : 31.023 us, Update time : 210.681 us, Write time : 2702.648 us
[ros2_control_node-1] [WARN] [1777472813.928912509] [controller_manager]: Overrun detected! The controller manager missed its desired rate of 1000 Hz. The loop took 3.039228 ms (missed cycles : 4).
[adl_ui-15] 192.168.0.78 - - [29/Apr/2026 10:26:54] "GET /status_json HTTP/1.1" 200 -
[adl_ui-15] 127.0.0.1 - - [29/Apr/2026 10:26:54] "GET /status_json HTTP/1.1" 200 -
[vision_apriltag-9] [INFO] [1777472814.597500207] [vision_apriltag_node]: Vision AprilTag: images are arriving, but no AprilTag has been seen for 27.8s.
[scene_from_vision-10] [WARN] [1777472814.610452103] [scene_from_vision_node]: Scene scan extending by 1.5s (2/2) because no pose samples collected yet.
[adl_ui-15] 192.168.0.78 - - [29/Apr/2026 10:26:54] "GET /status_json HTTP/1.1" 200 -
[ros2_control_node-1] [WARN] [1777472814.931860591] [controller_manager]: Overrun might occur, Total time : 2960.669 us (Expected < 1000.000 us) --> Read time : 51.792 us, Update time : 241.342 us, Write time : 2667.535 us
[ros2_control_node-1] [WARN] [1777472814.931935269] [controller_manager]: Overrun detected! The controller manager missed its desired rate of 1000 Hz. The loop took 3.061517 ms (missed cycles : 4).
[scene_from_vision-10] [INFO] [1777472815.015632261] [scene_from_vision_node]: Published obj_0 (heartbeat) at x=0.317, y=-0.097, z=-0.332, yaw=+180.0deg
[adl_ui-15] 127.0.0.1 - - [29/Apr/2026 10:26:55] "GET /status_json HTTP/1.1" 200 -
[adl_ui-15] 192.168.0.78 - - [29/Apr/2026 10:26:55] "GET /status_json HTTP/1.1" 200 -
[adl_ui-15] 127.0.0.1 - - [29/Apr/2026 10:26:55] "GET /status_json HTTP/1.1" 200 -
[ros2_control_node-1] [WARN] [1777472815.932894009] [controller_manager]: Overrun might occur, Total time : 2999.099 us (Expected < 1000.000 us) --> Read time : 34.244 us, Update time : 232.851 us, Write time : 2732.004 us
[ros2_control_node-1] [WARN] [1777472815.932961914] [controller_manager]: Overrun detected! The controller manager missed its desired rate of 1000 Hz. The loop took 3.088736 ms (missed cycles : 4).
[scene_from_vision-10] [WARN] [1777472816.123339159] [scene_from_vision_node]: Scene scan collected no pose samples. Check that vision_apriltag is running, /detected_tag_ids is changing, and the selected detector backend is stable.
[scene_from_vision-10] [INFO] [1777472816.124349612] [scene_from_vision_node]: Scene scan kept remembered IDs not reacquired in this scan: [0]. This is expected for ADL memory mode; use scan_prune_unseen_objects:=true for calibration runs after manually moving objects.
[scene_from_vision-10] [INFO] [1777472816.126254919] [scene_from_vision_node]: Scene scan complete. Remembered object IDs: [0]
[give_medication-14] [INFO] [1777472816.147136105] [give_medication_node]: Scene scan complete. Remembered object IDs: [0]
[give_medication-14] [INFO] [1777472816.248316360] [give_medication_node]: Medication startup recovery sweep 'right' did not detect tag 1.
[give_medication-14] [INFO] [1777472816.249232166] [give_medication_node]: look_at_table_horizontal_side_scan_with_offsets: moving to horizontal side scan with joint offsets (joint_1=-0.400, joint_6=-0.000).
[give_medication-14] [INFO] [1777472816.249977497] [give_medication_node]: look_at_table_horizontal_side_scan: current arm is not at target (worst=joint_1:0.131 rad > 0.080).
[give_medication-14] [INFO] [1777472816.255414380] [give_medication_node]: look_at_table_horizontal_side_scan: moving with deterministic fixed joint pose.
[give_medication-14] [INFO] [1777472816.256450354] [give_medication_node]: _send_goal: dispatching MoveGroup request group=manipulator, attempts=10, allowed_time=18.00s, vel_scale=0.250, accel_scale=0.250, gc1:joints(joint_1=+1.123+/-0.030, joint_2=+1.460+/-0.030, joint_3=-3.129+/-0.030, joint_4=-2.404+/-0.030, joint_5=+1.744+/-0.030, joint_6=+1.432+/-0.030, joint_7=+2.304+/-0.030)
[move_group-20] [ERROR] [1777472816.257661884] [move_group.moveit.moveit.core.conversions]: Found empty JointState message
[give_medication-14] [INFO] [1777472816.264213792] [give_medication_node]: Start state: collision-valid — no collisions (not a joint-bounds check).
[move_group-20] [INFO] [1777472816.265506303] [move_group.moveit.moveit.ros.move_group.move_action]: MoveGroupMoveAction: Received request
[move_group-20] [INFO] [1777472816.266210512] [move_group.moveit.moveit.ros.move_group.move_action]: executing..
[give_medication-14] [INFO] [1777472816.270473426] [give_medication_node]: _send_goal: MoveGroup goal accepted.
[move_group-20] [INFO] [1777472816.270790441] [move_group.moveit.moveit.ros.move_group.move_action]: Combined planning and execution request received for MoveGroup action. Forwarding to planning and execution pipeline.
[move_group-20] [WARN] [1777472816.270836436] [move_group.moveit.moveit.ros.move_group.capability]: Execution of motions should always start at the robot's current state. Ignoring the state supplied as start state in the motion planning request
[move_group-20] [WARN] [1777472816.270868169] [move_group.moveit.moveit.ros.move_group.capability]: Execution of motions should always start at the robot's current state. Ignoring the state supplied as difference in the planning scene diff
[move_group-20] [INFO] [1777472816.270879662] [move_group.moveit.moveit.ros.plan_execution]: Planning attempt 1 of at most 1
[move_group-20] [INFO] [1777472816.271182080] [move_group]: Calling PlanningRequestAdapter 'ResolveConstraintFrames'
[move_group-20] [INFO] [1777472816.271208542] [move_group]: Calling PlanningRequestAdapter 'ValidateWorkspaceBounds'
[move_group-20] [INFO] [1777472816.271570060] [move_group]: Calling PlanningRequestAdapter 'CheckStartStateBounds'
[move_group-20] [INFO] [1777472816.271614149] [move_group]: Calling PlanningRequestAdapter 'CheckStartStateCollision'
[move_group-20] [INFO] [1777472816.271984114] [move_group.moveit.moveit.planners.ompl.model_based_planning_context]: Planner configuration 'manipulator' will use planner 'geometric::RRTConnect'. Additional configuration parameters will be set when the planner is constructed.
[move_group-20] [INFO] [1777472816.272050424] [move_group]: Calling Planner 'OMPL'
[move_group-20] [INFO] [1777472816.298942205] [move_group]: Calling PlanningResponseAdapter 'AddTimeOptimalParameterization'
[move_group-20] [INFO] [1777472816.299439604] [move_group]: Calling PlanningResponseAdapter 'ValidateSolution'
[move_group-20] [INFO] [1777472816.299712552] [move_group]: Calling PlanningResponseAdapter 'DisplayMotionPath'
[move_group-20] [WARN] [1777472816.299800439] [move_group.moveit.moveit.ros.planning_pipeline]: The planner plugin did not fill out the 'planner_id' field of the MotionPlanResponse. Setting it to the planner ID name of the MotionPlanRequest assuming that the planner plugin does warn you if it does not use the requested planner.
[move_group-20] [INFO] [1777472816.299936105] [move_group.moveit.moveit.plugins.simple_controller_manager]: Returned 2 controllers in list
[move_group-20] [INFO] [1777472816.299970799] [move_group.moveit.moveit.plugins.simple_controller_manager]: Returned 2 controllers in list
[move_group-20] [INFO] [1777472816.300047411] [move_group.moveit.moveit.ros.trajectory_execution_manager]: Validating trajectory with allowed_start_tolerance 0.01
[move_group-20] [INFO] [1777472816.310693605] [move_group.moveit.moveit.ros.trajectory_execution_manager]: Starting trajectory execution ...
[move_group-20] [INFO] [1777472816.310772553] [move_group.moveit.moveit.plugins.simple_controller_manager]: Returned 2 controllers in list
[move_group-20] [INFO] [1777472816.310808132] [move_group.moveit.moveit.plugins.simple_controller_manager]: Returned 2 controllers in list
[move_group-20] [INFO] [1777472816.311166628] [moveit.simple_controller_manager.follow_joint_trajectory_controller_handle]: sending trajectory to joint_trajectory_controller
[ros2_control_node-1] [INFO] [1777472816.314439315] [joint_trajectory_controller]: Received new action goal
[ros2_control_node-1] [INFO] [1777472816.314492219] [joint_trajectory_controller]: Accepted new action goal
[move_group-20] [INFO] [1777472816.315526900] [moveit.simple_controller_manager.follow_joint_trajectory_controller_handle]: joint_trajectory_controller started execution
[move_group-20] [INFO] [1777472816.315547985] [moveit.simple_controller_manager.follow_joint_trajectory_controller_handle]: Goal request accepted!
[adl_ui-15] 192.168.0.78 - - [29/Apr/2026 10:26:56] "GET /status_json HTTP/1.1" 200 -
[adl_ui-15] 127.0.0.1 - - [29/Apr/2026 10:26:56] "GET /status_json HTTP/1.1" 200 -
[vision_apriltag-9] [INFO] [1777472816.597869540] [vision_apriltag_node]: Vision AprilTag: images are arriving, but no AprilTag has been seen for 29.8s.
[ros2_control_node-1] [INFO] [1777472816.806038355] [joint_trajectory_controller]: Goal reached, success!
[move_group-20] [INFO] [1777472816.815112279] [moveit.simple_controller_manager.follow_joint_trajectory_controller_handle]: Controller 'joint_trajectory_controller' successfully finished
[move_group-20] [INFO] [1777472816.870241870] [move_group.moveit.moveit.ros.trajectory_execution_manager]: Completed trajectory execution with status SUCCEEDED ...
[move_group-20] [INFO] [1777472816.871942997] [move_group.moveit.moveit.ros.move_group.move_action]: Solution was found and executed.
[give_medication-14] [INFO] [1777472816.879445147] [give_medication_node]: _send_goal: MoveGroup execution completed successfully.
[ros2_control_node-1] [WARN] [1777472816.935138723] [controller_manager]: Overrun might occur, Total time : 3221.230 us (Expected < 1000.000 us) --> Read time : 94.973 us, Update time : 385.588 us, Write time : 2740.669 us
[ros2_control_node-1] [WARN] [1777472816.935202556] [controller_manager]: Overrun detected! The controller manager missed its desired rate of 1000 Hz. The loop took 3.329305 ms (missed cycles : 4).
[give_medication-14] [INFO] [1777472816.983459691] [give_medication_node]: _send_goal: settled live EE pose pos=(0.219, -0.090, 0.100), ori=(0.283, 0.653, 0.623, 0.325)
[give_medication-14] [INFO] [1777472816.984233775] [give_medication_node]: [CAL] horizontal side scan joint snapshot: ADL_HORIZONTAL_SIDE_SCAN_JOINT_1=+1.138303 ADL_HORIZONTAL_SIDE_SCAN_JOINT_2=+1.431294 ADL_HORIZONTAL_SIDE_SCAN_JOINT_3=-3.132320 ADL_HORIZONTAL_SIDE_SCAN_JOINT_4=-2.406724 ADL_HORIZONTAL_SIDE_SCAN_JOINT_5=+1.760675 ADL_HORIZONTAL_SIDE_SCAN_JOINT_6=+1.408021 ADL_HORIZONTAL_SIDE_SCAN_JOINT_7=+2.326640
[adl_ui-15] 192.168.0.78 - - [29/Apr/2026 10:26:57] "GET /status_json HTTP/1.1" 200 -
[scene_from_vision-10] [INFO] [1777472817.236639728] [scene_from_vision_node]: Scene scan started for 5.0s. Visible detections will be sampled, filtered, and committed at scan end.
[scene_from_vision-10] [INFO] [1777472817.238496140] [scene_from_vision_node]: Published obj_0 (heartbeat) at x=0.317, y=-0.097, z=-0.332, yaw=+180.0deg
[adl_ui-15] 127.0.0.1 - - [29/Apr/2026 10:26:57] "GET /status_json HTTP/1.1" 200 -
[adl_ui-15] 192.168.0.78 - - [29/Apr/2026 10:26:57] "GET /status_json HTTP/1.1" 200 -
[ros2_control_node-1] [WARN] [1777472817.935751952] [controller_manager]: Overrun might occur, Total time : 2849.926 us (Expected < 1000.000 us) --> Read time : 42.071 us, Update time : 275.356 us, Write time : 2532.499 us
[ros2_control_node-1] [WARN] [1777472817.935819253] [controller_manager]: Overrun detected! The controller manager missed its desired rate of 1000 Hz. The loop took 2.945140 ms (missed cycles : 3).
[adl_ui-15] 127.0.0.1 - - [29/Apr/2026 10:26:58] "GET /status_json HTTP/1.1" 200 -
[wrist_camera_usb_publisher-8] [INFO] [1777472818.139070948] [wrist_camera_usb_publisher_node]: USB camera publisher heartbeat: publishing 1280x720 frames on /wrist_mounted_camera/image; camera_info fx=920.87, fy=921.57, cx=644.76, cy=343.15.
[vision_apriltag-9] [INFO] [1777472818.498927405] [vision_apriltag_node]: Vision AprilTag detection debug: no tags found after raw/CLAHE/sharp/adaptive/upscaled/tiled passes.
[vision_apriltag-9] [INFO] [1777472818.599779103] [vision_apriltag_node]: Vision AprilTag: images are arriving, but no AprilTag has been seen for 31.8s.
[adl_ui-15] 192.168.0.78 - - [29/Apr/2026 10:26:58] "GET /status_json HTTP/1.1" 200 -
[adl_ui-15] 127.0.0.1 - - [29/Apr/2026 10:26:58] "GET /status_json HTTP/1.1" 200 -
[ros2_control_node-1] [WARN] [1777472818.936727516] [controller_manager]: Overrun might occur, Total time : 2834.370 us (Expected < 1000.000 us) --> Read time : 40.000 us, Update time : 232.554 us, Write time : 2561.816 us
[ros2_control_node-1] [WARN] [1777472818.936793263] [controller_manager]: Overrun detected! The controller manager missed its desired rate of 1000 Hz. The loop took 2.920584 ms (missed cycles : 3).
[scene_from_vision-10] [INFO] [1777472819.262400156] [scene_from_vision_node]: Published obj_0 (heartbeat) at x=0.317, y=-0.097, z=-0.332, yaw=+180.0deg
[adl_ui-15] 192.168.0.78 - - [29/Apr/2026 10:26:59] "GET /status_json HTTP/1.1" 200 -
[adl_ui-15] 127.0.0.1 - - [29/Apr/2026 10:26:59] "GET /status_json HTTP/1.1" 200 -
[ros2_control_node-1] [WARN] [1777472819.937747758] [controller_manager]: Overrun might occur, Total time : 2852.942 us (Expected < 1000.000 us) --> Read time : 31.509 us, Update time : 188.529 us, Write time : 2632.904 us
[ros2_control_node-1] [WARN] [1777472819.937816590] [controller_manager]: Overrun detected! The controller manager missed its desired rate of 1000 Hz. The loop took 2.943824 ms (missed cycles : 3).
[adl_ui-15] 192.168.0.78 - - [29/Apr/2026 10:27:00] "GET /status_json HTTP/1.1" 200 -
[adl_ui-15] 127.0.0.1 - - [29/Apr/2026 10:27:00] "GET /status_json HTTP/1.1" 200 -
[vision_apriltag-9] [INFO] [1777472820.597396310] [vision_apriltag_node]: Vision AprilTag: images are arriving, but no AprilTag has been seen for 33.8s.
[adl_ui-15] 192.168.0.78 - - [29/Apr/2026 10:27:00] "GET /status_json HTTP/1.1" 200 -
[ros2_control_node-1] [WARN] [1777472820.940025775] [controller_manager]: Overrun might occur, Total time : 3136.249 us (Expected < 1000.000 us) --> Read time : 52.163 us, Update time : 209.344 us, Write time : 2874.742 us
[ros2_control_node-1] [WARN] [1777472820.940107188] [controller_manager]: Overrun detected! The controller manager missed its desired rate of 1000 Hz. The loop took 3.234354 ms (missed cycles : 4).
[adl_ui-15] 127.0.0.1 - - [29/Apr/2026 10:27:01] "GET /status_json HTTP/1.1" 200 -
[scene_from_vision-10] [INFO] [1777472821.286230838] [scene_from_vision_node]: Published obj_0 (heartbeat) at x=0.317, y=-0.097, z=-0.332, yaw=+180.0deg
[adl_ui-15] 192.168.0.78 - - [29/Apr/2026 10:27:01] "GET /status_json HTTP/1.1" 200 -
[adl_ui-15] 127.0.0.1 - - [29/Apr/2026 10:27:01] "GET /status_json HTTP/1.1" 200 -
[ros2_control_node-1] [WARN] [1777472821.942698509] [controller_manager]: Overrun might occur, Total time : 2803.106 us (Expected < 1000.000 us) --> Read time : 38.241 us, Update time : 201.511 us, Write time : 2563.354 us
[ros2_control_node-1] [WARN] [1777472821.942770736] [controller_manager]: Overrun detected! The controller manager missed its desired rate of 1000 Hz. The loop took 2.897478 ms (missed cycles : 3).
[scene_from_vision-10] [WARN] [1777472822.294824279] [scene_from_vision_node]: Scene scan extending by 1.5s (1/2) because no pose samples collected yet.
[adl_ui-15] 192.168.0.78 - - [29/Apr/2026 10:27:02] "GET /status_json HTTP/1.1" 200 -
[adl_ui-15] 127.0.0.1 - - [29/Apr/2026 10:27:02] "GET /status_json HTTP/1.1" 200 -
[vision_apriltag-9] [INFO] [1777472822.597994923] [vision_apriltag_node]: Vision AprilTag: images are arriving, but no AprilTag has been seen for 35.8s.
[ros2_control_node-1] [WARN] [1777472822.942960603] [controller_manager]: Overrun might occur, Total time : 3065.146 us (Expected < 1000.000 us) --> Read time : 60.476 us, Update time : 351.629 us, Write time : 2653.041 us
[ros2_control_node-1] [WARN] [1777472822.943029965] [controller_manager]: Overrun detected! The controller manager missed its desired rate of 1000 Hz. The loop took 3.156257 ms (missed cycles : 4).
[adl_ui-15] 192.168.0.78 - - [29/Apr/2026 10:27:03] "GET /status_json HTTP/1.1" 200 -
[adl_ui-15] 127.0.0.1 - - [29/Apr/2026 10:27:03] "GET /status_json HTTP/1.1" 200 -
[wrist_camera_usb_publisher-8] [INFO] [1777472823.303988853] [wrist_camera_usb_publisher_node]: USB camera publisher heartbeat: publishing 1280x720 frames on /wrist_mounted_camera/image; camera_info fx=920.87, fy=921.57, cx=644.76, cy=343.15.
[scene_from_vision-10] [INFO] [1777472823.304035808] [scene_from_vision_node]: Published obj_0 (heartbeat) at x=0.317, y=-0.097, z=-0.332, yaw=+180.0deg
[vision_apriltag-9] [INFO] [1777472823.753203695] [vision_apriltag_node]: Vision AprilTag detection debug: 1:cv2.solvePnP_ippe_square:raw@(1030,398)
[vision_apriltag-9] [INFO] [1777472823.754239299] [vision_apriltag_node]: Vision AprilTag visible IDs: [1]
[scene_from_vision-10] [WARN] [1777472823.809210494] [scene_from_vision_node]: Scene scan extending by 1.5s (2/2) because no pose samples collected yet.
[vision_apriltag-9] [INFO] [1777472823.812289211] [vision_apriltag_node]: Service: Tag 1 found and base-frame pose returned.
[adl_ui-15] 192.168.0.78 - - [29/Apr/2026 10:27:03] "GET /status_json HTTP/1.1" 200 -
[vision_apriltag-9] [INFO] [1777472823.912013416] [vision_apriltag_node]: Service: Tag 1 found and base-frame pose returned.
[ros2_control_node-1] [WARN] [1777472823.944430069] [controller_manager]: Overrun might occur, Total time : 2544.198 us (Expected < 1000.000 us) --> Read time : 26.563 us, Update time : 167.189 us, Write time : 2350.446 us
[ros2_control_node-1] [WARN] [1777472823.944475868] [controller_manager]: Overrun detected! The controller manager missed its desired rate of 1000 Hz. The loop took 2.602969 ms (missed cycles : 3).
[vision_apriltag-9] [INFO] [1777472824.014700446] [vision_apriltag_node]: Service: Tag 1 found and base-frame pose returned.
[adl_ui-15] 127.0.0.1 - - [29/Apr/2026 10:27:04] "GET /status_json HTTP/1.1" 200 -
[vision_apriltag-9] [INFO] [1777472824.112655924] [vision_apriltag_node]: Service: Tag 1 found and base-frame pose returned.
[vision_apriltag-9] [INFO] [1777472824.213618509] [vision_apriltag_node]: Service: Tag 1 found and base-frame pose returned.
[vision_apriltag-9] [INFO] [1777472824.319206647] [vision_apriltag_node]: Service: Tag 1 found and base-frame pose returned.
[vision_apriltag-9] [INFO] [1777472824.415728898] [vision_apriltag_node]: Service: Tag 1 found and base-frame pose returned.
[vision_apriltag-9] [INFO] [1777472824.434656014] [vision_apriltag_node]: Service: Tag 1 found and base-frame pose returned.
[vision_apriltag-9] [INFO] [1777472824.515681829] [vision_apriltag_node]: Service: Tag 1 found and base-frame pose returned.
[vision_apriltag-9] [INFO] [1777472824.616712574] [vision_apriltag_node]: Service: Tag 1 found and base-frame pose returned.
[adl_ui-15] 192.168.0.78 - - [29/Apr/2026 10:27:04] "GET /status_json HTTP/1.1" 200 -
[vision_apriltag-9] [INFO] [1777472824.717192161] [vision_apriltag_node]: Service: Tag 1 found and base-frame pose returned.
[adl_ui-15] 127.0.0.1 - - [29/Apr/2026 10:27:04] "GET /status_json HTTP/1.1" 200 -
[vision_apriltag-9] [INFO] [1777472824.817705516] [vision_apriltag_node]: Service: Tag 1 found and base-frame pose returned.
[vision_apriltag-9] [INFO] [1777472824.918098696] [vision_apriltag_node]: Service: Tag 1 found and base-frame pose returned.
[ros2_control_node-1] [WARN] [1777472824.945571054] [controller_manager]: Overrun might occur, Total time : 2674.806 us (Expected < 1000.000 us) --> Read time : 48.383 us, Update time : 214.436 us, Write time : 2411.987 us
[ros2_control_node-1] [WARN] [1777472824.945631036] [controller_manager]: Overrun detected! The controller manager missed its desired rate of 1000 Hz. The loop took 2.757527 ms (missed cycles : 3).
[vision_apriltag-9] [INFO] [1777472825.020679464] [vision_apriltag_node]: Service: Tag 1 found and base-frame pose returned.
[vision_apriltag-9] [INFO] [1777472825.121167502] [vision_apriltag_node]: Service: Tag 1 found and base-frame pose returned.
[vision_apriltag-9] [INFO] [1777472825.221266016] [vision_apriltag_node]: Service: Tag 1 found and base-frame pose returned.
[scene_from_vision-10] [INFO] [1777472825.321846452] [scene_from_vision_node]: Scan committed tag 1: raw=16, accepted=16, rejected=0, median tag pose x=0.694, y=0.050, z=0.136. object center x=0.629, y=0.031, z=0.143, yaw=-156.0deg. table_delta x=-0.052, y=+0.031.
[scene_from_vision-10] [INFO] [1777472825.322900938] [scene_from_vision_node]: Scene scan kept remembered IDs not reacquired in this scan: [0]. This is expected for ADL memory mode; use scan_prune_unseen_objects:=true for calibration runs after manually moving objects.
[scene_from_vision-10] [INFO] [1777472825.326659269] [scene_from_vision_node]: Published obj_0 (heartbeat) at x=0.317, y=-0.097, z=-0.332, yaw=+180.0deg
[scene_from_vision-10] [INFO] [1777472825.327892257] [scene_from_vision_node]: Published obj_1 (new) at x=0.629, y=0.031, z=0.143, yaw=-156.0deg
[scene_from_vision-10] [INFO] [1777472825.330023560] [scene_from_vision_node]: Scene scan complete. Remembered object IDs: [0, 1]
[give_medication-14] [INFO] [1777472825.377793422] [give_medication_node]: Scene scan complete. Remembered object IDs: [0, 1]
[adl_ui-15] 192.168.0.78 - - [29/Apr/2026 10:27:05] "GET /status_json HTTP/1.1" 200 -
[give_medication-14] [INFO] [1777472825.479007511] [give_medication_node]: Medication startup recovery sweep 'right_outer' detected tag 1.
[vision_apriltag-9] [INFO] [1777472825.492111569] [vision_apriltag_node]: Service: Tag 1 found and base-frame pose returned.
[give_medication-14] [INFO] [1777472825.500773519] [give_medication_node]: Using live medication tag pose for QR/front-entry geometry.
[give_medication-14] [INFO] [1777472825.502793874] [give_medication_node]: [Medication] QR geometry pose applying medication world XY offset (-0.090m, -0.030m).
[give_medication-14] [INFO] [1777472825.503788055] [give_medication_node]: [Medication] QR geometry pose applying final XY nudge (-0.070m, +0.000m).
[give_medication-14] [INFO] [1777472825.504548335] [give_medication_node]: [Medication] QR geometry tag pose: pos=(0.534, 0.020, 0.136), ori=(-0.487, -0.662, 0.494, 0.281)
[give_medication-14] [INFO] [1777472825.507235442] [give_medication_node]: [Medication] QR-read final view lowered by 0.018m for face-text framing.
[give_medication-14] [WARN] [1777472825.508795347] [give_medication_node]: [Medication] QR-read pose z=0.125m is below configured minimum 0.155m; clamping upward for table safety.
[give_medication-14] [INFO] [1777472825.509733789] [give_medication_node]: [Medication] QR-read stand-off target=0.206m (before=+0.116m, delta=0.070m, tag_backoff=0.020m, source=obj.ee_to_pinch_center_m -> side_face_to_ee_grasp_standoff).
[give_medication-14] [INFO] [1777472825.510276817] [give_medication_node]: [Medication] Grasp pose: pos=(0.583, 0.004, 0.143), ori=(0.388, 0.591, 0.591, 0.388)
[give_medication-14] [INFO] [1777472825.513153285] [give_medication_node]: [Medication] Approach pose: pos=(0.557, -0.007, 0.143), ori=(0.388, 0.591, 0.591, 0.388)
[give_medication-14] [INFO] [1777472825.513873600] [give_medication_node]: [Medication] QR-read pose: pos=(0.346, -0.062, 0.155), ori=(0.385, 0.593, 0.593, 0.385)
[give_medication-14] [WARN] [1777472825.514553681] [give_medication_node]: [Medication] QR-read target z=0.155m is below table-safe floor 0.203m; clamping upward.
[give_medication-14] [WARN] [1777472825.515210735] [give_medication_node]: [Medication] QR front-entry z=0.155m is below table-safe floor 0.203m; clamping upward.
[give_medication-14] [INFO] [1777472825.515716770] [give_medication_node]: Scene LOCKED.
[scene_from_vision-10] [INFO] [1777472825.522483516] [scene_from_vision_node]: Scene LOCKED - updates paused.
[adl_ui-15] 127.0.0.1 - - [29/Apr/2026 10:27:05] "GET /status_json HTTP/1.1" 200 -
[give_medication-14] [INFO] [1777472825.666591541] [give_medication_node]: Added temporary table-top keepout 'obj_1_qr_table_top_keepout' (size=(0.575,0.575,0.110)m, base_z=0.098m, top_z=0.208m, inset_xy=(0.000,0.000)m).
[give_medication-14] [INFO] [1777472825.818145363] [give_medication_node]: go_to_position: (0.346,-0.062, 0.283) - orientation free
[give_medication-14] [INFO] [1777472825.819968069] [give_medication_node]: _send_goal: dispatching MoveGroup request group=manipulator, attempts=10, allowed_time=10.00s, vel_scale=0.250, accel_scale=0.250, gc1:pos(frame=base_link, link=end_effector_link, tol=0.060, pos=(0.346, -0.062, 0.283), ori=(0.385, 0.593, 0.593, 0.385))
[move_group-20] [ERROR] [1777472825.821287727] [move_group.moveit.moveit.core.conversions]: Found empty JointState message
[give_medication-14] [INFO] [1777472825.830068494] [give_medication_node]: Start state: collision-valid — no collisions (not a joint-bounds check).
[move_group-20] [INFO] [1777472825.832342408] [move_group.moveit.moveit.ros.move_group.move_action]: MoveGroupMoveAction: Received request
[move_group-20] [INFO] [1777472825.832834411] [move_group.moveit.moveit.ros.move_group.move_action]: executing..
[give_medication-14] [INFO] [1777472825.842276649] [give_medication_node]: _send_goal: MoveGroup goal accepted.
[move_group-20] [INFO] [1777472825.850396628] [move_group.moveit.moveit.ros.move_group.move_action]: Combined planning and execution request received for MoveGroup action. Forwarding to planning and execution pipeline.
[move_group-20] [WARN] [1777472825.850496317] [move_group.moveit.moveit.ros.move_group.capability]: Execution of motions should always start at the robot's current state. Ignoring the state supplied as start state in the motion planning request
[move_group-20] [WARN] [1777472825.850547216] [move_group.moveit.moveit.ros.move_group.capability]: Execution of motions should always start at the robot's current state. Ignoring the state supplied as difference in the planning scene diff
[move_group-20] [INFO] [1777472825.850575884] [move_group.moveit.moveit.ros.plan_execution]: Planning attempt 1 of at most 1
[move_group-20] [INFO] [1777472825.851146169] [move_group]: Calling PlanningRequestAdapter 'ResolveConstraintFrames'
[move_group-20] [INFO] [1777472825.851236873] [move_group]: Calling PlanningRequestAdapter 'ValidateWorkspaceBounds'
[move_group-20] [INFO] [1777472825.851301183] [move_group]: Calling PlanningRequestAdapter 'CheckStartStateBounds'
[move_group-20] [INFO] [1777472825.851399771] [move_group]: Calling PlanningRequestAdapter 'CheckStartStateCollision'
[move_group-20] [INFO] [1777472825.852155179] [move_group.moveit.moveit.planners.ompl.model_based_planning_context]: Planner configuration 'manipulator' will use planner 'geometric::RRTConnect'. Additional configuration parameters will be set when the planner is constructed.
[move_group-20] [INFO] [1777472825.852304485] [move_group]: Calling Planner 'OMPL'
[ros2_control_node-1] [WARN] [1777472825.947581112] [controller_manager]: Overrun might occur, Total time : 2664.907 us (Expected < 1000.000 us) --> Read time : 20.351 us, Update time : 233.761 us, Write time : 2410.795 us
[ros2_control_node-1] [WARN] [1777472825.947634126] [controller_manager]: Overrun detected! The controller manager missed its desired rate of 1000 Hz. The loop took 2.761137 ms (missed cycles : 3).
[move_group-20] [INFO] [1777472825.949789081] [move_group]: Calling PlanningResponseAdapter 'AddTimeOptimalParameterization'
[move_group-20] [INFO] [1777472825.969072030] [move_group]: Calling PlanningResponseAdapter 'ValidateSolution'
[move_group-20] [ERROR] [1777472825.974673831] [move_group.moveit.moveit.ros.validate_solution]: Computed path is not valid. Invalid states at index locations: [ 49 50 ] out of 98. Explanations follow in command line. Contacts are published on /display_contacts
[move_group-20] [INFO] [1777472825.974856675] [move_group.moveit.moveit.core.moveit_collision_detection_fcl]: Found a contact between 'robotiq_85_left_finger_tip_link' (type 'Robot link') and 'base_link' (type 'Robot link'), which constitutes a collision. Contact information is not stored.
[move_group-20] [INFO] [1777472825.974893951] [move_group.moveit.moveit.core.moveit_collision_detection_fcl]: Collision checking is considered complete (collision was found and 0 contacts are stored)
[move_group-20] [INFO] [1777472825.975173718] [move_group.moveit.moveit.core.moveit_collision_detection_fcl]: Found a contact between 'robotiq_85_left_finger_tip_link' (type 'Robot link') and 'base_link' (type 'Robot link'), which constitutes a collision. Contact information is not stored.
[move_group-20] [INFO] [1777472825.975209500] [move_group.moveit.moveit.core.moveit_collision_detection_fcl]: Collision checking is considered complete (collision was found and 0 contacts are stored)
[move_group-20] [ERROR] [1777472825.975353835] [move_group.moveit.moveit.ros.validate_solution]: Completed listing of explanations for invalid states.
[move_group-20] [ERROR] [1777472825.975785663] [move_group]: PlanningResponseAdapter 'ValidateSolution' failed with error code INVALID_MOTION_PLAN
[move_group-20] [INFO] [1777472825.976028412] [move_group.moveit.moveit.ros.move_group.move_action]: Motion plan was found but it seems to be invalid (possibly due to postprocessing). Not executing.
[give_medication-14] [ERROR] [1777472825.985801399] [give_medication_node]: MoveGroup execution failed.
[give_medication-14]   error_code.val = -2
[give_medication-14]   group_name      = manipulator
[give_medication-14]   num_attempts    = 10
[give_medication-14]   allowed_time    = 10.0
[give_medication-14]   vel_scale       = 0.25
[give_medication-14]   accel_scale     = 0.25
[give_medication-14] If this persists, check move_group / controller logs for the meaning of this code (often control abort, invalid start state, or planning pipeline failure).
[give_medication-14] [WARN] [1777472825.987199788] [give_medication_node]: _recover_after_failure(): MoveGroup error_code=-2
[adl_ui-15] 192.168.0.78 - - [29/Apr/2026 10:27:06] "GET /status_json HTTP/1.1" 200 -
[adl_ui-15] 127.0.0.1 - - [29/Apr/2026 10:27:06] "GET /status_json HTTP/1.1" 200 -
[vision_apriltag-9] [INFO] [1777472826.601800919] [vision_apriltag_node]: Vision AprilTag: scene is locked; detection publishing is paused.
[adl_ui-15] 192.168.0.78 - - [29/Apr/2026 10:27:06] "GET /status_json HTTP/1.1" 200 -
[ros2_control_node-1] [WARN] [1777472826.947880249] [controller_manager]: Overrun might occur, Total time : 2966.109 us (Expected < 1000.000 us) --> Read time : 37.320 us, Update time : 290.549 us, Write time : 2638.240 us
[ros2_control_node-1] [WARN] [1777472826.948006716] [controller_manager]: Overrun detected! The controller manager missed its desired rate of 1000 Hz. The loop took 3.131591 ms (missed cycles : 4).
[adl_ui-15] 127.0.0.1 - - [29/Apr/2026 10:27:07] "GET /status_json HTTP/1.1" 200 -
[give_medication-14] [WARN] [1777472827.199646403] [give_medication_node]: [Medication] QR-read pre-height failed with table-top keepout active; removing that temporary keepout and retrying the pre-height move.
[give_medication-14] [INFO] [1777472827.201911227] [give_medication_node]: Removed temporary table-top keepout 'obj_1_qr_table_top_keepout'.
[give_medication-14] [INFO] [1777472827.303737315] [give_medication_node]: go_to_position: (0.346,-0.062, 0.283) - orientation free
[give_medication-14] [INFO] [1777472827.305187295] [give_medication_node]: _send_goal: dispatching MoveGroup request group=manipulator, attempts=10, allowed_time=10.00s, vel_scale=0.250, accel_scale=0.250, gc1:pos(frame=base_link, link=end_effector_link, tol=0.060, pos=(0.346, -0.062, 0.283), ori=(0.385, 0.593, 0.593, 0.385))
[move_group-20] [ERROR] [1777472827.306434466] [move_group.moveit.moveit.core.conversions]: Found empty JointState message
[give_medication-14] [INFO] [1777472827.318837543] [give_medication_node]: Start state: collision-valid — no collisions (not a joint-bounds check).
[move_group-20] [INFO] [1777472827.320457313] [move_group.moveit.moveit.ros.move_group.move_action]: MoveGroupMoveAction: Received request
[move_group-20] [INFO] [1777472827.320825787] [move_group.moveit.moveit.ros.move_group.move_action]: executing..
[move_group-20] [INFO] [1777472827.331280873] [move_group.moveit.moveit.ros.move_group.move_action]: Combined planning and execution request received for MoveGroup action. Forwarding to planning and execution pipeline.
[move_group-20] [WARN] [1777472827.331410712] [move_group.moveit.moveit.ros.move_group.capability]: Execution of motions should always start at the robot's current state. Ignoring the state supplied as start state in the motion planning request
[move_group-20] [WARN] [1777472827.331469397] [move_group.moveit.moveit.ros.move_group.capability]: Execution of motions should always start at the robot's current state. Ignoring the state supplied as difference in the planning scene diff
[move_group-20] [INFO] [1777472827.331500315] [move_group.moveit.moveit.ros.plan_execution]: Planning attempt 1 of at most 1
[move_group-20] [INFO] [1777472827.332104781] [move_group]: Calling PlanningRequestAdapter 'ResolveConstraintFrames'
[move_group-20] [INFO] [1777472827.332179272] [move_group]: Calling PlanningRequestAdapter 'ValidateWorkspaceBounds'
[move_group-20] [INFO] [1777472827.332221233] [move_group]: Calling PlanningRequestAdapter 'CheckStartStateBounds'
[move_group-20] [INFO] [1777472827.332288141] [move_group]: Calling PlanningRequestAdapter 'CheckStartStateCollision'
[give_medication-14] [INFO] [1777472827.332120025] [give_medication_node]: _send_goal: MoveGroup goal accepted.
[move_group-20] [INFO] [1777472827.333050004] [move_group.moveit.moveit.planners.ompl.model_based_planning_context]: Planner configuration 'manipulator' will use planner 'geometric::RRTConnect'. Additional configuration parameters will be set when the planner is constructed.
[move_group-20] [INFO] [1777472827.333198095] [move_group]: Calling Planner 'OMPL'
[move_group-20] [INFO] [1777472827.434857915] [move_group]: Calling PlanningResponseAdapter 'AddTimeOptimalParameterization'
[move_group-20] [INFO] [1777472827.443585444] [move_group]: Calling PlanningResponseAdapter 'ValidateSolution'
[move_group-20] [INFO] [1777472827.445672625] [move_group]: Calling PlanningResponseAdapter 'DisplayMotionPath'
[move_group-20] [WARN] [1777472827.445853726] [move_group.moveit.moveit.ros.planning_pipeline]: The planner plugin did not fill out the 'planner_id' field of the MotionPlanResponse. Setting it to the planner ID name of the MotionPlanRequest assuming that the planner plugin does warn you if it does not use the requested planner.
[move_group-20] [INFO] [1777472827.446174793] [move_group.moveit.moveit.plugins.simple_controller_manager]: Returned 2 controllers in list
[move_group-20] [INFO] [1777472827.446216167] [move_group.moveit.moveit.plugins.simple_controller_manager]: Returned 2 controllers in list
[move_group-20] [INFO] [1777472827.446340491] [move_group.moveit.moveit.ros.trajectory_execution_manager]: Validating trajectory with allowed_start_tolerance 0.01
[move_group-20] [INFO] [1777472827.450234730] [move_group.moveit.moveit.ros.trajectory_execution_manager]: Starting trajectory execution ...
[move_group-20] [INFO] [1777472827.450321196] [move_group.moveit.moveit.plugins.simple_controller_manager]: Returned 2 controllers in list
[move_group-20] [INFO] [1777472827.450377695] [move_group.moveit.moveit.plugins.simple_controller_manager]: Returned 2 controllers in list
[move_group-20] [INFO] [1777472827.450582378] [moveit.simple_controller_manager.follow_joint_trajectory_controller_handle]: sending trajectory to joint_trajectory_controller
[ros2_control_node-1] [INFO] [1777472827.451028453] [joint_trajectory_controller]: Received new action goal
[ros2_control_node-1] [INFO] [1777472827.451170278] [joint_trajectory_controller]: Accepted new action goal
[move_group-20] [INFO] [1777472827.451641545] [moveit.simple_controller_manager.follow_joint_trajectory_controller_handle]: joint_trajectory_controller started execution
[move_group-20] [INFO] [1777472827.451657877] [moveit.simple_controller_manager.follow_joint_trajectory_controller_handle]: Goal request accepted!
[adl_ui-15] 192.168.0.78 - - [29/Apr/2026 10:27:07] "GET /status_json HTTP/1.1" 200 -
[adl_ui-15] 127.0.0.1 - - [29/Apr/2026 10:27:07] "GET /status_json HTTP/1.1" 200 -
[ros2_control_node-1] [WARN] [1777472827.948822612] [controller_manager]: Overrun might occur, Total time : 3881.948 us (Expected < 1000.000 us) --> Read time : 83.286 us, Update time : 686.012 us, Write time : 3112.650 us
[ros2_control_node-1] [WARN] [1777472827.949018118] [controller_manager]: Overrun detected! The controller manager missed its desired rate of 1000 Hz. The loop took 4.138375 ms (missed cycles : 5).
[adl_ui-15] 192.168.0.78 - - [29/Apr/2026 10:27:08] "GET /status_json HTTP/1.1" 200 -
[wrist_camera_usb_publisher-8] [INFO] [1777472828.462035351] [wrist_camera_usb_publisher_node]: USB camera publisher heartbeat: publishing 1280x720 frames on /wrist_mounted_camera/image; camera_info fx=920.87, fy=921.57, cx=644.76, cy=343.15.
[adl_ui-15] 127.0.0.1 - - [29/Apr/2026 10:27:08] "GET /status_json HTTP/1.1" 200 -
[vision_apriltag-9] [INFO] [1777472828.598905006] [vision_apriltag_node]: Vision AprilTag: scene is locked; detection publishing is paused.
[ros2_control_node-1] [WARN] [1777472828.951714751] [controller_manager]: Overrun might occur, Total time : 2810.507 us (Expected < 1000.000 us) --> Read time : 34.683 us, Update time : 412.842 us, Write time : 2362.982 us
[ros2_control_node-1] [WARN] [1777472828.951817618] [controller_manager]: Overrun detected! The controller manager missed its desired rate of 1000 Hz. The loop took 2.942697 ms (missed cycles : 3).
[adl_ui-15] 192.168.0.78 - - [29/Apr/2026 10:27:09] "GET /status_json HTTP/1.1" 200 -
[adl_ui-15] 127.0.0.1 - - [29/Apr/2026 10:27:09] "GET /status_json HTTP/1.1" 200 -
[adl_ui-15] 192.168.0.78 - - [29/Apr/2026 10:27:09] "GET /status_json HTTP/1.1" 200 -
[ros2_control_node-1] [WARN] [1777472829.953482086] [controller_manager]: Overrun might occur, Total time : 3556.040 us (Expected < 1000.000 us) --> Read time : 29.181 us, Update time : 338.366 us, Write time : 3188.493 us
[ros2_control_node-1] [WARN] [1777472829.953584690] [controller_manager]: Overrun detected! The controller manager missed its desired rate of 1000 Hz. The loop took 3.710751 ms (missed cycles : 4).
[adl_ui-15] 127.0.0.1 - - [29/Apr/2026 10:27:10] "GET /status_json HTTP/1.1" 200 -
[ros2_control_node-1] [ERROR] [1777472830.109520182] [KortexMultiInterfaceHardware]: Kortex exception: Device error, Error sub type=WRONG_SERVOING_MODE => <srv: 3, fct: 1, msgType: 3>
[ros2_control_node-1] description: Wrong servoing mode, must be low level servoing mode
[ros2_control_node-1] [ERROR] [1777472830.109629603] [KortexMultiInterfaceHardware]: Error sub-code: WRONG_SERVOING_MODE
[ros2_control_node-1] [ERROR] [1777472830.451174713] [tolerances]: State tolerances failed for joint 0:
[ros2_control_node-1] [ERROR] [1777472830.451255843] [tolerances]: Position Error: -0.150272, Position Tolerance: 0.150000
[ros2_control_node-1] [WARN] [1777472830.451388639] [joint_trajectory_controller]: Aborted due to state tolerance violation
[move_group-20] [WARN] [1777472830.455299800] [moveit.simple_controller_manager.follow_joint_trajectory_controller_handle]: Controller 'joint_trajectory_controller' failed with error PATH_TOLERANCE_VIOLATED: Aborted due to path tolerance violation
[move_group-20] [WARN] [1777472830.455800857] [move_group.moveit.moveit.ros.trajectory_execution_manager]: Controller handle joint_trajectory_controller reports status ABORTED
[move_group-20] [INFO] [1777472830.455882597] [move_group.moveit.moveit.ros.trajectory_execution_manager]: Completed trajectory execution with status ABORTED ...
[move_group-20] [INFO] [1777472830.461156890] [move_group.moveit.moveit.ros.move_group.move_action]: CONTROL_FAILED
[give_medication-14] [ERROR] [1777472830.491406996] [give_medication_node]: MoveGroup execution failed.
[give_medication-14]   error_code.val = -4
[give_medication-14]   group_name      = manipulator
[give_medication-14]   num_attempts    = 10
[give_medication-14]   allowed_time    = 10.0
[give_medication-14]   vel_scale       = 0.25
[give_medication-14]   accel_scale     = 0.25
[give_medication-14] If this persists, check move_group / controller logs for the meaning of this code (often control abort, invalid start state, or planning pipeline failure).
[give_medication-14] [WARN] [1777472830.503199000] [give_medication_node]: _recover_after_failure(): MoveGroup error_code=-4
[vision_apriltag-9] [INFO] [1777472830.599943103] [vision_apriltag_node]: Vision AprilTag: scene is locked; detection publishing is paused.
[adl_ui-15] 192.168.0.78 - - [29/Apr/2026 10:27:10] "GET /status_json HTTP/1.1" 200 -
[adl_ui-15] 127.0.0.1 - - [29/Apr/2026 10:27:10] "GET /status_json HTTP/1.1" 200 -
[ros2_control_node-1] [WARN] [1777472830.953980053] [controller_manager]: Overrun might occur, Total time : 3061.813 us (Expected < 1000.000 us) --> Read time : 66.610 us, Update time : 526.517 us, Write time : 2468.686 us
[ros2_control_node-1] [WARN] [1777472830.954109361] [controller_manager]: Overrun detected! The controller manager missed its desired rate of 1000 Hz. The loop took 3.233896 ms (missed cycles : 4).
[adl_ui-15] 192.168.0.78 - - [29/Apr/2026 10:27:11] "GET /status_json HTTP/1.1" 200 -
[adl_ui-15] 127.0.0.1 - - [29/Apr/2026 10:27:11] "GET /status_json HTTP/1.1" 200 -
[give_medication-14] [WARN] [1777472831.720464007] [give_medication_node]: [Medication] QR-read pre-height move still failed; retrying via side-approach staging.
[give_medication-14] [INFO] [1777472831.722428679] [give_medication_node]: go_to_position: (0.386,-0.062, 0.363) - orientation free
[give_medication-14] [INFO] [1777472831.724469303] [give_medication_node]: _send_goal: dispatching MoveGroup request group=manipulator, attempts=10, allowed_time=10.00s, vel_scale=0.250, accel_scale=0.250, gc1:pos(frame=base_link, link=end_effector_link, tol=0.060, pos=(0.386, -0.062, 0.363), ori=(0.385, 0.593, 0.593, 0.385))
[move_group-20] [ERROR] [1777472831.725771162] [move_group.moveit.moveit.core.conversions]: Found empty JointState message
[give_medication-14] [INFO] [1777472831.737080954] [give_medication_node]: Start state: collision-valid — no collisions (not a joint-bounds check).
[move_group-20] [INFO] [1777472831.739652879] [move_group.moveit.moveit.ros.move_group.move_action]: MoveGroupMoveAction: Received request
[move_group-20] [INFO] [1777472831.740066580] [move_group.moveit.moveit.ros.move_group.move_action]: executing..
[move_group-20] [INFO] [1777472831.751018465] [move_group.moveit.moveit.ros.move_group.move_action]: Combined planning and execution request received for MoveGroup action. Forwarding to planning and execution pipeline.
[move_group-20] [WARN] [1777472831.751154574] [move_group.moveit.moveit.ros.move_group.capability]: Execution of motions should always start at the robot's current state. Ignoring the state supplied as start state in the motion planning request
[move_group-20] [WARN] [1777472831.751231359] [move_group.moveit.moveit.ros.move_group.capability]: Execution of motions should always start at the robot's current state. Ignoring the state supplied as difference in the planning scene diff
[move_group-20] [INFO] [1777472831.751266285] [move_group.moveit.moveit.ros.plan_execution]: Planning attempt 1 of at most 1
[move_group-20] [INFO] [1777472831.751984819] [move_group]: Calling PlanningRequestAdapter 'ResolveConstraintFrames'
[move_group-20] [INFO] [1777472831.752087628] [move_group]: Calling PlanningRequestAdapter 'ValidateWorkspaceBounds'
[move_group-20] [INFO] [1777472831.752132066] [move_group]: Calling PlanningRequestAdapter 'CheckStartStateBounds'
[move_group-20] [INFO] [1777472831.752211071] [move_group]: Calling PlanningRequestAdapter 'CheckStartStateCollision'
[move_group-20] [INFO] [1777472831.753137431] [move_group.moveit.moveit.planners.ompl.model_based_planning_context]: Planner configuration 'manipulator' will use planner 'geometric::RRTConnect'. Additional configuration parameters will be set when the planner is constructed.
[move_group-20] [INFO] [1777472831.753345939] [move_group]: Calling Planner 'OMPL'
[give_medication-14] [INFO] [1777472831.760440077] [give_medication_node]: _send_goal: MoveGroup goal accepted.
[move_group-20] [INFO] [1777472831.836549663] [move_group]: Calling PlanningResponseAdapter 'AddTimeOptimalParameterization'
[move_group-20] [INFO] [1777472831.861254937] [move_group]: Calling PlanningResponseAdapter 'ValidateSolution'
[move_group-20] [ERROR] [1777472831.864753142] [move_group.moveit.moveit.ros.validate_solution]: Computed path is not valid. Invalid states at index locations: [ 14 59 60 98 99 100 ] out of 152. Explanations follow in command line. Contacts are published on /display_contacts
[move_group-20] [INFO] [1777472831.864819916] [move_group.moveit.moveit.core.moveit_collision_detection_fcl]: Found a contact between 'table_edge_lip_front' (type 'Object') and 'robotiq_85_right_finger_tip_link' (type 'Robot link'), which constitutes a collision. Contact information is not stored.
[move_group-20] [INFO] [1777472831.864834864] [move_group.moveit.moveit.core.moveit_collision_detection_fcl]: Collision checking is considered complete (collision was found and 0 contacts are stored)
[move_group-20] [INFO] [1777472831.864912780] [move_group.moveit.moveit.core.moveit_collision_detection_fcl]: Found a contact between 'arm_base_left_back_block' (type 'Object') and 'spherical_wrist_1_link' (type 'Robot link'), which constitutes a collision. Contact information is not stored.
[move_group-20] [INFO] [1777472831.864925082] [move_group.moveit.moveit.core.moveit_collision_detection_fcl]: Collision checking is considered complete (collision was found and 0 contacts are stored)
[move_group-20] [INFO] [1777472831.864982589] [move_group.moveit.moveit.core.moveit_collision_detection_fcl]: Found a contact between 'arm_base_left_back_block' (type 'Object') and 'spherical_wrist_1_link' (type 'Robot link'), which constitutes a collision. Contact information is not stored.
[move_group-20] [INFO] [1777472831.865016647] [move_group.moveit.moveit.core.moveit_collision_detection_fcl]: Collision checking is considered complete (collision was found and 0 contacts are stored)
[move_group-20] [INFO] [1777472831.865100288] [move_group.moveit.moveit.core.moveit_collision_detection_fcl]: Found a contact between 'left_desk_wall' (type 'Object') and 'spherical_wrist_1_link' (type 'Robot link'), which constitutes a collision. Contact information is not stored.
[move_group-20] [INFO] [1777472831.865113457] [move_group.moveit.moveit.core.moveit_collision_detection_fcl]: Collision checking is considered complete (collision was found and 0 contacts are stored)
[move_group-20] [INFO] [1777472831.865177507] [move_group.moveit.moveit.core.moveit_collision_detection_fcl]: Found a contact between 'left_desk_wall' (type 'Object') and 'spherical_wrist_1_link' (type 'Robot link'), which constitutes a collision. Contact information is not stored.
[move_group-20] [INFO] [1777472831.865188452] [move_group.moveit.moveit.core.moveit_collision_detection_fcl]: Collision checking is considered complete (collision was found and 0 contacts are stored)
[move_group-20] [INFO] [1777472831.865240291] [move_group.moveit.moveit.core.moveit_collision_detection_fcl]: Found a contact between 'left_desk_wall' (type 'Object') and 'spherical_wrist_1_link' (type 'Robot link'), which constitutes a collision. Contact information is not stored.
[move_group-20] [INFO] [1777472831.865250627] [move_group.moveit.moveit.core.moveit_collision_detection_fcl]: Collision checking is considered complete (collision was found and 0 contacts are stored)
[move_group-20] [ERROR] [1777472831.865300853] [move_group.moveit.moveit.ros.validate_solution]: Completed listing of explanations for invalid states.
[move_group-20] [ERROR] [1777472831.865549637] [move_group]: PlanningResponseAdapter 'ValidateSolution' failed with error code INVALID_MOTION_PLAN
[move_group-20] [INFO] [1777472831.865782843] [move_group.moveit.moveit.ros.move_group.move_action]: Motion plan was found but it seems to be invalid (possibly due to postprocessing). Not executing.
[give_medication-14] [ERROR] [1777472831.873867796] [give_medication_node]: MoveGroup execution failed.
[give_medication-14]   error_code.val = -2
[give_medication-14]   group_name      = manipulator
[give_medication-14]   num_attempts    = 10
[give_medication-14]   allowed_time    = 10.0
[give_medication-14]   vel_scale       = 0.25
[give_medication-14]   accel_scale     = 0.25
[give_medication-14] If this persists, check move_group / controller logs for the meaning of this code (often control abort, invalid start state, or planning pipeline failure).
[give_medication-14] [WARN] [1777472831.874826022] [give_medication_node]: _recover_after_failure(): MoveGroup error_code=-2
[ros2_control_node-1] [WARN] [1777472831.955640097] [controller_manager]: Overrun might occur, Total time : 2723.254 us (Expected < 1000.000 us) --> Read time : 36.653 us, Update time : 216.146 us, Write time : 2470.455 us
[ros2_control_node-1] [WARN] [1777472831.955703112] [controller_manager]: Overrun detected! The controller manager missed its desired rate of 1000 Hz. The loop took 2.829739 ms (missed cycles : 3).
[adl_ui-15] 192.168.0.78 - - [29/Apr/2026 10:27:12] "GET /status_json HTTP/1.1" 200 -
[adl_ui-15] 127.0.0.1 - - [29/Apr/2026 10:27:12] "GET /status_json HTTP/1.1" 200 -
[vision_apriltag-9] [INFO] [1777472832.598412614] [vision_apriltag_node]: Vision AprilTag: scene is locked; detection publishing is paused.
[adl_ui-15] 192.168.0.78 - - [29/Apr/2026 10:27:12] "GET /status_json HTTP/1.1" 200 -
[ros2_control_node-1] [WARN] [1777472832.959102427] [controller_manager]: Overrun might occur, Total time : 3178.750 us (Expected < 1000.000 us) --> Read time : 68.447 us, Update time : 412.533 us, Write time : 2697.770 us
[ros2_control_node-1] [WARN] [1777472832.959245758] [controller_manager]: Overrun detected! The controller manager missed its desired rate of 1000 Hz. The loop took 3.370455 ms (missed cycles : 4).
[adl_ui-15] 127.0.0.1 - - [29/Apr/2026 10:27:13] "GET /status_json HTTP/1.1" 200 -
[give_medication-14] [INFO] [1777472833.080719869] [give_medication_node]: go_to_position: (0.346,-0.062, 0.443) - orientation free
[give_medication-14] [INFO] [1777472833.082178350] [give_medication_node]: _send_goal: dispatching MoveGroup request group=manipulator, attempts=10, allowed_time=10.00s, vel_scale=0.250, accel_scale=0.250, gc1:pos(frame=base_link, link=end_effector_link, tol=0.060, pos=(0.346, -0.062, 0.443), ori=(0.385, 0.593, 0.593, 0.385))
[move_group-20] [ERROR] [1777472833.083243402] [move_group.moveit.moveit.core.conversions]: Found empty JointState message
[give_medication-14] [INFO] [1777472833.090132613] [give_medication_node]: Start state: collision-valid — no collisions (not a joint-bounds check).
[move_group-20] [INFO] [1777472833.093722781] [move_group.moveit.moveit.ros.move_group.move_action]: MoveGroupMoveAction: Received request
[move_group-20] [INFO] [1777472833.094078118] [move_group.moveit.moveit.ros.move_group.move_action]: executing..
[give_medication-14] [INFO] [1777472833.107970385] [give_medication_node]: _send_goal: MoveGroup goal accepted.
[move_group-20] [INFO] [1777472833.111190103] [move_group.moveit.moveit.ros.move_group.move_action]: Combined planning and execution request received for MoveGroup action. Forwarding to planning and execution pipeline.
[move_group-20] [WARN] [1777472833.111298818] [move_group.moveit.moveit.ros.move_group.capability]: Execution of motions should always start at the robot's current state. Ignoring the state supplied as start state in the motion planning request
[move_group-20] [WARN] [1777472833.111350385] [move_group.moveit.moveit.ros.move_group.capability]: Execution of motions should always start at the robot's current state. Ignoring the state supplied as difference in the planning scene diff
[move_group-20] [INFO] [1777472833.111393248] [move_group.moveit.moveit.ros.plan_execution]: Planning attempt 1 of at most 1
[move_group-20] [INFO] [1777472833.111948049] [move_group]: Calling PlanningRequestAdapter 'ResolveConstraintFrames'
[move_group-20] [INFO] [1777472833.112023296] [move_group]: Calling PlanningRequestAdapter 'ValidateWorkspaceBounds'
[move_group-20] [INFO] [1777472833.112063640] [move_group]: Calling PlanningRequestAdapter 'CheckStartStateBounds'
[move_group-20] [INFO] [1777472833.112237573] [move_group]: Calling PlanningRequestAdapter 'CheckStartStateCollision'
[move_group-20] [INFO] [1777472833.112914688] [move_group.moveit.moveit.planners.ompl.model_based_planning_context]: Planner configuration 'manipulator' will use planner 'geometric::RRTConnect'. Additional configuration parameters will be set when the planner is constructed.
[move_group-20] [INFO] [1777472833.113062532] [move_group]: Calling Planner 'OMPL'
[move_group-20] [INFO] [1777472833.212491728] [move_group]: Calling PlanningResponseAdapter 'AddTimeOptimalParameterization'
[move_group-20] [INFO] [1777472833.223076076] [move_group]: Calling PlanningResponseAdapter 'ValidateSolution'
[move_group-20] [INFO] [1777472833.226256672] [move_group]: Calling PlanningResponseAdapter 'DisplayMotionPath'
[move_group-20] [WARN] [1777472833.226652764] [move_group.moveit.moveit.ros.planning_pipeline]: The planner plugin did not fill out the 'planner_id' field of the MotionPlanResponse. Setting it to the planner ID name of the MotionPlanRequest assuming that the planner plugin does warn you if it does not use the requested planner.
[move_group-20] [INFO] [1777472833.227072431] [move_group.moveit.moveit.plugins.simple_controller_manager]: Returned 2 controllers in list
[move_group-20] [INFO] [1777472833.227114211] [move_group.moveit.moveit.plugins.simple_controller_manager]: Returned 2 controllers in list
[move_group-20] [INFO] [1777472833.227244014] [move_group.moveit.moveit.ros.trajectory_execution_manager]: Validating trajectory with allowed_start_tolerance 0.01
[move_group-20] [INFO] [1777472833.230510623] [move_group.moveit.moveit.ros.trajectory_execution_manager]: Starting trajectory execution ...
[move_group-20] [INFO] [1777472833.230590103] [move_group.moveit.moveit.plugins.simple_controller_manager]: Returned 2 controllers in list
[move_group-20] [INFO] [1777472833.230637552] [move_group.moveit.moveit.plugins.simple_controller_manager]: Returned 2 controllers in list
[move_group-20] [INFO] [1777472833.230858297] [moveit.simple_controller_manager.follow_joint_trajectory_controller_handle]: sending trajectory to joint_trajectory_controller
[ros2_control_node-1] [INFO] [1777472833.231335100] [joint_trajectory_controller]: Received new action goal
[ros2_control_node-1] [INFO] [1777472833.231430449] [joint_trajectory_controller]: Accepted new action goal
[move_group-20] [INFO] [1777472833.231643910] [moveit.simple_controller_manager.follow_joint_trajectory_controller_handle]: joint_trajectory_controller started execution
[move_group-20] [INFO] [1777472833.231659412] [moveit.simple_controller_manager.follow_joint_trajectory_controller_handle]: Goal request accepted!
[wrist_camera_usb_publisher-8] [INFO] [1777472833.623057492] [wrist_camera_usb_publisher_node]: USB camera publisher heartbeat: publishing 1280x720 frames on /wrist_mounted_camera/image; camera_info fx=920.87, fy=921.57, cx=644.76, cy=343.15.
[adl_ui-15] 192.168.0.78 - - [29/Apr/2026 10:27:13] "GET /status_json HTTP/1.1" 200 -
[adl_ui-15] 127.0.0.1 - - [29/Apr/2026 10:27:13] "GET /status_json HTTP/1.1" 200 -
[ros2_control_node-1] [ERROR] [1777472833.796203389] [tolerances]: State tolerances failed for joint 6:
[ros2_control_node-1] [ERROR] [1777472833.796280879] [tolerances]: Position Error: -0.150295, Position Tolerance: 0.150000
[ros2_control_node-1] [WARN] [1777472833.796390930] [joint_trajectory_controller]: Aborted due to state tolerance violation
[move_group-20] [WARN] [1777472833.832646010] [moveit.simple_controller_manager.follow_joint_trajectory_controller_handle]: Controller 'joint_trajectory_controller' failed with error PATH_TOLERANCE_VIOLATED: Aborted due to path tolerance violation
[move_group-20] [WARN] [1777472833.833455973] [move_group.moveit.moveit.ros.trajectory_execution_manager]: Controller handle joint_trajectory_controller reports status ABORTED
[move_group-20] [INFO] [1777472833.833522808] [move_group.moveit.moveit.ros.trajectory_execution_manager]: Completed trajectory execution with status ABORTED ...
[move_group-20] [INFO] [1777472833.840868255] [move_group.moveit.moveit.ros.move_group.move_action]: CONTROL_FAILED
[give_medication-14] [ERROR] [1777472833.860287129] [give_medication_node]: MoveGroup execution failed.
[give_medication-14]   error_code.val = -4
[give_medication-14]   group_name      = manipulator
[give_medication-14]   num_attempts    = 10
[give_medication-14]   allowed_time    = 10.0
[give_medication-14]   vel_scale       = 0.25
[give_medication-14]   accel_scale     = 0.25
[give_medication-14] If this persists, check move_group / controller logs for the meaning of this code (often control abort, invalid start state, or planning pipeline failure).
[give_medication-14] [WARN] [1777472833.862237380] [give_medication_node]: _recover_after_failure(): MoveGroup error_code=-4
[ros2_control_node-1] [WARN] [1777472833.959869144] [controller_manager]: Overrun might occur, Total time : 2935.650 us (Expected < 1000.000 us) --> Read time : 94.205 us, Update time : 443.275 us, Write time : 2398.170 us
[ros2_control_node-1] [WARN] [1777472833.959981841] [controller_manager]: Overrun detected! The controller manager missed its desired rate of 1000 Hz. The loop took 3.107053 ms (missed cycles : 4).
[adl_ui-15] [INFO] [1777472834.061775423] [adl_ui_node]: UI command published: emergency_stop_retract
[adl_ui-15] 127.0.0.1 - - [29/Apr/2026 10:27:14] "POST /command HTTP/1.1" 200 -
[adl_ui-15] 127.0.0.1 - - [29/Apr/2026 10:27:14] "GET /status_json HTTP/1.1" 200 -
[adl_controller-11] [INFO] [1777472834.281060564] [adl_controller_node]: is_near_retract: current arm is not at target (worst=joint_6:2.424 rad > 0.100).
[adl_controller-11] [INFO] [1777472834.281657094] [adl_controller_node]: go_retract: planning to RETRACT_JOINTS...
[adl_controller-11] [INFO] [1777472834.282291422] [adl_controller_node]: _send_goal: dispatching MoveGroup request group=manipulator, attempts=10, allowed_time=15.00s, vel_scale=0.250, accel_scale=0.250, gc1:joints(joint_1=+0.000+/-0.030, joint_2=-0.350+/-0.030, joint_3=+3.140+/-0.030, joint_4=-2.540+/-0.030, joint_5=+0.000+/-0.030, joint_6=-0.870+/-0.030, joint_7=+1.570+/-0.030)
[move_group-20] [ERROR] [1777472834.283221684] [move_group.moveit.moveit.core.conversions]: Found empty JointState message
[adl_controller-11] [INFO] [1777472834.286625381] [adl_controller_node]: Start state: collision-valid — no collisions (not a joint-bounds check).
[move_group-20] [INFO] [1777472834.287849940] [move_group.moveit.moveit.ros.move_group.move_action]: MoveGroupMoveAction: Received request
[move_group-20] [INFO] [1777472834.288070884] [move_group.moveit.moveit.ros.move_group.move_action]: executing..
[move_group-20] [INFO] [1777472834.292321624] [move_group.moveit.moveit.ros.move_group.move_action]: Combined planning and execution request received for MoveGroup action. Forwarding to planning and execution pipeline.
[move_group-20] [WARN] [1777472834.292424538] [move_group.moveit.moveit.ros.move_group.capability]: Execution of motions should always start at the robot's current state. Ignoring the state supplied as start state in the motion planning request
[move_group-20] [WARN] [1777472834.292496593] [move_group.moveit.moveit.ros.move_group.capability]: Execution of motions should always start at the robot's current state. Ignoring the state supplied as difference in the planning scene diff
[move_group-20] [INFO] [1777472834.292516494] [move_group.moveit.moveit.ros.plan_execution]: Planning attempt 1 of at most 1
[move_group-20] [INFO] [1777472834.292908143] [move_group]: Calling PlanningRequestAdapter 'ResolveConstraintFrames'
[move_group-20] [INFO] [1777472834.292950627] [move_group]: Calling PlanningRequestAdapter 'ValidateWorkspaceBounds'
[move_group-20] [INFO] [1777472834.292972571] [move_group]: Calling PlanningRequestAdapter 'CheckStartStateBounds'
[move_group-20] [INFO] [1777472834.293011583] [move_group]: Calling PlanningRequestAdapter 'CheckStartStateCollision'
[move_group-20] [INFO] [1777472834.293946240] [move_group.moveit.moveit.planners.ompl.model_based_planning_context]: Planner configuration 'manipulator' will use planner 'geometric::RRTConnect'. Additional configuration parameters will be set when the planner is constructed.
[move_group-20] [INFO] [1777472834.294052872] [move_group]: Calling Planner 'OMPL'
[adl_controller-11] [INFO] [1777472834.296436486] [adl_controller_node]: _send_goal: MoveGroup goal accepted.
[move_group-20] [INFO] [1777472834.340278490] [move_group]: Calling PlanningResponseAdapter 'AddTimeOptimalParameterization'
[move_group-20] [INFO] [1777472834.365698981] [move_group]: Calling PlanningResponseAdapter 'ValidateSolution'
[move_group-20] [INFO] [1777472834.370093902] [move_group]: Calling PlanningResponseAdapter 'DisplayMotionPath'
[move_group-20] [WARN] [1777472834.370603415] [move_group.moveit.moveit.ros.planning_pipeline]: The planner plugin did not fill out the 'planner_id' field of the MotionPlanResponse. Setting it to the planner ID name of the MotionPlanRequest assuming that the planner plugin does warn you if it does not use the requested planner.
[move_group-20] [INFO] [1777472834.371360041] [move_group.moveit.moveit.plugins.simple_controller_manager]: Returned 2 controllers in list
[move_group-20] [INFO] [1777472834.371436201] [move_group.moveit.moveit.plugins.simple_controller_manager]: Returned 2 controllers in list
[move_group-20] [INFO] [1777472834.371602733] [move_group.moveit.moveit.ros.trajectory_execution_manager]: Validating trajectory with allowed_start_tolerance 0.01
[move_group-20] [INFO] [1777472834.390533210] [move_group.moveit.moveit.ros.trajectory_execution_manager]: Starting trajectory execution ...
[move_group-20] [INFO] [1777472834.390627607] [move_group.moveit.moveit.plugins.simple_controller_manager]: Returned 2 controllers in list
[move_group-20] [INFO] [1777472834.390675407] [move_group.moveit.moveit.plugins.simple_controller_manager]: Returned 2 controllers in list
[move_group-20] [INFO] [1777472834.390904277] [moveit.simple_controller_manager.follow_joint_trajectory_controller_handle]: sending trajectory to joint_trajectory_controller
[ros2_control_node-1] [INFO] [1777472834.391791469] [joint_trajectory_controller]: Received new action goal
[ros2_control_node-1] [INFO] [1777472834.391918352] [joint_trajectory_controller]: Accepted new action goal
[move_group-20] [INFO] [1777472834.392239443] [moveit.simple_controller_manager.follow_joint_trajectory_controller_handle]: joint_trajectory_controller started execution
[move_group-20] [INFO] [1777472834.392256590] [moveit.simple_controller_manager.follow_joint_trajectory_controller_handle]: Goal request accepted!
[adl_ui-15] 192.168.0.78 - - [29/Apr/2026 10:27:14] "GET /status_json HTTP/1.1" 200 -
[vision_apriltag-9] [INFO] [1777472834.597867799] [vision_apriltag_node]: Vision AprilTag: scene is locked; detection publishing is paused.
[adl_ui-15] 127.0.0.1 - - [29/Apr/2026 10:27:14] "GET /status_json HTTP/1.1" 200 -
[ros2_control_node-1] [ERROR] [1777472834.957064658] [tolerances]: State tolerances failed for joint 4:
[ros2_control_node-1] [ERROR] [1777472834.957118996] [tolerances]: Position Error: 0.150269, Position Tolerance: 0.150000
[ros2_control_node-1] [WARN] [1777472834.957192165] [joint_trajectory_controller]: Aborted due to state tolerance violation
[ros2_control_node-1] [WARN] [1777472834.962309072] [controller_manager]: Overrun might occur, Total time : 2419.005 us (Expected < 1000.000 us) --> Read time : 37.400 us, Update time : 276.796 us, Write time : 2104.809 us
[ros2_control_node-1] [WARN] [1777472834.962354102] [controller_manager]: Overrun detected! The controller manager missed its desired rate of 1000 Hz. The loop took 2.481183 ms (missed cycles : 3).
[move_group-20] [WARN] [1777472834.992720125] [moveit.simple_controller_manager.follow_joint_trajectory_controller_handle]: Controller 'joint_trajectory_controller' failed with error PATH_TOLERANCE_VIOLATED: Aborted due to path tolerance violation
[move_group-20] [WARN] [1777472834.992760047] [move_group.moveit.moveit.ros.trajectory_execution_manager]: Controller handle joint_trajectory_controller reports status ABORTED
[move_group-20] [INFO] [1777472834.992783480] [move_group.moveit.moveit.ros.trajectory_execution_manager]: Completed trajectory execution with status ABORTED ...
[move_group-20] [INFO] [1777472835.001445136] [move_group.moveit.moveit.ros.move_group.move_action]: CONTROL_FAILED
[adl_controller-11] [ERROR] [1777472835.007405246] [adl_controller_node]: MoveGroup execution failed.
[adl_controller-11]   error_code.val = -4
[adl_controller-11]   group_name      = manipulator
[adl_controller-11]   num_attempts    = 10
[adl_controller-11]   allowed_time    = 15.0
[adl_controller-11]   vel_scale       = 0.25
[adl_controller-11]   accel_scale     = 0.25
[adl_controller-11] If this persists, check move_group / controller logs for the meaning of this code (often control abort, invalid start state, or planning pipeline failure).
[adl_controller-11] [WARN] [1777472835.008203228] [adl_controller_node]: _recover_after_failure(): MoveGroup error_code=-4
[give_medication-14] [WARN] [1777472835.074863755] [give_medication_node]: [Medication] Failed to reach QR-read front-entry pre-height position.
[give_medication-14] [INFO] [1777472835.075745908] [give_medication_node]: Scene UNLOCKED.
[scene_from_vision-10] [INFO] [1777472835.077115699] [scene_from_vision_node]: Scene UNLOCKED - updates resuming.
[adl_ui-15] 192.168.0.78 - - [29/Apr/2026 10:27:15] "GET /status_json HTTP/1.1" 200 -
[scene_from_vision-10] [INFO] [1777472835.434646278] [scene_from_vision_node]: Published obj_0 (heartbeat) at x=0.317, y=-0.097, z=-0.332, yaw=+180.0deg
[scene_from_vision-10] [INFO] [1777472835.436213070] [scene_from_vision_node]: Published obj_1 (heartbeat) at x=0.629, y=0.031, z=0.143, yaw=-156.0deg
[vision_apriltag-9] [INFO] [1777472835.454359677] [vision_apriltag_node]: Vision AprilTag detection debug: no tags found after raw/CLAHE/sharp/adaptive/upscaled/tiled passes.
[adl_ui-15] 127.0.0.1 - - [29/Apr/2026 10:27:15] "GET /status_json HTTP/1.1" 200 -
[adl_ui-15] 192.168.0.78 - - [29/Apr/2026 10:27:15] "GET /status_json HTTP/1.1" 200 -
[ros2_control_node-1] [WARN] [1777472835.964433992] [controller_manager]: Overrun might occur, Total time : 2534.468 us (Expected < 1000.000 us) --> Read time : 31.110 us, Update time : 217.861 us, Write time : 2285.497 us
[ros2_control_node-1] [WARN] [1777472835.964495628] [controller_manager]: Overrun detected! The controller manager missed its desired rate of 1000 Hz. The loop took 2.622416 ms (missed cycles : 3).
[adl_controller-11] [INFO] [1777472836.321722386] [adl_controller_node]: is_near_retract: current arm is not at target (worst=joint_6:2.424 rad > 0.100).
[adl_controller-11] [INFO] [1777472836.323057422] [adl_controller_node]: is_near_retract: current arm is not at target (worst=joint_6:2.424 rad > 0.100).
[adl_ui-15] 127.0.0.1 - - [29/Apr/2026 10:27:16] "GET /status_json HTTP/1.1" 200 -
[adl_controller-11] [INFO] [1777472836.574009954] [adl_controller_node]: is_near_retract: current arm is not at target (worst=joint_6:2.424 rad > 0.100).
[vision_apriltag-9] [INFO] [1777472836.597758794] [vision_apriltag_node]: Vision AprilTag: images are arriving, but no AprilTag has been seen for 10.9s.
[adl_ui-15] 192.168.0.78 - - [29/Apr/2026 10:27:16] "GET /status_json HTTP/1.1" 200 -
[adl_controller-11] [INFO] [1777472836.826871187] [adl_controller_node]: is_near_retract: current arm is not at target (worst=joint_6:2.424 rad > 0.100).
[ros2_control_node-1] [WARN] [1777472836.966475624] [controller_manager]: Overrun might occur, Total time : 2562.140 us (Expected < 1000.000 us) --> Read time : 98.257 us, Update time : 345.513 us, Write time : 2118.370 us
[ros2_control_node-1] [WARN] [1777472836.966544119] [controller_manager]: Overrun detected! The controller manager missed its desired rate of 1000 Hz. The loop took 2.671100 ms (missed cycles : 3).
[adl_controller-11] [INFO] [1777472837.078767241] [adl_controller_node]: is_near_retract: current arm is not at target (worst=joint_6:2.424 rad > 0.100).
[adl_ui-15] 127.0.0.1 - - [29/Apr/2026 10:27:17] "GET /status_json HTTP/1.1" 200 -
[adl_controller-11] [INFO] [1777472837.330077866] [adl_controller_node]: is_near_retract: current arm is not at target (worst=joint_6:2.424 rad > 0.100).
[adl_ui-15] 192.168.0.78 - - [29/Apr/2026 10:27:17] "GET /status_json HTTP/1.1" 200 -
[adl_controller-11] [INFO] [1777472837.580864991] [adl_controller_node]: is_near_retract: current arm is not at target (worst=joint_6:2.424 rad > 0.100).
[adl_controller-11] [INFO] [1777472837.832664455] [adl_controller_node]: is_near_retract: current arm is not at target (worst=joint_6:2.424 rad > 0.100).
[adl_ui-15] 127.0.0.1 - - [29/Apr/2026 10:27:17] "GET /status_json HTTP/1.1" 200 -
[scene_from_vision-10] [INFO] [1777472837.933521626] [scene_from_vision_node]: Published obj_0 (heartbeat) at x=0.317, y=-0.097, z=-0.332, yaw=+180.0deg
[scene_from_vision-10] [INFO] [1777472837.937010595] [scene_from_vision_node]: Published obj_1 (heartbeat) at x=0.629, y=0.031, z=0.143, yaw=-156.0deg
[ros2_control_node-1] [WARN] [1777472837.967367380] [controller_manager]: Overrun might occur, Total time : 2478.720 us (Expected < 1000.000 us) --> Read time : 34.543 us, Update time : 206.752 us, Write time : 2237.425 us
[ros2_control_node-1] [WARN] [1777472837.967425374] [controller_manager]: Overrun detected! The controller manager missed its desired rate of 1000 Hz. The loop took 2.552428 ms (missed cycles : 3).
[adl_controller-11] [INFO] [1777472838.083882884] [adl_controller_node]: is_near_retract: current arm is not at target (worst=joint_6:2.424 rad > 0.100).
[adl_ui-15] 192.168.0.78 - - [29/Apr/2026 10:27:18] "GET /status_json HTTP/1.1" 200 -
[adl_controller-11] [INFO] [1777472838.344046194] [adl_controller_node]: is_near_retract: current arm is not at target (worst=joint_6:2.424 rad > 0.100).
[adl_controller-11] [INFO] [1777472838.595001698] [adl_controller_node]: is_near_retract: current arm is not at target (worst=joint_6:2.424 rad > 0.100).
[vision_apriltag-9] [INFO] [1777472838.597331961] [vision_apriltag_node]: Vision AprilTag: images are arriving, but no AprilTag has been seen for 12.9s.
[adl_ui-15] 127.0.0.1 - - [29/Apr/2026 10:27:18] "GET /status_json HTTP/1.1" 200 -
[wrist_camera_usb_publisher-8] [INFO] [1777472838.793789199] [wrist_camera_usb_publisher_node]: USB camera publisher heartbeat: publishing 1280x720 frames on /wrist_mounted_camera/image; camera_info fx=920.87, fy=921.57, cx=644.76, cy=343.15.
[adl_controller-11] [INFO] [1777472838.847762690] [adl_controller_node]: is_near_retract: current arm is not at target (worst=joint_6:2.424 rad > 0.100).
[adl_ui-15] 192.168.0.78 - - [29/Apr/2026 10:27:18] "GET /status_json HTTP/1.1" 200 -
[ros2_control_node-1] [WARN] [1777472838.969232147] [controller_manager]: Overrun might occur, Total time : 3292.982 us (Expected < 1000.000 us) --> Read time : 36.425 us, Update time : 329.042 us, Write time : 2927.515 us
[ros2_control_node-1] [WARN] [1777472838.969334938] [controller_manager]: Overrun detected! The controller manager missed its desired rate of 1000 Hz. The loop took 3.459445 ms (missed cycles : 4).
[adl_controller-11] [INFO] [1777472839.098729202] [adl_controller_node]: is_near_retract: current arm is not at target (worst=joint_6:2.424 rad > 0.100).
[adl_controller-11] [INFO] [1777472839.351979380] [adl_controller_node]: is_near_retract: current arm is not at target (worst=joint_6:2.424 rad > 0.100).
[adl_ui-15] 127.0.0.1 - - [29/Apr/2026 10:27:19] "GET /status_json HTTP/1.1" 200 -
[adl_controller-11] [INFO] [1777472839.602941721] [adl_controller_node]: is_near_retract: current arm is not at target (worst=joint_6:2.424 rad > 0.100).
[adl_ui-15] 192.168.0.78 - - [29/Apr/2026 10:27:19] "GET /status_json HTTP/1.1" 200 -
[adl_controller-11] [INFO] [1777472839.853919745] [adl_controller_node]: is_near_retract: current arm is not at target (worst=joint_6:2.424 rad > 0.100).
[scene_from_vision-10] [INFO] [1777472839.935080184] [scene_from_vision_node]: Published obj_0 (heartbeat) at x=0.317, y=-0.097, z=-0.332, yaw=+180.0deg
[scene_from_vision-10] [INFO] [1777472839.937423378] [scene_from_vision_node]: Published obj_1 (heartbeat) at x=0.629, y=0.031, z=0.143, yaw=-156.0deg
[ros2_control_node-1] [WARN] [1777472839.972499595] [controller_manager]: Overrun might occur, Total time : 3601.698 us (Expected < 1000.000 us) --> Read time : 38.740 us, Update time : 243.933 us, Write time : 3319.025 us
[ros2_control_node-1] [WARN] [1777472839.972587078] [controller_manager]: Overrun detected! The controller manager missed its desired rate of 1000 Hz. The loop took 3.712772 ms (missed cycles : 4).
[adl_controller-11] [INFO] [1777472840.104833126] [adl_controller_node]: is_near_retract: current arm is not at target (worst=joint_6:2.424 rad > 0.100).
[adl_ui-15] 127.0.0.1 - - [29/Apr/2026 10:27:20] "GET /status_json HTTP/1.1" 200 -
[adl_controller-11] [INFO] [1777472840.372612875] [adl_controller_node]: is_near_retract: current arm is not at target (worst=joint_6:2.424 rad > 0.100).
[adl_ui-15] 192.168.0.78 - - [29/Apr/2026 10:27:20] "GET /status_json HTTP/1.1" 200 -
[vision_apriltag-9] [INFO] [1777472840.599379722] [vision_apriltag_node]: Vision AprilTag: images are arriving, but no AprilTag has been seen for 14.9s.
[adl_controller-11] [INFO] [1777472840.623409966] [adl_controller_node]: is_near_retract: current arm is not at target (worst=joint_6:2.424 rad > 0.100).
[vision_apriltag-9] [INFO] [1777472840.735769373] [vision_apriltag_node]: Vision AprilTag detection debug: no tags found after raw/CLAHE/sharp/adaptive/upscaled/tiled passes.
[adl_ui-15] 127.0.0.1 - - [29/Apr/2026 10:27:20] "GET /status_json HTTP/1.1" 200 -
[adl_controller-11] [INFO] [1777472840.874255408] [adl_controller_node]: is_near_retract: current arm is not at target (worst=joint_6:2.424 rad > 0.100).
[ros2_control_node-1] [WARN] [1777472840.974811209] [controller_manager]: Overrun might occur, Total time : 2920.722 us (Expected < 1000.000 us) --> Read time : 33.802 us, Update time : 234.558 us, Write time : 2652.362 us
[ros2_control_node-1] [WARN] [1777472840.974861251] [controller_manager]: Overrun detected! The controller manager missed its desired rate of 1000 Hz. The loop took 2.988245 ms (missed cycles : 3).
[adl_controller-11] [INFO] [1777472841.124941525] [adl_controller_node]: is_near_retract: current arm is not at target (worst=joint_6:2.424 rad > 0.100).
[adl_ui-15] 192.168.0.78 - - [29/Apr/2026 10:27:21] "GET /status_json HTTP/1.1" 200 -
[adl_controller-11] [INFO] [1777472841.383471683] [adl_controller_node]: is_near_retract: current arm is not at target (worst=joint_6:2.424 rad > 0.100).
[adl_ui-15] 127.0.0.1 - - [29/Apr/2026 10:27:21] "GET /status_json HTTP/1.1" 200 -
[adl_controller-11] [INFO] [1777472841.636184996] [adl_controller_node]: is_near_retract: current arm is not at target (worst=joint_6:2.424 rad > 0.100).
[adl_controller-11] [INFO] [1777472841.887402843] [adl_controller_node]: is_near_retract: current arm is not at target (worst=joint_6:2.424 rad > 0.100).
[adl_ui-15] 192.168.0.78 - - [29/Apr/2026 10:27:21] "GET /status_json HTTP/1.1" 200 -
[ros2_control_node-1] [WARN] [1777472841.975920371] [controller_manager]: Overrun might occur, Total time : 2035.447 us (Expected < 1000.000 us) --> Read time : 14.675 us, Update time : 114.297 us, Write time : 1906.475 us
[ros2_control_node-1] [WARN] [1777472841.975973844] [controller_manager]: Overrun detected! The controller manager missed its desired rate of 1000 Hz. The loop took 2.100919 ms (missed cycles : 3).
[adl_controller-11] [INFO] [1777472842.138282135] [adl_controller_node]: is_near_retract: current arm is not at target (worst=joint_6:2.424 rad > 0.100).
[adl_ui-15] 127.0.0.1 - - [29/Apr/2026 10:27:22] "GET /status_json HTTP/1.1" 200 -
[adl_controller-11] [INFO] [1777472842.389845720] [adl_controller_node]: is_near_retract: current arm is not at target (worst=joint_6:2.424 rad > 0.100).
[scene_from_vision-10] [INFO] [1777472842.433754461] [scene_from_vision_node]: Published obj_0 (heartbeat) at x=0.317, y=-0.097, z=-0.332, yaw=+180.0deg
[scene_from_vision-10] [INFO] [1777472842.436737373] [scene_from_vision_node]: Published obj_1 (heartbeat) at x=0.629, y=0.031, z=0.143, yaw=-156.0deg
[vision_apriltag-9] [INFO] [1777472842.597805826] [vision_apriltag_node]: Vision AprilTag: images are arriving, but no AprilTag has been seen for 16.9s.
[adl_controller-11] [INFO] [1777472842.644897460] [adl_controller_node]: is_near_retract: current arm is not at target (worst=joint_6:2.424 rad > 0.100).
[adl_ui-15] 192.168.0.78 - - [29/Apr/2026 10:27:22] "GET /status_json HTTP/1.1" 200 -
[adl_controller-11] [INFO] [1777472842.895860542] [adl_controller_node]: is_near_retract: current arm is not at target (worst=joint_6:2.424 rad > 0.100).
[ros2_control_node-1] [WARN] [1777472842.978074062] [controller_manager]: Overrun might occur, Total time : 2180.531 us (Expected < 1000.000 us) --> Read time : 27.063 us, Update time : 243.049 us, Write time : 1910.419 us
[ros2_control_node-1] [WARN] [1777472842.978174630] [controller_manager]: Overrun detected! The controller manager missed its desired rate of 1000 Hz. The loop took 2.300418 ms (missed cycles : 3).
[adl_ui-15] 127.0.0.1 - - [29/Apr/2026 10:27:23] "GET /status_json HTTP/1.1" 200 -
[adl_controller-11] [INFO] [1777472843.147398584] [adl_controller_node]: is_near_retract: current arm is not at target (worst=joint_6:2.424 rad > 0.100).
[adl_controller-11] [INFO] [1777472843.399840324] [adl_controller_node]: is_near_retract: current arm is not at target (worst=joint_6:2.424 rad > 0.100).
[adl_ui-15] 192.168.0.78 - - [29/Apr/2026 10:27:23] "GET /status_json HTTP/1.1" 200 -
[adl_controller-11] [INFO] [1777472843.656517612] [adl_controller_node]: is_near_retract: current arm is not at target (worst=joint_6:2.424 rad > 0.100).
[adl_ui-15] 127.0.0.1 - - [29/Apr/2026 10:27:23] "GET /status_json HTTP/1.1" 200 -
[adl_controller-11] [INFO] [1777472843.907737290] [adl_controller_node]: is_near_retract: current arm is not at target (worst=joint_6:2.424 rad > 0.100).
[wrist_camera_usb_publisher-8] [INFO] [1777472843.944027834] [wrist_camera_usb_publisher_node]: USB camera publisher heartbeat: publishing 1280x720 frames on /wrist_mounted_camera/image; camera_info fx=920.87, fy=921.57, cx=644.76, cy=343.15.
[ros2_control_node-1] [WARN] [1777472843.978646564] [controller_manager]: Overrun might occur, Total time : 1762.226 us (Expected < 1000.000 us) --> Read time : 26.101 us, Update time : 159.016 us, Write time : 1577.109 us
[ros2_control_node-1] [WARN] [1777472843.978690147] [controller_manager]: Overrun detected! The controller manager missed its desired rate of 1000 Hz. The loop took 1.817427 ms (missed cycles : 2).
[adl_controller-11] [INFO] [1777472844.158506607] [adl_controller_node]: is_near_retract: current arm is not at target (worst=joint_6:2.425 rad > 0.100).
[adl_ui-15] 192.168.0.78 - - [29/Apr/2026 10:27:24] "GET /status_json HTTP/1.1" 200 -
[adl_controller-11] [INFO] [1777472844.409142330] [adl_controller_node]: is_near_retract: current arm is not at target (worst=joint_6:2.425 rad > 0.100).
[vision_apriltag-9] [INFO] [1777472844.597730697] [vision_apriltag_node]: Vision AprilTag: images are arriving, but no AprilTag has been seen for 18.9s.
[adl_ui-15] 127.0.0.1 - - [29/Apr/2026 10:27:24] "GET /status_json HTTP/1.1" 200 -
[adl_controller-11] [INFO] [1777472844.660710967] [adl_controller_node]: is_near_retract: current arm is not at target (worst=joint_6:2.425 rad > 0.100).
[adl_controller-11] [INFO] [1777472844.911673085] [adl_controller_node]: is_near_retract: current arm is not at target (worst=joint_6:2.425 rad > 0.100).
[adl_ui-15] 192.168.0.78 - - [29/Apr/2026 10:27:24] "GET /status_json HTTP/1.1" 200 -
[scene_from_vision-10] [INFO] [1777472844.934610354] [scene_from_vision_node]: Published obj_0 (heartbeat) at x=0.317, y=-0.097, z=-0.332, yaw=+180.0deg
[scene_from_vision-10] [INFO] [1777472844.936445677] [scene_from_vision_node]: Published obj_1 (heartbeat) at x=0.629, y=0.031, z=0.143, yaw=-156.0deg
[ros2_control_node-1] [WARN] [1777472844.979823236] [controller_manager]: Overrun might occur, Total time : 1938.317 us (Expected < 1000.000 us) --> Read time : 19.565 us, Update time : 142.248 us, Write time : 1776.504 us
[ros2_control_node-1] [WARN] [1777472844.979896319] [controller_manager]: Overrun detected! The controller manager missed its desired rate of 1000 Hz. The loop took 2.023244 ms (missed cycles : 3).
[adl_controller-11] [INFO] [1777472845.162898371] [adl_controller_node]: is_near_retract: current arm is not at target (worst=joint_6:2.425 rad > 0.100).
[adl_ui-15] 127.0.0.1 - - [29/Apr/2026 10:27:25] "GET /status_json HTTP/1.1" 200 -
[adl_controller-11] [INFO] [1777472845.414244502] [adl_controller_node]: is_near_retract: current arm is not at target (worst=joint_6:2.425 rad > 0.100).
[adl_controller-11] [INFO] [1777472845.665403393] [adl_controller_node]: is_near_retract: current arm is not at target (worst=joint_6:2.425 rad > 0.100).
[vision_apriltag-9] [INFO] [1777472845.696946029] [vision_apriltag_node]: Removed stale tag ID 1 from detected tags
[adl_ui-15] 192.168.0.78 - - [29/Apr/2026 10:27:25] "GET /status_json HTTP/1.1" 200 -
[adl_controller-11] [INFO] [1777472845.916277925] [adl_controller_node]: is_near_retract: current arm is not at target (worst=joint_6:2.425 rad > 0.100).
[ros2_control_node-1] [WARN] [1777472845.979994259] [controller_manager]: Overrun might occur, Total time : 2104.369 us (Expected < 1000.000 us) --> Read time : 31.858 us, Update time : 238.322 us, Write time : 1834.189 us
[ros2_control_node-1] [WARN] [1777472845.980053916] [controller_manager]: Overrun detected! The controller manager missed its desired rate of 1000 Hz. The loop took 2.180825 ms (missed cycles : 3).
[adl_ui-15] 127.0.0.1 - - [29/Apr/2026 10:27:26] "GET /status_json HTTP/1.1" 200 -
[vision_apriltag-9] [INFO] [1777472846.151827233] [vision_apriltag_node]: Vision AprilTag detection debug: no tags found after raw/CLAHE/sharp/adaptive/upscaled/tiled passes.
[adl_controller-11] [INFO] [1777472846.166905914] [adl_controller_node]: is_near_retract: current arm is not at target (worst=joint_6:2.424 rad > 0.100).
[adl_ui-15] 192.168.0.78 - - [29/Apr/2026 10:27:26] "GET /status_json HTTP/1.1" 200 -
[vision_apriltag-9] [INFO] [1777472846.599300697] [vision_apriltag_node]: Vision AprilTag: images are arriving, but no AprilTag has been seen for 20.9s.
[adl_ui-15] 127.0.0.1 - - [29/Apr/2026 10:27:26] "GET /status_json HTTP/1.1" 200 -
[ros2_control_node-1] [WARN] [1777472846.980124007] [controller_manager]: Overrun might occur, Total time : 2225.834 us (Expected < 1000.000 us) --> Read time : 41.010 us, Update time : 247.291 us, Write time : 1937.533 us
[ros2_control_node-1] [WARN] [1777472846.980210117] [controller_manager]: Overrun detected! The controller manager missed its desired rate of 1000 Hz. The loop took 2.336712 ms (missed cycles : 3).
[adl_ui-15] 192.168.0.78 - - [29/Apr/2026 10:27:27] "GET /status_json HTTP/1.1" 200 -
[scene_from_vision-10] [INFO] [1777472847.434166887] [scene_from_vision_node]: Published obj_0 (heartbeat) at x=0.317, y=-0.097, z=-0.332, yaw=+180.0deg
[scene_from_vision-10] [INFO] [1777472847.435907610] [scene_from_vision_node]: Published obj_1 (heartbeat) at x=0.629, y=0.031, z=0.143, yaw=-156.0deg
[adl_ui-15] 127.0.0.1 - - [29/Apr/2026 10:27:27] "GET /status_json HTTP/1.1" 200 -
[adl_ui-15] 192.168.0.78 - - [29/Apr/2026 10:27:27] "GET /status_json HTTP/1.1" 200 -
[ros2_control_node-1] [WARN] [1777472847.980301513] [controller_manager]: Overrun might occur, Total time : 2412.445 us (Expected < 1000.000 us) --> Read time : 31.282 us, Update time : 216.393 us, Write time : 2164.770 us
[ros2_control_node-1] [WARN] [1777472847.980382054] [controller_manager]: Overrun detected! The controller manager missed its desired rate of 1000 Hz. The loop took 2.509045 ms (missed cycles : 3).
[adl_ui-15] 127.0.0.1 - - [29/Apr/2026 10:27:28] "GET /status_json HTTP/1.1" 200 -
[adl_ui-15] 192.168.0.78 - - [29/Apr/2026 10:27:28] "GET /status_json HTTP/1.1" 200 -
[vision_apriltag-9] [INFO] [1777472848.680695790] [vision_apriltag_node]: Vision AprilTag: images are arriving, but no AprilTag has been seen for 23.0s.
[ros2_control_node-1] [WARN] [1777472848.982957528] [controller_manager]: Overrun might occur, Total time : 2060.355 us (Expected < 1000.000 us) --> Read time : 31.678 us, Update time : 199.422 us, Write time : 1829.255 us
[ros2_control_node-1] [WARN] [1777472848.983062106] [controller_manager]: Overrun detected! The controller manager missed its desired rate of 1000 Hz. The loop took 2.187816 ms (missed cycles : 3).
[wrist_camera_usb_publisher-8] [INFO] [1777472849.102961897] [wrist_camera_usb_publisher_node]: USB camera publisher heartbeat: publishing 1280x720 frames on /wrist_mounted_camera/image; camera_info fx=920.87, fy=921.57, cx=644.76, cy=343.15.
[adl_ui-15] 127.0.0.1 - - [29/Apr/2026 10:27:29] "GET /status_json HTTP/1.1" 200 -
[adl_ui-15] 192.168.0.78 - - [29/Apr/2026 10:27:29] "GET /status_json HTTP/1.1" 200 -
[scene_from_vision-10] [INFO] [1777472849.435206608] [scene_from_vision_node]: Published obj_0 (heartbeat) at x=0.317, y=-0.097, z=-0.332, yaw=+180.0deg
[scene_from_vision-10] [INFO] [1777472849.440797687] [scene_from_vision_node]: Published obj_1 (heartbeat) at x=0.629, y=0.031, z=0.143, yaw=-156.0deg
[ros2_control_node-1] [ERROR] [1777472849.479365899] [controller_manager]: Exception of type : St12future_error thrown during write of the component 'KortexMultiInterfaceHardware': std::future_error: Future already retrieved
[ros2_control_node-1] [ERROR] [1777472849.479570997] [controller_manager]: Deactivating following hardware components as their write cycle resulted in an error: [ KortexMultiInterfaceHardware ]
[ros2_control_node-1] [ERROR] [1777472849.479622830] [controller_manager]: Deactivating following controllers as their hardware components write cycle resulted in an error: [ joint_state_broadcaster joint_trajectory_controller robotiq_gripper_controller fault_controller twist_controller ]
[ros2_control_node-1] [ERROR] [1777472849.479746257] [controller_manager]: Not acceptable command interfaces combination: 
[ros2_control_node-1] Start interfaces: 
[ros2_control_node-1] [
[ros2_control_node-1] ]
[ros2_control_node-1] Stop interfaces: 
[ros2_control_node-1] [
[ros2_control_node-1]   joint_1/position
[ros2_control_node-1]   joint_2/position
[ros2_control_node-1]   joint_3/position
[ros2_control_node-1]   joint_4/position
[ros2_control_node-1]   joint_5/position
[ros2_control_node-1]   joint_6/position
[ros2_control_node-1]   joint_7/position
[ros2_control_node-1]   robotiq_85_left_knuckle_joint/position
[ros2_control_node-1]   reset_fault/command
[ros2_control_node-1]   reset_fault/async_success
[ros2_control_node-1]   tcp/twist.linear.x
[ros2_control_node-1]   tcp/twist.linear.y
[ros2_control_node-1]   tcp/twist.linear.z
[ros2_control_node-1]   tcp/twist.angular.x
[ros2_control_node-1]   tcp/twist.angular.y
[ros2_control_node-1]   tcp/twist.angular.z
[ros2_control_node-1] ]
[ros2_control_node-1] Not available: 
[ros2_control_node-1] [
[ros2_control_node-1]  joint_1/position
[ros2_control_node-1]  joint_2/position
[ros2_control_node-1]  joint_3/position
[ros2_control_node-1]  joint_4/position
[ros2_control_node-1]  joint_5/position
[ros2_control_node-1]  joint_6/position
[ros2_control_node-1]  joint_7/position
[ros2_control_node-1]  robotiq_85_left_knuckle_joint/position
[ros2_control_node-1]  reset_fault/command
[ros2_control_node-1]  reset_fault/async_success
[ros2_control_node-1]  tcp/twist.linear.x
[ros2_control_node-1]  tcp/twist.linear.y
[ros2_control_node-1]  tcp/twist.linear.z
[ros2_control_node-1]  tcp/twist.angular.x
[ros2_control_node-1]  tcp/twist.angular.y
[ros2_control_node-1]  tcp/twist.angular.z
[ros2_control_node-1] ]
[ros2_control_node-1] 
[ros2_control_node-1] [ERROR] [1777472849.479798888] [controller_manager]: Error while attempting mode switch when deactivating controllers in write cycle!
[adl_ui-15] 127.0.0.1 - - [29/Apr/2026 10:27:29] "GET /status_json HTTP/1.1" 200 -
[adl_ui-15] 192.168.0.78 - - [29/Apr/2026 10:27:30] "GET /status_json HTTP/1.1" 200 -
[adl_ui-15] 127.0.0.1 - - [29/Apr/2026 10:27:30] "GET /status_json HTTP/1.1" 200 -
[vision_apriltag-9] [INFO] [1777472850.719443928] [vision_apriltag_node]: Vision AprilTag: images are arriving, but no AprilTag has been seen for 25.1s.
[adl_ui-15] 192.168.0.78 - - [29/Apr/2026 10:27:30] "GET /status_json HTTP/1.1" 200 -
[adl_ui-15] 127.0.0.1 - - [29/Apr/2026 10:27:31] "GET /status_json HTTP/1.1" 200 -
[vision_apriltag-9] [INFO] [1777472851.364712023] [vision_apriltag_node]: Vision AprilTag detection debug: no tags found after raw/CLAHE/sharp/adaptive/upscaled/tiled passes.
[scene_from_vision-10] [INFO] [1777472851.435778347] [scene_from_vision_node]: Published obj_0 (heartbeat) at x=0.317, y=-0.097, z=-0.332, yaw=+180.0deg
[scene_from_vision-10] [INFO] [1777472851.437645984] [scene_from_vision_node]: Published obj_1 (heartbeat) at x=0.629, y=0.031, z=0.143, yaw=-156.0deg
[adl_ui-15] 192.168.0.78 - - [29/Apr/2026 10:27:31] "GET /status_json HTTP/1.1" 200 -
[adl_ui-15] 127.0.0.1 - - [29/Apr/2026 10:27:32] "GET /status_json HTTP/1.1" 200 -
[adl_ui-15] 192.168.0.78 - - [29/Apr/2026 10:27:32] "GET /status_json HTTP/1.1" 200 -
[adl_ui-15] 127.0.0.1 - - [29/Apr/2026 10:27:32] "GET /status_json HTTP/1.1" 200 -
[adl_ui-15] 192.168.0.78 - - [29/Apr/2026 10:27:33] "GET /status_json HTTP/1.1" 200 -
[adl_ui-15] 127.0.0.1 - - [29/Apr/2026 10:27:33] "GET /status_json HTTP/1.1" 200 -
[vision_apriltag-9] [INFO] [1777472853.902568072] [vision_apriltag_node]: Vision AprilTag: images are arriving, but no AprilTag has been seen for 28.2s.
[adl_ui-15] 192.168.0.78 - - [29/Apr/2026 10:27:33] "GET /status_json HTTP/1.1" 200 -
[scene_from_vision-10] [INFO] [1777472853.933987688] [scene_from_vision_node]: Published obj_0 (heartbeat) at x=0.317, y=-0.097, z=-0.332, yaw=+180.0deg
[scene_from_vision-10] [INFO] [1777472853.935539196] [scene_from_vision_node]: Published obj_1 (heartbeat) at x=0.629, y=0.031, z=0.143, yaw=-156.0deg
[wrist_camera_usb_publisher-8] [INFO] [1777472854.264688802] [wrist_camera_usb_publisher_node]: USB camera publisher heartbeat: publishing 1280x720 frames on /wrist_mounted_camera/image; camera_info fx=920.87, fy=921.57, cx=644.76, cy=343.15.
[adl_ui-15] 127.0.0.1 - - [29/Apr/2026 10:27:34] "GET /status_json HTTP/1.1" 200 -
[adl_ui-15] 192.168.0.78 - - [29/Apr/2026 10:27:34] "GET /status_json HTTP/1.1" 200 -
[vision_apriltag-9] [INFO] [1777472854.945575897] [vision_apriltag_node]: Vision AprilTag: images are arriving, but no AprilTag has been seen for 29.3s.
[adl_ui-15] 127.0.0.1 - - [29/Apr/2026 10:27:35] "GET /status_json HTTP/1.1" 200 -
[adl_ui-15] 192.168.0.78 - - [29/Apr/2026 10:27:35] "GET /status_json HTTP/1.1" 200 -
[adl_ui-15] 127.0.0.1 - - [29/Apr/2026 10:27:35] "GET /status_json HTTP/1.1" 200 -
[adl_ui-15] 192.168.0.78 - - [29/Apr/2026 10:27:36] "GET /status_json HTTP/1.1" 200 -
[scene_from_vision-10] [INFO] [1777472856.433297111] [scene_from_vision_node]: Published obj_0 (heartbeat) at x=0.317, y=-0.097, z=-0.332, yaw=+180.0deg
[scene_from_vision-10] [INFO] [1777472856.435498905] [scene_from_vision_node]: Published obj_1 (heartbeat) at x=0.629, y=0.031, z=0.143, yaw=-156.0deg
[adl_ui-15] 127.0.0.1 - - [29/Apr/2026 10:27:36] "GET /status_json HTTP/1.1" 200 -
[vision_apriltag-9] [INFO] [1777472856.765480221] [vision_apriltag_node]: Vision AprilTag detection debug: no tags found after raw/CLAHE/sharp/adaptive/upscaled/tiled passes.
[vision_apriltag-9] [INFO] [1777472856.808543514] [vision_apriltag_node]: Vision AprilTag: images are arriving, but no AprilTag has been seen for 31.1s.
[adl_ui-15] 192.168.0.78 - - [29/Apr/2026 10:27:36] "GET /status_json HTTP/1.1" 200 -
[adl_ui-15] 127.0.0.1 - - [29/Apr/2026 10:27:37] "GET /status_json HTTP/1.1" 200 -
[adl_ui-15] 192.168.0.78 - - [29/Apr/2026 10:27:37] "GET /status_json HTTP/1.1" 200 -
[adl_ui-15] 127.0.0.1 - - [29/Apr/2026 10:27:38] "GET /status_json HTTP/1.1" 200 -
[adl_ui-15] 192.168.0.78 - - [29/Apr/2026 10:27:38] "GET /status_json HTTP/1.1" 200 -
[scene_from_vision-10] [INFO] [1777472858.434750833] [scene_from_vision_node]: Published obj_0 (heartbeat) at x=0.317, y=-0.097, z=-0.332, yaw=+180.0deg
[scene_from_vision-10] [INFO] [1777472858.436904373] [scene_from_vision_node]: Published obj_1 (heartbeat) at x=0.629, y=0.031, z=0.143, yaw=-156.0deg
[adl_ui-15] 127.0.0.1 - - [29/Apr/2026 10:27:38] "GET /status_json HTTP/1.1" 200 -
[adl_ui-15] 192.168.0.78 - - [29/Apr/2026 10:27:39] "GET /status_json HTTP/1.1" 200 -
[wrist_camera_usb_publisher-8] [INFO] [1777472859.426018478] [wrist_camera_usb_publisher_node]: USB camera publisher heartbeat: publishing 1280x720 frames on /wrist_mounted_camera/image; camera_info fx=920.87, fy=921.57, cx=644.76, cy=343.15.
[vision_apriltag-9] [INFO] [1777472859.588391443] [vision_apriltag_node]: Vision AprilTag: images are arriving, but no AprilTag has been seen for 33.9s.
[adl_ui-15] 127.0.0.1 - - [29/Apr/2026 10:27:39] "GET /status_json HTTP/1.1" 200 -
[adl_ui-15] 192.168.0.78 - - [29/Apr/2026 10:27:39] "GET /status_json HTTP/1.1" 200 -
[adl_ui-15] 127.0.0.1 - - [29/Apr/2026 10:27:40] "GET /status_json HTTP/1.1" 200 -
[scene_from_vision-10] [INFO] [1777472860.434766827] [scene_from_vision_node]: Published obj_0 (heartbeat) at x=0.317, y=-0.097, z=-0.332, yaw=+180.0deg
[scene_from_vision-10] [INFO] [1777472860.436866852] [scene_from_vision_node]: Published obj_1 (heartbeat) at x=0.629, y=0.031, z=0.143, yaw=-156.0deg
[adl_ui-15] 192.168.0.78 - - [29/Apr/2026 10:27:40] "GET /status_json HTTP/1.1" 200 -
[adl_ui-15] 127.0.0.1 - - [29/Apr/2026 10:27:41] "GET /status_json HTTP/1.1" 200 -
[vision_apriltag-9] [INFO] [1777472861.380210806] [vision_apriltag_node]: Vision AprilTag: images are arriving, but no AprilTag has been seen for 35.7s.
[adl_ui-15] 192.168.0.78 - - [29/Apr/2026 10:27:41] "GET /status_json HTTP/1.1" 200 -
[adl_ui-15] 127.0.0.1 - - [29/Apr/2026 10:27:41] "GET /status_json HTTP/1.1" 200 -
[vision_apriltag-9] [INFO] [1777472862.140568173] [vision_apriltag_node]: Vision AprilTag detection debug: no tags found after raw/CLAHE/sharp/adaptive/upscaled/tiled passes.
[adl_ui-15] 192.168.0.78 - - [29/Apr/2026 10:27:42] "GET /status_json HTTP/1.1" 200 -
[adl_ui-15] 127.0.0.1 - - [29/Apr/2026 10:27:42] "GET /status_json HTTP/1.1" 200 -
[adl_ui-15] 192.168.0.78 - - [29/Apr/2026 10:27:42] "GET /status_json HTTP/1.1" 200 -
[scene_from_vision-10] [INFO] [1777472862.932284409] [scene_from_vision_node]: Published obj_0 (heartbeat) at x=0.317, y=-0.097, z=-0.332, yaw=+180.0deg
[scene_from_vision-10] [INFO] [1777472862.933356885] [scene_from_vision_node]: Published obj_1 (heartbeat) at x=0.629, y=0.031, z=0.143, yaw=-156.0deg
[adl_ui-15] 127.0.0.1 - - [29/Apr/2026 10:27:43] "GET /status_json HTTP/1.1" 200 -
[vision_apriltag-9] [INFO] [1777472863.509734861] [vision_apriltag_node]: Vision AprilTag: images are arriving, but no AprilTag has been seen for 37.8s.
[adl_ui-15] 192.168.0.78 - - [29/Apr/2026 10:27:43] "GET /status_json HTTP/1.1" 200 -
[adl_ui-15] 127.0.0.1 - - [29/Apr/2026 10:27:44] "GET /status_json HTTP/1.1" 200 -
[adl_ui-15] 192.168.0.78 - - [29/Apr/2026 10:27:44] "GET /status_json HTTP/1.1" 200 -
[wrist_camera_usb_publisher-8] [INFO] [1777472864.586973734] [wrist_camera_usb_publisher_node]: USB camera publisher heartbeat: publishing 1280x720 frames on /wrist_mounted_camera/image; camera_info fx=920.87, fy=921.57, cx=644.76, cy=343.15.
[adl_ui-15] 127.0.0.1 - - [29/Apr/2026 10:27:44] "GET /status_json HTTP/1.1" 200 -
[scene_from_vision-10] [INFO] [1777472864.933069655] [scene_from_vision_node]: Published obj_0 (heartbeat) at x=0.317, y=-0.097, z=-0.332, yaw=+180.0deg
[scene_from_vision-10] [INFO] [1777472864.934810110] [scene_from_vision_node]: Published obj_1 (heartbeat) at x=0.629, y=0.031, z=0.143, yaw=-156.0deg
[vision_apriltag-9] [INFO] [1777472865.124534495] [vision_apriltag_node]: Vision AprilTag: images are arriving, but no AprilTag has been seen for 39.5s.
[adl_ui-15] 192.168.0.78 - - [29/Apr/2026 10:27:45] "GET /status_json HTTP/1.1" 200 -
[adl_ui-15] 127.0.0.1 - - [29/Apr/2026 10:27:45] "GET /status_json HTTP/1.1" 200 -
[adl_ui-15] 192.168.0.78 - - [29/Apr/2026 10:27:45] "GET /status_json HTTP/1.1" 200 -
[adl_ui-15] 127.0.0.1 - - [29/Apr/2026 10:27:46] "GET /status_json HTTP/1.1" 200 -
[adl_ui-15] 192.168.0.78 - - [29/Apr/2026 10:27:46] "GET /status_json HTTP/1.1" 200 -
[vision_apriltag-9] [INFO] [1777472866.848018405] [vision_apriltag_node]: Vision AprilTag: images are arriving, but no AprilTag has been seen for 41.2s.
[scene_from_vision-10] [INFO] [1777472866.933096188] [scene_from_vision_node]: Published obj_0 (heartbeat) at x=0.317, y=-0.097, z=-0.332, yaw=+180.0deg
[scene_from_vision-10] [INFO] [1777472866.934347803] [scene_from_vision_node]: Published obj_1 (heartbeat) at x=0.629, y=0.031, z=0.143, yaw=-156.0deg
[adl_ui-15] 127.0.0.1 - - [29/Apr/2026 10:27:47] "GET /status_json HTTP/1.1" 200 -
[adl_ui-15] 192.168.0.78 - - [29/Apr/2026 10:27:47] "GET /status_json HTTP/1.1" 200 -
[vision_apriltag-9] [INFO] [1777472867.658571800] [vision_apriltag_node]: Vision AprilTag detection debug: no tags found after raw/CLAHE/sharp/adaptive/upscaled/tiled passes.
[adl_ui-15] 127.0.0.1 - - [29/Apr/2026 10:27:47] "GET /status_json HTTP/1.1" 200 -
[adl_ui-15] 192.168.0.78 - - [29/Apr/2026 10:27:48] "GET /status_json HTTP/1.1" 200 -
[vision_apriltag-9] [INFO] [1777472868.613076238] [vision_apriltag_node]: Vision AprilTag: images are arriving, but no AprilTag has been seen for 42.9s.
[adl_ui-15] 127.0.0.1 - - [29/Apr/2026 10:27:48] "GET /status_json HTTP/1.1" 200 -
[vision_apriltag-9] [INFO] [1777472868.876597428] [vision_apriltag_node]: Vision AprilTag visible IDs: [0]
[adl_ui-15] 192.168.0.78 - - [29/Apr/2026 10:27:48] "GET /status_json HTTP/1.1" 200 -
[scene_from_vision-10] [INFO] [1777472868.935036158] [scene_from_vision_node]: Published obj_0 (heartbeat) at x=0.317, y=-0.097, z=-0.332, yaw=+180.0deg
[scene_from_vision-10] [INFO] [1777472868.936236072] [scene_from_vision_node]: Published obj_1 (heartbeat) at x=0.629, y=0.031, z=0.143, yaw=-156.0deg
[adl_ui-15] 127.0.0.1 - - [29/Apr/2026 10:27:49] "GET /status_json HTTP/1.1" 200 -
[adl_ui-15] 192.168.0.78 - - [29/Apr/2026 10:27:49] "GET /status_json HTTP/1.1" 200 -
[wrist_camera_usb_publisher-8] [INFO] [1777472869.746298732] [wrist_camera_usb_publisher_node]: USB camera publisher heartbeat: publishing 1280x720 frames on /wrist_mounted_camera/image; camera_info fx=920.87, fy=921.57, cx=644.76, cy=343.15.
[adl_ui-15] 127.0.0.1 - - [29/Apr/2026 10:27:50] "GET /status_json HTTP/1.1" 200 -
[adl_ui-15] 192.168.0.78 - - [29/Apr/2026 10:27:50] "GET /status_json HTTP/1.1" 200 -
[adl_ui-15] 127.0.0.1 - - [29/Apr/2026 10:27:50] "GET /status_json HTTP/1.1" 200 -
[adl_ui-15] 192.168.0.78 - - [29/Apr/2026 10:27:51] "GET /status_json HTTP/1.1" 200 -
[scene_from_vision-10] [INFO] [1777472871.433381045] [scene_from_vision_node]: Published obj_0 (heartbeat) at x=0.317, y=-0.097, z=-0.332, yaw=+180.0deg
[scene_from_vision-10] [INFO] [1777472871.434962529] [scene_from_vision_node]: Published obj_1 (heartbeat) at x=0.629, y=0.031, z=0.143, yaw=-156.0deg
[vision_apriltag-9] [INFO] [1777472871.526478227] [vision_apriltag_node]: Vision AprilTag: images are arriving, but no AprilTag has been seen for 2.7s.
[adl_ui-15] 127.0.0.1 - - [29/Apr/2026 10:27:51] "GET /status_json HTTP/1.1" 200 -
[adl_ui-15] 192.168.0.78 - - [29/Apr/2026 10:27:51] "GET /status_json HTTP/1.1" 200 -
[adl_ui-15] 127.0.0.1 - - [29/Apr/2026 10:27:52] "GET /status_json HTTP/1.1" 200 -
[adl_ui-15] 192.168.0.78 - - [29/Apr/2026 10:27:52] "GET /status_json HTTP/1.1" 200 -
[vision_apriltag-9] [INFO] [1777472872.705921060] [vision_apriltag_node]: Vision AprilTag detection debug: no tags found after raw/CLAHE/sharp/adaptive/upscaled/tiled passes.
[vision_apriltag-9] [INFO] [1777472872.802781419] [vision_apriltag_node]: Vision AprilTag: images are arriving, but no AprilTag has been seen for 4.0s.
[adl_ui-15] 127.0.0.1 - - [29/Apr/2026 10:27:53] "GET /status_json HTTP/1.1" 200 -
[adl_ui-15] 192.168.0.78 - - [29/Apr/2026 10:27:53] "GET /status_json HTTP/1.1" 200 -
[adl_ui-15] 127.0.0.1 - - [29/Apr/2026 10:27:53] "GET /status_json HTTP/1.1" 200 -
[scene_from_vision-10] [INFO] [1777472873.932976401] [scene_from_vision_node]: Published obj_0 (heartbeat) at x=0.317, y=-0.097, z=-0.332, yaw=+180.0deg
[scene_from_vision-10] [INFO] [1777472873.935988609] [scene_from_vision_node]: Published obj_1 (heartbeat) at x=0.629, y=0.031, z=0.143, yaw=-156.0deg
[adl_ui-15] 192.168.0.78 - - [29/Apr/2026 10:27:54] "GET /status_json HTTP/1.1" 200 -
[adl_ui-15] 127.0.0.1 - - [29/Apr/2026 10:27:54] "GET /status_json HTTP/1.1" 200 -
[wrist_camera_usb_publisher-8] [INFO] [1777472874.907270889] [wrist_camera_usb_publisher_node]: USB camera publisher heartbeat: publishing 1280x720 frames on /wrist_mounted_camera/image; camera_info fx=920.87, fy=921.57, cx=644.76, cy=343.15.
[adl_ui-15] 192.168.0.78 - - [29/Apr/2026 10:27:54] "GET /status_json HTTP/1.1" 200 -
[adl_ui-15] 127.0.0.1 - - [29/Apr/2026 10:27:55] "GET /status_json HTTP/1.1" 200 -
[adl_ui-15] 192.168.0.78 - - [29/Apr/2026 10:27:55] "GET /status_json HTTP/1.1" 200 -
[adl_ui-15] 127.0.0.1 - - [29/Apr/2026 10:27:56] "GET /status_json HTTP/1.1" 200 -
[scene_from_vision-10] [INFO] [1777472876.433771347] [scene_from_vision_node]: Published obj_0 (heartbeat) at x=0.317, y=-0.097, z=-0.332, yaw=+180.0deg
[scene_from_vision-10] [INFO] [1777472876.435667216] [scene_from_vision_node]: Published obj_1 (heartbeat) at x=0.629, y=0.031, z=0.143, yaw=-156.0deg
[adl_ui-15] 192.168.0.78 - - [29/Apr/2026 10:27:56] "GET /status_json HTTP/1.1" 200 -
[adl_ui-15] 127.0.0.1 - - [29/Apr/2026 10:27:56] "GET /status_json HTTP/1.1" 200 -
[adl_ui-15] 192.168.0.78 - - [29/Apr/2026 10:27:57] "GET /status_json HTTP/1.1" 200 -
[adl_ui-15] 127.0.0.1 - - [29/Apr/2026 10:27:57] "GET /status_json HTTP/1.1" 200 -
[vision_apriltag-9] [INFO] [1777472877.773577157] [vision_apriltag_node]: Vision AprilTag detection debug: no tags found after raw/CLAHE/sharp/adaptive/upscaled/tiled passes.
[vision_apriltag-9] [INFO] [1777472877.776768511] [vision_apriltag_node]: Vision AprilTag: images are arriving, but no AprilTag has been seen for 3.9s.
[adl_ui-15] 192.168.0.78 - - [29/Apr/2026 10:27:57] "GET /status_json HTTP/1.1" 200 -
[adl_ui-15] 127.0.0.1 - - [29/Apr/2026 10:27:58] "GET /status_json HTTP/1.1" 200 -
[scene_from_vision-10] [INFO] [1777472878.434657040] [scene_from_vision_node]: Published obj_0 (heartbeat) at x=0.317, y=-0.097, z=-0.332, yaw=+180.0deg
[scene_from_vision-10] [INFO] [1777472878.436472718] [scene_from_vision_node]: Published obj_1 (heartbeat) at x=0.629, y=0.031, z=0.143, yaw=-156.0deg
[adl_ui-15] 192.168.0.78 - - [29/Apr/2026 10:27:58] "GET /status_json HTTP/1.1" 200 -
[vision_apriltag-9] [INFO] [1777472879.033529708] [vision_apriltag_node]: Vision AprilTag: images are arriving, but no AprilTag has been seen for 5.2s.
[adl_ui-15] 127.0.0.1 - - [29/Apr/2026 10:27:59] "GET /status_json HTTP/1.1" 200 -
[adl_ui-15] 192.168.0.78 - - [29/Apr/2026 10:27:59] "GET /status_json HTTP/1.1" 200 -
[adl_ui-15] 127.0.0.1 - - [29/Apr/2026 10:27:59] "GET /status_json HTTP/1.1" 200 -
[wrist_camera_usb_publisher-8] [INFO] [1777472880.070629823] [wrist_camera_usb_publisher_node]: USB camera publisher heartbeat: publishing 1280x720 frames on /wrist_mounted_camera/image; camera_info fx=920.87, fy=921.57, cx=644.76, cy=343.15.
[adl_ui-15] 192.168.0.78 - - [29/Apr/2026 10:28:00] "GET /status_json HTTP/1.1" 200 -
[adl_ui-15] 127.0.0.1 - - [29/Apr/2026 10:28:00] "GET /status_json HTTP/1.1" 200 -
[scene_from_vision-10] [INFO] [1777472880.932972379] [scene_from_vision_node]: Published obj_0 (heartbeat) at x=0.317, y=-0.097, z=-0.332, yaw=+180.0deg
[scene_from_vision-10] [INFO] [1777472880.935002919] [scene_from_vision_node]: Published obj_1 (heartbeat) at x=0.629, y=0.031, z=0.143, yaw=-156.0deg
[adl_ui-15] 192.168.0.78 - - [29/Apr/2026 10:28:00] "GET /status_json HTTP/1.1" 200 -
[vision_apriltag-9] [INFO] [1777472881.328702004] [vision_apriltag_node]: Vision AprilTag: images are arriving, but no AprilTag has been seen for 7.5s.
[adl_ui-15] 127.0.0.1 - - [29/Apr/2026 10:28:01] "GET /status_json HTTP/1.1" 200 -
[adl_ui-15] 192.168.0.78 - - [29/Apr/2026 10:28:01] "GET /status_json HTTP/1.1" 200 -
[adl_ui-15] 127.0.0.1 - - [29/Apr/2026 10:28:02] "GET /status_json HTTP/1.1" 200 -
[adl_ui-15] 192.168.0.78 - - [29/Apr/2026 10:28:02] "GET /status_json HTTP/1.1" 200 -
[adl_ui-15] 127.0.0.1 - - [29/Apr/2026 10:28:02] "GET /status_json HTTP/1.1" 200 -
[scene_from_vision-10] [INFO] [1777472882.932496989] [scene_from_vision_node]: Published obj_0 (heartbeat) at x=0.317, y=-0.097, z=-0.332, yaw=+180.0deg
[scene_from_vision-10] [INFO] [1777472882.933608770] [scene_from_vision_node]: Published obj_1 (heartbeat) at x=0.629, y=0.031, z=0.143, yaw=-156.0deg
[adl_ui-15] 192.168.0.78 - - [29/Apr/2026 10:28:03] "GET /status_json HTTP/1.1" 200 -
[adl_ui-15] 127.0.0.1 - - [29/Apr/2026 10:28:03] "GET /status_json HTTP/1.1" 200 -
[vision_apriltag-9] [INFO] [1777472883.644756498] [vision_apriltag_node]: Vision AprilTag: images are arriving, but no AprilTag has been seen for 9.8s.
[vision_apriltag-9] [INFO] [1777472883.646825682] [vision_apriltag_node]: Vision AprilTag detection debug: no tags found after raw/CLAHE/sharp/adaptive/upscaled/tiled passes.
[adl_ui-15] 192.168.0.78 - - [29/Apr/2026 10:28:03] "GET /status_json HTTP/1.1" 200 -
[adl_ui-15] 127.0.0.1 - - [29/Apr/2026 10:28:04] "GET /status_json HTTP/1.1" 200 -
[adl_ui-15] 192.168.0.78 - - [29/Apr/2026 10:28:04] "GET /status_json HTTP/1.1" 200 -
[scene_from_vision-10] [INFO] [1777472884.937028389] [scene_from_vision_node]: Published obj_0 (heartbeat) at x=0.317, y=-0.097, z=-0.332, yaw=+180.0deg
[scene_from_vision-10] [INFO] [1777472884.943253294] [scene_from_vision_node]: Published obj_1 (heartbeat) at x=0.629, y=0.031, z=0.143, yaw=-156.0deg
[adl_ui-15] 127.0.0.1 - - [29/Apr/2026 10:28:05] "GET /status_json HTTP/1.1" 200 -
[wrist_camera_usb_publisher-8] [INFO] [1777472885.228238379] [wrist_camera_usb_publisher_node]: USB camera publisher heartbeat: publishing 1280x720 frames on /wrist_mounted_camera/image; camera_info fx=920.87, fy=921.57, cx=644.76, cy=343.15.
[adl_ui-15] 192.168.0.78 - - [29/Apr/2026 10:28:05] "GET /status_json HTTP/1.1" 200 -
[adl_ui-15] 127.0.0.1 - - [29/Apr/2026 10:28:05] "GET /status_json HTTP/1.1" 200 -
[vision_apriltag-9] [INFO] [1777472886.055218647] [vision_apriltag_node]: Vision AprilTag: images are arriving, but no AprilTag has been seen for 12.2s.
[adl_ui-15] 192.168.0.78 - - [29/Apr/2026 10:28:06] "GET /status_json HTTP/1.1" 200 -
[adl_ui-15] 127.0.0.1 - - [29/Apr/2026 10:28:06] "GET /status_json HTTP/1.1" 200 -
[adl_ui-15] 192.168.0.78 - - [29/Apr/2026 10:28:06] "GET /status_json HTTP/1.1" 200 -
[adl_ui-15] 127.0.0.1 - - [29/Apr/2026 10:28:07] "GET /status_json HTTP/1.1" 200 -
[scene_from_vision-10] [INFO] [1777472887.433100864] [scene_from_vision_node]: Published obj_0 (heartbeat) at x=0.317, y=-0.097, z=-0.332, yaw=+180.0deg
[scene_from_vision-10] [INFO] [1777472887.434434602] [scene_from_vision_node]: Published obj_1 (heartbeat) at x=0.629, y=0.031, z=0.143, yaw=-156.0deg
[vision_apriltag-9] [INFO] [1777472887.549463878] [vision_apriltag_node]: Vision AprilTag: images are arriving, but no AprilTag has been seen for 13.7s.
[adl_ui-15] 192.168.0.78 - - [29/Apr/2026 10:28:07] "GET /status_json HTTP/1.1" 200 -
[adl_ui-15] 127.0.0.1 - - [29/Apr/2026 10:28:08] "GET /status_json HTTP/1.1" 200 -
[adl_ui-15] 192.168.0.78 - - [29/Apr/2026 10:28:08] "GET /status_json HTTP/1.1" 200 -
[vision_apriltag-9] [INFO] [1777472888.723441707] [vision_apriltag_node]: Vision AprilTag detection debug: no tags found after raw/CLAHE/sharp/adaptive/upscaled/tiled passes.
[adl_ui-15] 127.0.0.1 - - [29/Apr/2026 10:28:08] "GET /status_json HTTP/1.1" 200 -
[vision_apriltag-9] [INFO] [1777472889.018495947] [vision_apriltag_node]: Vision AprilTag: images are arriving, but no AprilTag has been seen for 15.2s.
[adl_ui-15] 192.168.0.78 - - [29/Apr/2026 10:28:09] "GET /status_json HTTP/1.1" 200 -
[scene_from_vision-10] [INFO] [1777472889.433661154] [scene_from_vision_node]: Published obj_0 (heartbeat) at x=0.317, y=-0.097, z=-0.332, yaw=+180.0deg
[scene_from_vision-10] [INFO] [1777472889.435581522] [scene_from_vision_node]: Published obj_1 (heartbeat) at x=0.629, y=0.031, z=0.143, yaw=-156.0deg
[adl_ui-15] 127.0.0.1 - - [29/Apr/2026 10:28:09] "GET /status_json HTTP/1.1" 200 -
[adl_ui-15] 192.168.0.78 - - [29/Apr/2026 10:28:09] "GET /status_json HTTP/1.1" 200 -
[adl_ui-15] 127.0.0.1 - - [29/Apr/2026 10:28:10] "GET /status_json HTTP/1.1" 200 -
[wrist_camera_usb_publisher-8] [INFO] [1777472890.391483741] [wrist_camera_usb_publisher_node]: USB camera publisher heartbeat: publishing 1280x720 frames on /wrist_mounted_camera/image; camera_info fx=920.87, fy=921.57, cx=644.76, cy=343.15.
[adl_ui-15] 192.168.0.78 - - [29/Apr/2026 10:28:10] "GET /status_json HTTP/1.1" 200 -
[adl_ui-15] 127.0.0.1 - - [29/Apr/2026 10:28:11] "GET /status_json HTTP/1.1" 200 -
[scene_from_vision-10] [INFO] [1777472891.433516629] [scene_from_vision_node]: Published obj_0 (heartbeat) at x=0.317, y=-0.097, z=-0.332, yaw=+180.0deg
[scene_from_vision-10] [INFO] [1777472891.435028237] [scene_from_vision_node]: Published obj_1 (heartbeat) at x=0.629, y=0.031, z=0.143, yaw=-156.0deg
[adl_ui-15] 192.168.0.78 - - [29/Apr/2026 10:28:11] "GET /status_json HTTP/1.1" 200 -
[adl_ui-15] 127.0.0.1 - - [29/Apr/2026 10:28:11] "GET /status_json HTTP/1.1" 200 -
[vision_apriltag-9] [INFO] [1777472891.880054982] [vision_apriltag_node]: Vision AprilTag: images are arriving, but no AprilTag has been seen for 18.0s.
[adl_ui-15] 192.168.0.78 - - [29/Apr/2026 10:28:12] "GET /status_json HTTP/1.1" 200 -
[adl_ui-15] 127.0.0.1 - - [29/Apr/2026 10:28:12] "GET /status_json HTTP/1.1" 200 -
[vision_apriltag-9] [INFO] [1777472892.940376825] [vision_apriltag_node]: Vision AprilTag: images are arriving, but no AprilTag has been seen for 19.1s.
[adl_ui-15] 192.168.0.78 - - [29/Apr/2026 10:28:12] "GET /status_json HTTP/1.1" 200 -
[adl_ui-15] 127.0.0.1 - - [29/Apr/2026 10:28:13] "GET /status_json HTTP/1.1" 200 -
[adl_ui-15] 192.168.0.78 - - [29/Apr/2026 10:28:13] "GET /status_json HTTP/1.1" 200 -
[vision_apriltag-9] [INFO] [1777472893.792671991] [vision_apriltag_node]: Vision AprilTag detection debug: no tags found after raw/CLAHE/sharp/adaptive/upscaled/tiled passes.
[scene_from_vision-10] [INFO] [1777472893.932832076] [scene_from_vision_node]: Published obj_0 (heartbeat) at x=0.317, y=-0.097, z=-0.332, yaw=+180.0deg
[scene_from_vision-10] [INFO] [1777472893.934043873] [scene_from_vision_node]: Published obj_1 (heartbeat) at x=0.629, y=0.031, z=0.143, yaw=-156.0deg
[vision_apriltag-9] [INFO] [1777472894.076472072] [vision_apriltag_node]: Removed stale tag ID 0 from detected tags
[adl_ui-15] 127.0.0.1 - - [29/Apr/2026 10:28:14] "GET /status_json HTTP/1.1" 200 -
[adl_ui-15] 192.168.0.78 - - [29/Apr/2026 10:28:14] "GET /status_json HTTP/1.1" 200 -
[adl_ui-15] 127.0.0.1 - - [29/Apr/2026 10:28:14] "GET /status_json HTTP/1.1" 200 -
[vision_apriltag-9] [INFO] [1777472895.072062495] [vision_apriltag_node]: Vision AprilTag: images are arriving, but no AprilTag has been seen for 21.2s.
[adl_ui-15] 192.168.0.78 - - [29/Apr/2026 10:28:15] "GET /status_json HTTP/1.1" 200 -
[wrist_camera_usb_publisher-8] [INFO] [1777472895.550406018] [wrist_camera_usb_publisher_node]: USB camera publisher heartbeat: publishing 1280x720 frames on /wrist_mounted_camera/image; camera_info fx=920.87, fy=921.57, cx=644.76, cy=343.15.
[adl_ui-15] [INFO] [1777472895.597941510] [adl_ui_node]: UI command published: give_medication
[move_group-20] [WARN] [1777472895.602500632] [move_group.moveit.moveit.core.planning_scene]: Tried to remove world object 'obj_0', but it does not exist in this scene.
[scene_from_vision-10] [INFO] [1777472895.603091827] [scene_from_vision_node]: Scene memory cleared. Removed remembered IDs: [0, 1]
[move_group-20] [WARN] [1777472895.603135557] [move_group.moveit.moveit.core.planning_scene]: Tried to remove world object 'obj_1', but it does not exist in this scene.
[rviz2-21] [WARN] [1777472895.603889214] [rviz2_moveit.moveit.core.planning_scene]: Tried to remove world object 'obj_0', but it does not exist in this scene.
[rviz2-21] [WARN] [1777472895.603933365] [rviz2_moveit.moveit.core.planning_scene]: Tried to remove world object 'obj_1', but it does not exist in this scene.
[adl_ui-15] 127.0.0.1 - - [29/Apr/2026 10:28:15] "POST /command HTTP/1.1" 200 -
[scene_from_vision-10] [WARN] [1777472895.609768296] [scene_from_vision_node]: /apply_planning_scene rejected scene clear.
[give_medication-14] [INFO] [1777472895.653273503] [give_medication_node]: Scene memory cleared. Removed remembered IDs: [0, 1]
[give_medication-14] [INFO] [1777472895.660998115] [give_medication_node]: look_at_table_horizontal_side_scan: using deterministic joint pose from ADL_HORIZONTAL_SIDE_SCAN_JOINT_*.
[give_medication-14] [INFO] [1777472895.663469026] [give_medication_node]: look_at_table_horizontal_side_scan: current arm is not at target (worst=joint_1:1.251 rad > 0.080).
[give_medication-14] [INFO] [1777472895.664762643] [give_medication_node]: look_at_table_horizontal_side_scan: moving with deterministic fixed joint pose.
[give_medication-14] [INFO] [1777472895.666604802] [give_medication_node]: _send_goal: dispatching MoveGroup request group=manipulator, attempts=10, allowed_time=18.00s, vel_scale=0.250, accel_scale=0.250, gc1:joints(joint_1=+1.523+/-0.030, joint_2=+1.460+/-0.030, joint_3=-3.129+/-0.030, joint_4=-2.404+/-0.030, joint_5=+1.744+/-0.030, joint_6=+1.432+/-0.030, joint_7=+2.304+/-0.030)
[move_group-20] [ERROR] [1777472895.668198779] [move_group.moveit.moveit.core.conversions]: Found empty JointState message
[adl_ui-15] 127.0.0.1 - - [29/Apr/2026 10:28:15] "GET /status_json HTTP/1.1" 200 -
[give_medication-14] [INFO] [1777472895.678557208] [give_medication_node]: Start state: collision-valid — no collisions (not a joint-bounds check).
[move_group-20] [INFO] [1777472895.680505607] [move_group.moveit.moveit.ros.move_group.move_action]: MoveGroupMoveAction: Received request
[move_group-20] [INFO] [1777472895.683018917] [move_group.moveit.moveit.ros.move_group.move_action]: executing..
[give_medication-14] [INFO] [1777472895.692671932] [give_medication_node]: _send_goal: MoveGroup goal accepted.
[move_group-20] [INFO] [1777472895.693697383] [move_group.moveit.moveit.ros.move_group.move_action]: Combined planning and execution request received for MoveGroup action. Forwarding to planning and execution pipeline.
[move_group-20] [WARN] [1777472895.693761674] [move_group.moveit.moveit.ros.move_group.capability]: Execution of motions should always start at the robot's current state. Ignoring the state supplied as start state in the motion planning request
[move_group-20] [WARN] [1777472895.693784669] [move_group.moveit.moveit.ros.move_group.capability]: Execution of motions should always start at the robot's current state. Ignoring the state supplied as difference in the planning scene diff
[move_group-20] [INFO] [1777472895.693797698] [move_group.moveit.moveit.ros.plan_execution]: Planning attempt 1 of at most 1
[move_group-20] [INFO] [1777472895.694146826] [move_group]: Calling PlanningRequestAdapter 'ResolveConstraintFrames'
[move_group-20] [INFO] [1777472895.694186632] [move_group]: Calling PlanningRequestAdapter 'ValidateWorkspaceBounds'
[move_group-20] [INFO] [1777472895.694204741] [move_group]: Calling PlanningRequestAdapter 'CheckStartStateBounds'
[move_group-20] [INFO] [1777472895.694239367] [move_group]: Calling PlanningRequestAdapter 'CheckStartStateCollision'
[move_group-20] [INFO] [1777472895.694669579] [move_group.moveit.moveit.planners.ompl.model_based_planning_context]: Planner configuration 'manipulator' will use planner 'geometric::RRTConnect'. Additional configuration parameters will be set when the planner is constructed.
[move_group-20] [INFO] [1777472895.694747486] [move_group]: Calling Planner 'OMPL'
[move_group-20] [INFO] [1777472895.748412396] [move_group]: Calling PlanningResponseAdapter 'AddTimeOptimalParameterization'
[move_group-20] [INFO] [1777472895.753759096] [move_group]: Calling PlanningResponseAdapter 'ValidateSolution'
[move_group-20] [INFO] [1777472895.756306418] [move_group]: Calling PlanningResponseAdapter 'DisplayMotionPath'
[move_group-20] [WARN] [1777472895.757417557] [move_group.moveit.moveit.ros.planning_pipeline]: The planner plugin did not fill out the 'planner_id' field of the MotionPlanResponse. Setting it to the planner ID name of the MotionPlanRequest assuming that the planner plugin does warn you if it does not use the requested planner.
[move_group-20] [INFO] [1777472895.760629727] [move_group.moveit.moveit.plugins.simple_controller_manager]: Returned 2 controllers in list
[move_group-20] [INFO] [1777472895.760707729] [move_group.moveit.moveit.plugins.simple_controller_manager]: Returned 2 controllers in list
[move_group-20] [INFO] [1777472895.760816379] [move_group.moveit.moveit.ros.trajectory_execution_manager]: Validating trajectory with allowed_start_tolerance 0.01
[move_group-20] [INFO] [1777472895.910921530] [move_group.moveit.moveit.ros.trajectory_execution_manager]: Starting trajectory execution ...
[move_group-20] [INFO] [1777472895.910998241] [move_group.moveit.moveit.plugins.simple_controller_manager]: Returned 2 controllers in list
[move_group-20] [INFO] [1777472895.911034801] [move_group.moveit.moveit.plugins.simple_controller_manager]: Returned 2 controllers in list
[move_group-20] [INFO] [1777472895.911201492] [moveit.simple_controller_manager.follow_joint_trajectory_controller_handle]: sending trajectory to joint_trajectory_controller
[ros2_control_node-1] [INFO] [1777472895.913693347] [joint_trajectory_controller]: Received new action goal
[ros2_control_node-1] [ERROR] [1777472895.913770408] [joint_trajectory_controller]: Can't accept new action goals. Controller is not running.
[move_group-20] [INFO] [1777472895.914356701] [moveit.simple_controller_manager.follow_joint_trajectory_controller_handle]: joint_trajectory_controller started execution
[move_group-20] [WARN] [1777472895.914385553] [moveit.simple_controller_manager.follow_joint_trajectory_controller_handle]: Goal request rejected
[move_group-20] [ERROR] [1777472895.915425191] [moveit.simple_controller_manager.follow_joint_trajectory_controller_handle]: Goal was rejected by server
[move_group-20] [ERROR] [1777472895.915473515] [move_group.moveit.moveit.ros.trajectory_execution_manager]: Failed to send trajectory part 1 of 1 to controller joint_trajectory_controller
[move_group-20] [INFO] [1777472895.915522180] [move_group.moveit.moveit.ros.trajectory_execution_manager]: Completed trajectory execution with status ABORTED ...
[move_group-20] [INFO] [1777472895.921250823] [move_group.moveit.moveit.ros.move_group.move_action]: CONTROL_FAILED
[give_medication-14] [ERROR] [1777472895.931046627] [give_medication_node]: MoveGroup execution failed.
[give_medication-14]   error_code.val = -4
[give_medication-14]   group_name      = manipulator
[give_medication-14]   num_attempts    = 10
[give_medication-14]   allowed_time    = 18.0
[give_medication-14]   vel_scale       = 0.25
[give_medication-14]   accel_scale     = 0.25
[give_medication-14] If this persists, check move_group / controller logs for the meaning of this code (often control abort, invalid start state, or planning pipeline failure).
[give_medication-14] [WARN] [1777472895.931872788] [give_medication_node]: _recover_after_failure(): MoveGroup error_code=-4
[adl_ui-15] 192.168.0.78 - - [29/Apr/2026 10:28:15] "GET /status_json HTTP/1.1" 200 -
[adl_ui-15] 127.0.0.1 - - [29/Apr/2026 10:28:16] "GET /status_json HTTP/1.1" 200 -
[adl_ui-15] 192.168.0.78 - - [29/Apr/2026 10:28:16] "GET /status_json HTTP/1.1" 200 -
[give_medication-14] [ERROR] [1777472897.143681781] [give_medication_node]: Failed to move to the initial medication horizontal side-scan pose.
[adl_ui-15] 127.0.0.1 - - [29/Apr/2026 10:28:17] "GET /status_json HTTP/1.1" 200 -
[adl_controller-11] [INFO] [1777472897.280891699] [adl_controller_node]: is_near_retract: current arm is not at target (worst=joint_6:2.424 rad > 0.100).
[vision_apriltag-9] [INFO] [1777472897.281642585] [vision_apriltag_node]: Vision AprilTag: images are arriving, but no AprilTag has been seen for 23.4s.
[adl_controller-11] [INFO] [1777472897.282017715] [adl_controller_node]: is_near_home: current arm is not at target (worst=joint_5:2.148 rad > 0.100).
[adl_controller-11] [INFO] [1777472897.282842056] [adl_controller_node]: go_retract: planning to RETRACT_JOINTS...
[adl_controller-11] [INFO] [1777472897.286048941] [adl_controller_node]: _send_goal: dispatching MoveGroup request group=manipulator, attempts=10, allowed_time=15.00s, vel_scale=0.250, accel_scale=0.250, gc1:joints(joint_1=+0.000+/-0.030, joint_2=-0.350+/-0.030, joint_3=+3.140+/-0.030, joint_4=-2.540+/-0.030, joint_5=+0.000+/-0.030, joint_6=-0.870+/-0.030, joint_7=+1.570+/-0.030)
[move_group-20] [ERROR] [1777472897.287197189] [move_group.moveit.moveit.core.conversions]: Found empty JointState message
[adl_controller-11] [INFO] [1777472897.292941553] [adl_controller_node]: Start state: collision-valid — no collisions (not a joint-bounds check).
[move_group-20] [INFO] [1777472897.295529576] [move_group.moveit.moveit.ros.move_group.move_action]: MoveGroupMoveAction: Received request
[move_group-20] [INFO] [1777472897.298458229] [move_group.moveit.moveit.ros.move_group.move_action]: executing..
[adl_controller-11] [INFO] [1777472897.303233271] [adl_controller_node]: _send_goal: MoveGroup goal accepted.
[move_group-20] [INFO] [1777472897.410430252] [move_group.moveit.moveit.ros.move_group.move_action]: Combined planning and execution request received for MoveGroup action. Forwarding to planning and execution pipeline.
[move_group-20] [WARN] [1777472897.410493945] [move_group.moveit.moveit.ros.move_group.capability]: Execution of motions should always start at the robot's current state. Ignoring the state supplied as start state in the motion planning request
[move_group-20] [WARN] [1777472897.410518840] [move_group.moveit.moveit.ros.move_group.capability]: Execution of motions should always start at the robot's current state. Ignoring the state supplied as difference in the planning scene diff
[move_group-20] [INFO] [1777472897.410530710] [move_group.moveit.moveit.ros.plan_execution]: Planning attempt 1 of at most 1
[move_group-20] [INFO] [1777472897.410956793] [move_group]: Calling PlanningRequestAdapter 'ResolveConstraintFrames'
[move_group-20] [INFO] [1777472897.411238839] [move_group]: Calling PlanningRequestAdapter 'ValidateWorkspaceBounds'
[move_group-20] [INFO] [1777472897.411266889] [move_group]: Calling PlanningRequestAdapter 'CheckStartStateBounds'
[move_group-20] [INFO] [1777472897.411380241] [move_group]: Calling PlanningRequestAdapter 'CheckStartStateCollision'
[move_group-20] [INFO] [1777472897.411781566] [move_group.moveit.moveit.planners.ompl.model_based_planning_context]: Planner configuration 'manipulator' will use planner 'geometric::RRTConnect'. Additional configuration parameters will be set when the planner is constructed.
[move_group-20] [INFO] [1777472897.411851062] [move_group]: Calling Planner 'OMPL'
[adl_ui-15] 192.168.0.78 - - [29/Apr/2026 10:28:17] "GET /status_json HTTP/1.1" 200 -
[move_group-20] [INFO] [1777472897.463535491] [move_group]: Calling PlanningResponseAdapter 'AddTimeOptimalParameterization'
[move_group-20] [INFO] [1777472897.489575026] [move_group]: Calling PlanningResponseAdapter 'ValidateSolution'
[move_group-20] [INFO] [1777472897.492825679] [move_group]: Calling PlanningResponseAdapter 'DisplayMotionPath'
[move_group-20] [WARN] [1777472897.493107432] [move_group.moveit.moveit.ros.planning_pipeline]: The planner plugin did not fill out the 'planner_id' field of the MotionPlanResponse. Setting it to the planner ID name of the MotionPlanRequest assuming that the planner plugin does warn you if it does not use the requested planner.
[move_group-20] [INFO] [1777472897.493648867] [move_group.moveit.moveit.plugins.simple_controller_manager]: Returned 2 controllers in list
[move_group-20] [INFO] [1777472897.493687815] [move_group.moveit.moveit.plugins.simple_controller_manager]: Returned 2 controllers in list
[move_group-20] [INFO] [1777472897.493822361] [move_group.moveit.moveit.ros.trajectory_execution_manager]: Validating trajectory with allowed_start_tolerance 0.01
[move_group-20] [INFO] [1777472897.610926767] [move_group.moveit.moveit.ros.trajectory_execution_manager]: Starting trajectory execution ...
[move_group-20] [INFO] [1777472897.611009255] [move_group.moveit.moveit.plugins.simple_controller_manager]: Returned 2 controllers in list
[move_group-20] [INFO] [1777472897.611050563] [move_group.moveit.moveit.plugins.simple_controller_manager]: Returned 2 controllers in list
[move_group-20] [INFO] [1777472897.611292960] [moveit.simple_controller_manager.follow_joint_trajectory_controller_handle]: sending continuation for the currently executed trajectory to joint_trajectory_controller
[ros2_control_node-1] [INFO] [1777472897.612817922] [joint_trajectory_controller]: Received new action goal
[ros2_control_node-1] [ERROR] [1777472897.612861446] [joint_trajectory_controller]: Can't accept new action goals. Controller is not running.
[move_group-20] [INFO] [1777472897.614191910] [moveit.simple_controller_manager.follow_joint_trajectory_controller_handle]: joint_trajectory_controller started execution
[move_group-20] [WARN] [1777472897.614218975] [moveit.simple_controller_manager.follow_joint_trajectory_controller_handle]: Goal request rejected
[move_group-20] [ERROR] [1777472897.614386602] [moveit.simple_controller_manager.follow_joint_trajectory_controller_handle]: Goal was rejected by server
[move_group-20] [ERROR] [1777472897.614468989] [move_group.moveit.moveit.ros.trajectory_execution_manager]: Failed to send trajectory part 1 of 1 to controller joint_trajectory_controller
[move_group-20] [INFO] [1777472897.615208580] [move_group.moveit.moveit.ros.trajectory_execution_manager]: Completed trajectory execution with status ABORTED ...
[move_group-20] [INFO] [1777472897.621661528] [move_group.moveit.moveit.ros.move_group.move_action]: CONTROL_FAILED
[adl_controller-11] [ERROR] [1777472897.631256885] [adl_controller_node]: MoveGroup execution failed.
[adl_controller-11]   error_code.val = -4
[adl_controller-11]   group_name      = manipulator
[adl_controller-11]   num_attempts    = 10
[adl_controller-11]   allowed_time    = 15.0
[adl_controller-11]   vel_scale       = 0.25
[adl_controller-11]   accel_scale     = 0.25
[adl_controller-11] If this persists, check move_group / controller logs for the meaning of this code (often control abort, invalid start state, or planning pipeline failure).
[adl_controller-11] [WARN] [1777472897.632281741] [adl_controller_node]: _recover_after_failure(): MoveGroup error_code=-4
[adl_ui-15] 127.0.0.1 - - [29/Apr/2026 10:28:17] "GET /status_json HTTP/1.1" 200 -
[adl_ui-15] 192.168.0.78 - - [29/Apr/2026 10:28:18] "GET /status_json HTTP/1.1" 200 -
[adl_ui-15] 127.0.0.1 - - [29/Apr/2026 10:28:18] "GET /status_json HTTP/1.1" 200 -
[adl_controller-11] [INFO] [1777472898.938172970] [adl_controller_node]: is_near_retract: current arm is not at target (worst=joint_6:2.424 rad > 0.100).
[adl_controller-11] [INFO] [1777472898.938817862] [adl_controller_node]: is_near_home: current arm is not at target (worst=joint_5:2.148 rad > 0.100).
[adl_controller-11] [WARN] [1777472898.939658396] [adl_controller_node]: Retract park did not complete cleanly; trying go_home fallback.
[adl_controller-11] [INFO] [1777472898.940265508] [adl_controller_node]: go_home: planning to HOME_JOINTS...
[adl_ui-15] 192.168.0.78 - - [29/Apr/2026 10:28:18] "GET /status_json HTTP/1.1" 200 -
[vision_apriltag-9] [INFO] [1777472899.201450179] [vision_apriltag_node]: Vision AprilTag detection debug: no tags found after raw/CLAHE/sharp/adaptive/upscaled/tiled passes.
[vision_apriltag-9] [INFO] [1777472899.265188748] [vision_apriltag_node]: Vision AprilTag: images are arriving, but no AprilTag has been seen for 25.4s.
[adl_ui-15] 127.0.0.1 - - [29/Apr/2026 10:28:19] "GET /status_json HTTP/1.1" 200 -
[adl_ui-15] 192.168.0.78 - - [29/Apr/2026 10:28:19] "GET /status_json HTTP/1.1" 200 -
[adl_controller-11] [INFO] [1777472900.075279207] [adl_controller_node]: _send_goal: dispatching MoveGroup request group=manipulator, attempts=10, allowed_time=20.00s, vel_scale=0.250, accel_scale=0.250, gc1:joints(joint_1=+0.000+/-0.030, joint_2=+0.260+/-0.030, joint_3=+3.140+/-0.030, joint_4=-2.270+/-0.030, joint_5=+0.000+/-0.030, joint_6=+0.960+/-0.030, joint_7=+1.570+/-0.030)
[move_group-20] [ERROR] [1777472900.075805917] [move_group.moveit.moveit.core.conversions]: Found empty JointState message
[adl_controller-11] [INFO] [1777472900.077995000] [adl_controller_node]: Start state: collision-valid — no collisions (not a joint-bounds check).
[move_group-20] [INFO] [1777472900.079155023] [move_group.moveit.moveit.ros.move_group.move_action]: MoveGroupMoveAction: Received request
[move_group-20] [INFO] [1777472900.079405450] [move_group.moveit.moveit.ros.move_group.move_action]: executing..
[adl_controller-11] [INFO] [1777472900.083991790] [adl_controller_node]: _send_goal: MoveGroup goal accepted.
[adl_ui-15] 127.0.0.1 - - [29/Apr/2026 10:28:20] "GET /status_json HTTP/1.1" 200 -
[move_group-20] [INFO] [1777472900.171194782] [move_group.moveit.moveit.ros.move_group.move_action]: Combined planning and execution request received for MoveGroup action. Forwarding to planning and execution pipeline.
[move_group-20] [WARN] [1777472900.171259302] [move_group.moveit.moveit.ros.move_group.capability]: Execution of motions should always start at the robot's current state. Ignoring the state supplied as start state in the motion planning request
[move_group-20] [WARN] [1777472900.171286363] [move_group.moveit.moveit.ros.move_group.capability]: Execution of motions should always start at the robot's current state. Ignoring the state supplied as difference in the planning scene diff
[move_group-20] [INFO] [1777472900.171301313] [move_group.moveit.moveit.ros.plan_execution]: Planning attempt 1 of at most 1
[move_group-20] [INFO] [1777472900.171564236] [move_group]: Calling PlanningRequestAdapter 'ResolveConstraintFrames'
[move_group-20] [INFO] [1777472900.171599166] [move_group]: Calling PlanningRequestAdapter 'ValidateWorkspaceBounds'
[move_group-20] [INFO] [1777472900.171618695] [move_group]: Calling PlanningRequestAdapter 'CheckStartStateBounds'
[move_group-20] [INFO] [1777472900.171652830] [move_group]: Calling PlanningRequestAdapter 'CheckStartStateCollision'
[move_group-20] [INFO] [1777472900.173470753] [move_group.moveit.moveit.planners.ompl.model_based_planning_context]: Planner configuration 'manipulator' will use planner 'geometric::RRTConnect'. Additional configuration parameters will be set when the planner is constructed.
[move_group-20] [INFO] [1777472900.173570569] [move_group]: Calling Planner 'OMPL'
[move_group-20] [INFO] [1777472900.214310805] [move_group]: Calling PlanningResponseAdapter 'AddTimeOptimalParameterization'
[move_group-20] [INFO] [1777472900.242782777] [move_group]: Calling PlanningResponseAdapter 'ValidateSolution'
[move_group-20] [INFO] [1777472900.245996358] [move_group]: Calling PlanningResponseAdapter 'DisplayMotionPath'
[move_group-20] [WARN] [1777472900.246524658] [move_group.moveit.moveit.ros.planning_pipeline]: The planner plugin did not fill out the 'planner_id' field of the MotionPlanResponse. Setting it to the planner ID name of the MotionPlanRequest assuming that the planner plugin does warn you if it does not use the requested planner.
[move_group-20] [INFO] [1777472900.248673799] [move_group.moveit.moveit.plugins.simple_controller_manager]: Returned 2 controllers in list
[move_group-20] [INFO] [1777472900.248728531] [move_group.moveit.moveit.plugins.simple_controller_manager]: Returned 2 controllers in list
[move_group-20] [INFO] [1777472900.248870616] [move_group.moveit.moveit.ros.trajectory_execution_manager]: Validating trajectory with allowed_start_tolerance 0.01
[move_group-20] [INFO] [1777472900.391133025] [move_group.moveit.moveit.ros.trajectory_execution_manager]: Starting trajectory execution ...
[move_group-20] [INFO] [1777472900.391212723] [move_group.moveit.moveit.plugins.simple_controller_manager]: Returned 2 controllers in list
[move_group-20] [INFO] [1777472900.391251006] [move_group.moveit.moveit.plugins.simple_controller_manager]: Returned 2 controllers in list
[move_group-20] [INFO] [1777472900.391441741] [moveit.simple_controller_manager.follow_joint_trajectory_controller_handle]: sending continuation for the currently executed trajectory to joint_trajectory_controller
[move_group-20] [INFO] [1777472900.392256070] [moveit.simple_controller_manager.follow_joint_trajectory_controller_handle]: joint_trajectory_controller started execution
[move_group-20] [WARN] [1777472900.392270168] [moveit.simple_controller_manager.follow_joint_trajectory_controller_handle]: Goal request rejected
[ros2_control_node-1] [INFO] [1777472900.391921440] [joint_trajectory_controller]: Received new action goal
[ros2_control_node-1] [ERROR] [1777472900.391949778] [joint_trajectory_controller]: Can't accept new action goals. Controller is not running.
[move_group-20] [ERROR] [1777472900.392777110] [moveit.simple_controller_manager.follow_joint_trajectory_controller_handle]: Goal was rejected by server
[move_group-20] [ERROR] [1777472900.392831389] [move_group.moveit.moveit.ros.trajectory_execution_manager]: Failed to send trajectory part 1 of 1 to controller joint_trajectory_controller
[move_group-20] [INFO] [1777472900.392858474] [move_group.moveit.moveit.ros.trajectory_execution_manager]: Completed trajectory execution with status ABORTED ...
[move_group-20] [INFO] [1777472900.401441536] [move_group.moveit.moveit.ros.move_group.move_action]: CONTROL_FAILED
[adl_controller-11] [ERROR] [1777472900.417868255] [adl_controller_node]: MoveGroup execution failed.
[adl_controller-11]   error_code.val = -4
[adl_controller-11]   group_name      = manipulator
[adl_controller-11]   num_attempts    = 10
[adl_controller-11]   allowed_time    = 20.0
[adl_controller-11]   vel_scale       = 0.25
[adl_controller-11]   accel_scale     = 0.25
[adl_controller-11] If this persists, check move_group / controller logs for the meaning of this code (often control abort, invalid start state, or planning pipeline failure).
[adl_controller-11] [WARN] [1777472900.419994537] [adl_controller_node]: _recover_after_failure(): MoveGroup error_code=-4
[adl_ui-15] 192.168.0.78 - - [29/Apr/2026 10:28:20] "GET /status_json HTTP/1.1" 200 -
[wrist_camera_usb_publisher-8] [INFO] [1777472900.710816916] [wrist_camera_usb_publisher_node]: USB camera publisher heartbeat: publishing 1280x720 frames on /wrist_mounted_camera/image; camera_info fx=920.87, fy=921.57, cx=644.76, cy=343.15.
[adl_ui-15] 127.0.0.1 - - [29/Apr/2026 10:28:20] "GET /status_json HTTP/1.1" 200 -
[adl_ui-15] 192.168.0.78 - - [29/Apr/2026 10:28:21] "GET /status_json HTTP/1.1" 200 -
[vision_apriltag-9] [INFO] [1777472901.281422347] [vision_apriltag_node]: Vision AprilTag: images are arriving, but no AprilTag has been seen for 27.4s.
[adl_controller-11] [ERROR] [1777472901.629203779] [adl_controller_node]: go_home: failed. Not attempting automatic collision-disabled recovery on hardware.
[adl_ui-15] 127.0.0.1 - - [29/Apr/2026 10:28:21] "GET /status_json HTTP/1.1" 200 -
[adl_controller-11] [INFO] [1777472901.731276024] [adl_controller_node]: is_near_retract: current arm is not at target (worst=joint_6:2.424 rad > 0.100).
[adl_controller-11] [INFO] [1777472901.732561004] [adl_controller_node]: is_near_home: current arm is not at target (worst=joint_5:2.148 rad > 0.100).
[adl_controller-11] [INFO] [1777472901.734154110] [adl_controller_node]: is_near_retract: current arm is not at target (worst=joint_6:2.424 rad > 0.100).
[adl_controller-11] [INFO] [1777472901.735441109] [adl_controller_node]: is_near_home: current arm is not at target (worst=joint_5:2.148 rad > 0.100).
[adl_ui-15] 192.168.0.78 - - [29/Apr/2026 10:28:21] "GET /status_json HTTP/1.1" 200 -
[adl_controller-11] [INFO] [1777472901.987481094] [adl_controller_node]: is_near_retract: current arm is not at target (worst=joint_6:2.424 rad > 0.100).
[adl_controller-11] [INFO] [1777472901.988751759] [adl_controller_node]: is_near_home: current arm is not at target (worst=joint_5:2.148 rad > 0.100).
[adl_controller-11] [INFO] [1777472902.239866376] [adl_controller_node]: is_near_retract: current arm is not at target (worst=joint_6:2.424 rad > 0.100).
[adl_controller-11] [INFO] [1777472902.241599155] [adl_controller_node]: is_near_home: current arm is not at target (worst=joint_5:2.148 rad > 0.100).
[adl_ui-15] 127.0.0.1 - - [29/Apr/2026 10:28:22] "GET /status_json HTTP/1.1" 200 -
[adl_controller-11] [INFO] [1777472902.495764899] [adl_controller_node]: is_near_retract: current arm is not at target (worst=joint_6:2.424 rad > 0.100).
[adl_controller-11] [INFO] [1777472902.496846228] [adl_controller_node]: is_near_home: current arm is not at target (worst=joint_5:2.148 rad > 0.100).
[adl_ui-15] 192.168.0.78 - - [29/Apr/2026 10:28:22] "GET /status_json HTTP/1.1" 200 -
[adl_controller-11] [INFO] [1777472902.748535106] [adl_controller_node]: is_near_retract: current arm is not at target (worst=joint_6:2.424 rad > 0.100).
[adl_controller-11] [INFO] [1777472902.750134833] [adl_controller_node]: is_near_home: current arm is not at target (worst=joint_5:2.148 rad > 0.100).
[adl_controller-11] [INFO] [1777472903.000840047] [adl_controller_node]: is_near_retract: current arm is not at target (worst=joint_6:2.424 rad > 0.100).
[adl_controller-11] [INFO] [1777472903.001357510] [adl_controller_node]: is_near_home: current arm is not at target (worst=joint_5:2.148 rad > 0.100).
[adl_ui-15] 127.0.0.1 - - [29/Apr/2026 10:28:23] "GET /status_json HTTP/1.1" 200 -
[vision_apriltag-9] [INFO] [1777472903.229530089] [vision_apriltag_node]: Vision AprilTag: images are arriving, but no AprilTag has been seen for 29.4s.
[adl_controller-11] [INFO] [1777472903.252226847] [adl_controller_node]: is_near_retract: current arm is not at target (worst=joint_6:2.424 rad > 0.100).
[adl_controller-11] [INFO] [1777472903.252962805] [adl_controller_node]: is_near_home: current arm is not at target (worst=joint_5:2.148 rad > 0.100).
