
===== 2026-04-22T19:56:28-04:00 | T1_full =====
cwd=/home/carrt-cse-project/workspace/ros2_kortex_ws
cmd=ros2 launch adl_tasks adl_start.launch.py arm_use_fake_hardware:=false arm_robot_ip:=192.168.0.10 launch_rviz:=true 

[INFO] [launch]: All log files can be found below /home/carrt-cse-project/.ros/log/2026-04-22-19-56-28-736789-carrt-cse-project-OptiPlex-5050-36231
[INFO] [launch]: Default logging verbosity is set to INFO
[INFO] [launch.user]: [arm_start.launch] MoveIt current state source: /joint_states_sanitized. Use use_joint_state_sanitizer:=false for raw-state viewer debugging.
[INFO] [launch.user]: [arm_start.launch] Using ADL controller config (share/adl_tasks/config/ros2_controllers_vbox.yaml, update_rate:=1000 Hz).
[INFO] [ros2_control_node-1]: process started with pid [36235]
[INFO] [robot_state_publisher-2]: process started with pid [36236]
[INFO] [joint_state_sanitizer-3]: process started with pid [36237]
[INFO] [spawner-4]: process started with pid [36238]
[INFO] [static_transform_publisher-5]: process started with pid [36239]
[INFO] [static_transform_publisher-6]: process started with pid [36240]
[INFO] [scene_static-7]: process started with pid [36241]
[INFO] [wrist_camera_usb_publisher-8]: process started with pid [36242]
[INFO] [vision_apriltag-9]: process started with pid [36243]
[INFO] [scene_from_vision-10]: process started with pid [36244]
[INFO] [adl_controller-11]: process started with pid [36245]
[INFO] [pick_dropped_bottle-12]: process started with pid [36246]
[INFO] [clear_table-13]: process started with pid [36247]
[INFO] [give_medication-14]: process started with pid [36248]
[INFO] [adl_ui-15]: process started with pid [36249]
[static_transform_publisher-6] [INFO] [1776902189.110559610] [camera_color_optical_bridge_tf_pub]: Spinning until stopped - publishing transform
[static_transform_publisher-6] translation: ('0.000000', '0.000000', '0.000000')
[static_transform_publisher-6] rotation: ('0.000000', '0.000000', '0.000000', '1.000000')
[static_transform_publisher-6] from 'camera_color_frame' to 'wrist_mounted_camera_color_optical_frame'
[static_transform_publisher-5] [INFO] [1776902189.131369845] [static_transform_publisher]: Spinning until stopped - publishing transform
[static_transform_publisher-5] translation: ('0.000000', '0.000000', '0.000000')
[static_transform_publisher-5] rotation: ('0.000000', '0.000000', '0.000000', '1.000000')
[static_transform_publisher-5] from 'world' to 'base_link'
[robot_state_publisher-2] [INFO] [1776902189.141294255] [robot_state_publisher]: Robot initialized
[ros2_control_node-1] [INFO] [1776902189.287651863] [controller_manager]: Using Steady (Monotonic) clock for triggering controller manager cycles.
[ros2_control_node-1] [INFO] [1776902189.321852456] [controller_manager]: Subscribing to '/robot_description' topic for robot description.
[ros2_control_node-1] [INFO] [1776902189.332593430] [controller_manager]: update rate is 1000 Hz
[ros2_control_node-1] [INFO] [1776902189.332631299] [controller_manager]: Overruns handling is : enabled
[ros2_control_node-1] [INFO] [1776902189.332641302] [controller_manager]: Spawning controller_manager RT thread with scheduler priority: 50
[ros2_control_node-1] [INFO] [1776902189.332847382] [controller_manager]: Successful set up FIFO RT scheduling policy with priority 50.
[ros2_control_node-1] [INFO] [1776902189.334863142] [controller_manager]: Received robot description from topic.
[ros2_control_node-1] [INFO] [1776902189.335166711] [controller_manager]: Enforcing command limits is disabled. Command limits from URDF will be ignored.
[ros2_control_node-1] [INFO] [1776902189.357176452] [controller_manager]: Loading hardware 'KortexMultiInterfaceHardware' 
[ros2_control_node-1] [INFO] [1776902189.373906622] [KortexMultiInterfaceHardware]: Setting severity threshold to DEBUG
[ros2_control_node-1] [INFO] [1776902189.374319185] [controller_manager]: Loaded hardware 'KortexMultiInterfaceHardware' from plugin 'kortex_driver/KortexMultiInterfaceHardware'
[ros2_control_node-1] [INFO] [1776902189.375603693] [controller_manager]: Initialize hardware 'KortexMultiInterfaceHardware' 
[ros2_control_node-1] [INFO] [1776902189.402364566] [KortexMultiInterfaceHardware]: Configuring Hardware Interface
[ros2_control_node-1] [INFO] [1776902189.404206084] [KortexMultiInterfaceHardware]: Robot ip is '192.168.0.10'
[ros2_control_node-1] [INFO] [1776902189.405005953] [KortexMultiInterfaceHardware]: Username is 'admin'
[ros2_control_node-1] [INFO] [1776902189.405031615] [KortexMultiInterfaceHardware]: Port used '10000'
[ros2_control_node-1] [INFO] [1776902189.405041189] [KortexMultiInterfaceHardware]: Realtime port used '10001'
[ros2_control_node-1] [INFO] [1776902189.405049547] [KortexMultiInterfaceHardware]: Session inactivity timeout is '60000'
[ros2_control_node-1] [INFO] [1776902189.405057750] [KortexMultiInterfaceHardware]: Connection inactivity timeout is '2000'
[ros2_control_node-1] [INFO] [1776902189.405069219] [KortexMultiInterfaceHardware]: Gripper joint name is 'robotiq_85_left_knuckle_joint'
[ros2_control_node-1] [INFO] [1776902189.405111207] [KortexMultiInterfaceHardware]: Connecting to robot at 192.168.0.10
[ros2_control_node-1] [INFO] [1776902189.413471866] [KortexMultiInterfaceHardware]: Creating session for communication
[ros2_control_node-1] [INFO] [1776902189.652414960] [KortexMultiInterfaceHardware]: Session created
[joint_state_sanitizer-3] [INFO] [1776902190.069530310] [joint_state_sanitizer_node]: joint_state_sanitizer started. raw=/joint_states -> sanitized=/joint_states_sanitized
[spawner-4] [INFO] [1776902190.076521987] [spawner_joint_state_broadcaster]: waiting for service /controller_manager/list_controllers to become available...
[adl_ui-15] [INFO] [1776902190.313623363] [adl_ui_node]: ADL UI Node started.
[adl_ui-15] [INFO] [1776902190.318213260] [adl_ui_node]: Automatic retract on UI load is disabled; startup sends no motion.
[adl_ui-15]  * Serving Flask app 'adl_tasks.adl_ui'
[adl_ui-15]  * Debug mode: off
[adl_ui-15] [INFO] [1776902190.336912568] [adl_ui_node]: Web UI available at http://localhost:5000
[adl_ui-15] WARNING: This is a development server. Do not use it in a production deployment. Use a production WSGI server instead.
[adl_ui-15]  * Running on all addresses (0.0.0.0)
[adl_ui-15]  * Running on http://127.0.0.1:5000
[adl_ui-15]  * Running on http://192.168.0.231:5000
[adl_ui-15] Press CTRL+C to quit
[scene_static-7] [INFO] [1776902190.353212248] [scene_static_node]: Static Scene Node started.
[scene_static-7] [INFO] [1776902190.354559559] [scene_static_node]: WHEELCHAIR_BASE_HEIGHT = 0.36195m  |  Table surface at z = 0.118m | Table front-edge-from-base = 0.406m | Table center at x = 0.681m | table_edge_lip_margin=0.0127m | table_edge_lip_thickness=0.0127m | table_edge_lip_height=0.480m | include_wheelchair_wall=True | include_left_desk_wall=True | include_right_desk_wall=True | include_arm_base_under_block=True | include_arm_base_side_lips=True | include_arm_base_left_back_block=True | include_arm_base_right_back_half_block=True
[scene_static-7] [INFO] [1776902190.355792916] [scene_static_node]: Wheelchair wall geometry: center=(-0.465, 0.000, 0.482) size=(0.450, 0.700, 1.688)
[scene_static-7] [INFO] [1776902190.356726720] [scene_static_node]: Arm-base under-block geometry: center=(0.000, 0.000, -0.212) size=(0.302, 0.378, 0.300) | platform=(0.200, 0.200) | margins(front/back=0.051, left/right=0.089)
[scene_static-7] [INFO] [1776902190.358443283] [scene_static_node]: Arm-base side-lip geometry: left_y=0.198, right_y=-0.198, center_z=-0.047, size=(0.314, 0.006, 0.030) | x_offset=-0.076, outset=0.006, front/back_margin=0.006
[scene_static-7] [INFO] [1776902190.360443014] [scene_static_node]: Arm-base left-back block geometry: center=(-0.177, 0.312, 0.482) size=(0.100, 0.408, 1.688) | inner_faces(x=-0.127, y=0.108) | left_wall_inner_face_y=0.504 | into_left_wall=0.013
[scene_static-7] [INFO] [1776902190.362617418] [scene_static_node]: Arm-base right-back half block geometry: center=(-0.177, -0.312, 0.060) size=(0.100, 0.408, 0.844) | inner_faces(x=-0.127, y=-0.108) | right_wall_inner_face_y=-0.504 | into_right_wall=0.013
[ros2_control_node-1] [INFO] [1776902190.450806470] [KortexMultiInterfaceHardware]: Actuator count reported by robot is '7'
[ros2_control_node-1] [INFO] [1776902190.451012651] [KortexMultiInterfaceHardware]: Using internal bus communication for gripper!
[ros2_control_node-1] [INFO] [1776902190.451020670] [KortexMultiInterfaceHardware]: Hardware Interface successfully configured
[ros2_control_node-1] [INFO] [1776902190.451106528] [controller_manager]: Successful initialization of hardware 'KortexMultiInterfaceHardware'
[ros2_control_node-1] [DEBUG] [1776902190.451172660] [KortexMultiInterfaceHardware]: export_state_interfaces for joint: joint_1
[ros2_control_node-1] [DEBUG] [1776902190.451197527] [KortexMultiInterfaceHardware]: export_state_interfaces for joint: joint_2
[ros2_control_node-1] [DEBUG] [1776902190.451203758] [KortexMultiInterfaceHardware]: export_state_interfaces for joint: joint_3
[ros2_control_node-1] [DEBUG] [1776902190.451208447] [KortexMultiInterfaceHardware]: export_state_interfaces for joint: joint_4
[ros2_control_node-1] [DEBUG] [1776902190.451212687] [KortexMultiInterfaceHardware]: export_state_interfaces for joint: joint_5
[ros2_control_node-1] [DEBUG] [1776902190.451217378] [KortexMultiInterfaceHardware]: export_state_interfaces for joint: joint_6
[ros2_control_node-1] [DEBUG] [1776902190.451221560] [KortexMultiInterfaceHardware]: export_state_interfaces for joint: joint_7
[ros2_control_node-1] [DEBUG] [1776902190.451225496] [KortexMultiInterfaceHardware]: export_state_interfaces for joint: robotiq_85_left_knuckle_joint
[ros2_control_node-1] [INFO] [1776902190.453140528] [resource_manager]: 'configure' hardware 'KortexMultiInterfaceHardware' 
[ros2_control_node-1] [INFO] [1776902190.453179927] [resource_manager]: Successful 'configure' of hardware 'KortexMultiInterfaceHardware'
[ros2_control_node-1] [INFO] [1776902190.453253479] [resource_manager]: 'activate' hardware 'KortexMultiInterfaceHardware' 
[ros2_control_node-1] [INFO] [1776902190.453272926] [KortexMultiInterfaceHardware]: Activating KortexMultiInterfaceHardware...
[ros2_control_node-1] [INFO] [1776902190.457998504] [KortexMultiInterfaceHardware]: Gripper initial position is '14.473685'.
[ros2_control_node-1] [INFO] [1776902190.462550753] [KortexMultiInterfaceHardware]: KortexMultiInterfaceHardware successfully activated!
[ros2_control_node-1] [INFO] [1776902190.462600147] [resource_manager]: Successful 'activate' of hardware 'KortexMultiInterfaceHardware'
[ros2_control_node-1] [INFO] [1776902190.462896689] [controller_manager]: Registering statistics for : KortexMultiInterfaceHardware
[ros2_control_node-1] [INFO] [1776902190.463140933] [controller_manager]: Resource Manager has been successfully initialized. Starting Controller Manager services...
[ros2_control_node-1] [WARN] [1776902190.477389427] [controller_manager]: Overrun might occur, Total time : 14407.421 us (Expected < 1000.000 us) --> Read time : 7504.193 us, Update time : 32.519 us, Write time : 6870.709 us
[ros2_control_node-1] [WARN] [1776902190.477470124] [controller_manager]: Overrun detected! The controller manager missed its desired rate of 1000 Hz. The loop took 14.527818 ms (missed cycles : 15).
[wrist_camera_usb_publisher-8] [INFO] [1776902190.940364818] [wrist_camera_usb_publisher_node]: USB camera publisher: trying camera source index 2.
[vision_apriltag-9] [INFO] [1776902190.974369051] [vision_apriltag_node]: Vision AprilTag Node Started
[vision_apriltag-9] [INFO] [1776902190.976699126] [vision_apriltag_node]: Subscribing to camera topic: /wrist_mounted_camera/image
[adl_controller-11] [INFO] [1776902190.977402833] [adl_controller_node]: MoveItHelper initialized. joint_state_topic=/joint_states_sanitized (sanitized_expected=True) real_hardware_mode=True short_cartesian_mode=hybrid
[adl_controller-11] [INFO] [1776902190.978331959] [adl_controller_node]: ADL_DIRECT_FIXED_JOINTS is unset; defaulting fixed-joint direct trajectories to disabled on real hardware (collision-aware MoveIt path first).
[vision_apriltag-9] [INFO] [1776902190.979156113] [vision_apriltag_node]: Subscribing to camera info topic: /wrist_mounted_camera/camera_info
[vision_apriltag-9] [INFO] [1776902190.981180721] [vision_apriltag_node]: Camera frame: wrist_mounted_camera_color_optical_frame | use_image_header_frame=True
[vision_apriltag-9] [INFO] [1776902190.983736718] [vision_apriltag_node]: Tag size: 0.025m | pose_cache_retention_s=20.0 | get_pose_wait_timeout_s=5.0 | max_returned_pose_age_s=20.0 | camera_params=[554.25, 554.25, 320.0, 240.0] | families=tag36h11 | quad_decimate=1.0 | requested_backend=opencv | backend=cv2.aruco | opencv_pose_solver=ippe_square | use_image_timestamp_for_tf=False
[vision_apriltag-9] [INFO] [1776902190.986324436] [vision_apriltag_node]: Top-tag known-plane projection: enabled=True, planes={3: 0.13995, 4: 0.1752}
[vision_apriltag-9] [INFO] [1776902190.989209692] [vision_apriltag_node]: pupil_apriltags tuning: nthreads=1, quad_sigma=0.0, refine_edges=1, decode_sharpening=0.25, debug=0, preprocess_variants=['raw', 'clahe', 'adaptive', 'clahe_sharp', 'clahe_up2', 'sharp_up2'], tile_search_if_empty=True, tile_search_grid=3x2, tile_search_scale=2.0, tile_search_overlap=0.25
[vision_apriltag-9] [WARN] [1776902190.991883527] [vision_apriltag_node]: pupil_apriltags is not importable by this node, so detection is using OpenCV fallback only. python=/usr/bin/python3, import_error=No module named 'pupil_apriltags'. If .venv contains pupil_apriltags, rebuild adl_tasks with that venv active or run the module with the venv Python.
[adl_controller-11] [INFO] [1776902190.993387401] [adl_controller_node]: ADL controller ready. Waiting for UI/system commands.
[vision_apriltag-9] [INFO] [1776902190.994660290] [vision_apriltag_node]: Publishing AprilTag debug images on /vision_apriltag/debug_image at up to 1.0 Hz.
[wrist_camera_usb_publisher-8] [INFO] [1776902191.043269900] [wrist_camera_usb_publisher_node]: USB camera publisher: opened camera source index 2.
[wrist_camera_usb_publisher-8] [INFO] [1776902191.044375368] [wrist_camera_usb_publisher_node]: Wrist Camera USB Publisher started.
[wrist_camera_usb_publisher-8] [INFO] [1776902191.045413374] [wrist_camera_usb_publisher_node]: Publishing USB camera frames on /wrist_mounted_camera/image with frame_id=wrist_mounted_camera_color_optical_frame.
[wrist_camera_usb_publisher-8] [INFO] [1776902191.046539368] [wrist_camera_usb_publisher_node]: Publishing camera info on /wrist_mounted_camera/camera_info from reference intrinsics [554.25, 554.25, 320.0, 240.0] @ 640x480.
[wrist_camera_usb_publisher-8] [INFO] [1776902191.047707627] [wrist_camera_usb_publisher_node]: Using explicit camera_matrix for CameraInfo. matrix_size=1280x720, K=[920.874267578125, 0.0, 644.7646484375, 0.0, 921.5654907226562, 343.1528625488281, 0.0, 0.0, 1.0], d=[0.0, 0.0, 0.0, 0.0, 0.0]
[wrist_camera_usb_publisher-8] [INFO] [1776902191.048899639] [wrist_camera_usb_publisher_node]: Requested source=2 size=1280x720 fps=10.0
[scene_from_vision-10] [INFO] [1776902191.061771963] [scene_from_vision_node]: Scene From Vision Node Started
[pick_dropped_bottle-12] [INFO] [1776902191.118613732] [pick_dropped_bottle_node]: PickDroppedBottle starting...
[clear_table-13] [INFO] [1776902191.131415971] [clear_table_node]: Clear Table Node Started
[scene_from_vision-10] [INFO] [1776902191.139486481] [scene_from_vision_node]: SceneFromVision: Updating planning scene. Tracking 5 object shape(s). memory_mode=True, scan_duration_s=5.0, scan_min_samples=3, scan_target_samples=8, scan_extend_step_s=0.0, scan_max_extensions=0, scan_prune_unseen_objects=False, continuous_scene_updates=False, latch_first_detection_updates=True, log_object_pose_debug=False, apply_planning_scene_service_updates=True, publish_monitored_planning_scene_updates=True, side_viewpoint=wrist_mounted_camera_color_optical_frame->base_link, reject_table_objects_outside_bounds=False.
[scene_from_vision-10] [INFO] [1776902191.141751521] [scene_from_vision_node]: SceneFromVision calibration: xy_offset=(0.000, 0.000), z_offset=0.000, yaw_deg=0.00, xy_scale=1.0000, clamp_table_objects_to_table_bounds=False, table_bounds_margin_m=0.030.
[scene_from_vision-10] [INFO] [1776902191.144432327] [scene_from_vision_node]: SceneFromVision object offsets: remote_axis=y, remote_tag_to_center_sign=-1.0, remote_tag_from_end_m=0.020, remote_world_offset=(-0.040, 0.000), cube_tag_to_center=(0.000, 0.000), cube_world_offset=(-0.020, -0.006), cube_yaw_offset_deg=0.0, medication_world_offset=(-0.090, -0.030), medication_face_to_center_m=0.030, cup_world_offset=(-0.085, -0.040), cup_face_to_center_m=0.037, cup_scene_scan_pose_xy_offsets={'side_right': (-0.02, -0.019), 'side_left': (-0.128, 0.003), 'side_fallback_center': (0.0, 0.0), 'side_unknown': (0.0, 0.0)}.
[pick_dropped_bottle-12] [INFO] [1776902191.201598570] [pick_dropped_bottle_node]: MoveItHelper initialized. joint_state_topic=/joint_states_sanitized (sanitized_expected=True) real_hardware_mode=True short_cartesian_mode=hybrid
[pick_dropped_bottle-12] [INFO] [1776902191.202609359] [pick_dropped_bottle_node]: ADL_DIRECT_FIXED_JOINTS is unset; defaulting fixed-joint direct trajectories to disabled on real hardware (collision-aware MoveIt path first).
[pick_dropped_bottle-12] [INFO] [1776902191.214225212] [pick_dropped_bottle_node]: Vision Client initialized, waiting for service...
[pick_dropped_bottle-12] [INFO] [1776902191.465206397] [pick_dropped_bottle_node]: Vision service is ready.
[pick_dropped_bottle-12] [INFO] [1776902191.470634073] [pick_dropped_bottle_node]: [Bottle] Assumptions: tag0 is bottle, bottle lies horizontally on floor, AprilTag is on side midsection with tag +Y oriented upward toward camera, and grasp target is bottle midsection near the QR/tag centerline.
[pick_dropped_bottle-12] [INFO] [1776902191.471551598] [pick_dropped_bottle_node]: [Bottle] Geometry: height=0.200m diameter=0.060m radius=0.030m; gripper_force=16.0N.
[pick_dropped_bottle-12] [INFO] [1776902191.472179508] [pick_dropped_bottle_node]: PickDroppedBottle ready. Waiting for command.
[pick_dropped_bottle-12] [INFO] [1776902191.472889872] [pick_dropped_bottle_node]: Startup motion disabled at node load; motion begins only after pick_dropped_bottle command.
[ros2_control_node-1] [WARN] [1776902191.478726698] [controller_manager]: Overrun might occur, Total time : 3763.620 us (Expected < 1000.000 us) --> Read time : 63.849 us, Update time : 32.334 us, Write time : 3667.437 us
[ros2_control_node-1] [WARN] [1776902191.478796566] [controller_manager]: Overrun detected! The controller manager missed its desired rate of 1000 Hz. The loop took 3.854688 ms (missed cycles : 4).
[wrist_camera_usb_publisher-8] [INFO] [1776902191.680350505] [wrist_camera_usb_publisher_node]: USB camera info active intrinsics: size=1280x720, fx=920.87, fy=921.57, cx=644.76, cy=343.15, d=array('d', [0.0, 0.0, 0.0, 0.0, 0.0])
[wrist_camera_usb_publisher-8] [INFO] [1776902191.680916093] [wrist_camera_usb_publisher_node]: USB camera publisher heartbeat: publishing 1280x720 frames on /wrist_mounted_camera/image; camera_info fx=920.87, fy=921.57, cx=644.76, cy=343.15.
[vision_apriltag-9] [INFO] [1776902191.685914057] [vision_apriltag_node]: Vision AprilTag camera model updated from CameraInfo: size=1280x720, fx=920.87, fy=921.57, cx=644.76, cy=343.15, d=[0.0, 0.0, 0.0, 0.0, 0.0]
[clear_table-13] [INFO] [1776902191.831495139] [clear_table_node]: MoveItHelper initialized. joint_state_topic=/joint_states_sanitized (sanitized_expected=True) real_hardware_mode=True short_cartesian_mode=hybrid
[clear_table-13] [INFO] [1776902191.832289191] [clear_table_node]: ADL_DIRECT_FIXED_JOINTS is unset; defaulting fixed-joint direct trajectories to disabled on real hardware (collision-aware MoveIt path first).
[clear_table-13] [INFO] [1776902191.841534049] [clear_table_node]: Vision Client initialized, waiting for service...
[vision_apriltag-9] [INFO] [1776902191.966499835] [vision_apriltag_node]: Vision AprilTag detection debug: no tags found after raw/CLAHE/sharp/adaptive/upscaled/tiled passes.
[clear_table-13] [INFO] [1776902192.092519167] [clear_table_node]: Vision service is ready.
[clear_table-13] [INFO] [1776902192.102663204] [clear_table_node]: Clear Table Node ready. Waiting for command.
[clear_table-13] [INFO] [1776902192.103681206] [clear_table_node]: Startup motion disabled at node load; motion begins only after clear_table command.
[clear_table-13] [INFO] [1776902192.104386942] [clear_table_node]: clear_table scan flags: top_only_scan_mode=False (ADL_CLEAR_TABLE_TOP_ONLY_SCAN='false'), two_phase_require_side_sweep_before_priority_exit=True (ADL_CLEAR_TABLE_REQUIRE_SIDE_SWEEP='true'), two_phase_top_full_sweep_before_priority_exit=True.
[clear_table-13] [INFO] [1776902192.105126197] [clear_table_node]: clear_table planned scan sequence: top_center (standard top view over the table) -> top_downturned (downward top view for flat tags and back-right table coverage) -> side_right (right-shifted side view for cup/side tags) -> side_left (left-shifted side view for cup/side tags).
[ros2_control_node-1] [WARN] [1776902192.482134786] [controller_manager]: Overrun might occur, Total time : 3169.161 us (Expected < 1000.000 us) --> Read time : 40.983 us, Update time : 20.066 us, Write time : 3108.112 us
[ros2_control_node-1] [WARN] [1776902192.482206997] [controller_manager]: Overrun detected! The controller manager missed its desired rate of 1000 Hz. The loop took 3.264551 ms (missed cycles : 4).
[give_medication-14] [INFO] [1776902192.527846854] [give_medication_node]: give_medication starting...
[give_medication-14] [INFO] [1776902192.620669976] [give_medication_node]: MoveItHelper initialized. joint_state_topic=/joint_states_sanitized (sanitized_expected=True) real_hardware_mode=True short_cartesian_mode=hybrid
[give_medication-14] [INFO] [1776902192.621559567] [give_medication_node]: ADL_DIRECT_FIXED_JOINTS is unset; defaulting fixed-joint direct trajectories to disabled on real hardware (collision-aware MoveIt path first).
[give_medication-14] [INFO] [1776902192.637680893] [give_medication_node]: Vision Client initialized, waiting for service...
[scene_static-7] [WARN] [1776902192.669334095] [scene_static_node]: Planning scene service not available, waiting...
[give_medication-14] [INFO] [1776902192.888688976] [give_medication_node]: Vision service is ready.
[give_medication-14] [INFO] [1776902192.902415119] [give_medication_node]: give_medication ready.
[vision_apriltag-9] [INFO] [1776902192.911195921] [vision_apriltag_node]: Vision AprilTag: images are arriving on /wrist_mounted_camera/image, but no AprilTags have been detected yet.
[ros2_control_node-1] [INFO] [1776902193.069987443] [controller_manager]: Loading controller : 'joint_state_broadcaster' of type 'joint_state_broadcaster/JointStateBroadcaster'
[ros2_control_node-1] [INFO] [1776902193.072365396] [controller_manager]: Loading controller 'joint_state_broadcaster'
[ros2_control_node-1] [INFO] [1776902193.085624362] [controller_manager]: Controller 'joint_state_broadcaster' node arguments: --ros-args --params-file /home/carrt-cse-project/workspace/ros2_kortex_ws/install/adl_tasks/share/adl_tasks/config/ros2_controllers_vbox.yaml --params-file /tmp/launch_params_g29pc7qv 
[spawner-4] [INFO] [1776902193.124313277] [spawner_joint_state_broadcaster]: Loaded joint_state_broadcaster
[ros2_control_node-1] [INFO] [1776902193.126969345] [controller_manager]: Configuring controller: 'joint_state_broadcaster'
[ros2_control_node-1] [INFO] [1776902193.127255034] [joint_state_broadcaster]: 'joints' or 'interfaces' parameter is empty. All available state interfaces will be published
[ros2_control_node-1] [INFO] [1776902193.146167311] [controller_manager]: Activating controllers: [ joint_state_broadcaster ]
[ros2_control_node-1] [INFO] [1776902193.150180510] [controller_manager]: Successfully switched controllers!
[ros2_control_node-1] [WARN] [1776902193.153264019] [controller_manager]: Overrun might occur, Total time : 4295.163 us (Expected < 1000.000 us) --> Read time : 29.267 us, Update time : 1179.087 us (Switch time : 1145.881 us (Switch chained mode time : 1.545 us, perform mode change time : 2.416 us, Activation time : 1134.209 us, Deactivation time : 2.055 us)), Write time : 3086.809 us
[spawner-4] [INFO] [1776902193.168206487] [spawner_joint_state_broadcaster]: Configured and activated joint_state_broadcaster
[INFO] [spawner-4]: process has finished cleanly [pid 36238]
[ros2_control_node-1] [WARN] [1776902193.482701695] [controller_manager]: Overrun might occur, Total time : 2739.233 us (Expected < 1000.000 us) --> Read time : 38.437 us, Update time : 95.919 us, Write time : 2604.877 us
[ros2_control_node-1] [WARN] [1776902193.482782150] [controller_manager]: Overrun detected! The controller manager missed its desired rate of 1000 Hz. The loop took 2.840187 ms (missed cycles : 3).
[INFO] [spawner-16]: process started with pid [36502]
[INFO] [spawner-17]: process started with pid [36503]
[INFO] [spawner-18]: process started with pid [36504]
[INFO] [spawner-19]: process started with pid [36505]
[ros2_control_node-1] [WARN] [1776902194.484404422] [controller_manager]: Overrun might occur, Total time : 2430.421 us (Expected < 1000.000 us) --> Read time : 64.434 us, Update time : 102.063 us, Write time : 2263.924 us
[ros2_control_node-1] [WARN] [1776902194.484481551] [controller_manager]: Overrun detected! The controller manager missed its desired rate of 1000 Hz. The loop took 2.539909 ms (missed cycles : 3).
[spawner-18] [INFO] [1776902194.593110375] [spawner_robotiq_gripper_controller]: waiting for service /controller_manager/list_controllers to become available...
[scene_static-7] [WARN] [1776902194.673929612] [scene_static_node]: Planning scene service not available, waiting...
[vision_apriltag-9] [INFO] [1776902194.914199460] [vision_apriltag_node]: Vision AprilTag: images are arriving on /wrist_mounted_camera/image, but no AprilTags have been detected yet.
[ros2_control_node-1] [WARN] [1776902195.486125143] [controller_manager]: Overrun might occur, Total time : 2162.963 us (Expected < 1000.000 us) --> Read time : 38.793 us, Update time : 95.836 us, Write time : 2028.334 us
[ros2_control_node-1] [WARN] [1776902195.486192293] [controller_manager]: Overrun detected! The controller manager missed its desired rate of 1000 Hz. The loop took 2.250544 ms (missed cycles : 3).
[ros2_control_node-1] [INFO] [1776902196.112239862] [controller_manager]: Loading controller : 'robotiq_gripper_controller' of type 'position_controllers/GripperActionController'
[ros2_control_node-1] [INFO] [1776902196.112290612] [controller_manager]: Loading controller 'robotiq_gripper_controller'
[ros2_control_node-1] [INFO] [1776902196.123771103] [controller_manager]: Controller 'robotiq_gripper_controller' node arguments: --ros-args --params-file /home/carrt-cse-project/workspace/ros2_kortex_ws/install/adl_tasks/share/adl_tasks/config/ros2_controllers_vbox.yaml --params-file /tmp/launch_params_g29pc7qv 
[ros2_control_node-1] [WARN] [1776902196.171292684] [robotiq_gripper_controller]: [Deprecated]: the `position_controllers/GripperActionController` and `effort_controllers::GripperActionController` controllers are replaced by 'parallel_gripper_controllers/GripperActionController' controller
[spawner-18] [INFO] [1776902196.179076858] [spawner_robotiq_gripper_controller]: Loaded robotiq_gripper_controller
[ros2_control_node-1] [INFO] [1776902196.181607990] [controller_manager]: Configuring controller: 'robotiq_gripper_controller'
[ros2_control_node-1] [INFO] [1776902196.181798187] [robotiq_gripper_controller]: Action status changes will be monitored at 20.000000 Hz.
[ros2_control_node-1] [INFO] [1776902196.190983947] [controller_manager]: Activating controllers: [ robotiq_gripper_controller ]
[ros2_control_node-1] [INFO] [1776902196.400262367] [controller_manager]: Successfully switched controllers!
[ros2_control_node-1] [WARN] [1776902196.402796402] [controller_manager]: Overrun might occur, Total time : 10827.381 us (Expected < 1000.000 us) --> Read time : 37.549 us, Update time : 8125.068 us (Switch time : 8003.871 us (Switch chained mode time : 1.209 us, perform mode change time : 27.928 us, Activation time : 7961.540 us, Deactivation time : 0.629 us)), Write time : 2664.764 us
[spawner-18] [INFO] [1776902196.408019570] [spawner_robotiq_gripper_controller]: Configured and activated robotiq_gripper_controller
[ros2_control_node-1] [WARN] [1776902196.488438542] [controller_manager]: Overrun might occur, Total time : 2473.875 us (Expected < 1000.000 us) --> Read time : 38.188 us, Update time : 112.059 us, Write time : 2323.628 us
[ros2_control_node-1] [WARN] [1776902196.488520239] [controller_manager]: Overrun detected! The controller manager missed its desired rate of 1000 Hz. The loop took 2.577382 ms (missed cycles : 3).
[spawner-17] [INFO] [1776902196.615710041] [spawner_twist_controller]: waiting for service /controller_manager/list_controllers to become available...
[INFO] [spawner-18]: process has finished cleanly [pid 36504]
[scene_static-7] [WARN] [1776902196.679929233] [scene_static_node]: Planning scene service not available, waiting...
[wrist_camera_usb_publisher-8] [INFO] [1776902196.828768623] [wrist_camera_usb_publisher_node]: USB camera publisher heartbeat: publishing 1280x720 frames on /wrist_mounted_camera/image; camera_info fx=920.87, fy=921.57, cx=644.76, cy=343.15.
[vision_apriltag-9] [INFO] [1776902196.911566637] [vision_apriltag_node]: Vision AprilTag: images are arriving on /wrist_mounted_camera/image, but no AprilTags have been detected yet.
[vision_apriltag-9] [INFO] [1776902197.337576860] [vision_apriltag_node]: Vision AprilTag detection debug: no tags found after raw/CLAHE/sharp/adaptive/upscaled/tiled passes.
[ros2_control_node-1] [WARN] [1776902197.490239795] [controller_manager]: Overrun might occur, Total time : 2276.882 us (Expected < 1000.000 us) --> Read time : 38.158 us, Update time : 106.832 us, Write time : 2131.892 us
[ros2_control_node-1] [WARN] [1776902197.490327558] [controller_manager]: Overrun detected! The controller manager missed its desired rate of 1000 Hz. The loop took 2.385565 ms (missed cycles : 3).
[ros2_control_node-1] [WARN] [1776902198.490730682] [controller_manager]: Overrun might occur, Total time : 2748.623 us (Expected < 1000.000 us) --> Read time : 24.936 us, Update time : 94.512 us, Write time : 2629.175 us
[ros2_control_node-1] [WARN] [1776902198.490796554] [controller_manager]: Overrun detected! The controller manager missed its desired rate of 1000 Hz. The loop took 2.855376 ms (missed cycles : 3).
[scene_static-7] [WARN] [1776902198.688274945] [scene_static_node]: Planning scene service not available, waiting...
[ros2_control_node-1] [INFO] [1776902198.874804925] [controller_manager]: Loading controller : 'twist_controller' of type 'picknik_twist_controller/PicknikTwistController'
[ros2_control_node-1] [INFO] [1776902198.874855088] [controller_manager]: Loading controller 'twist_controller'
[ros2_control_node-1] [INFO] [1776902198.879317905] [controller_manager]: Controller 'twist_controller' node arguments: --ros-args --params-file /home/carrt-cse-project/workspace/ros2_kortex_ws/install/adl_tasks/share/adl_tasks/config/ros2_controllers_vbox.yaml --params-file /tmp/launch_params_g29pc7qv 
[vision_apriltag-9] [INFO] [1776902198.911483700] [vision_apriltag_node]: Vision AprilTag: images are arriving on /wrist_mounted_camera/image, but no AprilTags have been detected yet.
[spawner-17] [INFO] [1776902198.929286753] [spawner_twist_controller]: Loaded twist_controller
[ros2_control_node-1] [INFO] [1776902198.933342083] [controller_manager]: Configuring controller: 'twist_controller'
[ros2_control_node-1] [INFO] [1776902198.939127769] [twist_controller]: configure successful
[spawner-19] [INFO] [1776902199.117830788] [spawner_fault_controller]: waiting for service /controller_manager/list_controllers to become available...
[INFO] [spawner-17]: process has finished cleanly [pid 36503]
[ros2_control_node-1] [WARN] [1776902199.493245304] [controller_manager]: Overrun might occur, Total time : 2266.072 us (Expected < 1000.000 us) --> Read time : 77.069 us, Update time : 182.542 us, Write time : 2006.461 us
[ros2_control_node-1] [WARN] [1776902199.493341059] [controller_manager]: Overrun detected! The controller manager missed its desired rate of 1000 Hz. The loop took 2.398985 ms (missed cycles : 3).
[ros2_control_node-1] [WARN] [1776902200.496890402] [controller_manager]: Overrun might occur, Total time : 2917.807 us (Expected < 1000.000 us) --> Read time : 54.405 us, Update time : 139.521 us, Write time : 2723.881 us
[ros2_control_node-1] [WARN] [1776902200.496964683] [controller_manager]: Overrun detected! The controller manager missed its desired rate of 1000 Hz. The loop took 3.022369 ms (missed cycles : 4).
[scene_static-7] [WARN] [1776902200.692503821] [scene_static_node]: Planning scene service not available, waiting...
[vision_apriltag-9] [INFO] [1776902200.912616502] [vision_apriltag_node]: Vision AprilTag: images are arriving on /wrist_mounted_camera/image, but no AprilTags have been detected yet.
[ros2_control_node-1] [WARN] [1776902201.497097126] [controller_manager]: Overrun might occur, Total time : 2134.350 us (Expected < 1000.000 us) --> Read time : 35.706 us, Update time : 124.963 us, Write time : 1973.681 us
[ros2_control_node-1] [WARN] [1776902201.497184065] [controller_manager]: Overrun detected! The controller manager missed its desired rate of 1000 Hz. The loop took 2.241511 ms (missed cycles : 3).
[ros2_control_node-1] [INFO] [1776902201.919427809] [controller_manager]: Loading controller : 'fault_controller' of type 'picknik_reset_fault_controller/PicknikResetFaultController'
[ros2_control_node-1] [INFO] [1776902201.919474596] [controller_manager]: Loading controller 'fault_controller'
[ros2_control_node-1] [INFO] [1776902201.921912297] [controller_manager]: Controller 'fault_controller' node arguments: --ros-args --params-file /home/carrt-cse-project/workspace/ros2_kortex_ws/install/adl_tasks/share/adl_tasks/config/ros2_controllers_vbox.yaml --params-file /tmp/launch_params_g29pc7qv 
[spawner-19] [INFO] [1776902201.945381258] [spawner_fault_controller]: Loaded fault_controller
[ros2_control_node-1] [INFO] [1776902201.948047082] [controller_manager]: Configuring controller: 'fault_controller'
[ros2_control_node-1] [INFO] [1776902201.951330278] [controller_manager]: Activating controllers: [ fault_controller ]
[wrist_camera_usb_publisher-8] [INFO] [1776902201.990102639] [wrist_camera_usb_publisher_node]: USB camera publisher heartbeat: publishing 1280x720 frames on /wrist_mounted_camera/image; camera_info fx=920.87, fy=921.57, cx=644.76, cy=343.15.
[ros2_control_node-1] [INFO] [1776902202.158883720] [controller_manager]: Successfully switched controllers!
[ros2_control_node-1] [WARN] [1776902202.160786969] [controller_manager]: Overrun might occur, Total time : 8818.665 us (Expected < 1000.000 us) --> Read time : 32.581 us, Update time : 6311.314 us (Switch time : 6188.791 us (Switch chained mode time : 1.415 us, perform mode change time : 32.159 us, Activation time : 6144.489 us, Deactivation time : 0.578 us)), Write time : 2474.770 us
[spawner-19] [INFO] [1776902202.165624272] [spawner_fault_controller]: Configured and activated fault_controller
[vision_apriltag-9] [INFO] [1776902202.354105077] [vision_apriltag_node]: Vision AprilTag detection debug: no tags found after raw/CLAHE/sharp/adaptive/upscaled/tiled passes.
[spawner-16] [INFO] [1776902202.360366257] [spawner_joint_trajectory_controller]: waiting for service /controller_manager/list_controllers to become available...
[INFO] [spawner-19]: process has finished cleanly [pid 36505]
[ros2_control_node-1] [WARN] [1776902202.498268654] [controller_manager]: Overrun might occur, Total time : 2304.026 us (Expected < 1000.000 us) --> Read time : 44.312 us, Update time : 140.575 us, Write time : 2119.139 us
[ros2_control_node-1] [WARN] [1776902202.498364444] [controller_manager]: Overrun detected! The controller manager missed its desired rate of 1000 Hz. The loop took 2.422722 ms (missed cycles : 3).
[ros2_control_node-1] [INFO] [1776902202.620229469] [controller_manager]: Loading controller : 'joint_trajectory_controller' of type 'joint_trajectory_controller/JointTrajectoryController'
[ros2_control_node-1] [INFO] [1776902202.620266257] [controller_manager]: Loading controller 'joint_trajectory_controller'
[ros2_control_node-1] [INFO] [1776902202.626447895] [controller_manager]: Controller 'joint_trajectory_controller' node arguments: --ros-args --params-file /home/carrt-cse-project/workspace/ros2_kortex_ws/install/adl_tasks/share/adl_tasks/config/ros2_controllers_vbox.yaml --params-file /tmp/launch_params_g29pc7qv 
[scene_static-7] [WARN] [1776902202.699214210] [scene_static_node]: Planning scene service not available, waiting...
[spawner-16] [INFO] [1776902202.699342209] [spawner_joint_trajectory_controller]: Loaded joint_trajectory_controller
[ros2_control_node-1] [INFO] [1776902202.702517790] [controller_manager]: Configuring controller: 'joint_trajectory_controller'
[ros2_control_node-1] [INFO] [1776902202.703340855] [joint_trajectory_controller]: No specific joint names are used for command interfaces. Using 'joints' parameter.
[ros2_control_node-1] [INFO] [1776902202.703695819] [joint_trajectory_controller]: Command interfaces are [position] and state interfaces are [position velocity].
[ros2_control_node-1] [INFO] [1776902202.704094493] [joint_trajectory_controller]: Using 'splines' interpolation method.
[ros2_control_node-1] [INFO] [1776902202.709917143] [joint_trajectory_controller]: Action status changes will be monitored at 10.00 Hz.
[ros2_control_node-1] [INFO] [1776902202.725359075] [controller_manager]: Activating controllers: [ joint_trajectory_controller ]
[vision_apriltag-9] [INFO] [1776902202.912027904] [vision_apriltag_node]: Vision AprilTag: images are arriving on /wrist_mounted_camera/image, but no AprilTags have been detected yet.
[ros2_control_node-1] [INFO] [1776902202.954411753] [controller_manager]: Successfully switched controllers!
[spawner-16] [INFO] [1776902202.959907720] [spawner_joint_trajectory_controller]: Configured and activated joint_trajectory_controller
[INFO] [spawner-16]: process has finished cleanly [pid 36502]
[ros2_control_node-1] [WARN] [1776902203.500498968] [controller_manager]: Overrun might occur, Total time : 2533.675 us (Expected < 1000.000 us) --> Read time : 39.567 us, Update time : 246.143 us, Write time : 2247.965 us
[ros2_control_node-1] [WARN] [1776902203.500615930] [controller_manager]: Overrun detected! The controller manager missed its desired rate of 1000 Hz. The loop took 2.673429 ms (missed cycles : 3).
[ros2_control_node-1] [WARN] [1776902204.502858166] [controller_manager]: Overrun might occur, Total time : 2891.159 us (Expected < 1000.000 us) --> Read time : 32.551 us, Update time : 233.830 us, Write time : 2624.778 us
[ros2_control_node-1] [WARN] [1776902204.502951219] [controller_manager]: Overrun detected! The controller manager missed its desired rate of 1000 Hz. The loop took 3.009470 ms (missed cycles : 4).
[scene_static-7] [WARN] [1776902204.706310781] [scene_static_node]: Planning scene service not available, waiting...
[INFO] [move_group-20]: process started with pid [36592]
[INFO] [rviz2-21]: process started with pid [36593]
[vision_apriltag-9] [INFO] [1776902204.914307124] [vision_apriltag_node]: Vision AprilTag: images are arriving on /wrist_mounted_camera/image, but no AprilTags have been detected yet.
[move_group-20] [INFO] [1776902205.003986770] [move_group.moveit.moveit.ros.rdf_loader]: Loaded robot model in 0.00981709 seconds
[move_group-20] [INFO] [1776902205.004142051] [move_group.moveit.moveit.core.robot_model]: Loading robot model 'gen3'...
[move_group-20] [INFO] [1776902205.004157662] [move_group.moveit.moveit.core.robot_model]: No root/virtual joint specified in SRDF. Assuming fixed joint
[move_group-20] [INFO] [1776902205.429632381] [move_group.moveit.moveit.kinematics.kdl_kinematics_plugin]: Joint weights for group 'manipulator': 1 1 1 1 1 1 1
[ros2_control_node-1] [WARN] [1776902205.503490615] [controller_manager]: Overrun might occur, Total time : 9520.985 us (Expected < 1000.000 us) --> Read time : 45.776 us, Update time : 239.627 us, Write time : 9235.582 us
[ros2_control_node-1] [WARN] [1776902205.503568156] [controller_manager]: Overrun detected! The controller manager missed its desired rate of 1000 Hz. The loop took 9.626629 ms (missed cycles : 10).
[rviz2-21] [INFO] [1776902205.735895494] [rviz2]: Stereo is NOT SUPPORTED
[rviz2-21] [INFO] [1776902205.735983283] [rviz2]: OpenGl version: 4.6 (GLSL 4.6)
[rviz2-21] [INFO] [1776902205.764847980] [rviz2]: Stereo is NOT SUPPORTED
[move_group-20] [INFO] [1776902205.898262828] [move_group.moveit.moveit.ros.planning_scene_monitor]: Publishing maintained planning scene on 'monitored_planning_scene'
[move_group-20] [INFO] [1776902205.898462488] [move_group.moveit.moveit.ros.moveit_cpp]: Listening to 'joint_states' for joint states
[move_group-20] [INFO] [1776902205.901454195] [move_group.moveit.moveit.ros.current_state_monitor]: Listening to joint states on topic 'joint_states'
[move_group-20] [INFO] [1776902205.903165656] [move_group.moveit.moveit.ros.planning_scene_monitor]: Listening to '/attached_collision_object' for attached collision objects
[move_group-20] [INFO] [1776902205.903207200] [move_group.moveit.moveit.ros.planning_scene_monitor]: Stopping existing planning scene publisher.
[move_group-20] [INFO] [1776902205.903421866] [move_group.moveit.moveit.ros.planning_scene_monitor]: Stopped publishing maintained planning scene.
[move_group-20] [INFO] [1776902205.905043187] [move_group.moveit.moveit.ros.planning_scene_monitor]: Publishing maintained planning scene on 'monitored_planning_scene'
[move_group-20] [INFO] [1776902205.905142075] [move_group.moveit.moveit.ros.planning_scene_monitor]: Starting planning scene monitor
[move_group-20] [INFO] [1776902205.907344312] [move_group.moveit.moveit.ros.planning_scene_monitor]: Listening to '/planning_scene'
[move_group-20] [INFO] [1776902205.907425396] [move_group.moveit.moveit.ros.planning_scene_monitor]: Starting world geometry update monitor for collision objects, attached objects, octomap updates.
[move_group-20] [INFO] [1776902205.909970053] [move_group.moveit.moveit.ros.planning_scene_monitor]: Listening to 'collision_object'
[move_group-20] [INFO] [1776902205.912333222] [move_group.moveit.moveit.ros.planning_scene_monitor]: Listening to 'planning_scene_world' for planning scene world geometry
[move_group-20] [WARN] [1776902205.913356350] [move_group.moveit.moveit.ros.occupancy_map_monitor]: Resolution not specified for Octomap. Assuming resolution = 0.1 instead
[move_group-20] [ERROR] [1776902205.913394911] [move_group.moveit.moveit.ros.occupancy_map_monitor]: No 3D sensor plugin(s) defined for octomap updates
[rviz2-21] Warning: class_loader.impl: SEVERE WARNING!!! A namespace collision has occurred with plugin factory for class rviz_default_plugins::displays::InteractiveMarkerDisplay. New factory will OVERWRITE existing one. This situation occurs when libraries containing plugins are directly linked against an executable (the one running right now generating this message). Please separate plugins out into their own library or just don't link against the library and use either class_loader::ClassLoader/MultiLibraryClassLoader to open.
[rviz2-21]          at line 321 in /opt/ros/jazzy/include/class_loader/class_loader/class_loader_core.hpp
[rviz2-21] [WARN] [1776902206.031145149] [rcl.logging_rosout]: Publisher already registered for node name: 'rviz2_moveit'. If this is due to multiple nodes with the same name then all logs for the logger named 'rviz2_moveit' will go out over the existing publisher. As soon as any node with that name is destructed it will unregister the publisher, preventing any further logs for that name from being published on the rosout topic.
[move_group-20] [INFO] [1776902206.245559663] [move_group.moveit.moveit.ros.planning_pipeline]: Successfully loaded planner 'OMPL'
[move_group-20] [INFO] [1776902206.249548634] [move_group]: Try loading adapter 'default_planning_request_adapters/ResolveConstraintFrames'
[move_group-20] [INFO] [1776902206.250857478] [move_group]: Loaded adapter 'default_planning_request_adapters/ResolveConstraintFrames'
[move_group-20] [INFO] [1776902206.250879531] [move_group]: Try loading adapter 'default_planning_request_adapters/ValidateWorkspaceBounds'
[move_group-20] [INFO] [1776902206.251116579] [move_group]: Loaded adapter 'default_planning_request_adapters/ValidateWorkspaceBounds'
[move_group-20] [INFO] [1776902206.251129821] [move_group]: Try loading adapter 'default_planning_request_adapters/CheckStartStateBounds'
[move_group-20] [INFO] [1776902206.251166001] [move_group]: Loaded adapter 'default_planning_request_adapters/CheckStartStateBounds'
[move_group-20] [INFO] [1776902206.251178352] [move_group]: Try loading adapter 'default_planning_request_adapters/CheckStartStateCollision'
[move_group-20] [INFO] [1776902206.251205715] [move_group]: Loaded adapter 'default_planning_request_adapters/CheckStartStateCollision'
[move_group-20] [INFO] [1776902206.255038689] [move_group]: Try loading adapter 'default_planning_response_adapters/AddTimeOptimalParameterization'
[move_group-20] [INFO] [1776902206.258819845] [move_group]: Loaded adapter 'default_planning_response_adapters/AddTimeOptimalParameterization'
[move_group-20] [INFO] [1776902206.258849710] [move_group]: Try loading adapter 'default_planning_response_adapters/ValidateSolution'
[move_group-20] [INFO] [1776902206.261559202] [move_group]: Loaded adapter 'default_planning_response_adapters/ValidateSolution'
[move_group-20] [INFO] [1776902206.261591738] [move_group]: Try loading adapter 'default_planning_response_adapters/DisplayMotionPath'
[move_group-20] [INFO] [1776902206.262463649] [move_group]: Loaded adapter 'default_planning_response_adapters/DisplayMotionPath'
[move_group-20] [INFO] [1776902206.316298575] [move_group.moveit.moveit.plugins.simple_controller_manager]: Added FollowJointTrajectory controller for joint_trajectory_controller
[move_group-20] [INFO] [1776902206.316390497] [move_group.moveit.moveit.plugins.simple_controller_manager]: robotiq_gripper_controller will command a max effort of: 0
[move_group-20] [INFO] [1776902206.328256384] [move_group.moveit.moveit.plugins.simple_controller_manager]: Added GripperCommand controller for robotiq_gripper_controller
[move_group-20] [INFO] [1776902206.328486504] [move_group.moveit.moveit.plugins.simple_controller_manager]: Returned 2 controllers in list
[move_group-20] [INFO] [1776902206.328528216] [move_group.moveit.moveit.plugins.simple_controller_manager]: Returned 2 controllers in list
[move_group-20] [INFO] [1776902206.329158119] [move_group.moveit.moveit.ros.trajectory_execution_manager]: Trajectory execution is managing controllers
[move_group-20] [INFO] [1776902206.329186419] [move_group]: MoveGroup debug mode is ON
[move_group-20] [INFO] [1776902206.368340609] [move_group.moveit.moveit.ros.move_group.executable]: 
[move_group-20] 
[move_group-20] ********************************************************
[move_group-20] * MoveGroup using: 
[move_group-20] *     - apply_planning_scene_service
[move_group-20] *     - clear_octomap_service
[move_group-20] *     - get_group_urdf
[move_group-20] *     - load_geometry_from_file
[move_group-20] *     - CartesianPathService
[move_group-20] *     - execute_trajectory_action
[move_group-20] *     - get_planning_scene_service
[move_group-20] *     - kinematics_service
[move_group-20] *     - move_action
[move_group-20] *     - motion_plan_service
[move_group-20] *     - query_planners_service
[move_group-20] *     - state_validation_service
[move_group-20] *     - save_geometry_to_file
[move_group-20] ********************************************************
[move_group-20] 
[move_group-20] [INFO] [1776902206.368414909] [move_group.moveit.moveit.ros.move_group.context]: MoveGroup context using pipeline ompl
[move_group-20] [INFO] [1776902206.368433783] [move_group.moveit.moveit.ros.move_group.context]: MoveGroup context initialization complete
[move_group-20] [96mLoading 'move_group/ApplyPlanningSceneService'...[0m
[move_group-20] [96mLoading 'move_group/ClearOctomapService'...[0m
[move_group-20] [96mLoading 'move_group/GetUrdfService'...[0m
[move_group-20] [96mLoading 'move_group/LoadGeometryFromFileService'...[0m
[move_group-20] [96mLoading 'move_group/MoveGroupCartesianPathService'...[0m
[move_group-20] [96mLoading 'move_group/MoveGroupExecuteTrajectoryAction'...[0m
[move_group-20] [96mLoading 'move_group/MoveGroupGetPlanningSceneService'...[0m
[move_group-20] [96mLoading 'move_group/MoveGroupKinematicsService'...[0m
[move_group-20] [96mLoading 'move_group/MoveGroupMoveAction'...[0m
[move_group-20] [96mLoading 'move_group/MoveGroupPlanService'...[0m
[move_group-20] [96mLoading 'move_group/MoveGroupQueryPlannersService'...[0m
[move_group-20] [96mLoading 'move_group/MoveGroupStateValidationService'...[0m
[move_group-20] [96mLoading 'move_group/SaveGeometryToFileService'...[0m
[move_group-20] 
[move_group-20] [92mYou can start planning now![0m
[move_group-20] 
[scene_static-7] [INFO] [1776902206.462017509] [scene_static_node]: Planning scene service available. Building static scene...
[scene_static-7] [INFO] [1776902206.467257999] [scene_static_node]: Static scene built: 25 objects added to MoveIt planning scene.
[ros2_control_node-1] [WARN] [1776902206.506056037] [controller_manager]: Overrun might occur, Total time : 3096.411 us (Expected < 1000.000 us) --> Read time : 31.405 us, Update time : 212.576 us, Write time : 2852.430 us
[ros2_control_node-1] [WARN] [1776902206.506121264] [controller_manager]: Overrun detected! The controller manager missed its desired rate of 1000 Hz. The loop took 3.179608 ms (missed cycles : 4).
[vision_apriltag-9] [INFO] [1776902206.912131770] [vision_apriltag_node]: Vision AprilTag: images are arriving on /wrist_mounted_camera/image, but no AprilTags have been detected yet.
[wrist_camera_usb_publisher-8] [INFO] [1776902207.150864159] [wrist_camera_usb_publisher_node]: USB camera publisher heartbeat: publishing 1280x720 frames on /wrist_mounted_camera/image; camera_info fx=920.87, fy=921.57, cx=644.76, cy=343.15.
[ros2_control_node-1] [WARN] [1776902207.509173686] [controller_manager]: Overrun might occur, Total time : 3204.449 us (Expected < 1000.000 us) --> Read time : 38.451 us, Update time : 256.523 us, Write time : 2909.475 us
[ros2_control_node-1] [WARN] [1776902207.509267221] [controller_manager]: Overrun detected! The controller manager missed its desired rate of 1000 Hz. The loop took 3.325119 ms (missed cycles : 4).
[vision_apriltag-9] [INFO] [1776902207.632202518] [vision_apriltag_node]: Vision AprilTag detection debug: no tags found after raw/CLAHE/sharp/adaptive/upscaled/tiled passes.
[ros2_control_node-1] [INFO] [1776902208.167600317] [controller_manager]: Received robot description from topic.
[ros2_control_node-1] [WARN] [1776902208.167642757] [controller_manager]: ResourceManager has already loaded a urdf. Ignoring attempt to reload a robot description.
[ros2_control_node-1] [WARN] [1776902208.511143769] [controller_manager]: Overrun might occur, Total time : 3183.448 us (Expected < 1000.000 us) --> Read time : 31.456 us, Update time : 215.692 us, Write time : 2936.300 us
[ros2_control_node-1] [WARN] [1776902208.511217867] [controller_manager]: Overrun detected! The controller manager missed its desired rate of 1000 Hz. The loop took 3.275678 ms (missed cycles : 4).
[vision_apriltag-9] [INFO] [1776902208.912738411] [vision_apriltag_node]: Vision AprilTag: images are arriving on /wrist_mounted_camera/image, but no AprilTags have been detected yet.
[rviz2-21] [ERROR] [1776902209.095246828] [rviz2_moveit.moveit.ros.motion_planning_frame]: Action server: /recognize_objects not available
[rviz2-21] [INFO] [1776902209.147394721] [rviz2_moveit.moveit.ros.motion_planning_frame]: MoveGroup namespace changed: / -> . Reloading params.
[rviz2-21] [INFO] [1776902209.237486347] [rviz2_moveit.moveit.ros.rdf_loader]: Loaded robot model in 0.0114386 seconds
[rviz2-21] [INFO] [1776902209.237602862] [rviz2_moveit.moveit.core.robot_model]: Loading robot model 'gen3'...
[rviz2-21] [INFO] [1776902209.237643928] [rviz2_moveit.moveit.core.robot_model]: No root/virtual joint specified in SRDF. Assuming fixed joint
[rviz2-21] [INFO] [1776902209.428068891] [rviz2_moveit.moveit.kinematics.kdl_kinematics_plugin]: Joint weights for group 'manipulator': 1 1 1 1 1 1 1
[ros2_control_node-1] [WARN] [1776902209.512044530] [controller_manager]: Overrun might occur, Total time : 3082.900 us (Expected < 1000.000 us) --> Read time : 30.164 us, Update time : 227.962 us, Write time : 2824.774 us
[ros2_control_node-1] [WARN] [1776902209.512116036] [controller_manager]: Overrun detected! The controller manager missed its desired rate of 1000 Hz. The loop took 3.174341 ms (missed cycles : 4).
[rviz2-21] [INFO] [1776902209.870842296] [rviz2_moveit.moveit.ros.planning_scene_monitor]: Starting planning scene monitor
[rviz2-21] [INFO] [1776902209.872801146] [rviz2_moveit.moveit.ros.planning_scene_monitor]: Listening to '/monitored_planning_scene'
[rviz2-21] [INFO] [1776902210.201120678] [interactive_marker_display_105994624085744]: Connected on namespace: /rviz_moveit_motion_planning_display/robot_interaction_interactive_marker_topic
[rviz2-21] [INFO] [1776902210.208966117] [rviz2_moveit.moveit.ros.robot_interaction]: No active joints or end effectors found for group 'gripper'. Make sure that kinematics.yaml is loaded in this node's namespace.
[rviz2-21] [INFO] [1776902210.209849245] [rviz2_moveit.moveit.ros.robot_interaction]: No active joints or end effectors found for group 'gripper'. Make sure that kinematics.yaml is loaded in this node's namespace.
[rviz2-21] [INFO] [1776902210.225713726] [rviz2_moveit.moveit.ros.motion_planning_frame]: group gripper
[rviz2-21] [INFO] [1776902210.225747843] [rviz2_moveit.moveit.ros.motion_planning_frame]: Constructing new MoveGroup connection for group 'gripper' in namespace ''
[rviz2-21] [INFO] [1776902210.251306573] [interactive_marker_display_105994624085744]: Sending request for interactive markers
[rviz2-21] [INFO] [1776902210.272147334] [rviz2_moveit.moveit.ros.move_group_interface]: Ready to take commands for planning group gripper.
[rviz2-21] [INFO] [1776902210.272863256] [rviz2_moveit.moveit.ros.motion_planning_frame]: group gripper
[rviz2-21] [INFO] [1776902210.283574580] [interactive_marker_display_105994624085744]: Service response received for initialization
[ros2_control_node-1] [WARN] [1776902210.514262892] [controller_manager]: Overrun might occur, Total time : 5289.284 us (Expected < 1000.000 us) --> Read time : 44.317 us, Update time : 275.193 us, Write time : 4969.774 us
[ros2_control_node-1] [WARN] [1776902210.514356268] [controller_manager]: Overrun detected! The controller manager missed its desired rate of 1000 Hz. The loop took 5.414380 ms (missed cycles : 6).
[vision_apriltag-9] [INFO] [1776902210.912527744] [vision_apriltag_node]: Vision AprilTag: images are arriving on /wrist_mounted_camera/image, but no AprilTags have been detected yet.
[ros2_control_node-1] [WARN] [1776902211.514644132] [controller_manager]: Overrun might occur, Total time : 2675.968 us (Expected < 1000.000 us) --> Read time : 34.026 us, Update time : 241.580 us, Write time : 2400.362 us
[ros2_control_node-1] [WARN] [1776902211.514720691] [controller_manager]: Overrun detected! The controller manager missed its desired rate of 1000 Hz. The loop took 2.778797 ms (missed cycles : 3).
[wrist_camera_usb_publisher-8] [INFO] [1776902212.316969542] [wrist_camera_usb_publisher_node]: USB camera publisher heartbeat: publishing 1280x720 frames on /wrist_mounted_camera/image; camera_info fx=920.87, fy=921.57, cx=644.76, cy=343.15.
[ros2_control_node-1] [WARN] [1776902212.518404165] [controller_manager]: Overrun might occur, Total time : 3437.861 us (Expected < 1000.000 us) --> Read time : 40.444 us, Update time : 248.955 us, Write time : 3148.462 us
[ros2_control_node-1] [WARN] [1776902212.518484755] [controller_manager]: Overrun detected! The controller manager missed its desired rate of 1000 Hz. The loop took 3.542656 ms (missed cycles : 4).
[vision_apriltag-9] [INFO] [1776902212.759470657] [vision_apriltag_node]: Vision AprilTag detection debug: no tags found after raw/CLAHE/sharp/adaptive/upscaled/tiled passes.
[vision_apriltag-9] [INFO] [1776902212.913164428] [vision_apriltag_node]: Vision AprilTag: images are arriving on /wrist_mounted_camera/image, but no AprilTags have been detected yet.
[ros2_control_node-1] [WARN] [1776902213.520683636] [controller_manager]: Overrun might occur, Total time : 3700.103 us (Expected < 1000.000 us) --> Read time : 41.338 us, Update time : 314.368 us, Write time : 3344.397 us
[ros2_control_node-1] [WARN] [1776902213.520770769] [controller_manager]: Overrun detected! The controller manager missed its desired rate of 1000 Hz. The loop took 3.829002 ms (missed cycles : 4).
[ros2_control_node-1] [WARN] [1776902214.524260531] [controller_manager]: Overrun might occur, Total time : 5293.451 us (Expected < 1000.000 us) --> Read time : 40.398 us, Update time : 251.358 us, Write time : 5001.695 us
[ros2_control_node-1] [WARN] [1776902214.524335429] [controller_manager]: Overrun detected! The controller manager missed its desired rate of 1000 Hz. The loop took 5.393372 ms (missed cycles : 6).
[vision_apriltag-9] [INFO] [1776902214.914362527] [vision_apriltag_node]: Vision AprilTag: images are arriving on /wrist_mounted_camera/image, but no AprilTags have been detected yet.
[ros2_control_node-1] [WARN] [1776902215.526714632] [controller_manager]: Overrun might occur, Total time : 2752.657 us (Expected < 1000.000 us) --> Read time : 40.599 us, Update time : 245.241 us, Write time : 2466.817 us
[ros2_control_node-1] [WARN] [1776902215.526798688] [controller_manager]: Overrun detected! The controller manager missed its desired rate of 1000 Hz. The loop took 2.856535 ms (missed cycles : 3).
[ros2_control_node-1] [WARN] [1776902216.529081086] [controller_manager]: Overrun might occur, Total time : 3115.531 us (Expected < 1000.000 us) --> Read time : 38.973 us, Update time : 294.386 us, Write time : 2782.172 us
[ros2_control_node-1] [WARN] [1776902216.529186458] [controller_manager]: Overrun detected! The controller manager missed its desired rate of 1000 Hz. The loop took 3.245090 ms (missed cycles : 4).
[vision_apriltag-9] [INFO] [1776902217.113502096] [vision_apriltag_node]: Vision AprilTag: images are arriving on /wrist_mounted_camera/image, but no AprilTags have been detected yet.
[wrist_camera_usb_publisher-8] [INFO] [1776902217.474559769] [wrist_camera_usb_publisher_node]: USB camera publisher heartbeat: publishing 1280x720 frames on /wrist_mounted_camera/image; camera_info fx=920.87, fy=921.57, cx=644.76, cy=343.15.
[ros2_control_node-1] [WARN] [1776902217.532450170] [controller_manager]: Overrun might occur, Total time : 3480.075 us (Expected < 1000.000 us) --> Read time : 37.932 us, Update time : 299.519 us, Write time : 3142.624 us
[ros2_control_node-1] [WARN] [1776902217.532528205] [controller_manager]: Overrun detected! The controller manager missed its desired rate of 1000 Hz. The loop took 3.586296 ms (missed cycles : 4).
[vision_apriltag-9] [INFO] [1776902218.091837005] [vision_apriltag_node]: Vision AprilTag detection debug: no tags found after raw/CLAHE/sharp/adaptive/upscaled/tiled passes.
[ros2_control_node-1] [WARN] [1776902218.532771677] [controller_manager]: Overrun might occur, Total time : 2808.705 us (Expected < 1000.000 us) --> Read time : 53.789 us, Update time : 299.339 us, Write time : 2455.577 us
[ros2_control_node-1] [WARN] [1776902218.532851797] [controller_manager]: Overrun detected! The controller manager missed its desired rate of 1000 Hz. The loop took 2.909683 ms (missed cycles : 3).
[vision_apriltag-9] [INFO] [1776902218.912378648] [vision_apriltag_node]: Vision AprilTag: images are arriving on /wrist_mounted_camera/image, but no AprilTags have been detected yet.
[adl_ui-15] 127.0.0.1 - - [22/Apr/2026 19:56:59] "GET / HTTP/1.1" 200 -
[adl_ui-15] 127.0.0.1 - - [22/Apr/2026 19:56:59] "GET /status_json HTTP/1.1" 200 -
[ros2_control_node-1] [WARN] [1776902219.535471427] [controller_manager]: Overrun might occur, Total time : 3504.826 us (Expected < 1000.000 us) --> Read time : 35.264 us, Update time : 252.438 us, Write time : 3217.124 us
[ros2_control_node-1] [WARN] [1776902219.535563133] [controller_manager]: Overrun detected! The controller manager missed its desired rate of 1000 Hz. The loop took 3.620794 ms (missed cycles : 4).
[adl_ui-15] 127.0.0.1 - - [22/Apr/2026 19:57:00] "GET /status_json HTTP/1.1" 200 -
[ros2_control_node-1] [WARN] [1776902220.537643514] [controller_manager]: Overrun might occur, Total time : 2665.240 us (Expected < 1000.000 us) --> Read time : 50.025 us, Update time : 269.759 us, Write time : 2345.456 us
[ros2_control_node-1] [WARN] [1776902220.537719524] [controller_manager]: Overrun detected! The controller manager missed its desired rate of 1000 Hz. The loop took 2.777357 ms (missed cycles : 3).
[adl_ui-15] 127.0.0.1 - - [22/Apr/2026 19:57:00] "GET /status_json HTTP/1.1" 200 -
[vision_apriltag-9] [INFO] [1776902220.914958839] [vision_apriltag_node]: Vision AprilTag: images are arriving on /wrist_mounted_camera/image, but no AprilTags have been detected yet.
[ros2_control_node-1] [WARN] [1776902221.537695956] [controller_manager]: Overrun might occur, Total time : 2737.255 us (Expected < 1000.000 us) --> Read time : 32.360 us, Update time : 220.782 us, Write time : 2484.113 us
[ros2_control_node-1] [WARN] [1776902221.537766259] [controller_manager]: Overrun detected! The controller manager missed its desired rate of 1000 Hz. The loop took 2.824576 ms (missed cycles : 3).
[adl_ui-15] 127.0.0.1 - - [22/Apr/2026 19:57:01] "GET /status_json HTTP/1.1" 200 -
[adl_ui-15] 127.0.0.1 - - [22/Apr/2026 19:57:02] "GET /status_json HTTP/1.1" 200 -
[ros2_control_node-1] [WARN] [1776902222.539949692] [controller_manager]: Overrun might occur, Total time : 2983.562 us (Expected < 1000.000 us) --> Read time : 41.848 us, Update time : 245.950 us, Write time : 2695.764 us
[ros2_control_node-1] [WARN] [1776902222.540017162] [controller_manager]: Overrun detected! The controller manager missed its desired rate of 1000 Hz. The loop took 3.075443 ms (missed cycles : 4).
[wrist_camera_usb_publisher-8] [INFO] [1776902222.633065387] [wrist_camera_usb_publisher_node]: USB camera publisher heartbeat: publishing 1280x720 frames on /wrist_mounted_camera/image; camera_info fx=920.87, fy=921.57, cx=644.76, cy=343.15.
[vision_apriltag-9] [INFO] [1776902222.912554866] [vision_apriltag_node]: Vision AprilTag: images are arriving on /wrist_mounted_camera/image, but no AprilTags have been detected yet.
[adl_ui-15] 127.0.0.1 - - [22/Apr/2026 19:57:03] "GET /status_json HTTP/1.1" 200 -
[vision_apriltag-9] [INFO] [1776902223.232037249] [vision_apriltag_node]: Vision AprilTag detection debug: no tags found after raw/CLAHE/sharp/adaptive/upscaled/tiled passes.
[ros2_control_node-1] [WARN] [1776902223.540172341] [controller_manager]: Overrun might occur, Total time : 2209.424 us (Expected < 1000.000 us) --> Read time : 47.104 us, Update time : 225.199 us, Write time : 1937.121 us
[ros2_control_node-1] [WARN] [1776902223.540231335] [controller_manager]: Overrun detected! The controller manager missed its desired rate of 1000 Hz. The loop took 2.289238 ms (missed cycles : 3).
[adl_ui-15] 127.0.0.1 - - [22/Apr/2026 19:57:03] "GET /status_json HTTP/1.1" 200 -
[ros2_control_node-1] [WARN] [1776902224.540652804] [controller_manager]: Overrun might occur, Total time : 2681.789 us (Expected < 1000.000 us) --> Read time : 35.130 us, Update time : 237.884 us, Write time : 2408.775 us
[ros2_control_node-1] [WARN] [1776902224.540743531] [controller_manager]: Overrun detected! The controller manager missed its desired rate of 1000 Hz. The loop took 2.801893 ms (missed cycles : 3).
[adl_ui-15] 127.0.0.1 - - [22/Apr/2026 19:57:04] "GET /status_json HTTP/1.1" 200 -
[vision_apriltag-9] [INFO] [1776902224.912128515] [vision_apriltag_node]: Vision AprilTag: images are arriving on /wrist_mounted_camera/image, but no AprilTags have been detected yet.
[adl_ui-15] 127.0.0.1 - - [22/Apr/2026 19:57:05] "GET /status_json HTTP/1.1" 200 -
[ros2_control_node-1] [WARN] [1776902225.540660589] [controller_manager]: Overrun might occur, Total time : 2706.574 us (Expected < 1000.000 us) --> Read time : 23.567 us, Update time : 188.043 us, Write time : 2494.964 us
[ros2_control_node-1] [WARN] [1776902225.543554959] [controller_manager]: Overrun detected! The controller manager missed its desired rate of 1000 Hz. The loop took 2.614149 ms (missed cycles : 3).
[adl_ui-15] 127.0.0.1 - - [22/Apr/2026 19:57:06] "GET /status_json HTTP/1.1" 200 -
[ros2_control_node-1] [WARN] [1776902226.540830719] [controller_manager]: Overrun might occur, Total time : 2851.400 us (Expected < 1000.000 us) --> Read time : 32.028 us, Update time : 235.515 us, Write time : 2583.857 us
[ros2_control_node-1] [WARN] [1776902226.543812741] [controller_manager]: Overrun detected! The controller manager missed its desired rate of 1000 Hz. The loop took 2.870434 ms (missed cycles : 3).
[adl_ui-15] 127.0.0.1 - - [22/Apr/2026 19:57:06] "GET /status_json HTTP/1.1" 200 -
[vision_apriltag-9] [INFO] [1776902226.912393318] [vision_apriltag_node]: Vision AprilTag: images are arriving on /wrist_mounted_camera/image, but no AprilTags have been detected yet.
[ros2_control_node-1] [WARN] [1776902227.543498693] [controller_manager]: Overrun might occur, Total time : 4518.080 us (Expected < 1000.000 us) --> Read time : 75.114 us, Update time : 360.261 us, Write time : 4082.705 us
[ros2_control_node-1] [WARN] [1776902227.546896775] [controller_manager]: Overrun detected! The controller manager missed its desired rate of 1000 Hz. The loop took 2.955262 ms (missed cycles : 3).
[adl_ui-15] 127.0.0.1 - - [22/Apr/2026 19:57:07] "GET /status_json HTTP/1.1" 200 -
[wrist_camera_usb_publisher-8] [INFO] [1776902227.799723600] [wrist_camera_usb_publisher_node]: USB camera publisher heartbeat: publishing 1280x720 frames on /wrist_mounted_camera/image; camera_info fx=920.87, fy=921.57, cx=644.76, cy=343.15.
[vision_apriltag-9] [INFO] [1776902228.338562314] [vision_apriltag_node]: Vision AprilTag detection debug: no tags found after raw/CLAHE/sharp/adaptive/upscaled/tiled passes.
[adl_ui-15] 127.0.0.1 - - [22/Apr/2026 19:57:08] "GET /status_json HTTP/1.1" 200 -
[ros2_control_node-1] [WARN] [1776902228.545463669] [controller_manager]: Overrun might occur, Total time : 2495.534 us (Expected < 1000.000 us) --> Read time : 61.462 us, Update time : 300.185 us, Write time : 2133.887 us
[ros2_control_node-1] [WARN] [1776902228.548848724] [controller_manager]: Overrun detected! The controller manager missed its desired rate of 1000 Hz. The loop took 2.907147 ms (missed cycles : 3).
[vision_apriltag-9] [INFO] [1776902228.913483236] [vision_apriltag_node]: Vision AprilTag: images are arriving on /wrist_mounted_camera/image, but no AprilTags have been detected yet.
[adl_ui-15] 127.0.0.1 - - [22/Apr/2026 19:57:09] "GET /status_json HTTP/1.1" 200 -
[ros2_control_node-1] [WARN] [1776902229.546794194] [controller_manager]: Overrun might occur, Total time : 2834.249 us (Expected < 1000.000 us) --> Read time : 32.915 us, Update time : 233.289 us, Write time : 2568.045 us
[ros2_control_node-1] [WARN] [1776902229.550655215] [controller_manager]: Overrun detected! The controller manager missed its desired rate of 1000 Hz. The loop took 3.712005 ms (missed cycles : 4).
[adl_ui-15] 127.0.0.1 - - [22/Apr/2026 19:57:09] "GET /status_json HTTP/1.1" 200 -
[ros2_control_node-1] [WARN] [1776902230.548740298] [controller_manager]: Overrun might occur, Total time : 3759.053 us (Expected < 1000.000 us) --> Read time : 63.330 us, Update time : 297.161 us, Write time : 3398.562 us
[ros2_control_node-1] [WARN] [1776902230.551871408] [controller_manager]: Overrun detected! The controller manager missed its desired rate of 1000 Hz. The loop took 2.929810 ms (missed cycles : 3).
[adl_ui-15] 127.0.0.1 - - [22/Apr/2026 19:57:10] "GET /status_json HTTP/1.1" 200 -
[vision_apriltag-9] [INFO] [1776902230.934397411] [vision_apriltag_node]: Vision AprilTag: images are arriving on /wrist_mounted_camera/image, but no AprilTags have been detected yet.
[adl_ui-15] [INFO] [1776902231.022827982] [adl_ui_node]: UI command published: clear_table
[clear_table-13] [INFO] [1776902231.037684475] [clear_table_node]: Received clear_table command. Starting task execution.
[clear_table-13] [INFO] [1776902231.041348299] [clear_table_node]: Starting Clear Table Task...
[scene_from_vision-10] [INFO] [1776902231.046801401] [scene_from_vision_node]: Scene memory cleared. Removed remembered IDs: []
[adl_ui-15] 127.0.0.1 - - [22/Apr/2026 19:57:11] "POST /command HTTP/1.1" 200 -
[clear_table-13] [INFO] [1776902231.093453990] [clear_table_node]: Scene memory cleared. Removed remembered IDs: []
[clear_table-13] [INFO] [1776902231.094444199] [clear_table_node]: [Layout] BIN preset alignment: preset=(0.891, 0.000) vs center=(0.891, 0.000) (dx_center=+0.000, dy=+0.000), dx_from_drop_target=+0.000.
[clear_table-13] [INFO] [1776902231.101724125] [clear_table_node]: [Layout] SHELF preset alignment: left=(0.760, 0.225), right=(0.760, 0.150), shelf_center_x=0.881, shelf_drop_x=0.760, dx_center(left/right)=(-0.121/-0.121), dx_drop(left/right)=(+0.000/+0.000).
[adl_ui-15] 127.0.0.1 - - [22/Apr/2026 19:57:11] "GET /status_json HTTP/1.1" 200 -
[clear_table-13] [INFO] [1776902231.137032738] [clear_table_node]: Added temporary table guard ring 'clear_table_startup_guard' (margin=0.0127m, height=0.200m, thickness=0.0127m).
[clear_table-13] [INFO] [1776902231.340833245] [clear_table_node]: Scene LOCKED.
[scene_from_vision-10] [INFO] [1776902231.350765398] [scene_from_vision_node]: Scene LOCKED - updates paused.
[clear_table-13] [INFO] [1776902231.491711331] [clear_table_node]: Moving to perform the initial scene scan for clear table task...
[clear_table-13] [INFO] [1776902231.492789294] [clear_table_node]: is_near_look_at_table: current arm is not at target (worst=joint_1:3.054 rad > 0.080).
[clear_table-13] [INFO] [1776902231.508080300] [clear_table_node]: look_at_table: planning to LOOK_AT_TABLE_JOINTS.
[move_group-20] [ERROR] [1776902231.509123920] [move_group.moveit.moveit.core.conversions]: Found empty JointState message
[INFO] [launch.user]: [arm_start.launch] move_group reported an empty JointState while sanitizer mode is active. Keeping the launch alive, but this still indicates a planning-state problem. move_group output: [ERROR] [1776902231.509123920] [move_group.moveit.moveit.core.conversions]: Found empty JointState message
[clear_table-13] [INFO] [1776902231.515020743] [clear_table_node]: Start state: collision-valid — no collisions (not a joint-bounds check).
[move_group-20] [INFO] [1776902231.516815880] [move_group.moveit.moveit.ros.move_group.move_action]: MoveGroupMoveAction: Received request
[move_group-20] [INFO] [1776902231.522277575] [move_group.moveit.moveit.ros.move_group.move_action]: executing..
[move_group-20] [INFO] [1776902231.535848343] [move_group.moveit.moveit.ros.move_group.move_action]: Combined planning and execution request received for MoveGroup action. Forwarding to planning and execution pipeline.
[move_group-20] [WARN] [1776902231.535920541] [move_group.moveit.moveit.ros.move_group.capability]: Execution of motions should always start at the robot's current state. Ignoring the state supplied as start state in the motion planning request
[move_group-20] [WARN] [1776902231.535942830] [move_group.moveit.moveit.ros.move_group.capability]: Execution of motions should always start at the robot's current state. Ignoring the state supplied as difference in the planning scene diff
[move_group-20] [INFO] [1776902231.535964681] [move_group.moveit.moveit.ros.plan_execution]: Planning attempt 1 of at most 1
[move_group-20] [INFO] [1776902231.539598682] [move_group]: Calling PlanningRequestAdapter 'ResolveConstraintFrames'
[move_group-20] [INFO] [1776902231.540717768] [move_group]: Calling PlanningRequestAdapter 'ValidateWorkspaceBounds'
[move_group-20] [INFO] [1776902231.540770088] [move_group]: Calling PlanningRequestAdapter 'CheckStartStateBounds'
[move_group-20] [INFO] [1776902231.540833665] [move_group]: Calling PlanningRequestAdapter 'CheckStartStateCollision'
[move_group-20] [INFO] [1776902231.545007660] [move_group.moveit.moveit.planners.ompl.model_based_planning_context]: Planner configuration 'manipulator' will use planner 'geometric::RRTConnect'. Additional configuration parameters will be set when the planner is constructed.
[move_group-20] [INFO] [1776902231.545341285] [move_group]: Calling Planner 'OMPL'
[ros2_control_node-1] [WARN] [1776902231.549887805] [controller_manager]: Overrun might occur, Total time : 2922.362 us (Expected < 1000.000 us) --> Read time : 42.201 us, Update time : 226.897 us, Write time : 2653.264 us
[ros2_control_node-1] [WARN] [1776902231.554302044] [controller_manager]: Overrun detected! The controller manager missed its desired rate of 1000 Hz. The loop took 3.360437 ms (missed cycles : 4).
[move_group-20] [INFO] [1776902231.592670663] [move_group]: Calling PlanningResponseAdapter 'AddTimeOptimalParameterization'
[move_group-20] [INFO] [1776902231.614508005] [move_group]: Calling PlanningResponseAdapter 'ValidateSolution'
[move_group-20] [INFO] [1776902231.619354671] [move_group]: Calling PlanningResponseAdapter 'DisplayMotionPath'
[move_group-20] [WARN] [1776902231.620758056] [move_group.moveit.moveit.ros.planning_pipeline]: The planner plugin did not fill out the 'planner_id' field of the MotionPlanResponse. Setting it to the planner ID name of the MotionPlanRequest assuming that the planner plugin does warn you if it does not use the requested planner.
[move_group-20] [INFO] [1776902231.622108098] [move_group.moveit.moveit.plugins.simple_controller_manager]: Returned 2 controllers in list
[move_group-20] [INFO] [1776902231.622162295] [move_group.moveit.moveit.plugins.simple_controller_manager]: Returned 2 controllers in list
[move_group-20] [INFO] [1776902231.622294389] [move_group.moveit.moveit.ros.trajectory_execution_manager]: Validating trajectory with allowed_start_tolerance 0.01
[move_group-20] [INFO] [1776902231.639223439] [move_group.moveit.moveit.ros.trajectory_execution_manager]: Starting trajectory execution ...
[move_group-20] [INFO] [1776902231.639391957] [move_group.moveit.moveit.plugins.simple_controller_manager]: Returned 2 controllers in list
[move_group-20] [INFO] [1776902231.639459457] [move_group.moveit.moveit.plugins.simple_controller_manager]: Returned 2 controllers in list
[move_group-20] [INFO] [1776902231.639883575] [moveit.simple_controller_manager.follow_joint_trajectory_controller_handle]: sending trajectory to joint_trajectory_controller
[ros2_control_node-1] [INFO] [1776902231.641249114] [joint_trajectory_controller]: Received new action goal
[ros2_control_node-1] [INFO] [1776902231.641466813] [joint_trajectory_controller]: Accepted new action goal
[move_group-20] [INFO] [1776902231.642682387] [moveit.simple_controller_manager.follow_joint_trajectory_controller_handle]: joint_trajectory_controller started execution
[move_group-20] [INFO] [1776902231.642718449] [moveit.simple_controller_manager.follow_joint_trajectory_controller_handle]: Goal request accepted!
[adl_ui-15] 127.0.0.1 - - [22/Apr/2026 19:57:11] "GET /status_json HTTP/1.1" 200 -
[joint_state_sanitizer-3] [WARN] [1776902231.959086688] [joint_state_sanitizer_node]: [joint_state_sanitizer] Published sanitized joint state: joint_1:-3.134->-3.132
[ros2_control_node-1] [WARN] [1776902232.553471796] [controller_manager]: Overrun might occur, Total time : 3504.388 us (Expected < 1000.000 us) --> Read time : 38.904 us, Update time : 279.469 us, Write time : 3186.015 us
[ros2_control_node-1] [WARN] [1776902232.556407917] [controller_manager]: Overrun detected! The controller manager missed its desired rate of 1000 Hz. The loop took 2.466427 ms (missed cycles : 3).
[adl_ui-15] 127.0.0.1 - - [22/Apr/2026 19:57:12] "GET /status_json HTTP/1.1" 200 -
[vision_apriltag-9] [INFO] [1776902232.911064601] [vision_apriltag_node]: Vision AprilTag: scene is locked; detection publishing is paused.
[wrist_camera_usb_publisher-8] [INFO] [1776902232.954586385] [wrist_camera_usb_publisher_node]: USB camera publisher heartbeat: publishing 1280x720 frames on /wrist_mounted_camera/image; camera_info fx=920.87, fy=921.57, cx=644.76, cy=343.15.
[adl_ui-15] 127.0.0.1 - - [22/Apr/2026 19:57:13] "GET /status_json HTTP/1.1" 200 -
[ros2_control_node-1] [WARN] [1776902233.555101544] [controller_manager]: Overrun might occur, Total time : 3132.019 us (Expected < 1000.000 us) --> Read time : 49.942 us, Update time : 473.907 us, Write time : 2608.170 us
[ros2_control_node-1] [WARN] [1776902233.559014740] [controller_manager]: Overrun detected! The controller manager missed its desired rate of 1000 Hz. The loop took 3.073919 ms (missed cycles : 4).
[adl_ui-15] 127.0.0.1 - - [22/Apr/2026 19:57:14] "GET /status_json HTTP/1.1" 200 -
[ros2_control_node-1] [WARN] [1776902234.557881641] [controller_manager]: Overrun might occur, Total time : 2904.578 us (Expected < 1000.000 us) --> Read time : 42.923 us, Update time : 270.481 us, Write time : 2591.174 us
[ros2_control_node-1] [WARN] [1776902234.560433012] [controller_manager]: Overrun detected! The controller manager missed its desired rate of 1000 Hz. The loop took 2.491841 ms (missed cycles : 3).
[adl_ui-15] 127.0.0.1 - - [22/Apr/2026 19:57:14] "GET /status_json HTTP/1.1" 200 -
[vision_apriltag-9] [INFO] [1776902234.911569564] [vision_apriltag_node]: Vision AprilTag: scene is locked; detection publishing is paused.
[ros2_control_node-1] [WARN] [1776902235.559789653] [controller_manager]: Overrun might occur, Total time : 2833.027 us (Expected < 1000.000 us) --> Read time : 31.632 us, Update time : 260.425 us, Write time : 2540.970 us
[ros2_control_node-1] [WARN] [1776902235.562883323] [controller_manager]: Overrun detected! The controller manager missed its desired rate of 1000 Hz. The loop took 2.942418 ms (missed cycles : 3).
[adl_ui-15] 127.0.0.1 - - [22/Apr/2026 19:57:15] "GET /status_json HTTP/1.1" 200 -
[adl_ui-15] 127.0.0.1 - - [22/Apr/2026 19:57:16] "GET /status_json HTTP/1.1" 200 -
[ros2_control_node-1] [WARN] [1776902236.562202177] [controller_manager]: Overrun might occur, Total time : 3212.491 us (Expected < 1000.000 us) --> Read time : 69.562 us, Update time : 515.571 us, Write time : 2627.358 us
[ros2_control_node-1] [WARN] [1776902236.565847271] [controller_manager]: Overrun detected! The controller manager missed its desired rate of 1000 Hz. The loop took 2.905476 ms (missed cycles : 3).
[vision_apriltag-9] [INFO] [1776902236.912350971] [vision_apriltag_node]: Vision AprilTag: scene is locked; detection publishing is paused.
[adl_ui-15] 127.0.0.1 - - [22/Apr/2026 19:57:17] "GET /status_json HTTP/1.1" 200 -
[ros2_control_node-1] [WARN] [1776902237.563854349] [controller_manager]: Overrun might occur, Total time : 2878.752 us (Expected < 1000.000 us) --> Read time : 32.525 us, Update time : 237.307 us, Write time : 2608.920 us
[ros2_control_node-1] [WARN] [1776902237.567013313] [controller_manager]: Overrun detected! The controller manager missed its desired rate of 1000 Hz. The loop took 3.071863 ms (missed cycles : 4).
[adl_ui-15] 127.0.0.1 - - [22/Apr/2026 19:57:17] "GET /status_json HTTP/1.1" 200 -
[wrist_camera_usb_publisher-8] [INFO] [1776902238.116201374] [wrist_camera_usb_publisher_node]: USB camera publisher heartbeat: publishing 1280x720 frames on /wrist_mounted_camera/image; camera_info fx=920.87, fy=921.57, cx=644.76, cy=343.15.
[ros2_control_node-1] [WARN] [1776902238.563868179] [controller_manager]: Overrun might occur, Total time : 2910.461 us (Expected < 1000.000 us) --> Read time : 27.728 us, Update time : 227.974 us, Write time : 2654.759 us
[ros2_control_node-1] [WARN] [1776902238.569849116] [controller_manager]: Overrun detected! The controller manager missed its desired rate of 1000 Hz. The loop took 2.907968 ms (missed cycles : 3).
[adl_ui-15] 127.0.0.1 - - [22/Apr/2026 19:57:18] "GET /status_json HTTP/1.1" 200 -
[vision_apriltag-9] [INFO] [1776902238.911891325] [vision_apriltag_node]: Vision AprilTag: scene is locked; detection publishing is paused.
[adl_ui-15] 127.0.0.1 - - [22/Apr/2026 19:57:19] "GET /status_json HTTP/1.1" 200 -
[ros2_control_node-1] [WARN] [1776902239.565919413] [controller_manager]: Overrun might occur, Total time : 2951.923 us (Expected < 1000.000 us) --> Read time : 58.985 us, Update time : 269.262 us, Write time : 2623.676 us
[ros2_control_node-1] [WARN] [1776902239.571740864] [controller_manager]: Overrun detected! The controller manager missed its desired rate of 1000 Hz. The loop took 4.799459 ms (missed cycles : 5).
[adl_ui-15] 127.0.0.1 - - [22/Apr/2026 19:57:20] "GET /status_json HTTP/1.1" 200 -
[ros2_control_node-1] [WARN] [1776902240.567408343] [controller_manager]: Overrun might occur, Total time : 2438.124 us (Expected < 1000.000 us) --> Read time : 23.757 us, Update time : 216.061 us, Write time : 2198.306 us
[ros2_control_node-1] [WARN] [1776902240.574466546] [controller_manager]: Overrun detected! The controller manager missed its desired rate of 1000 Hz. The loop took 3.525725 ms (missed cycles : 4).
[adl_ui-15] 127.0.0.1 - - [22/Apr/2026 19:57:20] "GET /status_json HTTP/1.1" 200 -
[vision_apriltag-9] [INFO] [1776902240.911618819] [vision_apriltag_node]: Vision AprilTag: scene is locked; detection publishing is paused.
[ros2_control_node-1] [WARN] [1776902241.570469555] [controller_manager]: Overrun might occur, Total time : 3507.513 us (Expected < 1000.000 us) --> Read time : 67.132 us, Update time : 297.013 us, Write time : 3143.368 us
[ros2_control_node-1] [WARN] [1776902241.576762497] [controller_manager]: Overrun detected! The controller manager missed its desired rate of 1000 Hz. The loop took 2.821159 ms (missed cycles : 3).
[adl_ui-15] 127.0.0.1 - - [22/Apr/2026 19:57:21] "GET /status_json HTTP/1.1" 200 -
[joint_state_sanitizer-3] [WARN] [1776902242.020621640] [joint_state_sanitizer_node]: [joint_state_sanitizer] Published sanitized joint state: joint_3:+3.134->+3.132
[adl_ui-15] 127.0.0.1 - - [22/Apr/2026 19:57:22] "GET /status_json HTTP/1.1" 200 -
[ros2_control_node-1] [INFO] [1776902242.517229914] [joint_trajectory_controller]: Goal reached, success!
[move_group-20] [INFO] [1776902242.543929497] [moveit.simple_controller_manager.follow_joint_trajectory_controller_handle]: Controller 'joint_trajectory_controller' successfully finished
[ros2_control_node-1] [WARN] [1776902242.570553699] [controller_manager]: Overrun might occur, Total time : 2595.192 us (Expected < 1000.000 us) --> Read time : 52.715 us, Update time : 218.654 us, Write time : 2323.823 us
[ros2_control_node-1] [WARN] [1776902242.577676220] [controller_manager]: Overrun detected! The controller manager missed its desired rate of 1000 Hz. The loop took 3.733735 ms (missed cycles : 4).
[move_group-20] [INFO] [1776902242.595415954] [move_group.moveit.moveit.ros.trajectory_execution_manager]: Completed trajectory execution with status SUCCEEDED ...
[move_group-20] [INFO] [1776902242.596657931] [move_group.moveit.moveit.ros.move_group.move_action]: Solution was found and executed.
[clear_table-13] [INFO] [1776902242.701997095] [clear_table_node]: Scene UNLOCKED.
[scene_from_vision-10] [INFO] [1776902242.703614763] [scene_from_vision_node]: Scene UNLOCKED - updates resuming.
[vision_apriltag-9] [WARN] [1776902242.912203663] [vision_apriltag_node]: Vision AprilTag: last image on /wrist_mounted_camera/image arrived 11.6s ago.
[adl_ui-15] 127.0.0.1 - - [22/Apr/2026 19:57:23] "GET /status_json HTTP/1.1" 200 -
[wrist_camera_usb_publisher-8] [INFO] [1776902243.277687256] [wrist_camera_usb_publisher_node]: USB camera publisher heartbeat: publishing 1280x720 frames on /wrist_mounted_camera/image; camera_info fx=920.87, fy=921.57, cx=644.76, cy=343.15.
[vision_apriltag-9] [INFO] [1776902243.409318715] [vision_apriltag_node]: Vision AprilTag detection debug: no tags found after raw/CLAHE/sharp/adaptive/upscaled/tiled passes.
[ros2_control_node-1] [WARN] [1776902243.572041576] [controller_manager]: Overrun might occur, Total time : 5073.557 us (Expected < 1000.000 us) --> Read time : 47.080 us, Update time : 291.742 us, Write time : 4734.735 us
[ros2_control_node-1] [WARN] [1776902243.582433035] [controller_manager]: Overrun detected! The controller manager missed its desired rate of 1000 Hz. The loop took 6.491468 ms (missed cycles : 7).
[vision_apriltag-9] [INFO] [1776902243.677398364] [vision_apriltag_node]: Vision AprilTag visible IDs: [4]
[adl_ui-15] 127.0.0.1 - - [22/Apr/2026 19:57:23] "GET /status_json HTTP/1.1" 200 -
[clear_table-13] [INFO] [1776902244.103051911] [clear_table_node]: Initial top scan pose reached. Deterministic two-phase scan will collect top then side targets.
[clear_table-13] [INFO] [1776902244.103939843] [clear_table_node]: Scene UNLOCKED.
[scene_from_vision-10] [INFO] [1776902244.107150619] [scene_from_vision_node]: Scene UNLOCKED - updates resuming.
[vision_apriltag-9] [INFO] [1776902244.140934667] [vision_apriltag_node]: Service: Tag 4 found and base-frame pose returned.
[clear_table-13] [INFO] [1776902244.255159492] [clear_table_node]: Vision ENABLED.
[clear_table-13] [INFO] [1776902244.260882131] [clear_table_node]: Running deterministic clear_table scan sequence: top_center (standard top view over the table) -> top_downturned (downward top view for flat tags and back-right table coverage) -> side_right (right-shifted side view for cup/side tags) -> side_left (left-shifted side view for cup/side tags).
[clear_table-13] [INFO] [1776902244.261960149] [clear_table_node]: Two-phase scan is configured to run at least one side sweep before returning priority top-ID detections because side-grasp targets are in scope.
[clear_table-13] [INFO] [1776902244.262786776] [clear_table_node]: Scene LOCKED.
[scene_from_vision-10] [INFO] [1776902244.264791419] [scene_from_vision_node]: Scene LOCKED - updates paused.
[clear_table-13] [INFO] [1776902244.414114452] [clear_table_node]: look_at_table: already near fixed lab scan joint pose; skipping motion.
[clear_table-13] [INFO] [1776902244.415251253] [clear_table_node]: Scene UNLOCKED.
[scene_from_vision-10] [INFO] [1776902244.417754867] [scene_from_vision_node]: Scene UNLOCKED - updates resuming.
[ros2_control_node-1] [WARN] [1776902244.575057898] [controller_manager]: Overrun might occur, Total time : 3079.664 us (Expected < 1000.000 us) --> Read time : 41.397 us, Update time : 276.898 us, Write time : 2761.369 us
[ros2_control_node-1] [WARN] [1776902244.583200720] [controller_manager]: Overrun detected! The controller manager missed its desired rate of 1000 Hz. The loop took 3.259151 ms (missed cycles : 4).
[adl_ui-15] 127.0.0.1 - - [22/Apr/2026 19:57:24] "GET /status_json HTTP/1.1" 200 -
[clear_table-13] [INFO] [1776902244.919090760] [clear_table_node]: scan_scene source label set to 'top_center'.
[scene_from_vision-10] [INFO] [1776902244.922178796] [scene_from_vision_node]: Scene scan started for 5.0s. source='top_center'. Visible detections will be sampled, filtered, and committed at scan end.
[scene_from_vision-10] [INFO] [1776902244.922615525] [scene_from_vision_node]: Scene scan source label received: 'top_center'.
[vision_apriltag-9] [INFO] [1776902244.924258067] [vision_apriltag_node]: Service: Tag 4 found and base-frame pose returned.
[vision_apriltag-9] [INFO] [1776902245.024716208] [vision_apriltag_node]: Service: Tag 4 found and base-frame pose returned.
[vision_apriltag-9] [INFO] [1776902245.125190704] [vision_apriltag_node]: Service: Tag 4 found and base-frame pose returned.
[vision_apriltag-9] [INFO] [1776902245.143842425] [vision_apriltag_node]: Service: Tag 4 found and base-frame pose returned.
[vision_apriltag-9] [INFO] [1776902245.225513520] [vision_apriltag_node]: Service: Tag 4 found and base-frame pose returned.
[vision_apriltag-9] [INFO] [1776902245.327149522] [vision_apriltag_node]: Service: Tag 4 found and base-frame pose returned.
[adl_ui-15] 127.0.0.1 - - [22/Apr/2026 19:57:25] "GET /status_json HTTP/1.1" 200 -
[vision_apriltag-9] [INFO] [1776902245.426710969] [vision_apriltag_node]: Service: Tag 4 found and base-frame pose returned.
[vision_apriltag-9] [INFO] [1776902245.527217498] [vision_apriltag_node]: Service: Tag 4 found and base-frame pose returned.
[ros2_control_node-1] [WARN] [1776902245.577650919] [controller_manager]: Overrun might occur, Total time : 3650.235 us (Expected < 1000.000 us) --> Read time : 70.514 us, Update time : 331.503 us, Write time : 3248.218 us
[ros2_control_node-1] [WARN] [1776902245.583555971] [controller_manager]: Overrun detected! The controller manager missed its desired rate of 1000 Hz. The loop took 2.613710 ms (missed cycles : 3).
[vision_apriltag-9] [INFO] [1776902245.629462040] [vision_apriltag_node]: Service: Tag 4 found and base-frame pose returned.
[vision_apriltag-9] [INFO] [1776902245.729149882] [vision_apriltag_node]: Service: Tag 4 found and base-frame pose returned.
[vision_apriltag-9] [INFO] [1776902245.829925467] [vision_apriltag_node]: Service: Tag 4 found and base-frame pose returned.
[vision_apriltag-9] [INFO] [1776902245.930483182] [vision_apriltag_node]: Service: Tag 4 found and base-frame pose returned.
[vision_apriltag-9] [INFO] [1776902246.048063969] [vision_apriltag_node]: Service: Tag 4 found and base-frame pose returned.
[vision_apriltag-9] [INFO] [1776902246.134758783] [vision_apriltag_node]: Service: Tag 4 found and base-frame pose returned.
[adl_ui-15] 127.0.0.1 - - [22/Apr/2026 19:57:26] "GET /status_json HTTP/1.1" 200 -
[vision_apriltag-9] [INFO] [1776902246.142537249] [vision_apriltag_node]: Service: Tag 4 found and base-frame pose returned.
[vision_apriltag-9] [INFO] [1776902246.234349134] [vision_apriltag_node]: Service: Tag 4 found and base-frame pose returned.
[vision_apriltag-9] [INFO] [1776902246.337156160] [vision_apriltag_node]: Service: Tag 4 found and base-frame pose returned.
[vision_apriltag-9] [INFO] [1776902246.437064013] [vision_apriltag_node]: Service: Tag 4 found and base-frame pose returned.
[vision_apriltag-9] [INFO] [1776902246.537849366] [vision_apriltag_node]: Service: Tag 4 found and base-frame pose returned.
[ros2_control_node-1] [WARN] [1776902246.581161603] [controller_manager]: Overrun might occur, Total time : 3192.195 us (Expected < 1000.000 us) --> Read time : 49.051 us, Update time : 255.105 us, Write time : 2888.039 us
[ros2_control_node-1] [WARN] [1776902246.584915519] [controller_manager]: Overrun detected! The controller manager missed its desired rate of 1000 Hz. The loop took 2.973906 ms (missed cycles : 3).
[vision_apriltag-9] [INFO] [1776902246.650113427] [vision_apriltag_node]: Service: Tag 4 found and base-frame pose returned.
[vision_apriltag-9] [INFO] [1776902246.743137533] [vision_apriltag_node]: Service: Tag 4 found and base-frame pose returned.
[vision_apriltag-9] [INFO] [1776902246.840898403] [vision_apriltag_node]: Service: Tag 4 found and base-frame pose returned.
[adl_ui-15] 127.0.0.1 - - [22/Apr/2026 19:57:26] "GET /status_json HTTP/1.1" 200 -
[vision_apriltag-9] [INFO] [1776902246.944813448] [vision_apriltag_node]: Service: Tag 4 found and base-frame pose returned.
[vision_apriltag-9] [INFO] [1776902247.044019950] [vision_apriltag_node]: Service: Tag 4 found and base-frame pose returned.
[vision_apriltag-9] [INFO] [1776902247.139752307] [vision_apriltag_node]: Service: Tag 4 found and base-frame pose returned.
[vision_apriltag-9] [INFO] [1776902247.146068069] [vision_apriltag_node]: Service: Tag 4 found and base-frame pose returned.
[vision_apriltag-9] [INFO] [1776902247.245273975] [vision_apriltag_node]: Service: Tag 4 found and base-frame pose returned.
[vision_apriltag-9] [INFO] [1776902247.346272712] [vision_apriltag_node]: Service: Tag 4 found and base-frame pose returned.
[ros2_control_node-1] [WARN] [1776902247.585409374] [controller_manager]: Overrun might occur, Total time : 4439.932 us (Expected < 1000.000 us) --> Read time : 35.038 us, Update time : 240.718 us, Write time : 4164.176 us
[ros2_control_node-1] [WARN] [1776902247.585490506] [controller_manager]: Overrun detected! The controller manager missed its desired rate of 1000 Hz. The loop took 4.548563 ms (missed cycles : 5).
[vision_apriltag-9] [INFO] [1776902247.612943556] [vision_apriltag_node]: Service: Tag 4 found and base-frame pose returned.
[adl_ui-15] 127.0.0.1 - - [22/Apr/2026 19:57:27] "GET /status_json HTTP/1.1" 200 -
[vision_apriltag-9] [INFO] [1776902247.866278024] [vision_apriltag_node]: Service: Tag 4 found and base-frame pose returned.
[clear_table-13] [WARN] [1776902247.939684406] [clear_table_node]: scan_scene timed out after 3.0s; using current remembered IDs.
[vision_apriltag-9] [INFO] [1776902247.956138919] [vision_apriltag_node]: Service: Tag 4 found and base-frame pose returned.
[vision_apriltag-9] [INFO] [1776902247.964808351] [vision_apriltag_node]: Service: Tag 4 found and base-frame pose returned.
[clear_table-13] [INFO] [1776902247.965530668] [clear_table_node]: Two-phase top-pose freeze latched ID 4 from two-phase top scan 'top_center'.
[clear_table-13] [INFO] [1776902247.968369392] [clear_table_node]: Two-phase top scan 'top_center' detected top-grasp IDs [4].
[clear_table-13] [INFO] [1776902247.974352580] [clear_table_node]: Scene LOCKED.
[scene_from_vision-10] [INFO] [1776902247.977070585] [scene_from_vision_node]: Scene LOCKED - updates paused.
[clear_table-13] [INFO] [1776902248.126023338] [clear_table_node]: look_at_table_downturned_scan: moving to deterministic downturned top scan pose.
[move_group-20] [ERROR] [1776902248.165373102] [move_group.moveit.moveit.core.conversions]: Found empty JointState message
[clear_table-13] [INFO] [1776902248.168982824] [clear_table_node]: Start state: collision-valid — no collisions (not a joint-bounds check).
[move_group-20] [INFO] [1776902248.170326111] [move_group.moveit.moveit.ros.move_group.move_action]: MoveGroupMoveAction: Received request
[move_group-20] [INFO] [1776902248.170499871] [move_group.moveit.moveit.ros.move_group.move_action]: executing..
[move_group-20] [INFO] [1776902248.177774056] [move_group.moveit.moveit.ros.move_group.move_action]: Combined planning and execution request received for MoveGroup action. Forwarding to planning and execution pipeline.
[move_group-20] [WARN] [1776902248.177831117] [move_group.moveit.moveit.ros.move_group.capability]: Execution of motions should always start at the robot's current state. Ignoring the state supplied as start state in the motion planning request
[move_group-20] [WARN] [1776902248.177850340] [move_group.moveit.moveit.ros.move_group.capability]: Execution of motions should always start at the robot's current state. Ignoring the state supplied as difference in the planning scene diff
[move_group-20] [INFO] [1776902248.177861657] [move_group.moveit.moveit.ros.plan_execution]: Planning attempt 1 of at most 1
[move_group-20] [INFO] [1776902248.178269396] [move_group]: Calling PlanningRequestAdapter 'ResolveConstraintFrames'
[move_group-20] [INFO] [1776902248.178330448] [move_group]: Calling PlanningRequestAdapter 'ValidateWorkspaceBounds'
[move_group-20] [INFO] [1776902248.178347249] [move_group]: Calling PlanningRequestAdapter 'CheckStartStateBounds'
[move_group-20] [INFO] [1776902248.178377126] [move_group]: Calling PlanningRequestAdapter 'CheckStartStateCollision'
[move_group-20] [INFO] [1776902248.178934821] [move_group.moveit.moveit.planners.ompl.model_based_planning_context]: Planner configuration 'manipulator' will use planner 'geometric::RRTConnect'. Additional configuration parameters will be set when the planner is constructed.
[move_group-20] [INFO] [1776902248.179020310] [move_group]: Calling Planner 'OMPL'
[move_group-20] [INFO] [1776902248.199491892] [move_group]: Calling PlanningResponseAdapter 'AddTimeOptimalParameterization'
[move_group-20] [INFO] [1776902248.200970264] [move_group]: Calling PlanningResponseAdapter 'ValidateSolution'
[move_group-20] [INFO] [1776902248.201667438] [move_group]: Calling PlanningResponseAdapter 'DisplayMotionPath'
[move_group-20] [WARN] [1776902248.201808258] [move_group.moveit.moveit.ros.planning_pipeline]: The planner plugin did not fill out the 'planner_id' field of the MotionPlanResponse. Setting it to the planner ID name of the MotionPlanRequest assuming that the planner plugin does warn you if it does not use the requested planner.
[move_group-20] [INFO] [1776902248.201945645] [move_group.moveit.moveit.plugins.simple_controller_manager]: Returned 2 controllers in list
[move_group-20] [INFO] [1776902248.201973636] [move_group.moveit.moveit.plugins.simple_controller_manager]: Returned 2 controllers in list
[move_group-20] [INFO] [1776902248.202049287] [move_group.moveit.moveit.ros.trajectory_execution_manager]: Validating trajectory with allowed_start_tolerance 0.01
[move_group-20] [INFO] [1776902248.215297157] [move_group.moveit.moveit.ros.trajectory_execution_manager]: Starting trajectory execution ...
[move_group-20] [INFO] [1776902248.215367242] [move_group.moveit.moveit.plugins.simple_controller_manager]: Returned 2 controllers in list
[move_group-20] [INFO] [1776902248.215400612] [move_group.moveit.moveit.plugins.simple_controller_manager]: Returned 2 controllers in list
[move_group-20] [INFO] [1776902248.215565336] [moveit.simple_controller_manager.follow_joint_trajectory_controller_handle]: sending trajectory to joint_trajectory_controller
[ros2_control_node-1] [INFO] [1776902248.215997762] [joint_trajectory_controller]: Received new action goal
[ros2_control_node-1] [INFO] [1776902248.216045835] [joint_trajectory_controller]: Accepted new action goal
[move_group-20] [INFO] [1776902248.216933802] [moveit.simple_controller_manager.follow_joint_trajectory_controller_handle]: joint_trajectory_controller started execution
[move_group-20] [INFO] [1776902248.216954198] [moveit.simple_controller_manager.follow_joint_trajectory_controller_handle]: Goal request accepted!
[adl_ui-15] 127.0.0.1 - - [22/Apr/2026 19:57:28] "GET /status_json HTTP/1.1" 200 -
[vision_apriltag-9] [INFO] [1776902248.417736469] [vision_apriltag_node]: Vision AprilTag detection debug: no tags found after raw/CLAHE/sharp/adaptive/upscaled/tiled passes.
[wrist_camera_usb_publisher-8] [INFO] [1776902248.439016856] [wrist_camera_usb_publisher_node]: USB camera publisher heartbeat: publishing 1280x720 frames on /wrist_mounted_camera/image; camera_info fx=920.87, fy=921.57, cx=644.76, cy=343.15.
[ros2_control_node-1] [WARN] [1776902248.586605193] [controller_manager]: Overrun might occur, Total time : 2643.151 us (Expected < 1000.000 us) --> Read time : 34.288 us, Update time : 214.742 us, Write time : 2394.121 us
[ros2_control_node-1] [WARN] [1776902248.586665697] [controller_manager]: Overrun detected! The controller manager missed its desired rate of 1000 Hz. The loop took 2.723914 ms (missed cycles : 3).
[vision_apriltag-9] [INFO] [1776902248.914130322] [vision_apriltag_node]: Vision AprilTag: scene is locked; detection publishing is paused.
[adl_ui-15] 127.0.0.1 - - [22/Apr/2026 19:57:29] "GET /status_json HTTP/1.1" 200 -
[ros2_control_node-1] [INFO] [1776902249.436137454] [joint_trajectory_controller]: Goal reached, success!
[move_group-20] [INFO] [1776902249.517190730] [moveit.simple_controller_manager.follow_joint_trajectory_controller_handle]: Controller 'joint_trajectory_controller' successfully finished
[move_group-20] [INFO] [1776902249.574951094] [move_group.moveit.moveit.ros.trajectory_execution_manager]: Completed trajectory execution with status SUCCEEDED ...
[move_group-20] [INFO] [1776902249.575390347] [move_group.moveit.moveit.ros.move_group.move_action]: Solution was found and executed.
[ros2_control_node-1] [WARN] [1776902249.586643636] [controller_manager]: Overrun might occur, Total time : 2664.003 us (Expected < 1000.000 us) --> Read time : 36.903 us, Update time : 268.805 us, Write time : 2358.295 us
[ros2_control_node-1] [WARN] [1776902249.586740429] [controller_manager]: Overrun detected! The controller manager missed its desired rate of 1000 Hz. The loop took 2.798581 ms (missed cycles : 3).
[clear_table-13] [INFO] [1776902249.681830554] [clear_table_node]: Scene UNLOCKED.
[scene_from_vision-10] [INFO] [1776902249.683116430] [scene_from_vision_node]: Scene UNLOCKED - updates resuming.
[vision_apriltag-9] [INFO] [1776902249.761783415] [vision_apriltag_node]: Service: Tag 4 found and base-frame pose returned.
[vision_apriltag-9] [INFO] [1776902249.861776538] [vision_apriltag_node]: Service: Tag 4 found and base-frame pose returned.
[adl_ui-15] 127.0.0.1 - - [22/Apr/2026 19:57:29] "GET /status_json HTTP/1.1" 200 -
[scene_from_vision-10] [INFO] [1776902249.963061885] [scene_from_vision_node]: Scan committed tag 4: raw=33, accepted=33, rejected=0, median tag pose x=0.694, y=-0.111, z=0.175. object center x=0.674, y=-0.117, z=0.147, yaw=+3.6deg. table_delta x=-0.007, y=-0.117.
[scene_from_vision-10] [INFO] [1776902249.964652825] [scene_from_vision_node]: Published obj_4 (new) at x=0.674, y=-0.117, z=0.147, yaw=+3.6deg
[scene_from_vision-10] [INFO] [1776902249.967777895] [scene_from_vision_node]: Scene scan complete. Remembered object IDs: [4]
[scene_from_vision-10] [INFO] [1776902249.969730962] [scene_from_vision_node]: /apply_planning_scene accepted dynamic scene updates; MoveIt should mirror these objects to RViz.
[clear_table-13] [INFO] [1776902250.183458072] [clear_table_node]: scan_scene source label set to 'top_downturned'.
[scene_from_vision-10] [INFO] [1776902250.189225927] [scene_from_vision_node]: Scene scan started for 5.0s. source='top_downturned'. Visible detections will be sampled, filtered, and committed at scan end.
[scene_from_vision-10] [INFO] [1776902250.192260059] [scene_from_vision_node]: Scene scan source label received: 'top_downturned'.
[vision_apriltag-9] [INFO] [1776902250.199123722] [vision_apriltag_node]: Service: Tag 4 found and base-frame pose returned.
[vision_apriltag-9] [INFO] [1776902250.298140271] [vision_apriltag_node]: Service: Tag 4 found and base-frame pose returned.
[vision_apriltag-9] [INFO] [1776902250.398321293] [vision_apriltag_node]: Service: Tag 4 found and base-frame pose returned.
[vision_apriltag-9] [INFO] [1776902250.500570335] [vision_apriltag_node]: Service: Tag 4 found and base-frame pose returned.
[ros2_control_node-1] [WARN] [1776902250.589886184] [controller_manager]: Overrun might occur, Total time : 2894.793 us (Expected < 1000.000 us) --> Read time : 46.992 us, Update time : 229.931 us, Write time : 2617.870 us
[ros2_control_node-1] [WARN] [1776902250.590064792] [controller_manager]: Overrun detected! The controller manager missed its desired rate of 1000 Hz. The loop took 3.122278 ms (missed cycles : 4).
[vision_apriltag-9] [INFO] [1776902250.601779150] [vision_apriltag_node]: Service: Tag 4 found and base-frame pose returned.
[adl_ui-15] 127.0.0.1 - - [22/Apr/2026 19:57:30] "GET /status_json HTTP/1.1" 200 -
[vision_apriltag-9] [INFO] [1776902250.703580384] [vision_apriltag_node]: Service: Tag 4 found and base-frame pose returned.
[vision_apriltag-9] [INFO] [1776902250.804246410] [vision_apriltag_node]: Service: Tag 4 found and base-frame pose returned.
[vision_apriltag-9] [INFO] [1776902250.905758081] [vision_apriltag_node]: Service: Tag 4 found and base-frame pose returned.
[vision_apriltag-9] [INFO] [1776902251.006239186] [vision_apriltag_node]: Service: Tag 4 found and base-frame pose returned.
[vision_apriltag-9] [INFO] [1776902251.111914418] [vision_apriltag_node]: Service: Tag 4 found and base-frame pose returned.
[vision_apriltag-9] [INFO] [1776902251.141597268] [vision_apriltag_node]: Service: Tag 4 found and base-frame pose returned.
[vision_apriltag-9] [INFO] [1776902251.207213275] [vision_apriltag_node]: Service: Tag 4 found and base-frame pose returned.
[vision_apriltag-9] [INFO] [1776902251.308100311] [vision_apriltag_node]: Service: Tag 4 found and base-frame pose returned.
[adl_ui-15] 127.0.0.1 - - [22/Apr/2026 19:57:31] "GET /status_json HTTP/1.1" 200 -
[vision_apriltag-9] [INFO] [1776902251.409119763] [vision_apriltag_node]: Service: Tag 4 found and base-frame pose returned.
[vision_apriltag-9] [INFO] [1776902251.509765263] [vision_apriltag_node]: Service: Tag 4 found and base-frame pose returned.
[ros2_control_node-1] [WARN] [1776902251.591737466] [controller_manager]: Overrun might occur, Total time : 2778.122 us (Expected < 1000.000 us) --> Read time : 36.152 us, Update time : 245.704 us, Write time : 2496.266 us
[ros2_control_node-1] [WARN] [1776902251.591801971] [controller_manager]: Overrun detected! The controller manager missed its desired rate of 1000 Hz. The loop took 2.860317 ms (missed cycles : 3).
[vision_apriltag-9] [INFO] [1776902251.613888606] [vision_apriltag_node]: Service: Tag 4 found and base-frame pose returned.
[vision_apriltag-9] [INFO] [1776902251.711461277] [vision_apriltag_node]: Service: Tag 4 found and base-frame pose returned.
[vision_apriltag-9] [INFO] [1776902251.812174922] [vision_apriltag_node]: Service: Tag 4 found and base-frame pose returned.
[vision_apriltag-9] [INFO] [1776902251.913774049] [vision_apriltag_node]: Service: Tag 4 found and base-frame pose returned.
[scene_from_vision-10] [INFO] [1776902252.019592170] [scene_from_vision_node]: Published obj_4 (heartbeat) at x=0.674, y=-0.117, z=0.147, yaw=+3.6deg
[vision_apriltag-9] [INFO] [1776902252.019751004] [vision_apriltag_node]: Service: Tag 4 found and base-frame pose returned.
[vision_apriltag-9] [INFO] [1776902252.127096229] [vision_apriltag_node]: Service: Tag 4 found and base-frame pose returned.
[adl_ui-15] 127.0.0.1 - - [22/Apr/2026 19:57:32] "GET /status_json HTTP/1.1" 200 -
[vision_apriltag-9] [INFO] [1776902252.141200074] [vision_apriltag_node]: Service: Tag 4 found and base-frame pose returned.
[vision_apriltag-9] [INFO] [1776902252.227343196] [vision_apriltag_node]: Service: Tag 4 found and base-frame pose returned.
[vision_apriltag-9] [INFO] [1776902252.328445225] [vision_apriltag_node]: Service: Tag 4 found and base-frame pose returned.
[vision_apriltag-9] [INFO] [1776902252.428763915] [vision_apriltag_node]: Service: Tag 4 found and base-frame pose returned.
[vision_apriltag-9] [INFO] [1776902252.529994489] [vision_apriltag_node]: Service: Tag 4 found and base-frame pose returned.
[ros2_control_node-1] [WARN] [1776902252.592990573] [controller_manager]: Overrun might occur, Total time : 3012.074 us (Expected < 1000.000 us) --> Read time : 44.803 us, Update time : 327.596 us, Write time : 2639.675 us
[ros2_control_node-1] [WARN] [1776902252.593103654] [controller_manager]: Overrun detected! The controller manager missed its desired rate of 1000 Hz. The loop took 3.160630 ms (missed cycles : 4).
[vision_apriltag-9] [INFO] [1776902252.630391760] [vision_apriltag_node]: Service: Tag 4 found and base-frame pose returned.
[vision_apriltag-9] [INFO] [1776902252.733383060] [vision_apriltag_node]: Service: Tag 4 found and base-frame pose returned.
[vision_apriltag-9] [INFO] [1776902252.833634840] [vision_apriltag_node]: Service: Tag 4 found and base-frame pose returned.
[adl_ui-15] 127.0.0.1 - - [22/Apr/2026 19:57:32] "GET /status_json HTTP/1.1" 200 -
[vision_apriltag-9] [INFO] [1776902252.938331176] [vision_apriltag_node]: Service: Tag 4 found and base-frame pose returned.
[vision_apriltag-9] [INFO] [1776902253.038184815] [vision_apriltag_node]: Service: Tag 4 found and base-frame pose returned.
[vision_apriltag-9] [INFO] [1776902253.136778359] [vision_apriltag_node]: Service: Tag 4 found and base-frame pose returned.
[clear_table-13] [WARN] [1776902253.211197734] [clear_table_node]: scan_scene timed out after 3.0s; using current remembered IDs.
[vision_apriltag-9] [INFO] [1776902253.216041103] [vision_apriltag_node]: Service: Tag 4 found and base-frame pose returned.
[clear_table-13] [INFO] [1776902253.224544820] [clear_table_node]: Two-phase top-pose freeze updated ID 4 from two-phase top scan 'top_downturned'.
[clear_table-13] [INFO] [1776902253.225848574] [clear_table_node]: Two-phase top scan 'top_downturned' detected top-grasp IDs [4].
[clear_table-13] [INFO] [1776902253.229952655] [clear_table_node]: Two-phase scan: priority top target(s) detected [4] after completing the configured top sweep. A side sweep is required, so continuing to side scan passes before target selection.
[clear_table-13] [INFO] [1776902253.232536991] [clear_table_node]: Removing startup table guard ring before two-phase side sweeps.
[clear_table-13] [INFO] [1776902253.235542657] [clear_table_node]: Removed temporary table guard ring 'clear_table_startup_guard'.
[vision_apriltag-9] [INFO] [1776902253.238271452] [vision_apriltag_node]: Service: Tag 4 found and base-frame pose returned.
[clear_table-13] [INFO] [1776902253.338486126] [clear_table_node]: Scene LOCKED.
[scene_from_vision-10] [INFO] [1776902253.339844810] [scene_from_vision_node]: Scene LOCKED - updates paused.
[vision_apriltag-9] [INFO] [1776902253.341800028] [vision_apriltag_node]: Service: Tag 4 found and base-frame pose returned.
[clear_table-13] [INFO] [1776902253.489575351] [clear_table_node]: look_at_table_horizontal_side_scan_with_offsets: moving to horizontal side scan with joint offsets (joint_1=-0.280, joint_6=-0.000).
[clear_table-13] [INFO] [1776902253.490664529] [clear_table_node]: look_at_table_horizontal_side_scan: current arm is not at target (worst=joint_6:2.621 rad > 0.080).
[clear_table-13] [INFO] [1776902253.491587708] [clear_table_node]: look_at_table_horizontal_side_scan: moving with deterministic fixed joint pose.
[move_group-20] [ERROR] [1776902253.493654943] [move_group.moveit.moveit.core.conversions]: Found empty JointState message
[clear_table-13] [INFO] [1776902253.498840077] [clear_table_node]: Start state: collision-valid — no collisions (not a joint-bounds check).
[move_group-20] [INFO] [1776902253.500006185] [move_group.moveit.moveit.ros.move_group.move_action]: MoveGroupMoveAction: Received request
[move_group-20] [INFO] [1776902253.500517420] [move_group.moveit.moveit.ros.move_group.move_action]: executing..
[move_group-20] [INFO] [1776902253.515875447] [move_group.moveit.moveit.ros.move_group.move_action]: Combined planning and execution request received for MoveGroup action. Forwarding to planning and execution pipeline.
[move_group-20] [WARN] [1776902253.515939540] [move_group.moveit.moveit.ros.move_group.capability]: Execution of motions should always start at the robot's current state. Ignoring the state supplied as start state in the motion planning request
[move_group-20] [WARN] [1776902253.515963002] [move_group.moveit.moveit.ros.move_group.capability]: Execution of motions should always start at the robot's current state. Ignoring the state supplied as difference in the planning scene diff
[move_group-20] [INFO] [1776902253.515977380] [move_group.moveit.moveit.ros.plan_execution]: Planning attempt 1 of at most 1
[move_group-20] [INFO] [1776902253.516312027] [move_group]: Calling PlanningRequestAdapter 'ResolveConstraintFrames'
[move_group-20] [INFO] [1776902253.516346785] [move_group]: Calling PlanningRequestAdapter 'ValidateWorkspaceBounds'
[move_group-20] [INFO] [1776902253.516362376] [move_group]: Calling PlanningRequestAdapter 'CheckStartStateBounds'
[move_group-20] [INFO] [1776902253.516410879] [move_group]: Calling PlanningRequestAdapter 'CheckStartStateCollision'
[move_group-20] [INFO] [1776902253.516853920] [move_group.moveit.moveit.planners.ompl.model_based_planning_context]: Planner configuration 'manipulator' will use planner 'geometric::RRTConnect'. Additional configuration parameters will be set when the planner is constructed.
[move_group-20] [INFO] [1776902253.516928233] [move_group]: Calling Planner 'OMPL'
[move_group-20] [INFO] [1776902253.572953046] [move_group]: Calling PlanningResponseAdapter 'AddTimeOptimalParameterization'
[move_group-20] [INFO] [1776902253.587833572] [move_group]: Calling PlanningResponseAdapter 'ValidateSolution'
[move_group-20] [INFO] [1776902253.590661802] [move_group]: Calling PlanningResponseAdapter 'DisplayMotionPath'
[move_group-20] [WARN] [1776902253.590968796] [move_group.moveit.moveit.ros.planning_pipeline]: The planner plugin did not fill out the 'planner_id' field of the MotionPlanResponse. Setting it to the planner ID name of the MotionPlanRequest assuming that the planner plugin does warn you if it does not use the requested planner.
[move_group-20] [INFO] [1776902253.592131359] [move_group.moveit.moveit.plugins.simple_controller_manager]: Returned 2 controllers in list
[move_group-20] [INFO] [1776902253.592184840] [move_group.moveit.moveit.plugins.simple_controller_manager]: Returned 2 controllers in list
[move_group-20] [INFO] [1776902253.592463562] [move_group.moveit.moveit.ros.trajectory_execution_manager]: Validating trajectory with allowed_start_tolerance 0.01
[ros2_control_node-1] [WARN] [1776902253.593384273] [controller_manager]: Overrun might occur, Total time : 3417.305 us (Expected < 1000.000 us) --> Read time : 42.288 us, Update time : 251.111 us, Write time : 3123.906 us
[ros2_control_node-1] [WARN] [1776902253.593465234] [controller_manager]: Overrun detected! The controller manager missed its desired rate of 1000 Hz. The loop took 3.523010 ms (missed cycles : 4).
[move_group-20] [INFO] [1776902253.597304833] [move_group.moveit.moveit.ros.trajectory_execution_manager]: Starting trajectory execution ...
[move_group-20] [INFO] [1776902253.597418958] [move_group.moveit.moveit.plugins.simple_controller_manager]: Returned 2 controllers in list
[move_group-20] [INFO] [1776902253.597468303] [move_group.moveit.moveit.plugins.simple_controller_manager]: Returned 2 controllers in list
[move_group-20] [INFO] [1776902253.597721467] [moveit.simple_controller_manager.follow_joint_trajectory_controller_handle]: sending trajectory to joint_trajectory_controller
[move_group-20] [INFO] [1776902253.600653448] [moveit.simple_controller_manager.follow_joint_trajectory_controller_handle]: joint_trajectory_controller started execution
[move_group-20] [INFO] [1776902253.600673549] [moveit.simple_controller_manager.follow_joint_trajectory_controller_handle]: Goal request accepted!
[ros2_control_node-1] [INFO] [1776902253.599828578] [joint_trajectory_controller]: Received new action goal
[ros2_control_node-1] [INFO] [1776902253.599911470] [joint_trajectory_controller]: Accepted new action goal
[wrist_camera_usb_publisher-8] [INFO] [1776902253.602030778] [wrist_camera_usb_publisher_node]: USB camera publisher heartbeat: publishing 1280x720 frames on /wrist_mounted_camera/image; camera_info fx=920.87, fy=921.57, cx=644.76, cy=343.15.
[vision_apriltag-9] [INFO] [1776902253.634902937] [vision_apriltag_node]: Vision AprilTag detection debug: no tags found after raw/CLAHE/sharp/adaptive/upscaled/tiled passes.
[adl_ui-15] 127.0.0.1 - - [22/Apr/2026 19:57:33] "GET /status_json HTTP/1.1" 200 -
[adl_ui-15] 127.0.0.1 - - [22/Apr/2026 19:57:34] "GET /status_json HTTP/1.1" 200 -
[ros2_control_node-1] [WARN] [1776902254.595541623] [controller_manager]: Overrun might occur, Total time : 3549.679 us (Expected < 1000.000 us) --> Read time : 44.505 us, Update time : 298.370 us, Write time : 3206.804 us
[ros2_control_node-1] [WARN] [1776902254.595645994] [controller_manager]: Overrun detected! The controller manager missed its desired rate of 1000 Hz. The loop took 3.702475 ms (missed cycles : 4).
[vision_apriltag-9] [INFO] [1776902254.911069223] [vision_apriltag_node]: Vision AprilTag: scene is locked; detection publishing is paused.
[joint_state_sanitizer-3] [WARN] [1776902255.027065326] [joint_state_sanitizer_node]: [joint_state_sanitizer] Published sanitized joint state: joint_3:-3.134->-3.132
[adl_ui-15] 127.0.0.1 - - [22/Apr/2026 19:57:35] "GET /status_json HTTP/1.1" 200 -
[scene_from_vision-10] [INFO] [1776902255.245218020] [scene_from_vision_node]: Scan committed tag 4: raw=34, accepted=34, rejected=0, median tag pose x=0.647, y=-0.081, z=0.175. object center x=0.627, y=-0.087, z=0.147, yaw=+2.3deg. table_delta x=-0.055, y=-0.087.
[scene_from_vision-10] [INFO] [1776902255.246652558] [scene_from_vision_node]: Scene scan complete. Remembered object IDs: [4]
[ros2_control_node-1] [WARN] [1776902255.597840557] [controller_manager]: Overrun might occur, Total time : 2864.058 us (Expected < 1000.000 us) --> Read time : 68.565 us, Update time : 312.196 us, Write time : 2483.297 us
[ros2_control_node-1] [WARN] [1776902255.597915579] [controller_manager]: Overrun detected! The controller manager missed its desired rate of 1000 Hz. The loop took 2.973589 ms (missed cycles : 3).
[adl_ui-15] 127.0.0.1 - - [22/Apr/2026 19:57:35] "GET /status_json HTTP/1.1" 200 -
[ros2_control_node-1] [WARN] [1776902256.600855122] [controller_manager]: Overrun might occur, Total time : 2874.387 us (Expected < 1000.000 us) --> Read time : 58.044 us, Update time : 376.455 us, Write time : 2439.888 us
[ros2_control_node-1] [WARN] [1776902256.600933010] [controller_manager]: Overrun detected! The controller manager missed its desired rate of 1000 Hz. The loop took 2.991458 ms (missed cycles : 3).
[adl_ui-15] 127.0.0.1 - - [22/Apr/2026 19:57:36] "GET /status_json HTTP/1.1" 200 -
[vision_apriltag-9] [INFO] [1776902256.911900552] [vision_apriltag_node]: Vision AprilTag: scene is locked; detection publishing is paused.
[adl_ui-15] 127.0.0.1 - - [22/Apr/2026 19:57:37] "GET /status_json HTTP/1.1" 200 -
[ros2_control_node-1] [WARN] [1776902257.604005589] [controller_manager]: Overrun might occur, Total time : 3042.854 us (Expected < 1000.000 us) --> Read time : 39.488 us, Update time : 351.127 us, Write time : 2652.239 us
[ros2_control_node-1] [WARN] [1776902257.604106020] [controller_manager]: Overrun detected! The controller manager missed its desired rate of 1000 Hz. The loop took 3.164100 ms (missed cycles : 4).
[adl_ui-15] 127.0.0.1 - - [22/Apr/2026 19:57:38] "GET /status_json HTTP/1.1" 200 -
[ros2_control_node-1] [WARN] [1776902258.605036126] [controller_manager]: Overrun might occur, Total time : 3064.308 us (Expected < 1000.000 us) --> Read time : 60.070 us, Update time : 263.826 us, Write time : 2740.412 us
[ros2_control_node-1] [WARN] [1776902258.605123897] [controller_manager]: Overrun detected! The controller manager missed its desired rate of 1000 Hz. The loop took 3.182060 ms (missed cycles : 4).
[wrist_camera_usb_publisher-8] [INFO] [1776902258.761241969] [wrist_camera_usb_publisher_node]: USB camera publisher heartbeat: publishing 1280x720 frames on /wrist_mounted_camera/image; camera_info fx=920.87, fy=921.57, cx=644.76, cy=343.15.
[adl_ui-15] 127.0.0.1 - - [22/Apr/2026 19:57:38] "GET /status_json HTTP/1.1" 200 -
[vision_apriltag-9] [INFO] [1776902258.912195335] [vision_apriltag_node]: Vision AprilTag: scene is locked; detection publishing is paused.
[ros2_control_node-1] [WARN] [1776902259.606099639] [controller_manager]: Overrun might occur, Total time : 3112.920 us (Expected < 1000.000 us) --> Read time : 96.191 us, Update time : 358.188 us, Write time : 2658.541 us
[ros2_control_node-1] [WARN] [1776902259.606149907] [controller_manager]: Overrun detected! The controller manager missed its desired rate of 1000 Hz. The loop took 3.208891 ms (missed cycles : 4).
[adl_ui-15] 127.0.0.1 - - [22/Apr/2026 19:57:39] "GET /status_json HTTP/1.1" 200 -
[adl_ui-15] 127.0.0.1 - - [22/Apr/2026 19:57:40] "GET /status_json HTTP/1.1" 200 -
[ros2_control_node-1] [WARN] [1776902260.607836158] [controller_manager]: Overrun might occur, Total time : 2873.312 us (Expected < 1000.000 us) --> Read time : 27.230 us, Update time : 214.821 us, Write time : 2631.261 us
[ros2_control_node-1] [WARN] [1776902260.607895593] [controller_manager]: Overrun detected! The controller manager missed its desired rate of 1000 Hz. The loop took 2.953800 ms (missed cycles : 3).
[vision_apriltag-9] [INFO] [1776902260.912363164] [vision_apriltag_node]: Vision AprilTag: scene is locked; detection publishing is paused.
[adl_ui-15] 127.0.0.1 - - [22/Apr/2026 19:57:41] "GET /status_json HTTP/1.1" 200 -
[ros2_control_node-1] [WARN] [1776902261.609942050] [controller_manager]: Overrun might occur, Total time : 2979.838 us (Expected < 1000.000 us) --> Read time : 33.337 us, Update time : 238.220 us, Write time : 2708.281 us
[ros2_control_node-1] [WARN] [1776902261.610040307] [controller_manager]: Overrun detected! The controller manager missed its desired rate of 1000 Hz. The loop took 3.098392 ms (missed cycles : 4).
[adl_ui-15] 127.0.0.1 - - [22/Apr/2026 19:57:41] "GET /status_json HTTP/1.1" 200 -
[joint_state_sanitizer-3] [WARN] [1776902262.069453253] [joint_state_sanitizer_node]: [joint_state_sanitizer] Published sanitized joint state: joint_3:+3.134->+3.132
[ros2_control_node-1] [INFO] [1776902262.540132535] [joint_trajectory_controller]: Goal reached, success!
[move_group-20] [INFO] [1776902262.601544615] [moveit.simple_controller_manager.follow_joint_trajectory_controller_handle]: Controller 'joint_trajectory_controller' successfully finished
[ros2_control_node-1] [WARN] [1776902262.611897384] [controller_manager]: Overrun might occur, Total time : 2921.417 us (Expected < 1000.000 us) --> Read time : 49.610 us, Update time : 234.248 us, Write time : 2637.559 us
[ros2_control_node-1] [WARN] [1776902262.611981663] [controller_manager]: Overrun detected! The controller manager missed its desired rate of 1000 Hz. The loop took 3.039538 ms (missed cycles : 4).
[adl_ui-15] 127.0.0.1 - - [22/Apr/2026 19:57:42] "GET /status_json HTTP/1.1" 200 -
[move_group-20] [INFO] [1776902262.655113367] [move_group.moveit.moveit.ros.trajectory_execution_manager]: Completed trajectory execution with status SUCCEEDED ...
[move_group-20] [INFO] [1776902262.657573447] [move_group.moveit.moveit.ros.move_group.move_action]: Solution was found and executed.
[clear_table-13] [INFO] [1776902262.764392176] [clear_table_node]: [CAL] horizontal side scan joint snapshot: ADL_HORIZONTAL_SIDE_SCAN_JOINT_1=+1.234442 ADL_HORIZONTAL_SIDE_SCAN_JOINT_2=+1.436842 ADL_HORIZONTAL_SIDE_SCAN_JOINT_3=-3.129696 ADL_HORIZONTAL_SIDE_SCAN_JOINT_4=-2.415443 ADL_HORIZONTAL_SIDE_SCAN_JOINT_5=+1.755609 ADL_HORIZONTAL_SIDE_SCAN_JOINT_6=+1.411915 ADL_HORIZONTAL_SIDE_SCAN_JOINT_7=+2.288340
[clear_table-13] [INFO] [1776902262.765065972] [clear_table_node]: Scene UNLOCKED.
[scene_from_vision-10] [INFO] [1776902262.768083907] [scene_from_vision_node]: Scene UNLOCKED - updates resuming.
[vision_apriltag-9] [WARN] [1776902262.912439493] [vision_apriltag_node]: Vision AprilTag: last image on /wrist_mounted_camera/image arrived 10.0s ago.
[scene_from_vision-10] [INFO] [1776902263.146727042] [scene_from_vision_node]: Published obj_4 (pose_update) at x=0.627, y=-0.087, z=0.147, yaw=+2.3deg
[scene_from_vision-10] [INFO] [1776902263.219776751] [scene_from_vision_node]: Scene scan source label received: 'side_right'.
[clear_table-13] [INFO] [1776902263.222234639] [clear_table_node]: scan_scene source label set to 'side_right'.
[scene_from_vision-10] [INFO] [1776902263.224699728] [scene_from_vision_node]: Scene scan started for 5.0s. source='side_right'. Visible detections will be sampled, filtered, and committed at scan end.
[vision_apriltag-9] [INFO] [1776902263.227575930] [vision_apriltag_node]: Service: Tag 4 found and base-frame pose returned.
[vision_apriltag-9] [INFO] [1776902263.253326043] [vision_apriltag_node]: Vision AprilTag detection debug: no tags found after raw/CLAHE/sharp/adaptive/upscaled/tiled passes.
[vision_apriltag-9] [INFO] [1776902263.328242176] [vision_apriltag_node]: Service: Tag 4 found and base-frame pose returned.
[adl_ui-15] 127.0.0.1 - - [22/Apr/2026 19:57:43] "GET /status_json HTTP/1.1" 200 -
[vision_apriltag-9] [INFO] [1776902263.428637376] [vision_apriltag_node]: Service: Tag 4 found and base-frame pose returned.
[vision_apriltag-9] [INFO] [1776902263.529079068] [vision_apriltag_node]: Service: Tag 4 found and base-frame pose returned.
[ros2_control_node-1] [WARN] [1776902263.613835960] [controller_manager]: Overrun might occur, Total time : 2869.544 us (Expected < 1000.000 us) --> Read time : 48.347 us, Update time : 236.985 us, Write time : 2584.212 us
[ros2_control_node-1] [WARN] [1776902263.613910159] [controller_manager]: Overrun detected! The controller manager missed its desired rate of 1000 Hz. The loop took 2.968405 ms (missed cycles : 3).
[vision_apriltag-9] [INFO] [1776902263.629335901] [vision_apriltag_node]: Service: Tag 4 found and base-frame pose returned.
[vision_apriltag-9] [INFO] [1776902263.736650337] [vision_apriltag_node]: Service: Tag 4 found and base-frame pose returned.
[vision_apriltag-9] [INFO] [1776902263.835722674] [vision_apriltag_node]: Service: Tag 4 found and base-frame pose returned.
[wrist_camera_usb_publisher-8] [INFO] [1776902263.920754034] [wrist_camera_usb_publisher_node]: USB camera publisher heartbeat: publishing 1280x720 frames on /wrist_mounted_camera/image; camera_info fx=920.87, fy=921.57, cx=644.76, cy=343.15.
[vision_apriltag-9] [INFO] [1776902263.936566924] [vision_apriltag_node]: Service: Tag 4 found and base-frame pose returned.
[vision_apriltag-9] [INFO] [1776902264.036767476] [vision_apriltag_node]: Service: Tag 4 found and base-frame pose returned.
[vision_apriltag-9] [INFO] [1776902264.137254301] [vision_apriltag_node]: Service: Tag 4 found and base-frame pose returned.
[adl_ui-15] 127.0.0.1 - - [22/Apr/2026 19:57:44] "GET /status_json HTTP/1.1" 200 -
[vision_apriltag-9] [INFO] [1776902264.238528665] [vision_apriltag_node]: Service: Tag 4 found and base-frame pose returned.
[vision_apriltag-9] [INFO] [1776902264.341844314] [vision_apriltag_node]: Service: Tag 4 found and base-frame pose returned.
[vision_apriltag-9] [INFO] [1776902264.444716038] [vision_apriltag_node]: Service: Tag 4 found and base-frame pose returned.
[vision_apriltag-9] [INFO] [1776902264.545606612] [vision_apriltag_node]: Service: Tag 4 found and base-frame pose returned.
[ros2_control_node-1] [WARN] [1776902264.615048616] [controller_manager]: Overrun might occur, Total time : 3089.115 us (Expected < 1000.000 us) --> Read time : 32.870 us, Update time : 187.990 us, Write time : 2868.255 us
[ros2_control_node-1] [WARN] [1776902264.615118637] [controller_manager]: Overrun detected! The controller manager missed its desired rate of 1000 Hz. The loop took 3.176691 ms (missed cycles : 4).
[vision_apriltag-9] [INFO] [1776902264.648090282] [vision_apriltag_node]: Service: Tag 4 found and base-frame pose returned.
[vision_apriltag-9] [INFO] [1776902264.751488324] [vision_apriltag_node]: Service: Tag 4 found and base-frame pose returned.
[vision_apriltag-9] [INFO] [1776902264.852151293] [vision_apriltag_node]: Service: Tag 4 found and base-frame pose returned.
[adl_ui-15] 127.0.0.1 - - [22/Apr/2026 19:57:44] "GET /status_json HTTP/1.1" 200 -
[vision_apriltag-9] [INFO] [1776902264.912668117] [vision_apriltag_node]: Vision AprilTag: images are arriving, but no AprilTag has been seen for 12.0s.
[vision_apriltag-9] [INFO] [1776902264.954489938] [vision_apriltag_node]: Service: Tag 4 found and base-frame pose returned.
[vision_apriltag-9] [INFO] [1776902265.056603511] [vision_apriltag_node]: Service: Tag 4 found and base-frame pose returned.
[vision_apriltag-9] [INFO] [1776902265.148131497] [vision_apriltag_node]: Service: Tag 4 found and base-frame pose returned.
[scene_from_vision-10] [INFO] [1776902265.157884632] [scene_from_vision_node]: Published obj_4 (heartbeat) at x=0.627, y=-0.087, z=0.147, yaw=+2.3deg
[vision_apriltag-9] [INFO] [1776902265.279402001] [vision_apriltag_node]: Service: Tag 4 found and base-frame pose returned.
[vision_apriltag-9] [INFO] [1776902265.371483361] [vision_apriltag_node]: Service: Tag 4 found and base-frame pose returned.
[vision_apriltag-9] [INFO] [1776902265.470933453] [vision_apriltag_node]: Service: Tag 4 found and base-frame pose returned.
[vision_apriltag-9] [INFO] [1776902265.572272350] [vision_apriltag_node]: Service: Tag 4 found and base-frame pose returned.
[ros2_control_node-1] [WARN] [1776902265.615363952] [controller_manager]: Overrun might occur, Total time : 2398.275 us (Expected < 1000.000 us) --> Read time : 41.006 us, Update time : 216.524 us, Write time : 2140.745 us
[ros2_control_node-1] [WARN] [1776902265.615443419] [controller_manager]: Overrun detected! The controller manager missed its desired rate of 1000 Hz. The loop took 2.501521 ms (missed cycles : 3).
[adl_ui-15] 127.0.0.1 - - [22/Apr/2026 19:57:45] "GET /status_json HTTP/1.1" 200 -
[vision_apriltag-9] [INFO] [1776902265.672058086] [vision_apriltag_node]: Service: Tag 4 found and base-frame pose returned.
[vision_apriltag-9] [INFO] [1776902265.774016507] [vision_apriltag_node]: Service: Tag 4 found and base-frame pose returned.
[vision_apriltag-9] [INFO] [1776902265.875305692] [vision_apriltag_node]: Service: Tag 4 found and base-frame pose returned.
[vision_apriltag-9] [INFO] [1776902265.976364122] [vision_apriltag_node]: Service: Tag 4 found and base-frame pose returned.
[vision_apriltag-9] [INFO] [1776902266.075273664] [vision_apriltag_node]: Service: Tag 4 found and base-frame pose returned.
[vision_apriltag-9] [INFO] [1776902266.140684204] [vision_apriltag_node]: Service: Tag 4 found and base-frame pose returned.
[vision_apriltag-9] [INFO] [1776902266.177409241] [vision_apriltag_node]: Service: Tag 4 found and base-frame pose returned.
[clear_table-13] [WARN] [1776902266.251275940] [clear_table_node]: scan_scene timed out after 3.0s; using current remembered IDs.
[clear_table-13] [INFO] [1776902266.253634764] [clear_table_node]: Two-phase side scan 'side_right' also saw top-grasp IDs [4]; keeping them in the merged target set.
[clear_table-13] [INFO] [1776902266.262998596] [clear_table_node]: Two-phase side scan 'side_right' found no side-grasp IDs.
[clear_table-13] [INFO] [1776902266.263996352] [clear_table_node]: Scene LOCKED.
[scene_from_vision-10] [INFO] [1776902266.266230753] [scene_from_vision_node]: Scene LOCKED - updates paused.
[adl_ui-15] 127.0.0.1 - - [22/Apr/2026 19:57:46] "GET /status_json HTTP/1.1" 200 -
[clear_table-13] [INFO] [1776902266.414924318] [clear_table_node]: look_at_table_horizontal_side_scan_with_offsets: moving to horizontal side scan with joint offsets (joint_1=+0.120, joint_6=+0.000).
[clear_table-13] [INFO] [1776902266.416082566] [clear_table_node]: look_at_table_horizontal_side_scan: current arm is not at target (worst=joint_1:0.409 rad > 0.080).
[clear_table-13] [INFO] [1776902266.416879884] [clear_table_node]: look_at_table_horizontal_side_scan: moving with deterministic fixed joint pose.
[move_group-20] [ERROR] [1776902266.423149568] [move_group.moveit.moveit.core.conversions]: Found empty JointState message
[clear_table-13] [INFO] [1776902266.428032563] [clear_table_node]: Start state: collision-valid — no collisions (not a joint-bounds check).
[move_group-20] [INFO] [1776902266.429274954] [move_group.moveit.moveit.ros.move_group.move_action]: MoveGroupMoveAction: Received request
[move_group-20] [INFO] [1776902266.429500458] [move_group.moveit.moveit.ros.move_group.move_action]: executing..
[move_group-20] [INFO] [1776902266.436867314] [move_group.moveit.moveit.ros.move_group.move_action]: Combined planning and execution request received for MoveGroup action. Forwarding to planning and execution pipeline.
[move_group-20] [WARN] [1776902266.436924947] [move_group.moveit.moveit.ros.move_group.capability]: Execution of motions should always start at the robot's current state. Ignoring the state supplied as start state in the motion planning request
[move_group-20] [WARN] [1776902266.436953171] [move_group.moveit.moveit.ros.move_group.capability]: Execution of motions should always start at the robot's current state. Ignoring the state supplied as difference in the planning scene diff
[move_group-20] [INFO] [1776902266.436965640] [move_group.moveit.moveit.ros.plan_execution]: Planning attempt 1 of at most 1
[move_group-20] [INFO] [1776902266.437354443] [move_group]: Calling PlanningRequestAdapter 'ResolveConstraintFrames'
[move_group-20] [INFO] [1776902266.437391372] [move_group]: Calling PlanningRequestAdapter 'ValidateWorkspaceBounds'
[move_group-20] [INFO] [1776902266.437408470] [move_group]: Calling PlanningRequestAdapter 'CheckStartStateBounds'
[move_group-20] [INFO] [1776902266.437436872] [move_group]: Calling PlanningRequestAdapter 'CheckStartStateCollision'
[move_group-20] [INFO] [1776902266.437922545] [move_group.moveit.moveit.planners.ompl.model_based_planning_context]: Planner configuration 'manipulator' will use planner 'geometric::RRTConnect'. Additional configuration parameters will be set when the planner is constructed.
[move_group-20] [INFO] [1776902266.438207521] [move_group]: Calling Planner 'OMPL'
[move_group-20] [INFO] [1776902266.463532666] [move_group]: Calling PlanningResponseAdapter 'AddTimeOptimalParameterization'
[move_group-20] [INFO] [1776902266.464619082] [move_group]: Calling PlanningResponseAdapter 'ValidateSolution'
[move_group-20] [INFO] [1776902266.465044346] [move_group]: Calling PlanningResponseAdapter 'DisplayMotionPath'
[move_group-20] [WARN] [1776902266.465149249] [move_group.moveit.moveit.ros.planning_pipeline]: The planner plugin did not fill out the 'planner_id' field of the MotionPlanResponse. Setting it to the planner ID name of the MotionPlanRequest assuming that the planner plugin does warn you if it does not use the requested planner.
[move_group-20] [INFO] [1776902266.465478910] [move_group.moveit.moveit.plugins.simple_controller_manager]: Returned 2 controllers in list
[move_group-20] [INFO] [1776902266.465522620] [move_group.moveit.moveit.plugins.simple_controller_manager]: Returned 2 controllers in list
[move_group-20] [INFO] [1776902266.465616152] [move_group.moveit.moveit.ros.trajectory_execution_manager]: Validating trajectory with allowed_start_tolerance 0.01
[move_group-20] [INFO] [1776902266.476628767] [move_group.moveit.moveit.ros.trajectory_execution_manager]: Starting trajectory execution ...
[move_group-20] [INFO] [1776902266.476702665] [move_group.moveit.moveit.plugins.simple_controller_manager]: Returned 2 controllers in list
[move_group-20] [INFO] [1776902266.476736424] [move_group.moveit.moveit.plugins.simple_controller_manager]: Returned 2 controllers in list
[move_group-20] [INFO] [1776902266.477342462] [moveit.simple_controller_manager.follow_joint_trajectory_controller_handle]: sending trajectory to joint_trajectory_controller
[ros2_control_node-1] [INFO] [1776902266.477875643] [joint_trajectory_controller]: Received new action goal
[ros2_control_node-1] [INFO] [1776902266.477933502] [joint_trajectory_controller]: Accepted new action goal
[move_group-20] [INFO] [1776902266.478369595] [moveit.simple_controller_manager.follow_joint_trajectory_controller_handle]: joint_trajectory_controller started execution
[move_group-20] [INFO] [1776902266.478385291] [moveit.simple_controller_manager.follow_joint_trajectory_controller_handle]: Goal request accepted!
[ros2_control_node-1] [WARN] [1776902266.617956728] [controller_manager]: Overrun might occur, Total time : 2986.633 us (Expected < 1000.000 us) --> Read time : 36.708 us, Update time : 256.941 us, Write time : 2692.984 us
[ros2_control_node-1] [WARN] [1776902266.618021256] [controller_manager]: Overrun detected! The controller manager missed its desired rate of 1000 Hz. The loop took 3.079434 ms (missed cycles : 4).
[vision_apriltag-9] [INFO] [1776902266.912080811] [vision_apriltag_node]: Vision AprilTag: scene is locked; detection publishing is paused.
[adl_ui-15] 127.0.0.1 - - [22/Apr/2026 19:57:47] "GET /status_json HTTP/1.1" 200 -
[ros2_control_node-1] [WARN] [1776902267.618467859] [controller_manager]: Overrun might occur, Total time : 2505.667 us (Expected < 1000.000 us) --> Read time : 37.108 us, Update time : 246.089 us, Write time : 2222.470 us
[ros2_control_node-1] [WARN] [1776902267.618537324] [controller_manager]: Overrun detected! The controller manager missed its desired rate of 1000 Hz. The loop took 2.595976 ms (missed cycles : 3).
[ros2_control_node-1] [INFO] [1776902267.808141082] [joint_trajectory_controller]: Goal reached, success!
[move_group-20] [INFO] [1776902267.878870491] [moveit.simple_controller_manager.follow_joint_trajectory_controller_handle]: Controller 'joint_trajectory_controller' successfully finished
[adl_ui-15] 127.0.0.1 - - [22/Apr/2026 19:57:47] "GET /status_json HTTP/1.1" 200 -
[move_group-20] [INFO] [1776902267.935033498] [move_group.moveit.moveit.ros.trajectory_execution_manager]: Completed trajectory execution with status SUCCEEDED ...
[move_group-20] [INFO] [1776902267.936771787] [move_group.moveit.moveit.ros.move_group.move_action]: Solution was found and executed.
[clear_table-13] [INFO] [1776902268.042463302] [clear_table_node]: [CAL] horizontal side scan joint snapshot: ADL_HORIZONTAL_SIDE_SCAN_JOINT_1=+1.640791 ADL_HORIZONTAL_SIDE_SCAN_JOINT_2=+1.447677 ADL_HORIZONTAL_SIDE_SCAN_JOINT_3=-3.122093 ADL_HORIZONTAL_SIDE_SCAN_JOINT_4=-2.385572 ADL_HORIZONTAL_SIDE_SCAN_JOINT_5=+1.765832 ADL_HORIZONTAL_SIDE_SCAN_JOINT_6=+1.414555 ADL_HORIZONTAL_SIDE_SCAN_JOINT_7=+2.320787
[clear_table-13] [INFO] [1776902268.043175579] [clear_table_node]: Scene UNLOCKED.
[scene_from_vision-10] [INFO] [1776902268.044687496] [scene_from_vision_node]: Scene UNLOCKED - updates resuming.
[scene_from_vision-10] [INFO] [1776902268.082729161] [scene_from_vision_node]: Published obj_4 (heartbeat) at x=0.627, y=-0.087, z=0.147, yaw=+2.3deg
[vision_apriltag-9] [INFO] [1776902268.089545571] [vision_apriltag_node]: Service: Tag 4 found and base-frame pose returned.
[vision_apriltag-9] [INFO] [1776902268.141374045] [vision_apriltag_node]: Service: Tag 4 found and base-frame pose returned.
[vision_apriltag-9] [INFO] [1776902268.186443456] [vision_apriltag_node]: Service: Tag 4 found and base-frame pose returned.
[scene_from_vision-10] [INFO] [1776902268.287121672] [scene_from_vision_node]: Scan committed tag 4: raw=34, accepted=34, rejected=0, median tag pose x=0.647, y=-0.081, z=0.175. object center x=0.627, y=-0.087, z=0.147, yaw=+1.4deg. table_delta x=-0.055, y=-0.087.
[scene_from_vision-10] [INFO] [1776902268.291725675] [scene_from_vision_node]: Scene scan complete. Remembered object IDs: [4]
[vision_apriltag-9] [INFO] [1776902268.477917747] [vision_apriltag_node]: Vision AprilTag detection debug: no tags found after raw/CLAHE/sharp/adaptive/upscaled/tiled passes.
[clear_table-13] [INFO] [1776902268.494690063] [clear_table_node]: scan_scene source label set to 'side_left'.
[scene_from_vision-10] [INFO] [1776902268.495294235] [scene_from_vision_node]: Scene scan source label received: 'side_left'.
[scene_from_vision-10] [INFO] [1776902268.498564951] [scene_from_vision_node]: Scene scan started for 5.0s. source='side_left'. Visible detections will be sampled, filtered, and committed at scan end.
[vision_apriltag-9] [INFO] [1776902268.503715553] [vision_apriltag_node]: Service: Tag 4 found and base-frame pose returned.
[vision_apriltag-9] [INFO] [1776902268.603453428] [vision_apriltag_node]: Service: Tag 4 found and base-frame pose returned.
[ros2_control_node-1] [WARN] [1776902268.618557858] [controller_manager]: Overrun might occur, Total time : 2591.277 us (Expected < 1000.000 us) --> Read time : 38.237 us, Update time : 236.520 us, Write time : 2316.520 us
[ros2_control_node-1] [WARN] [1776902268.618632035] [controller_manager]: Overrun detected! The controller manager missed its desired rate of 1000 Hz. The loop took 2.690177 ms (missed cycles : 3).
[adl_ui-15] 127.0.0.1 - - [22/Apr/2026 19:57:48] "GET /status_json HTTP/1.1" 200 -
[vision_apriltag-9] [INFO] [1776902268.704219658] [vision_apriltag_node]: Service: Tag 4 found and base-frame pose returned.
[vision_apriltag-9] [INFO] [1776902268.804555160] [vision_apriltag_node]: Service: Tag 4 found and base-frame pose returned.
[vision_apriltag-9] [INFO] [1776902268.912164737] [vision_apriltag_node]: Service: Tag 4 found and base-frame pose returned.
[vision_apriltag-9] [INFO] [1776902268.926022474] [vision_apriltag_node]: Vision AprilTag: images are arriving, but no AprilTag has been seen for 16.0s.
[vision_apriltag-9] [INFO] [1776902269.006294106] [vision_apriltag_node]: Service: Tag 4 found and base-frame pose returned.
[wrist_camera_usb_publisher-8] [INFO] [1776902269.081032183] [wrist_camera_usb_publisher_node]: USB camera publisher heartbeat: publishing 1280x720 frames on /wrist_mounted_camera/image; camera_info fx=920.87, fy=921.57, cx=644.76, cy=343.15.
[vision_apriltag-9] [INFO] [1776902269.114097083] [vision_apriltag_node]: Service: Tag 4 found and base-frame pose returned.
[vision_apriltag-9] [INFO] [1776902269.145731612] [vision_apriltag_node]: Service: Tag 4 found and base-frame pose returned.
[vision_apriltag-9] [INFO] [1776902269.210346983] [vision_apriltag_node]: Service: Tag 4 found and base-frame pose returned.
[vision_apriltag-9] [INFO] [1776902269.309839840] [vision_apriltag_node]: Service: Tag 4 found and base-frame pose returned.
[adl_ui-15] 127.0.0.1 - - [22/Apr/2026 19:57:49] "GET /status_json HTTP/1.1" 200 -
[vision_apriltag-9] [INFO] [1776902269.410414095] [vision_apriltag_node]: Service: Tag 4 found and base-frame pose returned.
[vision_apriltag-9] [INFO] [1776902269.512447657] [vision_apriltag_node]: Service: Tag 4 found and base-frame pose returned.
[vision_apriltag-9] [INFO] [1776902269.613005387] [vision_apriltag_node]: Service: Tag 4 found and base-frame pose returned.
[ros2_control_node-1] [WARN] [1776902269.620717493] [controller_manager]: Overrun might occur, Total time : 2749.365 us (Expected < 1000.000 us) --> Read time : 39.076 us, Update time : 239.354 us, Write time : 2470.935 us
[ros2_control_node-1] [WARN] [1776902269.620821745] [controller_manager]: Overrun detected! The controller manager missed its desired rate of 1000 Hz. The loop took 2.879383 ms (missed cycles : 3).
[vision_apriltag-9] [INFO] [1776902269.715469134] [vision_apriltag_node]: Service: Tag 4 found and base-frame pose returned.
[vision_apriltag-9] [INFO] [1776902269.815673294] [vision_apriltag_node]: Service: Tag 4 found and base-frame pose returned.
[vision_apriltag-9] [INFO] [1776902270.057792386] [vision_apriltag_node]: Service: Tag 4 found and base-frame pose returned.
[scene_from_vision-10] [INFO] [1776902270.121332995] [scene_from_vision_node]: Published obj_4 (heartbeat) at x=0.627, y=-0.087, z=0.147, yaw=+1.4deg
[vision_apriltag-9] [INFO] [1776902270.123497217] [vision_apriltag_node]: Service: Tag 4 found and base-frame pose returned.
[vision_apriltag-9] [INFO] [1776902270.148222977] [vision_apriltag_node]: Service: Tag 4 found and base-frame pose returned.
[adl_ui-15] 127.0.0.1 - - [22/Apr/2026 19:57:50] "GET /status_json HTTP/1.1" 200 -
[vision_apriltag-9] [INFO] [1776902270.235336952] [vision_apriltag_node]: Service: Tag 4 found and base-frame pose returned.
[vision_apriltag-9] [INFO] [1776902270.337029533] [vision_apriltag_node]: Service: Tag 4 found and base-frame pose returned.
[vision_apriltag-9] [INFO] [1776902270.443612122] [vision_apriltag_node]: Service: Tag 4 found and base-frame pose returned.
[vision_apriltag-9] [INFO] [1776902270.540738890] [vision_apriltag_node]: Service: Tag 4 found and base-frame pose returned.
[ros2_control_node-1] [WARN] [1776902270.622866356] [controller_manager]: Overrun might occur, Total time : 4903.839 us (Expected < 1000.000 us) --> Read time : 32.777 us, Update time : 208.748 us, Write time : 4662.314 us
[ros2_control_node-1] [WARN] [1776902270.622938249] [controller_manager]: Overrun detected! The controller manager missed its desired rate of 1000 Hz. The loop took 4.996232 ms (missed cycles : 5).
[vision_apriltag-9] [INFO] [1776902270.648515364] [vision_apriltag_node]: Service: Tag 4 found and base-frame pose returned.
[vision_apriltag-9] [INFO] [1776902270.748003657] [vision_apriltag_node]: Service: Tag 4 found and base-frame pose returned.
[vision_apriltag-9] [INFO] [1776902270.847736684] [vision_apriltag_node]: Service: Tag 4 found and base-frame pose returned.
[adl_ui-15] 127.0.0.1 - - [22/Apr/2026 19:57:50] "GET /status_json HTTP/1.1" 200 -
[vision_apriltag-9] [INFO] [1776902270.916052583] [vision_apriltag_node]: Vision AprilTag: images are arriving, but no AprilTag has been seen for 18.0s.
[vision_apriltag-9] [INFO] [1776902270.948519764] [vision_apriltag_node]: Service: Tag 4 found and base-frame pose returned.
[vision_apriltag-9] [INFO] [1776902271.049056886] [vision_apriltag_node]: Service: Tag 4 found and base-frame pose returned.
[vision_apriltag-9] [INFO] [1776902271.139749921] [vision_apriltag_node]: Service: Tag 4 found and base-frame pose returned.
[vision_apriltag-9] [INFO] [1776902271.149463459] [vision_apriltag_node]: Service: Tag 4 found and base-frame pose returned.
[vision_apriltag-9] [INFO] [1776902271.251449767] [vision_apriltag_node]: Service: Tag 4 found and base-frame pose returned.
[vision_apriltag-9] [INFO] [1776902271.351315513] [vision_apriltag_node]: Service: Tag 4 found and base-frame pose returned.
[vision_apriltag-9] [INFO] [1776902271.451756250] [vision_apriltag_node]: Service: Tag 4 found and base-frame pose returned.
[clear_table-13] [WARN] [1776902271.532660693] [clear_table_node]: scan_scene timed out after 3.0s; using current remembered IDs.
[clear_table-13] [INFO] [1776902271.534315259] [clear_table_node]: Two-phase side scan 'side_left' also saw top-grasp IDs [4]; keeping them in the merged target set.
[clear_table-13] [INFO] [1776902271.537066499] [clear_table_node]: Two-phase side scan 'side_left' found no side-grasp IDs.
[clear_table-13] [INFO] [1776902271.542952389] [clear_table_node]: Two-phase scan merged clear-table IDs: [4].
[clear_table-13] [INFO] [1776902271.544735394] [clear_table_node]: Detected 1 objects to clear (IDs, sorted by distance): [4]
[clear_table-13] [INFO] [1776902271.546526506] [clear_table_node]: Scene LOCKED.
[scene_from_vision-10] [INFO] [1776902271.548340023] [scene_from_vision_node]: Scene LOCKED - updates paused.
[ros2_control_node-1] [WARN] [1776902271.623248636] [controller_manager]: Overrun might occur, Total time : 2273.172 us (Expected < 1000.000 us) --> Read time : 20.787 us, Update time : 160.941 us, Write time : 2091.444 us
[ros2_control_node-1] [WARN] [1776902271.623318877] [controller_manager]: Overrun detected! The controller manager missed its desired rate of 1000 Hz. The loop took 2.377036 ms (missed cycles : 3).
[adl_ui-15] 127.0.0.1 - - [22/Apr/2026 19:57:51] "GET /status_json HTTP/1.1" 200 -
[clear_table-13] [INFO] [1776902271.699932873] [clear_table_node]: Attempting to clear object Cube (ID 4) attempt 1/1. 1 objects remaining.
[clear_table-13] [INFO] [1776902271.700841067] [clear_table_node]: [Cube] Pre-attempt joints: joint_1=+1.640, joint_2=+1.448, joint_3=-3.122, joint_4=-2.386, joint_5=+1.766, joint_6=+1.415, joint_7=+2.321
[clear_table-13] [INFO] [1776902271.703630673] [clear_table_node]: [Cube] Pre-attempt ee: pos=(0.147, -0.187, 0.092), ori=(0.438, 0.562, 0.522, 0.468)
[clear_table-13] [INFO] [1776902271.704423868] [clear_table_node]: Scene LOCKED.
[scene_from_vision-10] [INFO] [1776902271.705922599] [scene_from_vision_node]: Scene LOCKED - updates paused.
[clear_table-13] [INFO] [1776902271.857306824] [clear_table_node]: [Cube] Top-grasp XY calibration: CUBE_WORLD_X_OFFSET_M=-0.0200, CUBE_WORLD_Y_OFFSET_M=-0.0063; tag->grasp delta dx=-0.0200, dy=-0.0063.
[clear_table-13] [INFO] [1776902271.874467498] [clear_table_node]: [Cube] Initial target: yaw-free top grasp chose the 90deg symmetric wrist candidate (rotation from reference=1.567 rad).
[clear_table-13] [INFO] [1776902271.894682720] [clear_table_node]: [Cube] stage1_ori_xy=0.350, stage1_ori_z=0.350, retry_ori_xy=0.450, retry_ori_z=0.450, stage1_live_ori=0.450, stage2_prealign=0.350, soft_fail=False, primary_pos_fallback=False, retry_pos_fallback=False, staged_pos_fallback=False, retry_table_reseed=False, ori_mode=approach_axis, plan_s=(12.0/14.0).
[clear_table-13] [INFO] [1776902271.905260516] [clear_table_node]: [Cube] Stage 1: approach (0.627, -0.087, 0.450)
[clear_table-13] [INFO] [1776902271.906714751] [clear_table_node]: Stage 1 Approach Target: pos=(0.627, -0.087, 0.450), ori=(0.698, 0.716, 0.000, 0.000)
[clear_table-13] [INFO] [1776902271.907275687] [clear_table_node]: open_gripper(): opening gripper fully...
[ros2_control_node-1] [INFO] [1776902271.908403583] [robotiq_gripper_controller]: Received & accepted new action goal
[clear_table-13] [INFO] [1776902272.115759374] [clear_table_node]: Gripper reached position=0.007 stalled=False reached_goal=True
[clear_table-13] [INFO] [1776902272.117255573] [clear_table_node]: Added temporary table-top keepout 'clear_table_approach_table_top_keepout' (size=(0.575,0.575,0.080)m, base_z=0.118m, top_z=0.198m).
[clear_table-13] [INFO] [1776902272.268107065] [clear_table_node]: go_to_pose: planning to pose at 0.627,-0.087, 0.450
[move_group-20] [ERROR] [1776902272.268904500] [move_group.moveit.moveit.core.conversions]: Found empty JointState message
[clear_table-13] [INFO] [1776902272.272122358] [clear_table_node]: Start state: collision-valid — no collisions (not a joint-bounds check).
[move_group-20] [INFO] [1776902272.273378936] [move_group.moveit.moveit.ros.move_group.move_action]: MoveGroupMoveAction: Received request
[move_group-20] [INFO] [1776902272.273559025] [move_group.moveit.moveit.ros.move_group.move_action]: executing..
[move_group-20] [INFO] [1776902272.275783834] [move_group.moveit.moveit.ros.move_group.move_action]: Combined planning and execution request received for MoveGroup action. Forwarding to planning and execution pipeline.
[move_group-20] [WARN] [1776902272.275855156] [move_group.moveit.moveit.ros.move_group.capability]: Execution of motions should always start at the robot's current state. Ignoring the state supplied as start state in the motion planning request
[move_group-20] [WARN] [1776902272.275879822] [move_group.moveit.moveit.ros.move_group.capability]: Execution of motions should always start at the robot's current state. Ignoring the state supplied as difference in the planning scene diff
[move_group-20] [INFO] [1776902272.275892605] [move_group.moveit.moveit.ros.plan_execution]: Planning attempt 1 of at most 1
[move_group-20] [INFO] [1776902272.276245271] [move_group]: Calling PlanningRequestAdapter 'ResolveConstraintFrames'
[move_group-20] [INFO] [1776902272.276300797] [move_group]: Calling PlanningRequestAdapter 'ValidateWorkspaceBounds'
[move_group-20] [INFO] [1776902272.276319313] [move_group]: Calling PlanningRequestAdapter 'CheckStartStateBounds'
[move_group-20] [INFO] [1776902272.276357290] [move_group]: Calling PlanningRequestAdapter 'CheckStartStateCollision'
[move_group-20] [INFO] [1776902272.276842417] [move_group.moveit.moveit.planners.ompl.model_based_planning_context]: Planner configuration 'manipulator' will use planner 'geometric::RRTConnect'. Additional configuration parameters will be set when the planner is constructed.
[move_group-20] [INFO] [1776902272.276939775] [move_group]: Calling Planner 'OMPL'
[move_group-20] [INFO] [1776902272.339596505] [move_group]: Calling PlanningResponseAdapter 'AddTimeOptimalParameterization'
[move_group-20] [INFO] [1776902272.356896842] [move_group]: Calling PlanningResponseAdapter 'ValidateSolution'
[move_group-20] [INFO] [1776902272.359378441] [move_group]: Calling PlanningResponseAdapter 'DisplayMotionPath'
[move_group-20] [WARN] [1776902272.359575708] [move_group.moveit.moveit.ros.planning_pipeline]: The planner plugin did not fill out the 'planner_id' field of the MotionPlanResponse. Setting it to the planner ID name of the MotionPlanRequest assuming that the planner plugin does warn you if it does not use the requested planner.
[move_group-20] [INFO] [1776902272.359955102] [move_group.moveit.moveit.plugins.simple_controller_manager]: Returned 2 controllers in list
[move_group-20] [INFO] [1776902272.359987099] [move_group.moveit.moveit.plugins.simple_controller_manager]: Returned 2 controllers in list
[move_group-20] [INFO] [1776902272.360093308] [move_group.moveit.moveit.ros.trajectory_execution_manager]: Validating trajectory with allowed_start_tolerance 0.01
[move_group-20] [INFO] [1776902272.375177009] [move_group.moveit.moveit.ros.trajectory_execution_manager]: Starting trajectory execution ...
[move_group-20] [INFO] [1776902272.375255140] [move_group.moveit.moveit.plugins.simple_controller_manager]: Returned 2 controllers in list
[move_group-20] [INFO] [1776902272.375464617] [move_group.moveit.moveit.plugins.simple_controller_manager]: Returned 2 controllers in list
[move_group-20] [INFO] [1776902272.375712871] [moveit.simple_controller_manager.follow_joint_trajectory_controller_handle]: sending trajectory to joint_trajectory_controller
[ros2_control_node-1] [INFO] [1776902272.376179176] [joint_trajectory_controller]: Received new action goal
[ros2_control_node-1] [INFO] [1776902272.376273300] [joint_trajectory_controller]: Accepted new action goal
[move_group-20] [INFO] [1776902272.376749338] [moveit.simple_controller_manager.follow_joint_trajectory_controller_handle]: joint_trajectory_controller started execution
[move_group-20] [INFO] [1776902272.376762517] [moveit.simple_controller_manager.follow_joint_trajectory_controller_handle]: Goal request accepted!
[adl_ui-15] 127.0.0.1 - - [22/Apr/2026 19:57:52] "GET /status_json HTTP/1.1" 200 -
[joint_state_sanitizer-3] [WARN] [1776902272.515572592] [joint_state_sanitizer_node]: [joint_state_sanitizer] Published sanitized joint state: joint_3:-3.134->-3.132
[ros2_control_node-1] [WARN] [1776902272.623582437] [controller_manager]: Overrun might occur, Total time : 2616.322 us (Expected < 1000.000 us) --> Read time : 30.568 us, Update time : 325.863 us, Write time : 2259.891 us
[ros2_control_node-1] [WARN] [1776902272.623688580] [controller_manager]: Overrun detected! The controller manager missed its desired rate of 1000 Hz. The loop took 2.746712 ms (missed cycles : 3).
[vision_apriltag-9] [INFO] [1776902272.914090642] [vision_apriltag_node]: Vision AprilTag: scene is locked; detection publishing is paused.
[adl_ui-15] 127.0.0.1 - - [22/Apr/2026 19:57:53] "GET /status_json HTTP/1.1" 200 -
[scene_from_vision-10] [INFO] [1776902273.556014569] [scene_from_vision_node]: Scan committed tag 4: raw=32, accepted=32, rejected=0, median tag pose x=0.647, y=-0.081, z=0.175. object center x=0.627, y=-0.087, z=0.147, yaw=+1.4deg. table_delta x=-0.055, y=-0.087.
[scene_from_vision-10] [INFO] [1776902273.557391555] [scene_from_vision_node]: Scene scan complete. Remembered object IDs: [4]
[ros2_control_node-1] [WARN] [1776902273.627598902] [controller_manager]: Overrun might occur, Total time : 3640.624 us (Expected < 1000.000 us) --> Read time : 29.414 us, Update time : 214.094 us, Write time : 3397.116 us
[ros2_control_node-1] [WARN] [1776902273.627656182] [controller_manager]: Overrun detected! The controller manager missed its desired rate of 1000 Hz. The loop took 3.714706 ms (missed cycles : 4).
[adl_ui-15] 127.0.0.1 - - [22/Apr/2026 19:57:53] "GET /status_json HTTP/1.1" 200 -
[wrist_camera_usb_publisher-8] [INFO] [1776902274.244128225] [wrist_camera_usb_publisher_node]: USB camera publisher heartbeat: publishing 1280x720 frames on /wrist_mounted_camera/image; camera_info fx=920.87, fy=921.57, cx=644.76, cy=343.15.
[ros2_control_node-1] [WARN] [1776902274.630750487] [controller_manager]: Overrun might occur, Total time : 2785.004 us (Expected < 1000.000 us) --> Read time : 30.622 us, Update time : 236.679 us, Write time : 2517.703 us
[ros2_control_node-1] [WARN] [1776902274.630834780] [controller_manager]: Overrun detected! The controller manager missed its desired rate of 1000 Hz. The loop took 2.892374 ms (missed cycles : 3).
[adl_ui-15] 127.0.0.1 - - [22/Apr/2026 19:57:54] "GET /status_json HTTP/1.1" 200 -
[vision_apriltag-9] [INFO] [1776902274.911081164] [vision_apriltag_node]: Vision AprilTag: scene is locked; detection publishing is paused.
[adl_ui-15] 127.0.0.1 - - [22/Apr/2026 19:57:55] "GET /status_json HTTP/1.1" 200 -
[ros2_control_node-1] [WARN] [1776902275.633467599] [controller_manager]: Overrun might occur, Total time : 2486.497 us (Expected < 1000.000 us) --> Read time : 78.788 us, Update time : 353.071 us, Write time : 2054.638 us
[ros2_control_node-1] [WARN] [1776902275.633537120] [controller_manager]: Overrun detected! The controller manager missed its desired rate of 1000 Hz. The loop took 2.595522 ms (missed cycles : 3).
[adl_ui-15] 127.0.0.1 - - [22/Apr/2026 19:57:56] "GET /status_json HTTP/1.1" 200 -
[ros2_control_node-1] [WARN] [1776902276.634960287] [controller_manager]: Overrun might occur, Total time : 3981.871 us (Expected < 1000.000 us) --> Read time : 39.087 us, Update time : 258.328 us, Write time : 3684.456 us
[ros2_control_node-1] [WARN] [1776902276.635035718] [controller_manager]: Overrun detected! The controller manager missed its desired rate of 1000 Hz. The loop took 4.093914 ms (missed cycles : 5).
[vision_apriltag-9] [INFO] [1776902276.912024943] [vision_apriltag_node]: Vision AprilTag: scene is locked; detection publishing is paused.
[adl_ui-15] 127.0.0.1 - - [22/Apr/2026 19:57:56] "GET /status_json HTTP/1.1" 200 -
[ros2_control_node-1] [WARN] [1776902277.638035940] [controller_manager]: Overrun might occur, Total time : 3071.736 us (Expected < 1000.000 us) --> Read time : 41.055 us, Update time : 305.828 us, Write time : 2724.853 us
[ros2_control_node-1] [WARN] [1776902277.638109909] [controller_manager]: Overrun detected! The controller manager missed its desired rate of 1000 Hz. The loop took 3.167702 ms (missed cycles : 4).
[adl_ui-15] 127.0.0.1 - - [22/Apr/2026 19:57:57] "GET /status_json HTTP/1.1" 200 -
[adl_ui-15] 127.0.0.1 - - [22/Apr/2026 19:57:58] "GET /status_json HTTP/1.1" 200 -
[ros2_control_node-1] [WARN] [1776902278.641086055] [controller_manager]: Overrun might occur, Total time : 3102.933 us (Expected < 1000.000 us) --> Read time : 40.472 us, Update time : 318.788 us, Write time : 2743.673 us
[ros2_control_node-1] [WARN] [1776902278.641155908] [controller_manager]: Overrun detected! The controller manager missed its desired rate of 1000 Hz. The loop took 3.214129 ms (missed cycles : 4).
[vision_apriltag-9] [INFO] [1776902278.911258147] [vision_apriltag_node]: Vision AprilTag: scene is locked; detection publishing is paused.
[joint_state_sanitizer-3] [WARN] [1776902279.157246412] [joint_state_sanitizer_node]: [joint_state_sanitizer] Published sanitized joint state: joint_5:+3.134->+3.132
[adl_ui-15] 127.0.0.1 - - [22/Apr/2026 19:57:59] "GET /status_json HTTP/1.1" 200 -
[wrist_camera_usb_publisher-8] [INFO] [1776902279.403730550] [wrist_camera_usb_publisher_node]: USB camera publisher heartbeat: publishing 1280x720 frames on /wrist_mounted_camera/image; camera_info fx=920.87, fy=921.57, cx=644.76, cy=343.15.
[ros2_control_node-1] [WARN] [1776902279.641969240] [controller_manager]: Overrun might occur, Total time : 3012.242 us (Expected < 1000.000 us) --> Read time : 31.648 us, Update time : 219.569 us, Write time : 2761.025 us
[ros2_control_node-1] [WARN] [1776902279.642025092] [controller_manager]: Overrun detected! The controller manager missed its desired rate of 1000 Hz. The loop took 3.083796 ms (missed cycles : 4).
[adl_ui-15] 127.0.0.1 - - [22/Apr/2026 19:57:59] "GET /status_json HTTP/1.1" 200 -
[ros2_control_node-1] [WARN] [1776902280.643904078] [controller_manager]: Overrun might occur, Total time : 2919.875 us (Expected < 1000.000 us) --> Read time : 27.490 us, Update time : 198.539 us, Write time : 2693.846 us
[ros2_control_node-1] [WARN] [1776902280.643996542] [controller_manager]: Overrun detected! The controller manager missed its desired rate of 1000 Hz. The loop took 3.055008 ms (missed cycles : 4).
[adl_ui-15] 127.0.0.1 - - [22/Apr/2026 19:58:00] "GET /status_json HTTP/1.1" 200 -
[vision_apriltag-9] [INFO] [1776902280.912327749] [vision_apriltag_node]: Vision AprilTag: scene is locked; detection publishing is paused.
[adl_ui-15] 127.0.0.1 - - [22/Apr/2026 19:58:01] "GET /status_json HTTP/1.1" 200 -
[ros2_control_node-1] [WARN] [1776902281.644988044] [controller_manager]: Overrun might occur, Total time : 3022.403 us (Expected < 1000.000 us) --> Read time : 36.326 us, Update time : 297.753 us, Write time : 2688.324 us
[ros2_control_node-1] [WARN] [1776902281.645063382] [controller_manager]: Overrun detected! The controller manager missed its desired rate of 1000 Hz. The loop took 3.121121 ms (missed cycles : 4).
[adl_ui-15] 127.0.0.1 - - [22/Apr/2026 19:58:02] "GET /status_json HTTP/1.1" 200 -
[ros2_control_node-1] [WARN] [1776902282.645508015] [controller_manager]: Overrun might occur, Total time : 2542.366 us (Expected < 1000.000 us) --> Read time : 39.109 us, Update time : 275.471 us, Write time : 2227.786 us
[ros2_control_node-1] [WARN] [1776902282.645574193] [controller_manager]: Overrun detected! The controller manager missed its desired rate of 1000 Hz. The loop took 2.632210 ms (missed cycles : 3).
[vision_apriltag-9] [INFO] [1776902282.911496276] [vision_apriltag_node]: Vision AprilTag: scene is locked; detection publishing is paused.
[adl_ui-15] 127.0.0.1 - - [22/Apr/2026 19:58:02] "GET /status_json HTTP/1.1" 200 -
[ros2_control_node-1] [WARN] [1776902283.646237807] [controller_manager]: Overrun might occur, Total time : 3274.311 us (Expected < 1000.000 us) --> Read time : 33.580 us, Update time : 277.136 us, Write time : 2963.595 us
[ros2_control_node-1] [WARN] [1776902283.646316596] [controller_manager]: Overrun detected! The controller manager missed its desired rate of 1000 Hz. The loop took 3.374108 ms (missed cycles : 4).
[adl_ui-15] 127.0.0.1 - - [22/Apr/2026 19:58:03] "GET /status_json HTTP/1.1" 200 -
[adl_ui-15] 127.0.0.1 - - [22/Apr/2026 19:58:04] "GET /status_json HTTP/1.1" 200 -
[wrist_camera_usb_publisher-8] [INFO] [1776902284.564954904] [wrist_camera_usb_publisher_node]: USB camera publisher heartbeat: publishing 1280x720 frames on /wrist_mounted_camera/image; camera_info fx=920.87, fy=921.57, cx=644.76, cy=343.15.
[ros2_control_node-1] [WARN] [1776902284.648521815] [controller_manager]: Overrun might occur, Total time : 2564.943 us (Expected < 1000.000 us) --> Read time : 27.323 us, Update time : 292.682 us, Write time : 2244.938 us
[ros2_control_node-1] [WARN] [1776902284.648593114] [controller_manager]: Overrun detected! The controller manager missed its desired rate of 1000 Hz. The loop took 2.651391 ms (missed cycles : 3).
[ros2_control_node-1] [INFO] [1776902284.764114170] [joint_trajectory_controller]: Goal reached, success!
[move_group-20] [INFO] [1776902284.777193223] [moveit.simple_controller_manager.follow_joint_trajectory_controller_handle]: Controller 'joint_trajectory_controller' successfully finished
[move_group-20] [INFO] [1776902284.835348586] [move_group.moveit.moveit.ros.trajectory_execution_manager]: Completed trajectory execution with status SUCCEEDED ...
[move_group-20] [INFO] [1776902284.835656595] [move_group.moveit.moveit.ros.move_group.move_action]: Solution was found and executed.
[vision_apriltag-9] [INFO] [1776902284.912436445] [vision_apriltag_node]: Vision AprilTag: scene is locked; detection publishing is paused.
[clear_table-13] [INFO] [1776902285.048104137] [clear_table_node]: [Cube] Stage 1 primary pre-refine check: live pose error pos=0.050 m (dx=+0.008, dy=-0.049, dz=+0.005) (limit=0.035), ori=0.365 rad (limit=0.450, mode=approach_axis).
[clear_table-13] [INFO] [1776902285.048804746] [clear_table_node]: go_to_pose: planning to pose at 0.627,-0.087, 0.450
[move_group-20] [ERROR] [1776902285.050061010] [move_group.moveit.moveit.core.conversions]: Found empty JointState message
[clear_table-13] [INFO] [1776902285.053743478] [clear_table_node]: Start state: collision-valid — no collisions (not a joint-bounds check).
[move_group-20] [INFO] [1776902285.055583638] [move_group.moveit.moveit.ros.move_group.move_action]: MoveGroupMoveAction: Received request
[move_group-20] [INFO] [1776902285.056540713] [move_group.moveit.moveit.ros.move_group.move_action]: executing..
[move_group-20] [INFO] [1776902285.075719241] [move_group.moveit.moveit.ros.move_group.move_action]: Combined planning and execution request received for MoveGroup action. Forwarding to planning and execution pipeline.
[move_group-20] [WARN] [1776902285.075775150] [move_group.moveit.moveit.ros.move_group.capability]: Execution of motions should always start at the robot's current state. Ignoring the state supplied as start state in the motion planning request
[move_group-20] [WARN] [1776902285.075797257] [move_group.moveit.moveit.ros.move_group.capability]: Execution of motions should always start at the robot's current state. Ignoring the state supplied as difference in the planning scene diff
[move_group-20] [INFO] [1776902285.075809829] [move_group.moveit.moveit.ros.plan_execution]: Planning attempt 1 of at most 1
[move_group-20] [INFO] [1776902285.076120776] [move_group]: Calling PlanningRequestAdapter 'ResolveConstraintFrames'
[move_group-20] [INFO] [1776902285.076161111] [move_group]: Calling PlanningRequestAdapter 'ValidateWorkspaceBounds'
[move_group-20] [INFO] [1776902285.076179328] [move_group]: Calling PlanningRequestAdapter 'CheckStartStateBounds'
[move_group-20] [INFO] [1776902285.076208896] [move_group]: Calling PlanningRequestAdapter 'CheckStartStateCollision'
[move_group-20] [INFO] [1776902285.076627383] [move_group.moveit.moveit.planners.ompl.model_based_planning_context]: Planner configuration 'manipulator' will use planner 'geometric::RRTConnect'. Additional configuration parameters will be set when the planner is constructed.
[move_group-20] [INFO] [1776902285.076691393] [move_group]: Calling Planner 'OMPL'
[move_group-20] [INFO] [1776902285.104632627] [move_group]: Calling PlanningResponseAdapter 'AddTimeOptimalParameterization'
[move_group-20] [INFO] [1776902285.106042164] [move_group]: Calling PlanningResponseAdapter 'ValidateSolution'
[move_group-20] [INFO] [1776902285.106553379] [move_group]: Calling PlanningResponseAdapter 'DisplayMotionPath'
[move_group-20] [WARN] [1776902285.106716915] [move_group.moveit.moveit.ros.planning_pipeline]: The planner plugin did not fill out the 'planner_id' field of the MotionPlanResponse. Setting it to the planner ID name of the MotionPlanRequest assuming that the planner plugin does warn you if it does not use the requested planner.
[move_group-20] [INFO] [1776902285.106976214] [move_group.moveit.moveit.plugins.simple_controller_manager]: Returned 2 controllers in list
[move_group-20] [INFO] [1776902285.107002273] [move_group.moveit.moveit.plugins.simple_controller_manager]: Returned 2 controllers in list
[move_group-20] [INFO] [1776902285.107068050] [move_group.moveit.moveit.ros.trajectory_execution_manager]: Validating trajectory with allowed_start_tolerance 0.01
[move_group-20] [INFO] [1776902285.115139500] [move_group.moveit.moveit.ros.trajectory_execution_manager]: Starting trajectory execution ...
[move_group-20] [INFO] [1776902285.115202661] [move_group.moveit.moveit.plugins.simple_controller_manager]: Returned 2 controllers in list
[move_group-20] [INFO] [1776902285.115234979] [move_group.moveit.moveit.plugins.simple_controller_manager]: Returned 2 controllers in list
[move_group-20] [INFO] [1776902285.115447151] [moveit.simple_controller_manager.follow_joint_trajectory_controller_handle]: sending trajectory to joint_trajectory_controller
[ros2_control_node-1] [INFO] [1776902285.115918006] [joint_trajectory_controller]: Received new action goal
[ros2_control_node-1] [INFO] [1776902285.115973031] [joint_trajectory_controller]: Accepted new action goal
[move_group-20] [INFO] [1776902285.116166924] [moveit.simple_controller_manager.follow_joint_trajectory_controller_handle]: joint_trajectory_controller started execution
[move_group-20] [INFO] [1776902285.116181251] [moveit.simple_controller_manager.follow_joint_trajectory_controller_handle]: Goal request accepted!
[adl_ui-15] 127.0.0.1 - - [22/Apr/2026 19:58:05] "GET /status_json HTTP/1.1" 200 -
[ros2_control_node-1] [WARN] [1776902285.651147424] [controller_manager]: Overrun might occur, Total time : 3166.800 us (Expected < 1000.000 us) --> Read time : 50.193 us, Update time : 319.330 us, Write time : 2797.277 us
[ros2_control_node-1] [WARN] [1776902285.651252751] [controller_manager]: Overrun detected! The controller manager missed its desired rate of 1000 Hz. The loop took 3.310534 ms (missed cycles : 4).
[adl_ui-15] 127.0.0.1 - - [22/Apr/2026 19:58:05] "GET /status_json HTTP/1.1" 200 -
[ros2_control_node-1] [INFO] [1776902286.388156669] [joint_trajectory_controller]: Goal reached, success!
[move_group-20] [INFO] [1776902286.416710537] [moveit.simple_controller_manager.follow_joint_trajectory_controller_handle]: Controller 'joint_trajectory_controller' successfully finished
[move_group-20] [INFO] [1776902286.475092549] [move_group.moveit.moveit.ros.trajectory_execution_manager]: Completed trajectory execution with status SUCCEEDED ...
[move_group-20] [INFO] [1776902286.475258466] [move_group.moveit.moveit.ros.move_group.move_action]: Solution was found and executed.
[clear_table-13] [INFO] [1776902286.584844808] [clear_table_node]: [Cube] Stage 1 primary settle: live pose error pos=0.030 m (dx=-0.025, dy=+0.009, dz=-0.015) (limit=0.035), ori=0.178 rad (limit=0.450, mode=approach_axis).
[clear_table-13] [INFO] [1776902286.585652128] [clear_table_node]: [Cube] Stage 1 live refresh: using cube max_xy_shift=0.070 m (default=0.050 m).
[clear_table-13] [INFO] [1776902286.586650033] [clear_table_node]: [Cube] Stage 1 live refresh: briefly unlocking scene to re-read the tag from the settled approach pose.
[clear_table-13] [INFO] [1776902286.587312159] [clear_table_node]: Scene UNLOCKED.
[scene_from_vision-10] [INFO] [1776902286.588798343] [scene_from_vision_node]: Scene UNLOCKED - updates resuming.
[vision_apriltag-9] [INFO] [1776902286.610934029] [vision_apriltag_node]: Removed stale tag ID 4 from detected tags
[scene_from_vision-10] [INFO] [1776902286.641335704] [scene_from_vision_node]: Published obj_4 (heartbeat) at x=0.627, y=-0.087, z=0.147, yaw=+1.4deg
[ros2_control_node-1] [WARN] [1776902286.652250268] [controller_manager]: Overrun might occur, Total time : 2293.533 us (Expected < 1000.000 us) --> Read time : 22.607 us, Update time : 147.934 us, Write time : 2122.992 us
[ros2_control_node-1] [WARN] [1776902286.652331016] [controller_manager]: Overrun detected! The controller manager missed its desired rate of 1000 Hz. The loop took 2.389335 ms (missed cycles : 3).
[adl_ui-15] 127.0.0.1 - - [22/Apr/2026 19:58:06] "GET /status_json HTTP/1.1" 200 -
[vision_apriltag-9] [INFO] [1776902286.931829132] [vision_apriltag_node]: Vision AprilTag: images are arriving, but no AprilTag has been seen for 34.0s.
[vision_apriltag-9] [INFO] [1776902287.128384972] [vision_apriltag_node]: Vision AprilTag detection debug: no tags found after raw/CLAHE/sharp/adaptive/upscaled/tiled passes.
[adl_ui-15] 127.0.0.1 - - [22/Apr/2026 19:58:07] "GET /status_json HTTP/1.1" 200 -
[ros2_control_node-1] [WARN] [1776902287.653045324] [controller_manager]: Overrun might occur, Total time : 3054.274 us (Expected < 1000.000 us) --> Read time : 37.783 us, Update time : 175.826 us, Write time : 2840.665 us
[ros2_control_node-1] [WARN] [1776902287.653105878] [controller_manager]: Overrun detected! The controller manager missed its desired rate of 1000 Hz. The loop took 3.164351 ms (missed cycles : 4).
[adl_ui-15] 127.0.0.1 - - [22/Apr/2026 19:58:08] "GET /status_json HTTP/1.1" 200 -
[clear_table-13] [WARN] [1776902288.250901273] [clear_table_node]: Timed out waiting for pose service 'get_tag_pose' for tag ID 4 after 1.20s.
[clear_table-13] [WARN] [1776902288.254670234] [clear_table_node]: Failed to get live pose for tag ID 4. Response: No response received.
[clear_table-13] [INFO] [1776902288.261444503] [clear_table_node]: Scene LOCKED.
[scene_from_vision-10] [INFO] [1776902288.266113133] [scene_from_vision_node]: Scene LOCKED - updates paused.
[clear_table-13] [WARN] [1776902288.412444524] [clear_table_node]: [Cube] Stage 1 live refresh: no fresh tag pose available from the approach view. Continuing with the scan pose target.
[clear_table-13] [INFO] [1776902288.413501330] [clear_table_node]: Removed temporary table-top keepout 'clear_table_approach_table_top_keepout'.
[clear_table-13] [INFO] [1776902288.520910238] [clear_table_node]: [Cube] Stage 2: push to grasp (cartesian) (0.627, -0.087, 0.300)
[clear_table-13] [INFO] [1776902288.529248648] [clear_table_node]: [Cube] Stage 2 top prealign orientation error=0.177 rad (limit=0.350, mode=approach_axis).
[clear_table-13] [INFO] [1776902288.531025288] [clear_table_node]: Removed collision object obj_4 from planning scene.
[ros2_control_node-1] [WARN] [1776902288.657429763] [controller_manager]: Overrun might occur, Total time : 3469.943 us (Expected < 1000.000 us) --> Read time : 28.297 us, Update time : 215.859 us, Write time : 3225.787 us
[ros2_control_node-1] [WARN] [1776902288.657515181] [controller_manager]: Overrun detected! The controller manager missed its desired rate of 1000 Hz. The loop took 3.573752 ms (missed cycles : 4).
[vision_apriltag-9] [INFO] [1776902288.912096011] [vision_apriltag_node]: Vision AprilTag: scene is locked; detection publishing is paused.
[adl_ui-15] 127.0.0.1 - - [22/Apr/2026 19:58:08] "GET /status_json HTTP/1.1" 200 -
[clear_table-13] [INFO] [1776902289.285027126] [clear_table_node]: [Cube] Stage 2 start (live/current): pos=(0.602, -0.079, 0.434), ori=(0.694, 0.715, 0.083, -0.031)
[ros2_control_node-1] [INFO] [1776902289.292483647] [controller_manager]: Activating controllers: [ twist_controller ]
[ros2_control_node-1] [INFO] [1776902289.292522474] [controller_manager]: Deactivating controllers: [ joint_trajectory_controller ]
[ros2_control_node-1] [INFO] [1776902289.602360699] [controller_manager]: Successfully switched controllers!
[ros2_control_node-1] [WARN] [1776902289.653219483] [controller_manager]: Overrun might occur, Total time : 159256.195 us (Expected < 1000.000 us) --> Read time : 54.929 us, Update time : 108255.817 us (Switch time : 108010.099 us (Switch chained mode time : 1.115 us, perform mode change time : 107721.267 us, Activation time : 101.169 us, Deactivation time : 181.120 us)), Write time : 50945.449 us
[clear_table-13] [INFO] [1776902289.661664749] [clear_table_node]: [Cube] Stage 2 top descend: using twist_controller for a 0.137 m short Cartesian move.
[adl_ui-15] 127.0.0.1 - - [22/Apr/2026 19:58:09] "GET /status_json HTTP/1.1" 200 -
[ros2_control_node-1] [WARN] [1776902289.704249543] [controller_manager]: Overrun might occur, Total time : 50284.122 us (Expected < 1000.000 us) --> Read time : 45.393 us, Update time : 147.453 us, Write time : 50091.276 us
[ros2_control_node-1] [WARN] [1776902289.704338521] [controller_manager]: Overrun detected! The controller manager missed its desired rate of 1000 Hz. The loop took 50.397275 ms (missed cycles : 51).
[wrist_camera_usb_publisher-8] [INFO] [1776902289.724181810] [wrist_camera_usb_publisher_node]: USB camera publisher heartbeat: publishing 1280x720 frames on /wrist_mounted_camera/image; camera_info fx=920.87, fy=921.57, cx=644.76, cy=343.15.
[adl_ui-15] 127.0.0.1 - - [22/Apr/2026 19:58:10] "GET /status_json HTTP/1.1" 200 -
[clear_table-13] [WARN] [1776902290.677020022] [clear_table_node]: [Cube] Stage 2 top descend: twist motion stopped making progress; falling back to MoveIt.
[ros2_control_node-1] [WARN] [1776902290.753138199] [controller_manager]: Overrun might occur, Total time : 49169.965 us (Expected < 1000.000 us) --> Read time : 41.256 us, Update time : 161.903 us, Write time : 48966.806 us
[ros2_control_node-1] [WARN] [1776902290.753197178] [controller_manager]: Overrun detected! The controller manager missed its desired rate of 1000 Hz. The loop took 49.256193 ms (missed cycles : 50).
[ros2_control_node-1] [INFO] [1776902290.831027620] [controller_manager]: Activating controllers: [ joint_trajectory_controller ]
[ros2_control_node-1] [INFO] [1776902290.831060147] [controller_manager]: Deactivating controllers: [ twist_controller ]
[vision_apriltag-9] [INFO] [1776902290.915299325] [vision_apriltag_node]: Vision AprilTag: scene is locked; detection publishing is paused.
[ros2_control_node-1] [INFO] [1776902291.161310729] [controller_manager]: Successfully switched controllers!
[ros2_control_node-1] [WARN] [1776902291.163389948] [controller_manager]: Overrun might occur, Total time : 129429.576 us (Expected < 1000.000 us) --> Read time : 23.213 us, Update time : 127237.601 us (Switch time : 127121.627 us (Switch chained mode time : 1.054 us, perform mode change time : 126278.450 us, Activation time : 723.005 us, Deactivation time : 112.586 us)), Write time : 2168.762 us
[adl_ui-15] 127.0.0.1 - - [22/Apr/2026 19:58:11] "GET /status_json HTTP/1.1" 200 -
[clear_table-13] [WARN] [1776902291.172400933] [clear_table_node]: [Cube] Stage 2 short-motion servo attempt did not complete cleanly; falling back to MoveIt Cartesian planning.
[move_group-20] [INFO] [1776902291.173056866] [move_group.moveit.moveit.ros.move_group.cartesian_path_service_capability]: Received request to compute Cartesian path
[move_group-20] [INFO] [1776902291.173181629] [move_group.moveit.moveit.ros.move_group.cartesian_path_service_capability]: Attempting to follow 1 waypoints for link 'end_effector_link' using a step of 0.010000 m and jump threshold 0.000000 (in global reference frame)
[move_group-20] [INFO] [1776902291.176979903] [move_group.moveit.moveit.ros.move_group.cartesian_path_service_capability]: Computed Cartesian path with 17 points (followed 100.000000% of requested trajectory)
[clear_table-13] [INFO] [1776902291.181500691] [clear_table_node]: Cartesian path computed with 100.0% success.
[move_group-20] [INFO] [1776902291.192335448] [move_group.moveit.moveit.ros.move_group.clear_octomap_service]: Execution request received
[move_group-20] [INFO] [1776902291.192421666] [move_group.moveit.moveit.plugins.simple_controller_manager]: Returned 2 controllers in list
[move_group-20] [INFO] [1776902291.192452838] [move_group.moveit.moveit.plugins.simple_controller_manager]: Returned 2 controllers in list
[move_group-20] [INFO] [1776902291.192579747] [move_group.moveit.moveit.ros.trajectory_execution_manager]: Validating trajectory with allowed_start_tolerance 0.01
[move_group-20] [INFO] [1776902291.195646147] [move_group.moveit.moveit.ros.trajectory_execution_manager]: Starting trajectory execution ...
[move_group-20] [INFO] [1776902291.195729768] [move_group.moveit.moveit.plugins.simple_controller_manager]: Returned 2 controllers in list
[move_group-20] [INFO] [1776902291.195763533] [move_group.moveit.moveit.plugins.simple_controller_manager]: Returned 2 controllers in list
[move_group-20] [INFO] [1776902291.195989672] [moveit.simple_controller_manager.follow_joint_trajectory_controller_handle]: sending trajectory to joint_trajectory_controller
[ros2_control_node-1] [INFO] [1776902291.196743803] [joint_trajectory_controller]: Received new action goal
[ros2_control_node-1] [INFO] [1776902291.196799734] [joint_trajectory_controller]: Accepted new action goal
[move_group-20] [INFO] [1776902291.199259178] [moveit.simple_controller_manager.follow_joint_trajectory_controller_handle]: joint_trajectory_controller started execution
[move_group-20] [INFO] [1776902291.199297953] [moveit.simple_controller_manager.follow_joint_trajectory_controller_handle]: Goal request accepted!
[ros2_control_node-1] [WARN] [1776902291.754103335] [controller_manager]: Overrun might occur, Total time : 3091.469 us (Expected < 1000.000 us) --> Read time : 54.014 us, Update time : 249.845 us, Write time : 2787.610 us
[ros2_control_node-1] [WARN] [1776902291.754157795] [controller_manager]: Overrun detected! The controller manager missed its desired rate of 1000 Hz. The loop took 3.216390 ms (missed cycles : 4).
[adl_ui-15] 127.0.0.1 - - [22/Apr/2026 19:58:11] "GET /status_json HTTP/1.1" 200 -
[ros2_control_node-1] [INFO] [1776902292.043101171] [joint_trajectory_controller]: Goal reached, success!
[vision_apriltag-9] [WARN] [1776902292.080352406] [vision_apriltag_node]: Tag ID 4 did not produce a fresh base_link pose within 5.0s.
[move_group-20] [INFO] [1776902292.101388536] [moveit.simple_controller_manager.follow_joint_trajectory_controller_handle]: Controller 'joint_trajectory_controller' successfully finished
[move_group-20] [INFO] [1776902292.155000385] [move_group.moveit.moveit.ros.trajectory_execution_manager]: Completed trajectory execution with status SUCCEEDED ...
[move_group-20] [INFO] [1776902292.155845010] [move_group.moveit.moveit.ros.move_group.clear_octomap_service]: Execution completed: SUCCEEDED
[clear_table-13] [INFO] [1776902292.364276279] [clear_table_node]: [Cube] Stage 2 pre-close settle: live pose error pos=0.000 m (dx=-0.000, dy=+0.000, dz=-0.000) (limit=0.025), ori=0.001 rad (limit=0.350, mode=approach_axis).
[clear_table-13] [INFO] [1776902292.370371991] [clear_table_node]: [Cube] Stage 3: close gripper begun. Closing to width 0.30917647058823533m
[clear_table-13] [INFO] [1776902292.371213517] [clear_table_node]: close_gripper(): closing gripper to width=0.309rad, force=20.0N
[ros2_control_node-1] [INFO] [1776902292.371938335] [robotiq_gripper_controller]: Received & accepted new action goal
[adl_ui-15] 127.0.0.1 - - [22/Apr/2026 19:58:12] "GET /status_json HTTP/1.1" 200 -
[clear_table-13] [INFO] [1776902292.678467191] [clear_table_node]: Gripper reached position=0.302 stalled=False reached_goal=True
[ros2_control_node-1] [WARN] [1776902292.756866131] [controller_manager]: Overrun might occur, Total time : 2900.709 us (Expected < 1000.000 us) --> Read time : 42.693 us, Update time : 250.269 us, Write time : 2607.747 us
[ros2_control_node-1] [WARN] [1776902292.756930602] [controller_manager]: Overrun detected! The controller manager missed its desired rate of 1000 Hz. The loop took 2.988535 ms (missed cycles : 3).
[vision_apriltag-9] [INFO] [1776902292.912261928] [vision_apriltag_node]: Vision AprilTag: scene is locked; detection publishing is paused.
[clear_table-13] [INFO] [1776902292.983130167] [clear_table_node]: Attached object obj_4 to end_effector_link with geometry for tag ID 4.
[adl_ui-15] 127.0.0.1 - - [22/Apr/2026 19:58:13] "GET /status_json HTTP/1.1" 200 -
[clear_table-13] [INFO] [1776902293.483981389] [clear_table_node]: Marked ID 4 as PICKED/REMOVED.
[scene_from_vision-10] [INFO] [1776902293.486809245] [scene_from_vision_node]: Marked tag ID 4 as picked.
[move_group-20] [WARN] [1776902293.487564536] [move_group.moveit.moveit.core.planning_scene]: Tried to remove world object 'obj_4', but it does not exist in this scene.
[move_group-20] [WARN] [1776902293.487623359] [move_group.moveit.moveit.core.planning_scene]: Tried to remove world object 'placed_4', but it does not exist in this scene.
[clear_table-13] [INFO] [1776902293.487984434] [clear_table_node]: [Cube] Stage 3 settled (live/current): pos=(0.627, -0.087, 0.299), ori=(0.698, 0.716, -0.000, -0.000)
[rviz2-21] [WARN] [1776902293.488158233] [rviz2_moveit.moveit.core.planning_scene]: Tried to remove world object 'obj_4', but it does not exist in this scene.
[rviz2-21] [WARN] [1776902293.488229502] [rviz2_moveit.moveit.core.planning_scene]: Tried to remove world object 'placed_4', but it does not exist in this scene.
[move_group-20] [WARN] [1776902293.488678530] [move_group.moveit.moveit.core.planning_scene]: Tried to remove world object 'obj_4', but it does not exist in this scene.
[move_group-20] [WARN] [1776902293.488720695] [move_group.moveit.moveit.core.planning_scene]: Tried to remove world object 'placed_4', but it does not exist in this scene.
[scene_from_vision-10] [WARN] [1776902293.492918806] [scene_from_vision_node]: /apply_planning_scene rejected picked cleanup for tag 4.
[clear_table-13] [INFO] [1776902293.499296417] [clear_table_node]: [Cube] Stage 4: lift up to z=0.449
[move_group-20] [INFO] [1776902293.500015028] [move_group.moveit.moveit.ros.move_group.cartesian_path_service_capability]: Received request to compute Cartesian path
[move_group-20] [INFO] [1776902293.500556230] [move_group.moveit.moveit.ros.move_group.cartesian_path_service_capability]: Attempting to follow 1 waypoints for link 'end_effector_link' using a step of 0.010000 m and jump threshold 0.000000 (in global reference frame)
[move_group-20] [INFO] [1776902293.504927670] [move_group.moveit.moveit.ros.move_group.cartesian_path_service_capability]: Computed Cartesian path with 17 points (followed 100.000000% of requested trajectory)
[clear_table-13] [INFO] [1776902293.508634042] [clear_table_node]: Cartesian path computed with 100.0% success.
[move_group-20] [INFO] [1776902293.509366517] [move_group.moveit.moveit.ros.move_group.clear_octomap_service]: Execution request received
[move_group-20] [INFO] [1776902293.509410085] [move_group.moveit.moveit.plugins.simple_controller_manager]: Returned 2 controllers in list
[move_group-20] [INFO] [1776902293.509435547] [move_group.moveit.moveit.plugins.simple_controller_manager]: Returned 2 controllers in list
[move_group-20] [INFO] [1776902293.509503438] [move_group.moveit.moveit.ros.trajectory_execution_manager]: Validating trajectory with allowed_start_tolerance 0.01
[move_group-20] [INFO] [1776902293.515053966] [move_group.moveit.moveit.ros.trajectory_execution_manager]: Starting trajectory execution ...
[move_group-20] [INFO] [1776902293.515126183] [move_group.moveit.moveit.plugins.simple_controller_manager]: Returned 2 controllers in list
[move_group-20] [INFO] [1776902293.515162615] [move_group.moveit.moveit.plugins.simple_controller_manager]: Returned 2 controllers in list
[move_group-20] [INFO] [1776902293.515333063] [moveit.simple_controller_manager.follow_joint_trajectory_controller_handle]: sending trajectory to joint_trajectory_controller
[ros2_control_node-1] [INFO] [1776902293.515647857] [joint_trajectory_controller]: Received new action goal
[ros2_control_node-1] [INFO] [1776902293.515703899] [joint_trajectory_controller]: Accepted new action goal
[move_group-20] [INFO] [1776902293.515873301] [moveit.simple_controller_manager.follow_joint_trajectory_controller_handle]: joint_trajectory_controller started execution
[move_group-20] [INFO] [1776902293.515884009] [moveit.simple_controller_manager.follow_joint_trajectory_controller_handle]: Goal request accepted!
[ros2_control_node-1] [WARN] [1776902293.757651252] [controller_manager]: Overrun might occur, Total time : 2686.957 us (Expected < 1000.000 us) --> Read time : 40.280 us, Update time : 266.638 us, Write time : 2380.039 us
[ros2_control_node-1] [WARN] [1776902293.757707151] [controller_manager]: Overrun detected! The controller manager missed its desired rate of 1000 Hz. The loop took 2.766000 ms (missed cycles : 3).
[adl_ui-15] 127.0.0.1 - - [22/Apr/2026 19:58:14] "GET /status_json HTTP/1.1" 200 -
[ros2_control_node-1] [WARN] [1776902294.760926841] [controller_manager]: Overrun might occur, Total time : 2942.867 us (Expected < 1000.000 us) --> Read time : 47.302 us, Update time : 242.853 us, Write time : 2652.712 us
[ros2_control_node-1] [WARN] [1776902294.760999453] [controller_manager]: Overrun detected! The controller manager missed its desired rate of 1000 Hz. The loop took 3.058059 ms (missed cycles : 4).
[wrist_camera_usb_publisher-8] [INFO] [1776902294.885383377] [wrist_camera_usb_publisher_node]: USB camera publisher heartbeat: publishing 1280x720 frames on /wrist_mounted_camera/image; camera_info fx=920.87, fy=921.57, cx=644.76, cy=343.15.
[vision_apriltag-9] [INFO] [1776902294.911236790] [vision_apriltag_node]: Vision AprilTag: scene is locked; detection publishing is paused.
[adl_ui-15] 127.0.0.1 - - [22/Apr/2026 19:58:14] "GET /status_json HTTP/1.1" 200 -
[ros2_control_node-1] [INFO] [1776902295.041113568] [joint_trajectory_controller]: Goal reached, success!
[move_group-20] [INFO] [1776902295.117150940] [moveit.simple_controller_manager.follow_joint_trajectory_controller_handle]: Controller 'joint_trajectory_controller' successfully finished
[move_group-20] [INFO] [1776902295.175194030] [move_group.moveit.moveit.ros.trajectory_execution_manager]: Completed trajectory execution with status SUCCEEDED ...
[move_group-20] [INFO] [1776902295.177362230] [move_group.moveit.moveit.ros.move_group.clear_octomap_service]: Execution completed: SUCCEEDED
[clear_table-13] [INFO] [1776902295.317441694] [clear_table_node]: 4b) lift to final height at z=0.449 (collisions on)
[move_group-20] [INFO] [1776902295.318054697] [move_group.moveit.moveit.ros.move_group.cartesian_path_service_capability]: Received request to compute Cartesian path
[move_group-20] [INFO] [1776902295.318192885] [move_group.moveit.moveit.ros.move_group.cartesian_path_service_capability]: Attempting to follow 1 waypoints for link 'end_effector_link' using a step of 0.010000 m and jump threshold 0.000000 (in global reference frame)
[move_group-20] [INFO] [1776902295.318733064] [move_group.moveit.moveit.ros.move_group.cartesian_path_service_capability]: Computed Cartesian path with 2 points (followed 100.000000% of requested trajectory)
[clear_table-13] [INFO] [1776902295.322320755] [clear_table_node]: Cartesian path computed with 100.0% success.
[move_group-20] [INFO] [1776902295.323124597] [move_group.moveit.moveit.ros.move_group.clear_octomap_service]: Execution request received
[move_group-20] [INFO] [1776902295.323173453] [move_group.moveit.moveit.plugins.simple_controller_manager]: Returned 2 controllers in list
[move_group-20] [INFO] [1776902295.323199966] [move_group.moveit.moveit.plugins.simple_controller_manager]: Returned 2 controllers in list
[move_group-20] [INFO] [1776902295.323262188] [move_group.moveit.moveit.ros.trajectory_execution_manager]: Validating trajectory with allowed_start_tolerance 0.01
[move_group-20] [INFO] [1776902295.335319774] [move_group.moveit.moveit.ros.trajectory_execution_manager]: Starting trajectory execution ...
[move_group-20] [INFO] [1776902295.335386039] [move_group.moveit.moveit.plugins.simple_controller_manager]: Returned 2 controllers in list
[move_group-20] [INFO] [1776902295.335418359] [move_group.moveit.moveit.plugins.simple_controller_manager]: Returned 2 controllers in list
[move_group-20] [INFO] [1776902295.335619165] [moveit.simple_controller_manager.follow_joint_trajectory_controller_handle]: sending trajectory to joint_trajectory_controller
[ros2_control_node-1] [INFO] [1776902295.336423380] [joint_trajectory_controller]: Received new action goal
[ros2_control_node-1] [INFO] [1776902295.336481870] [joint_trajectory_controller]: Accepted new action goal
[move_group-20] [INFO] [1776902295.336665035] [moveit.simple_controller_manager.follow_joint_trajectory_controller_handle]: joint_trajectory_controller started execution
[move_group-20] [INFO] [1776902295.336679771] [moveit.simple_controller_manager.follow_joint_trajectory_controller_handle]: Goal request accepted!
[ros2_control_node-1] [INFO] [1776902295.337139459] [joint_trajectory_controller]: Goal reached, success!
[move_group-20] [INFO] [1776902295.437576648] [moveit.simple_controller_manager.follow_joint_trajectory_controller_handle]: Controller 'joint_trajectory_controller' successfully finished
[move_group-20] [INFO] [1776902295.495116585] [move_group.moveit.moveit.ros.trajectory_execution_manager]: Completed trajectory execution with status SUCCEEDED ...
[move_group-20] [INFO] [1776902295.495851173] [move_group.moveit.moveit.ros.move_group.clear_octomap_service]: Execution completed: SUCCEEDED
[clear_table-13] [INFO] [1776902295.609553290] [clear_table_node]: [Cube] Stage 5: transit to above destination (0.760, 0.225, 0.497) slot=SHELF_LEFT
[clear_table-13] [INFO] [1776902295.610663638] [clear_table_node]: [Cube] Stage 5 pose preset 'SHELF_LEFT': pos=(0.760, 0.225, 0.501), ori=(0.508, 0.491, 0.510, 0.491)
[clear_table-13] [INFO] [1776902295.611333562] [clear_table_node]: go_to_pose: planning to pose at 0.760,0.225, 0.501
[move_group-20] [ERROR] [1776902295.613844750] [move_group.moveit.moveit.core.conversions]: Found empty JointState message
[clear_table-13] [INFO] [1776902295.618567102] [clear_table_node]: Start state: collision-valid — no collisions (not a joint-bounds check).
[move_group-20] [INFO] [1776902295.619812515] [move_group.moveit.moveit.ros.move_group.move_action]: MoveGroupMoveAction: Received request
[move_group-20] [INFO] [1776902295.620004779] [move_group.moveit.moveit.ros.move_group.move_action]: executing..
[move_group-20] [INFO] [1776902295.635244597] [move_group.moveit.moveit.ros.move_group.move_action]: Combined planning and execution request received for MoveGroup action. Forwarding to planning and execution pipeline.
[move_group-20] [WARN] [1776902295.635856430] [move_group.moveit.moveit.ros.move_group.capability]: Execution of motions should always start at the robot's current state. Ignoring the state supplied as start state in the motion planning request
[move_group-20] [WARN] [1776902295.635892752] [move_group.moveit.moveit.ros.move_group.capability]: Execution of motions should always start at the robot's current state. Ignoring the state supplied as difference in the planning scene diff
[move_group-20] [INFO] [1776902295.635905847] [move_group.moveit.moveit.ros.plan_execution]: Planning attempt 1 of at most 1
[move_group-20] [INFO] [1776902295.636217048] [move_group]: Calling PlanningRequestAdapter 'ResolveConstraintFrames'
[move_group-20] [INFO] [1776902295.636255151] [move_group]: Calling PlanningRequestAdapter 'ValidateWorkspaceBounds'
[move_group-20] [INFO] [1776902295.636272151] [move_group]: Calling PlanningRequestAdapter 'CheckStartStateBounds'
[move_group-20] [INFO] [1776902295.636327541] [move_group]: Calling PlanningRequestAdapter 'CheckStartStateCollision'
[move_group-20] [INFO] [1776902295.637663883] [move_group.moveit.moveit.planners.ompl.model_based_planning_context]: Planner configuration 'manipulator' will use planner 'geometric::RRTConnect'. Additional configuration parameters will be set when the planner is constructed.
[move_group-20] [INFO] [1776902295.637776931] [move_group]: Calling Planner 'OMPL'
[adl_ui-15] 127.0.0.1 - - [22/Apr/2026 19:58:15] "GET /status_json HTTP/1.1" 200 -
[move_group-20] [INFO] [1776902295.687944847] [move_group]: Calling PlanningResponseAdapter 'AddTimeOptimalParameterization'
[move_group-20] [INFO] [1776902295.693232434] [move_group]: Calling PlanningResponseAdapter 'ValidateSolution'
[move_group-20] [INFO] [1776902295.696787812] [move_group]: Calling PlanningResponseAdapter 'DisplayMotionPath'
[move_group-20] [WARN] [1776902295.697160039] [move_group.moveit.moveit.ros.planning_pipeline]: The planner plugin did not fill out the 'planner_id' field of the MotionPlanResponse. Setting it to the planner ID name of the MotionPlanRequest assuming that the planner plugin does warn you if it does not use the requested planner.
[move_group-20] [INFO] [1776902295.697692265] [move_group.moveit.moveit.plugins.simple_controller_manager]: Returned 2 controllers in list
[move_group-20] [INFO] [1776902295.697748594] [move_group.moveit.moveit.plugins.simple_controller_manager]: Returned 2 controllers in list
[move_group-20] [INFO] [1776902295.697832566] [move_group.moveit.moveit.ros.trajectory_execution_manager]: Validating trajectory with allowed_start_tolerance 0.01
[move_group-20] [INFO] [1776902295.716613262] [move_group.moveit.moveit.ros.trajectory_execution_manager]: Starting trajectory execution ...
[move_group-20] [INFO] [1776902295.716715563] [move_group.moveit.moveit.plugins.simple_controller_manager]: Returned 2 controllers in list
[move_group-20] [INFO] [1776902295.716754334] [move_group.moveit.moveit.plugins.simple_controller_manager]: Returned 2 controllers in list
[move_group-20] [INFO] [1776902295.717036550] [moveit.simple_controller_manager.follow_joint_trajectory_controller_handle]: sending trajectory to joint_trajectory_controller
[ros2_control_node-1] [INFO] [1776902295.717531245] [joint_trajectory_controller]: Received new action goal
[ros2_control_node-1] [INFO] [1776902295.717594352] [joint_trajectory_controller]: Accepted new action goal
[move_group-20] [INFO] [1776902295.719110711] [moveit.simple_controller_manager.follow_joint_trajectory_controller_handle]: joint_trajectory_controller started execution
[move_group-20] [INFO] [1776902295.719136293] [moveit.simple_controller_manager.follow_joint_trajectory_controller_handle]: Goal request accepted!
[ros2_control_node-1] [WARN] [1776902295.761863996] [controller_manager]: Overrun might occur, Total time : 2901.980 us (Expected < 1000.000 us) --> Read time : 33.669 us, Update time : 301.596 us, Write time : 2566.715 us
[ros2_control_node-1] [WARN] [1776902295.761935677] [controller_manager]: Overrun detected! The controller manager missed its desired rate of 1000 Hz. The loop took 2.994056 ms (missed cycles : 3).
[adl_ui-15] 127.0.0.1 - - [22/Apr/2026 19:58:16] "GET /status_json HTTP/1.1" 200 -
[ros2_control_node-1] [WARN] [1776902296.763886830] [controller_manager]: Overrun might occur, Total time : 2920.488 us (Expected < 1000.000 us) --> Read time : 27.579 us, Update time : 194.103 us, Write time : 2698.806 us
[ros2_control_node-1] [WARN] [1776902296.763947024] [controller_manager]: Overrun detected! The controller manager missed its desired rate of 1000 Hz. The loop took 3.004752 ms (missed cycles : 4).
[vision_apriltag-9] [INFO] [1776902296.912176139] [vision_apriltag_node]: Vision AprilTag: scene is locked; detection publishing is paused.
[adl_ui-15] 127.0.0.1 - - [22/Apr/2026 19:58:17] "GET /status_json HTTP/1.1" 200 -
[ros2_control_node-1] [WARN] [1776902297.766525208] [controller_manager]: Overrun might occur, Total time : 2541.727 us (Expected < 1000.000 us) --> Read time : 25.235 us, Update time : 210.602 us, Write time : 2305.890 us
[ros2_control_node-1] [WARN] [1776902297.766606894] [controller_manager]: Overrun detected! The controller manager missed its desired rate of 1000 Hz. The loop took 2.663939 ms (missed cycles : 3).
[adl_ui-15] 127.0.0.1 - - [22/Apr/2026 19:58:17] "GET /status_json HTTP/1.1" 200 -
[adl_ui-15] 127.0.0.1 - - [22/Apr/2026 19:58:18] "GET /status_json HTTP/1.1" 200 -
[ros2_control_node-1] [WARN] [1776902298.768581112] [controller_manager]: Overrun might occur, Total time : 2608.463 us (Expected < 1000.000 us) --> Read time : 36.246 us, Update time : 276.900 us, Write time : 2295.317 us
[ros2_control_node-1] [WARN] [1776902298.768721568] [controller_manager]: Overrun detected! The controller manager missed its desired rate of 1000 Hz. The loop took 2.777521 ms (missed cycles : 3).
[vision_apriltag-9] [INFO] [1776902298.911156451] [vision_apriltag_node]: Vision AprilTag: scene is locked; detection publishing is paused.
[adl_ui-15] 127.0.0.1 - - [22/Apr/2026 19:58:19] "GET /status_json HTTP/1.1" 200 -
[ros2_control_node-1] [WARN] [1776902299.769924416] [controller_manager]: Overrun might occur, Total time : 2957.286 us (Expected < 1000.000 us) --> Read time : 52.204 us, Update time : 290.257 us, Write time : 2614.825 us
[ros2_control_node-1] [WARN] [1776902299.770019112] [controller_manager]: Overrun detected! The controller manager missed its desired rate of 1000 Hz. The loop took 3.077193 ms (missed cycles : 4).
[wrist_camera_usb_publisher-8] [INFO] [1776902300.046127130] [wrist_camera_usb_publisher_node]: USB camera publisher heartbeat: publishing 1280x720 frames on /wrist_mounted_camera/image; camera_info fx=920.87, fy=921.57, cx=644.76, cy=343.15.
[adl_ui-15] 127.0.0.1 - - [22/Apr/2026 19:58:20] "GET /status_json HTTP/1.1" 200 -
[ros2_control_node-1] [INFO] [1776902300.583104790] [joint_trajectory_controller]: Goal reached, success!
[move_group-20] [INFO] [1776902300.618270528] [moveit.simple_controller_manager.follow_joint_trajectory_controller_handle]: Controller 'joint_trajectory_controller' successfully finished
[move_group-20] [INFO] [1776902300.675095996] [move_group.moveit.moveit.ros.trajectory_execution_manager]: Completed trajectory execution with status SUCCEEDED ...
[move_group-20] [INFO] [1776902300.676857337] [move_group.moveit.moveit.ros.move_group.move_action]: Solution was found and executed.
[ros2_control_node-1] [WARN] [1776902300.772751508] [controller_manager]: Overrun might occur, Total time : 2785.566 us (Expected < 1000.000 us) --> Read time : 34.813 us, Update time : 239.330 us, Write time : 2511.423 us
[ros2_control_node-1] [WARN] [1776902300.772835165] [controller_manager]: Overrun detected! The controller manager missed its desired rate of 1000 Hz. The loop took 2.893216 ms (missed cycles : 3).
[clear_table-13] [INFO] [1776902300.790569890] [clear_table_node]: [Cube] Stage 5 pose preset move result: OK.
[clear_table-13] [INFO] [1776902300.797126796] [clear_table_node]: [Cube] Stage 6: using a shallower drop target for SHELF_LEFT (+0.024m release gap above nominal destination depth).
[clear_table-13] [INFO] [1776902300.810496553] [clear_table_node]: [Cube] Stage 6: lower to destination (cartesian) (0.760, 0.225, 0.271)
[clear_table-13] [INFO] [1776902300.825055691] [clear_table_node]: [Cube] Stage 6 start (live/current): pos=(0.747, 0.230, 0.501), ori=(0.585, 0.509, 0.473, 0.418)
[clear_table-13] [INFO] [1776902300.840378664] [clear_table_node]: [Cube] Stage 6 preset orientation error: 0.224 rad.
[clear_table-13] [WARN] [1776902300.863259949] [clear_table_node]: [Cube] Stage 6 orientation deviates from slot preset. Refining before drop.
[clear_table-13] [INFO] [1776902300.864140819] [clear_table_node]: [Cube] Stage 6 orientation refine target: pos=(0.760, 0.225, 0.501), ori=(0.508, 0.491, 0.510, 0.491)
[clear_table-13] [INFO] [1776902300.865613030] [clear_table_node]: go_to_pose: planning to pose at 0.760,0.225, 0.501
[move_group-20] [ERROR] [1776902300.867688626] [move_group.moveit.moveit.core.conversions]: Found empty JointState message
[clear_table-13] [INFO] [1776902300.871566258] [clear_table_node]: Start state: collision-valid — no collisions (not a joint-bounds check).
[move_group-20] [INFO] [1776902300.873058871] [move_group.moveit.moveit.ros.move_group.move_action]: MoveGroupMoveAction: Received request
[move_group-20] [INFO] [1776902300.877341326] [move_group.moveit.moveit.ros.move_group.move_action]: executing..
[move_group-20] [INFO] [1776902300.896820170] [move_group.moveit.moveit.ros.move_group.move_action]: Combined planning and execution request received for MoveGroup action. Forwarding to planning and execution pipeline.
[move_group-20] [WARN] [1776902300.896872155] [move_group.moveit.moveit.ros.move_group.capability]: Execution of motions should always start at the robot's current state. Ignoring the state supplied as start state in the motion planning request
[move_group-20] [WARN] [1776902300.896886106] [move_group.moveit.moveit.ros.move_group.capability]: Execution of motions should always start at the robot's current state. Ignoring the state supplied as difference in the planning scene diff
[move_group-20] [INFO] [1776902300.896895146] [move_group.moveit.moveit.ros.plan_execution]: Planning attempt 1 of at most 1
[move_group-20] [INFO] [1776902300.897270107] [move_group]: Calling PlanningRequestAdapter 'ResolveConstraintFrames'
[move_group-20] [INFO] [1776902300.897330816] [move_group]: Calling PlanningRequestAdapter 'ValidateWorkspaceBounds'
[move_group-20] [INFO] [1776902300.897353731] [move_group]: Calling PlanningRequestAdapter 'CheckStartStateBounds'
[move_group-20] [INFO] [1776902300.897390712] [move_group]: Calling PlanningRequestAdapter 'CheckStartStateCollision'
[move_group-20] [INFO] [1776902300.897820047] [move_group.moveit.moveit.planners.ompl.model_based_planning_context]: Planner configuration 'manipulator' will use planner 'geometric::RRTConnect'. Additional configuration parameters will be set when the planner is constructed.
[move_group-20] [INFO] [1776902300.897892328] [move_group]: Calling Planner 'OMPL'
[vision_apriltag-9] [INFO] [1776902300.912077740] [vision_apriltag_node]: Vision AprilTag: scene is locked; detection publishing is paused.
[adl_ui-15] 127.0.0.1 - - [22/Apr/2026 19:58:20] "GET /status_json HTTP/1.1" 200 -
[move_group-20] [INFO] [1776902300.944684025] [move_group]: Calling PlanningResponseAdapter 'AddTimeOptimalParameterization'
[move_group-20] [INFO] [1776902300.954429522] [move_group]: Calling PlanningResponseAdapter 'ValidateSolution'
[move_group-20] [INFO] [1776902300.957990285] [move_group]: Calling PlanningResponseAdapter 'DisplayMotionPath'
[move_group-20] [WARN] [1776902300.958214866] [move_group.moveit.moveit.ros.planning_pipeline]: The planner plugin did not fill out the 'planner_id' field of the MotionPlanResponse. Setting it to the planner ID name of the MotionPlanRequest assuming that the planner plugin does warn you if it does not use the requested planner.
[move_group-20] [INFO] [1776902300.958577493] [move_group.moveit.moveit.plugins.simple_controller_manager]: Returned 2 controllers in list
[move_group-20] [INFO] [1776902300.958601839] [move_group.moveit.moveit.plugins.simple_controller_manager]: Returned 2 controllers in list
[move_group-20] [INFO] [1776902300.958674017] [move_group.moveit.moveit.ros.trajectory_execution_manager]: Validating trajectory with allowed_start_tolerance 0.01
[move_group-20] [INFO] [1776902300.975916642] [move_group.moveit.moveit.ros.trajectory_execution_manager]: Starting trajectory execution ...
[move_group-20] [INFO] [1776902300.976019425] [move_group.moveit.moveit.plugins.simple_controller_manager]: Returned 2 controllers in list
[move_group-20] [INFO] [1776902300.976067892] [move_group.moveit.moveit.plugins.simple_controller_manager]: Returned 2 controllers in list
[move_group-20] [INFO] [1776902300.976316052] [moveit.simple_controller_manager.follow_joint_trajectory_controller_handle]: sending trajectory to joint_trajectory_controller
[ros2_control_node-1] [INFO] [1776902300.977012822] [joint_trajectory_controller]: Received new action goal
[ros2_control_node-1] [INFO] [1776902300.977094859] [joint_trajectory_controller]: Accepted new action goal
[move_group-20] [INFO] [1776902300.977561193] [moveit.simple_controller_manager.follow_joint_trajectory_controller_handle]: joint_trajectory_controller started execution
[move_group-20] [INFO] [1776902300.977582368] [moveit.simple_controller_manager.follow_joint_trajectory_controller_handle]: Goal request accepted!
[adl_ui-15] 127.0.0.1 - - [22/Apr/2026 19:58:21] "GET /status_json HTTP/1.1" 200 -
[ros2_control_node-1] [WARN] [1776902301.773754588] [controller_manager]: Overrun might occur, Total time : 2781.939 us (Expected < 1000.000 us) --> Read time : 44.411 us, Update time : 277.952 us, Write time : 2459.576 us
[ros2_control_node-1] [WARN] [1776902301.773842401] [controller_manager]: Overrun detected! The controller manager missed its desired rate of 1000 Hz. The loop took 2.900049 ms (missed cycles : 3).
[adl_ui-15] 127.0.0.1 - - [22/Apr/2026 19:58:22] "GET /status_json HTTP/1.1" 200 -
[ros2_control_node-1] [WARN] [1776902302.775771423] [controller_manager]: Overrun might occur, Total time : 2803.756 us (Expected < 1000.000 us) --> Read time : 53.311 us, Update time : 279.371 us, Write time : 2471.074 us
[ros2_control_node-1] [WARN] [1776902302.775838741] [controller_manager]: Overrun detected! The controller manager missed its desired rate of 1000 Hz. The loop took 2.896801 ms (missed cycles : 3).
[vision_apriltag-9] [INFO] [1776902302.911003749] [vision_apriltag_node]: Vision AprilTag: scene is locked; detection publishing is paused.
[adl_ui-15] 127.0.0.1 - - [22/Apr/2026 19:58:23] "GET /status_json HTTP/1.1" 200 -
[ros2_control_node-1] [WARN] [1776902303.778633032] [controller_manager]: Overrun might occur, Total time : 2670.144 us (Expected < 1000.000 us) --> Read time : 35.858 us, Update time : 253.895 us, Write time : 2380.391 us
[ros2_control_node-1] [WARN] [1776902303.778683670] [controller_manager]: Overrun detected! The controller manager missed its desired rate of 1000 Hz. The loop took 2.742142 ms (missed cycles : 3).
[adl_ui-15] 127.0.0.1 - - [22/Apr/2026 19:58:23] "GET /status_json HTTP/1.1" 200 -
[adl_ui-15] 127.0.0.1 - - [22/Apr/2026 19:58:24] "GET /status_json HTTP/1.1" 200 -
[ros2_control_node-1] [WARN] [1776902304.779526877] [controller_manager]: Overrun might occur, Total time : 2565.052 us (Expected < 1000.000 us) --> Read time : 40.172 us, Update time : 267.091 us, Write time : 2257.789 us
[ros2_control_node-1] [WARN] [1776902304.779595635] [controller_manager]: Overrun detected! The controller manager missed its desired rate of 1000 Hz. The loop took 2.654126 ms (missed cycles : 3).
[vision_apriltag-9] [INFO] [1776902304.912407481] [vision_apriltag_node]: Vision AprilTag: scene is locked; detection publishing is paused.
[wrist_camera_usb_publisher-8] [INFO] [1776902305.206491873] [wrist_camera_usb_publisher_node]: USB camera publisher heartbeat: publishing 1280x720 frames on /wrist_mounted_camera/image; camera_info fx=920.87, fy=921.57, cx=644.76, cy=343.15.
[adl_ui-15] 127.0.0.1 - - [22/Apr/2026 19:58:25] "GET /status_json HTTP/1.1" 200 -
[ros2_control_node-1] [WARN] [1776902305.781093070] [controller_manager]: Overrun might occur, Total time : 3126.407 us (Expected < 1000.000 us) --> Read time : 53.651 us, Update time : 372.353 us, Write time : 2700.403 us
[ros2_control_node-1] [WARN] [1776902305.781191119] [controller_manager]: Overrun detected! The controller manager missed its desired rate of 1000 Hz. The loop took 3.249339 ms (missed cycles : 4).
[adl_ui-15] 127.0.0.1 - - [22/Apr/2026 19:58:26] "GET /status_json HTTP/1.1" 200 -
[ros2_control_node-1] [WARN] [1776902306.782329003] [controller_manager]: Overrun might occur, Total time : 2369.615 us (Expected < 1000.000 us) --> Read time : 31.011 us, Update time : 234.140 us, Write time : 2104.464 us
[ros2_control_node-1] [WARN] [1776902306.782397811] [controller_manager]: Overrun detected! The controller manager missed its desired rate of 1000 Hz. The loop took 2.455616 ms (missed cycles : 3).
[vision_apriltag-9] [INFO] [1776902306.911628289] [vision_apriltag_node]: Vision AprilTag: scene is locked; detection publishing is paused.
[adl_ui-15] 127.0.0.1 - - [22/Apr/2026 19:58:26] "GET /status_json HTTP/1.1" 200 -
[ros2_control_node-1] [INFO] [1776902307.459120594] [joint_trajectory_controller]: Goal reached, success!
[move_group-20] [INFO] [1776902307.477984907] [moveit.simple_controller_manager.follow_joint_trajectory_controller_handle]: Controller 'joint_trajectory_controller' successfully finished
[move_group-20] [INFO] [1776902307.538037820] [move_group.moveit.moveit.ros.trajectory_execution_manager]: Completed trajectory execution with status SUCCEEDED ...
[move_group-20] [INFO] [1776902307.546212034] [move_group.moveit.moveit.ros.move_group.move_action]: Solution was found and executed.
[clear_table-13] [INFO] [1776902307.666124981] [clear_table_node]: [Cube] Stage 6 orientation refine result: OK.
[clear_table-13] [INFO] [1776902307.669660114] [clear_table_node]: [Cube] Stage 6 start (post-orientation-refine): pos=(0.764, 0.218, 0.494), ori=(0.545, 0.490, 0.490, 0.473)
[clear_table-13] [INFO] [1776902307.670452381] [clear_table_node]: [CAL] PLACE_PRESET_CONFIG["joint_presets"]["SHELF_LEFT"] = {"joint_1": -0.701285, "joint_2": +1.022973, "joint_3": +0.965424, "joint_4": +0.852149, "joint_5": +0.154432, "joint_6": +0.085506, "joint_7": -2.576950}
[adl_ui-15] 127.0.0.1 - - [22/Apr/2026 19:58:27] "GET /status_json HTTP/1.1" 200 -
[clear_table-13] [INFO] [1776902307.679676495] [clear_table_node]: [Cube] Stage 6 pre-alignment skipped. Proceeding directly to cartesian drop from current orientation.
[clear_table-13] [INFO] [1776902307.683521200] [clear_table_node]: [Cube] Stage 6 branch-settle pose target: pos=(0.760, 0.225, 0.501), ori=(0.508, 0.491, 0.510, 0.491)
[clear_table-13] [INFO] [1776902307.683962530] [clear_table_node]: go_to_pose: planning to pose at 0.760,0.225, 0.501
[move_group-20] [ERROR] [1776902307.684609126] [move_group.moveit.moveit.core.conversions]: Found empty JointState message
[clear_table-13] [INFO] [1776902307.687699802] [clear_table_node]: Start state: collision-valid — no collisions (not a joint-bounds check).
[move_group-20] [INFO] [1776902307.688935426] [move_group.moveit.moveit.ros.move_group.move_action]: MoveGroupMoveAction: Received request
[move_group-20] [INFO] [1776902307.689193702] [move_group.moveit.moveit.ros.move_group.move_action]: executing..
[move_group-20] [INFO] [1776902307.696159601] [move_group.moveit.moveit.ros.move_group.move_action]: Combined planning and execution request received for MoveGroup action. Forwarding to planning and execution pipeline.
[move_group-20] [WARN] [1776902307.696230694] [move_group.moveit.moveit.ros.move_group.capability]: Execution of motions should always start at the robot's current state. Ignoring the state supplied as start state in the motion planning request
[move_group-20] [WARN] [1776902307.696255364] [move_group.moveit.moveit.ros.move_group.capability]: Execution of motions should always start at the robot's current state. Ignoring the state supplied as difference in the planning scene diff
[move_group-20] [INFO] [1776902307.696270848] [move_group.moveit.moveit.ros.plan_execution]: Planning attempt 1 of at most 1
[move_group-20] [INFO] [1776902307.697483061] [move_group]: Calling PlanningRequestAdapter 'ResolveConstraintFrames'
[move_group-20] [INFO] [1776902307.697547608] [move_group]: Calling PlanningRequestAdapter 'ValidateWorkspaceBounds'
[move_group-20] [INFO] [1776902307.697569905] [move_group]: Calling PlanningRequestAdapter 'CheckStartStateBounds'
[move_group-20] [INFO] [1776902307.697614161] [move_group]: Calling PlanningRequestAdapter 'CheckStartStateCollision'
[move_group-20] [INFO] [1776902307.698204615] [move_group.moveit.moveit.planners.ompl.model_based_planning_context]: Planner configuration 'manipulator' will use planner 'geometric::RRTConnect'. Additional configuration parameters will be set when the planner is constructed.
[move_group-20] [INFO] [1776902307.698338483] [move_group]: Calling Planner 'OMPL'
[move_group-20] [INFO] [1776902307.720456601] [move_group]: Calling PlanningResponseAdapter 'AddTimeOptimalParameterization'
[move_group-20] [INFO] [1776902307.721080460] [move_group]: Calling PlanningResponseAdapter 'ValidateSolution'
[move_group-20] [INFO] [1776902307.721632204] [move_group]: Calling PlanningResponseAdapter 'DisplayMotionPath'
[move_group-20] [WARN] [1776902307.721714464] [move_group.moveit.moveit.ros.planning_pipeline]: The planner plugin did not fill out the 'planner_id' field of the MotionPlanResponse. Setting it to the planner ID name of the MotionPlanRequest assuming that the planner plugin does warn you if it does not use the requested planner.
[move_group-20] [INFO] [1776902307.721838027] [move_group.moveit.moveit.plugins.simple_controller_manager]: Returned 2 controllers in list
[move_group-20] [INFO] [1776902307.721864437] [move_group.moveit.moveit.plugins.simple_controller_manager]: Returned 2 controllers in list
[move_group-20] [INFO] [1776902307.721928130] [move_group.moveit.moveit.ros.trajectory_execution_manager]: Validating trajectory with allowed_start_tolerance 0.01
[move_group-20] [INFO] [1776902307.735427477] [move_group.moveit.moveit.ros.trajectory_execution_manager]: Starting trajectory execution ...
[move_group-20] [INFO] [1776902307.735508305] [move_group.moveit.moveit.plugins.simple_controller_manager]: Returned 2 controllers in list
[move_group-20] [INFO] [1776902307.735542350] [move_group.moveit.moveit.plugins.simple_controller_manager]: Returned 2 controllers in list
[move_group-20] [INFO] [1776902307.735750096] [moveit.simple_controller_manager.follow_joint_trajectory_controller_handle]: sending trajectory to joint_trajectory_controller
[ros2_control_node-1] [INFO] [1776902307.736432270] [joint_trajectory_controller]: Received new action goal
[ros2_control_node-1] [INFO] [1776902307.736483068] [joint_trajectory_controller]: Accepted new action goal
[move_group-20] [INFO] [1776902307.737701938] [moveit.simple_controller_manager.follow_joint_trajectory_controller_handle]: joint_trajectory_controller started execution
[move_group-20] [INFO] [1776902307.737727072] [moveit.simple_controller_manager.follow_joint_trajectory_controller_handle]: Goal request accepted!
[ros2_control_node-1] [WARN] [1776902307.784665883] [controller_manager]: Overrun might occur, Total time : 2704.893 us (Expected < 1000.000 us) --> Read time : 34.184 us, Update time : 273.299 us, Write time : 2397.410 us
[ros2_control_node-1] [WARN] [1776902307.784737118] [controller_manager]: Overrun detected! The controller manager missed its desired rate of 1000 Hz. The loop took 2.795330 ms (missed cycles : 3).
[adl_ui-15] 127.0.0.1 - - [22/Apr/2026 19:58:28] "GET /status_json HTTP/1.1" 200 -
[ros2_control_node-1] [INFO] [1776902308.543142932] [joint_trajectory_controller]: Goal reached, success!
[move_group-20] [INFO] [1776902308.637531678] [moveit.simple_controller_manager.follow_joint_trajectory_controller_handle]: Controller 'joint_trajectory_controller' successfully finished
[move_group-20] [INFO] [1776902308.696250898] [move_group.moveit.moveit.ros.trajectory_execution_manager]: Completed trajectory execution with status SUCCEEDED ...
[move_group-20] [INFO] [1776902308.705580265] [move_group.moveit.moveit.ros.move_group.move_action]: Solution was found and executed.
[ros2_control_node-1] [WARN] [1776902308.788117487] [controller_manager]: Overrun might occur, Total time : 3155.386 us (Expected < 1000.000 us) --> Read time : 44.056 us, Update time : 311.540 us, Write time : 2799.790 us
[ros2_control_node-1] [WARN] [1776902308.788196962] [controller_manager]: Overrun detected! The controller manager missed its desired rate of 1000 Hz. The loop took 3.255688 ms (missed cycles : 4).
[clear_table-13] [INFO] [1776902308.828200109] [clear_table_node]: [Cube] Stage 6 branch-settle pose result: OK.
[vision_apriltag-9] [INFO] [1776902308.911529498] [vision_apriltag_node]: Vision AprilTag: scene is locked; detection publishing is paused.
[clear_table-13] [INFO] [1776902308.932073698] [clear_table_node]: [Cube] Stage 6 start (post-branch-settle): pos=(0.755, 0.230, 0.504), ori=(0.511, 0.536, 0.421, 0.524)
[clear_table-13] [INFO] [1776902308.945415484] [clear_table_node]: [Cube] Stage 6 safe-joint snapshot: joint_1=-0.715, joint_2=+1.000, joint_3=+0.917, joint_4=+0.817, joint_5=+0.357, joint_6=+0.204, joint_7=-2.535.
[clear_table-13] [INFO] [1776902308.946028151] [clear_table_node]: [Cube] Stage 6 drop target (vertical from live start): pos=(0.760, 0.225, 0.271), ori=(0.508, 0.491, 0.510, 0.491)
[clear_table-13] [INFO] [1776902308.946677256] [clear_table_node]: [Cube] Stage 6: trying the real-hardware short-motion servo path before segmented Cartesian planning.
[clear_table-13] [WARN] [1776902308.950479451] [clear_table_node]: [Cube] Stage 6 servo descend: live orientation error (0.208 rad) exceeds the short-motion limit (0.200 rad).
[clear_table-13] [WARN] [1776902308.951522878] [clear_table_node]: [Cube] Stage 6: short-motion servo path did not complete cleanly. Falling back to segmented Cartesian planning.
[clear_table-13] [INFO] [1776902308.952205778] [clear_table_node]: [Cube] Stage 6 step 1 (dz=0.0100, sub=0/4): pos=(0.760, 0.225, 0.494), ori=(0.508, 0.491, 0.510, 0.491)
[move_group-20] [INFO] [1776902308.952771830] [move_group.moveit.moveit.ros.move_group.cartesian_path_service_capability]: Received request to compute Cartesian path
[move_group-20] [INFO] [1776902308.952879583] [move_group.moveit.moveit.ros.move_group.cartesian_path_service_capability]: Attempting to follow 1 waypoints for link 'end_effector_link' using a step of 0.005000 m and jump threshold 0.000000 (in global reference frame)
[move_group-20] [INFO] [1776902308.956371821] [move_group.moveit.moveit.ros.move_group.cartesian_path_service_capability]: Computed Cartesian path with 14 points (followed 100.000000% of requested trajectory)
[clear_table-13] [INFO] [1776902308.961348091] [clear_table_node]: Cartesian path computed with 100.0% success.
[clear_table-13] [ERROR] [1776902308.962224586] [clear_table_node]: Cartesian path point violates joint lock for joint_7: -2.650 vs lock at -2.535 with tol 0.100.
[clear_table-13] [WARN] [1776902308.963048750] [clear_table_node]: [Cube] Stage 6 step 1: early lock violation on joint_7 (1/2) while entering the drop.
[clear_table-13] [WARN] [1776902308.963975582] [clear_table_node]: [Cube] Stage 6 step 1: lock failed, retrying unlocked.
[move_group-20] [INFO] [1776902308.964485278] [move_group.moveit.moveit.ros.move_group.cartesian_path_service_capability]: Received request to compute Cartesian path
[move_group-20] [INFO] [1776902308.964568712] [move_group.moveit.moveit.ros.move_group.cartesian_path_service_capability]: Attempting to follow 1 waypoints for link 'end_effector_link' using a step of 0.005000 m and jump threshold 0.000000 (in global reference frame)
[move_group-20] [INFO] [1776902308.966858904] [move_group.moveit.moveit.ros.move_group.cartesian_path_service_capability]: Computed Cartesian path with 14 points (followed 100.000000% of requested trajectory)
[clear_table-13] [INFO] [1776902308.970007963] [clear_table_node]: Cartesian path computed with 100.0% success.
[move_group-20] [INFO] [1776902308.970717407] [move_group.moveit.moveit.ros.move_group.clear_octomap_service]: Execution request received
[move_group-20] [INFO] [1776902308.970761767] [move_group.moveit.moveit.plugins.simple_controller_manager]: Returned 2 controllers in list
[move_group-20] [INFO] [1776902308.970792786] [move_group.moveit.moveit.plugins.simple_controller_manager]: Returned 2 controllers in list
[move_group-20] [INFO] [1776902308.970901091] [move_group.moveit.moveit.ros.trajectory_execution_manager]: Validating trajectory with allowed_start_tolerance 0.01
[move_group-20] [INFO] [1776902308.975695364] [move_group.moveit.moveit.ros.trajectory_execution_manager]: Starting trajectory execution ...
[move_group-20] [INFO] [1776902308.975807953] [move_group.moveit.moveit.plugins.simple_controller_manager]: Returned 2 controllers in list
[move_group-20] [INFO] [1776902308.975870818] [move_group.moveit.moveit.plugins.simple_controller_manager]: Returned 2 controllers in list
[move_group-20] [INFO] [1776902308.976139594] [moveit.simple_controller_manager.follow_joint_trajectory_controller_handle]: sending trajectory to joint_trajectory_controller
[ros2_control_node-1] [INFO] [1776902308.977746968] [joint_trajectory_controller]: Received new action goal
[ros2_control_node-1] [INFO] [1776902308.977808186] [joint_trajectory_controller]: Accepted new action goal
[move_group-20] [INFO] [1776902308.979266639] [moveit.simple_controller_manager.follow_joint_trajectory_controller_handle]: joint_trajectory_controller started execution
[move_group-20] [INFO] [1776902308.979295800] [moveit.simple_controller_manager.follow_joint_trajectory_controller_handle]: Goal request accepted!
[adl_ui-15] 127.0.0.1 - - [22/Apr/2026 19:58:29] "GET /status_json HTTP/1.1" 200 -
[ros2_control_node-1] [WARN] [1776902309.789293828] [controller_manager]: Overrun might occur, Total time : 2338.279 us (Expected < 1000.000 us) --> Read time : 25.584 us, Update time : 218.346 us, Write time : 2094.349 us
[ros2_control_node-1] [WARN] [1776902309.789355609] [controller_manager]: Overrun detected! The controller manager missed its desired rate of 1000 Hz. The loop took 2.414629 ms (missed cycles : 3).
[ros2_control_node-1] [INFO] [1776902309.903194136] [joint_trajectory_controller]: Goal reached, success!
[adl_ui-15] 127.0.0.1 - - [22/Apr/2026 19:58:29] "GET /status_json HTTP/1.1" 200 -
[move_group-20] [INFO] [1776902309.979569253] [moveit.simple_controller_manager.follow_joint_trajectory_controller_handle]: Controller 'joint_trajectory_controller' successfully finished
[move_group-20] [INFO] [1776902310.035804072] [move_group.moveit.moveit.ros.trajectory_execution_manager]: Completed trajectory execution with status SUCCEEDED ...
[move_group-20] [INFO] [1776902310.035982155] [move_group.moveit.moveit.ros.move_group.clear_octomap_service]: Execution completed: SUCCEEDED
[clear_table-13] [INFO] [1776902310.141611838] [clear_table_node]: [Cube] Stage 6 step 2 (dz=0.0100, sub=0/4): pos=(0.760, 0.225, 0.484), ori=(0.508, 0.491, 0.510, 0.491)
[move_group-20] [INFO] [1776902310.142224323] [move_group.moveit.moveit.ros.move_group.cartesian_path_service_capability]: Received request to compute Cartesian path
[move_group-20] [INFO] [1776902310.142362038] [move_group.moveit.moveit.ros.move_group.cartesian_path_service_capability]: Attempting to follow 1 waypoints for link 'end_effector_link' using a step of 0.005000 m and jump threshold 0.000000 (in global reference frame)
[move_group-20] [INFO] [1776902310.143095454] [move_group.moveit.moveit.ros.move_group.cartesian_path_service_capability]: Computed Cartesian path with 3 points (followed 100.000000% of requested trajectory)
[clear_table-13] [INFO] [1776902310.147670058] [clear_table_node]: Cartesian path computed with 100.0% success.
[clear_table-13] [ERROR] [1776902310.148402604] [clear_table_node]: Cartesian path point violates joint lock for joint_7: -2.735 vs lock at -2.535 with tol 0.100.
[clear_table-13] [WARN] [1776902310.149299814] [clear_table_node]: [Cube] Stage 6 step 2: early lock violation on joint_7 (2/2) while entering the drop.
[clear_table-13] [WARN] [1776902310.150451146] [clear_table_node]: [Cube] Stage 6 step 2: repeated early lock violations on joint_7. Triggering rescue instead of continuing unlocked.
[clear_table-13] [WARN] [1776902310.151129016] [clear_table_node]: [Cube] Stage 6 early lock-hazard joints: joint_1=-0.747, joint_2=+1.070, joint_3=+1.103, joint_4=+0.903, joint_5=+0.230, joint_6=-0.034, joint_7=-2.735.
[clear_table-13] [WARN] [1776902310.151870278] [clear_table_node]: [Cube] Stage 6 rescue triggered (posture_hazard / early_repeat_lock:joint_7). Pulling up and reorienting before retrying.
[clear_table-13] [INFO] [1776902310.154622778] [clear_table_node]: [Cube] Stage 6 rescue start (live/current): pos=(0.760, 0.225, 0.493), ori=(0.508, 0.491, 0.510, 0.491)
[clear_table-13] [INFO] [1776902310.155149469] [clear_table_node]: [Cube] Stage 6 rescue pull-up target: pos=(0.760, 0.225, 0.501), ori=(0.508, 0.491, 0.510, 0.491)
[move_group-20] [INFO] [1776902310.155995613] [move_group.moveit.moveit.ros.move_group.cartesian_path_service_capability]: Received request to compute Cartesian path
[move_group-20] [INFO] [1776902310.156105959] [move_group.moveit.moveit.ros.move_group.cartesian_path_service_capability]: Attempting to follow 1 waypoints for link 'end_effector_link' using a step of 0.005000 m and jump threshold 0.000000 (in global reference frame)
[move_group-20] [INFO] [1776902310.156807464] [move_group.moveit.moveit.ros.move_group.cartesian_path_service_capability]: Computed Cartesian path with 3 points (followed 100.000000% of requested trajectory)
[clear_table-13] [INFO] [1776902310.161365907] [clear_table_node]: Cartesian path computed with 100.0% success.
[move_group-20] [INFO] [1776902310.162345381] [move_group.moveit.moveit.ros.move_group.clear_octomap_service]: Execution request received
[move_group-20] [INFO] [1776902310.162403287] [move_group.moveit.moveit.plugins.simple_controller_manager]: Returned 2 controllers in list
[move_group-20] [INFO] [1776902310.162428303] [move_group.moveit.moveit.plugins.simple_controller_manager]: Returned 2 controllers in list
[move_group-20] [INFO] [1776902310.162509747] [move_group.moveit.moveit.ros.trajectory_execution_manager]: Validating trajectory with allowed_start_tolerance 0.01
[move_group-20] [INFO] [1776902310.175780492] [move_group.moveit.moveit.ros.trajectory_execution_manager]: Starting trajectory execution ...
[move_group-20] [INFO] [1776902310.175847470] [move_group.moveit.moveit.plugins.simple_controller_manager]: Returned 2 controllers in list
[move_group-20] [INFO] [1776902310.175881564] [move_group.moveit.moveit.plugins.simple_controller_manager]: Returned 2 controllers in list
[move_group-20] [INFO] [1776902310.176072166] [moveit.simple_controller_manager.follow_joint_trajectory_controller_handle]: sending trajectory to joint_trajectory_controller
[ros2_control_node-1] [INFO] [1776902310.176394794] [joint_trajectory_controller]: Received new action goal
[ros2_control_node-1] [INFO] [1776902310.176472165] [joint_trajectory_controller]: Accepted new action goal
[move_group-20] [INFO] [1776902310.176807164] [moveit.simple_controller_manager.follow_joint_trajectory_controller_handle]: joint_trajectory_controller started execution
[move_group-20] [INFO] [1776902310.176821505] [moveit.simple_controller_manager.follow_joint_trajectory_controller_handle]: Goal request accepted!
[wrist_camera_usb_publisher-8] [INFO] [1776902310.367561707] [wrist_camera_usb_publisher_node]: USB camera publisher heartbeat: publishing 1280x720 frames on /wrist_mounted_camera/image; camera_info fx=920.87, fy=921.57, cx=644.76, cy=343.15.
[ros2_control_node-1] [INFO] [1776902310.386106693] [joint_trajectory_controller]: Goal reached, success!
[move_group-20] [INFO] [1776902310.477393976] [moveit.simple_controller_manager.follow_joint_trajectory_controller_handle]: Controller 'joint_trajectory_controller' successfully finished
[move_group-20] [INFO] [1776902310.535108525] [move_group.moveit.moveit.ros.trajectory_execution_manager]: Completed trajectory execution with status SUCCEEDED ...
[move_group-20] [INFO] [1776902310.535693968] [move_group.moveit.moveit.ros.move_group.clear_octomap_service]: Execution completed: SUCCEEDED
[clear_table-13] [INFO] [1776902310.641555788] [clear_table_node]: [Cube] Stage 6 rescue pull-up result: OK.
[clear_table-13] [INFO] [1776902310.642511593] [clear_table_node]: [Cube] Stage 6 nullspace recovery starting from joints: joint_1=-0.738, joint_2=+1.055, joint_3=+1.079, joint_4=+0.886, joint_5=+0.244, joint_6=-0.017, joint_7=-2.724.
[clear_table-13] [INFO] [1776902310.642963187] [clear_table_node]: [Cube] Stage 6 nullspace same-EEF target: pos=(0.760, 0.225, 0.501), ori=(0.508, 0.491, 0.510, 0.491)
[clear_table-13] [INFO] [1776902310.643653760] [clear_table_node]: [Cube] Stage 6 nullspace candidate 1/5: joint_2=+1.405 (delta=+0.350, tol=0.220), joint_4=+0.536 (delta=-0.350, tol=0.220)
[clear_table-13] [INFO] [1776902310.644406010] [clear_table_node]: go_to_pose: planning to pose at 0.760,0.225, 0.501
[move_group-20] [ERROR] [1776902310.645089189] [move_group.moveit.moveit.core.conversions]: Found empty JointState message
[clear_table-13] [INFO] [1776902310.647950450] [clear_table_node]: Start state: collision-valid — no collisions (not a joint-bounds check).
[move_group-20] [INFO] [1776902310.649208943] [move_group.moveit.moveit.ros.move_group.move_action]: MoveGroupMoveAction: Received request
[move_group-20] [INFO] [1776902310.649386830] [move_group.moveit.moveit.ros.move_group.move_action]: executing..
[move_group-20] [INFO] [1776902310.655094629] [move_group.moveit.moveit.ros.move_group.move_action]: Combined planning and execution request received for MoveGroup action. Forwarding to planning and execution pipeline.
[move_group-20] [WARN] [1776902310.655148997] [move_group.moveit.moveit.ros.move_group.capability]: Execution of motions should always start at the robot's current state. Ignoring the state supplied as start state in the motion planning request
[move_group-20] [WARN] [1776902310.655170888] [move_group.moveit.moveit.ros.move_group.capability]: Execution of motions should always start at the robot's current state. Ignoring the state supplied as difference in the planning scene diff
[move_group-20] [INFO] [1776902310.655186121] [move_group.moveit.moveit.ros.plan_execution]: Planning attempt 1 of at most 1
[move_group-20] [INFO] [1776902310.655485793] [move_group]: Calling PlanningRequestAdapter 'ResolveConstraintFrames'
[move_group-20] [INFO] [1776902310.655521672] [move_group]: Calling PlanningRequestAdapter 'ValidateWorkspaceBounds'
[move_group-20] [INFO] [1776902310.655540295] [move_group]: Calling PlanningRequestAdapter 'CheckStartStateBounds'
[move_group-20] [INFO] [1776902310.655574224] [move_group]: Calling PlanningRequestAdapter 'CheckStartStateCollision'
[move_group-20] [INFO] [1776902310.656402149] [move_group.moveit.moveit.planners.ompl.model_based_planning_context]: Planner configuration 'manipulator' will use planner 'geometric::RRTConnect'. Additional configuration parameters will be set when the planner is constructed.
[move_group-20] [INFO] [1776902310.656486303] [move_group]: Calling Planner 'OMPL'
[move_group-20] [WARN] [1776902310.658914786] [move_group.moveit.moveit.planners.ompl.constrained_goal_sampler]: More than 80% of the sampled goal states fail to satisfy the constraints imposed on the goal sampler. Is the constrained sampler working correctly?
[adl_ui-15] 127.0.0.1 - - [22/Apr/2026 19:58:30] "GET /status_json HTTP/1.1" 200 -
[ros2_control_node-1] [WARN] [1776902310.791580411] [controller_manager]: Overrun might occur, Total time : 2619.792 us (Expected < 1000.000 us) --> Read time : 29.966 us, Update time : 271.355 us, Write time : 2318.471 us
[ros2_control_node-1] [WARN] [1776902310.791676220] [controller_manager]: Overrun detected! The controller manager missed its desired rate of 1000 Hz. The loop took 2.734127 ms (missed cycles : 3).
[vision_apriltag-9] [INFO] [1776902310.911730254] [vision_apriltag_node]: Vision AprilTag: scene is locked; detection publishing is paused.
[move_group-20] [INFO] [1776902310.948726348] [move_group]: Calling PlanningResponseAdapter 'AddTimeOptimalParameterization'
[move_group-20] [INFO] [1776902310.964863838] [move_group]: Calling PlanningResponseAdapter 'ValidateSolution'
[move_group-20] [INFO] [1776902310.973102106] [move_group]: Calling PlanningResponseAdapter 'DisplayMotionPath'
[move_group-20] [WARN] [1776902310.974326477] [move_group.moveit.moveit.ros.planning_pipeline]: The planner plugin did not fill out the 'planner_id' field of the MotionPlanResponse. Setting it to the planner ID name of the MotionPlanRequest assuming that the planner plugin does warn you if it does not use the requested planner.
[move_group-20] [INFO] [1776902310.975170140] [move_group.moveit.moveit.plugins.simple_controller_manager]: Returned 2 controllers in list
[move_group-20] [INFO] [1776902310.975199319] [move_group.moveit.moveit.plugins.simple_controller_manager]: Returned 2 controllers in list
[move_group-20] [INFO] [1776902310.975271120] [move_group.moveit.moveit.ros.trajectory_execution_manager]: Validating trajectory with allowed_start_tolerance 0.01
[move_group-20] [INFO] [1776902310.978956582] [move_group.moveit.moveit.ros.trajectory_execution_manager]: Starting trajectory execution ...
[move_group-20] [INFO] [1776902310.979027021] [move_group.moveit.moveit.plugins.simple_controller_manager]: Returned 2 controllers in list
[move_group-20] [INFO] [1776902310.979069638] [move_group.moveit.moveit.plugins.simple_controller_manager]: Returned 2 controllers in list
[move_group-20] [INFO] [1776902310.979260100] [moveit.simple_controller_manager.follow_joint_trajectory_controller_handle]: sending trajectory to joint_trajectory_controller
[move_group-20] [INFO] [1776902310.980588065] [moveit.simple_controller_manager.follow_joint_trajectory_controller_handle]: joint_trajectory_controller started execution
[move_group-20] [INFO] [1776902310.980604321] [moveit.simple_controller_manager.follow_joint_trajectory_controller_handle]: Goal request accepted!
[ros2_control_node-1] [INFO] [1776902310.979659426] [joint_trajectory_controller]: Received new action goal
[ros2_control_node-1] [INFO] [1776902310.979780186] [joint_trajectory_controller]: Accepted new action goal
[adl_ui-15] 127.0.0.1 - - [22/Apr/2026 19:58:31] "GET /status_json HTTP/1.1" 200 -
[ros2_control_node-1] [WARN] [1776902311.793637929] [controller_manager]: Overrun might occur, Total time : 2671.273 us (Expected < 1000.000 us) --> Read time : 56.186 us, Update time : 428.493 us, Write time : 2186.594 us
[ros2_control_node-1] [WARN] [1776902311.793717146] [controller_manager]: Overrun detected! The controller manager missed its desired rate of 1000 Hz. The loop took 2.775490 ms (missed cycles : 3).
[adl_ui-15] 127.0.0.1 - - [22/Apr/2026 19:58:32] "GET /status_json HTTP/1.1" 200 -
[joint_state_sanitizer-3] [WARN] [1776902312.413177775] [joint_state_sanitizer_node]: [joint_state_sanitizer] Published sanitized joint state: joint_7:-3.134->-3.132
[ros2_control_node-1] [WARN] [1776902312.795413333] [controller_manager]: Overrun might occur, Total time : 2447.669 us (Expected < 1000.000 us) --> Read time : 20.265 us, Update time : 226.965 us, Write time : 2200.439 us
[ros2_control_node-1] [WARN] [1776902312.795481036] [controller_manager]: Overrun detected! The controller manager missed its desired rate of 1000 Hz. The loop took 2.539171 ms (missed cycles : 3).
[vision_apriltag-9] [INFO] [1776902312.911576898] [vision_apriltag_node]: Vision AprilTag: scene is locked; detection publishing is paused.
[adl_ui-15] 127.0.0.1 - - [22/Apr/2026 19:58:32] "GET /status_json HTTP/1.1" 200 -
[adl_ui-15] 127.0.0.1 - - [22/Apr/2026 19:58:33] "GET /status_json HTTP/1.1" 200 -
[ros2_control_node-1] [WARN] [1776902313.795534683] [controller_manager]: Overrun might occur, Total time : 2574.268 us (Expected < 1000.000 us) --> Read time : 25.062 us, Update time : 203.994 us, Write time : 2345.212 us
[ros2_control_node-1] [WARN] [1776902313.795600486] [controller_manager]: Overrun detected! The controller manager missed its desired rate of 1000 Hz. The loop took 2.658538 ms (missed cycles : 3).
[adl_ui-15] 127.0.0.1 - - [22/Apr/2026 19:58:34] "GET /status_json HTTP/1.1" 200 -
[ros2_control_node-1] [WARN] [1776902314.797417584] [controller_manager]: Overrun might occur, Total time : 2455.730 us (Expected < 1000.000 us) --> Read time : 35.110 us, Update time : 268.403 us, Write time : 2152.217 us
[ros2_control_node-1] [WARN] [1776902314.797483457] [controller_manager]: Overrun detected! The controller manager missed its desired rate of 1000 Hz. The loop took 2.541574 ms (missed cycles : 3).
[vision_apriltag-9] [INFO] [1776902314.911578066] [vision_apriltag_node]: Vision AprilTag: scene is locked; detection publishing is paused.
[adl_ui-15] 127.0.0.1 - - [22/Apr/2026 19:58:35] "GET /status_json HTTP/1.1" 200 -
[wrist_camera_usb_publisher-8] [INFO] [1776902315.531064085] [wrist_camera_usb_publisher_node]: USB camera publisher heartbeat: publishing 1280x720 frames on /wrist_mounted_camera/image; camera_info fx=920.87, fy=921.57, cx=644.76, cy=343.15.
[ros2_control_node-1] [WARN] [1776902315.799802158] [controller_manager]: Overrun might occur, Total time : 2824.068 us (Expected < 1000.000 us) --> Read time : 80.340 us, Update time : 329.744 us, Write time : 2413.984 us
[ros2_control_node-1] [WARN] [1776902315.799889699] [controller_manager]: Overrun detected! The controller manager missed its desired rate of 1000 Hz. The loop took 2.947591 ms (missed cycles : 3).
[adl_ui-15] 127.0.0.1 - - [22/Apr/2026 19:58:35] "GET /status_json HTTP/1.1" 200 -
[adl_ui-15] 127.0.0.1 - - [22/Apr/2026 19:58:36] "GET /status_json HTTP/1.1" 200 -
[ros2_control_node-1] [WARN] [1776902316.800609046] [controller_manager]: Overrun might occur, Total time : 2644.834 us (Expected < 1000.000 us) --> Read time : 41.024 us, Update time : 259.529 us, Write time : 2344.281 us
[ros2_control_node-1] [WARN] [1776902316.800694030] [controller_manager]: Overrun detected! The controller manager missed its desired rate of 1000 Hz. The loop took 2.751285 ms (missed cycles : 3).
[vision_apriltag-9] [INFO] [1776902316.913157772] [vision_apriltag_node]: Vision AprilTag: scene is locked; detection publishing is paused.
[adl_ui-15] 127.0.0.1 - - [22/Apr/2026 19:58:37] "GET /status_json HTTP/1.1" 200 -
[ros2_control_node-1] [WARN] [1776902317.803211297] [controller_manager]: Overrun might occur, Total time : 3247.081 us (Expected < 1000.000 us) --> Read time : 46.912 us, Update time : 252.358 us, Write time : 2947.811 us
[ros2_control_node-1] [WARN] [1776902317.803292650] [controller_manager]: Overrun detected! The controller manager missed its desired rate of 1000 Hz. The loop took 3.350371 ms (missed cycles : 4).
[joint_state_sanitizer-3] [WARN] [1776902317.926158755] [joint_state_sanitizer_node]: [joint_state_sanitizer] Published sanitized joint state: joint_3:+3.134->+3.132
[adl_ui-15] 127.0.0.1 - - [22/Apr/2026 19:58:38] "GET /status_json HTTP/1.1" 200 -
[ros2_control_node-1] [WARN] [1776902318.803604403] [controller_manager]: Overrun might occur, Total time : 2641.270 us (Expected < 1000.000 us) --> Read time : 39.756 us, Update time : 336.290 us, Write time : 2265.224 us
[ros2_control_node-1] [WARN] [1776902318.803674002] [controller_manager]: Overrun detected! The controller manager missed its desired rate of 1000 Hz. The loop took 2.732416 ms (missed cycles : 3).
[vision_apriltag-9] [INFO] [1776902318.911398776] [vision_apriltag_node]: Vision AprilTag: scene is locked; detection publishing is paused.
[adl_ui-15] 127.0.0.1 - - [22/Apr/2026 19:58:38] "GET /status_json HTTP/1.1" 200 -
[adl_ui-15] 127.0.0.1 - - [22/Apr/2026 19:58:39] "GET /status_json HTTP/1.1" 200 -
[ros2_control_node-1] [WARN] [1776902319.804216087] [controller_manager]: Overrun might occur, Total time : 3258.887 us (Expected < 1000.000 us) --> Read time : 25.314 us, Update time : 215.605 us, Write time : 3017.968 us
[ros2_control_node-1] [WARN] [1776902319.804285240] [controller_manager]: Overrun detected! The controller manager missed its desired rate of 1000 Hz. The loop took 3.343216 ms (missed cycles : 4).
[ros2_control_node-1] [INFO] [1776902320.149088968] [joint_trajectory_controller]: Goal reached, success!
[move_group-20] [INFO] [1776902320.180531534] [moveit.simple_controller_manager.follow_joint_trajectory_controller_handle]: Controller 'joint_trajectory_controller' successfully finished
[move_group-20] [INFO] [1776902320.238368365] [move_group.moveit.moveit.ros.trajectory_execution_manager]: Completed trajectory execution with status SUCCEEDED ...
[move_group-20] [INFO] [1776902320.239203418] [move_group.moveit.moveit.ros.move_group.move_action]: Solution was found and executed.
[clear_table-13] [INFO] [1776902320.355875438] [clear_table_node]: [Cube] Stage 6 nullspace candidate 1 result: OK.
[clear_table-13] [INFO] [1776902320.361461174] [clear_table_node]: [Cube] Stage 6 nullspace candidate 1 live pose error: pos=0.011m, ori=0.067rad; joints=joint_1=-0.183, joint_2=+1.470, joint_3=-2.502, joint_4=+0.723, joint_5=+0.139, joint_6=-0.985, joint_7=+0.803.
[clear_table-13] [INFO] [1776902320.362422983] [clear_table_node]: [Cube] Stage 6 rescue: accepted same-EEF nullspace branch before retrying descent.
[clear_table-13] [INFO] [1776902320.365700292] [clear_table_node]: [Cube] Stage 6 restart (post-rescue): pos=(0.771, 0.226, 0.503), ori=(0.535, 0.481, 0.486, 0.496)
[clear_table-13] [INFO] [1776902320.366588212] [clear_table_node]: [Cube] Stage 6 drop target (vertical from live start): pos=(0.760, 0.225, 0.271), ori=(0.508, 0.491, 0.510, 0.491)
[clear_table-13] [INFO] [1776902320.367457848] [clear_table_node]: [Cube] Stage 6: trying the real-hardware short-motion servo path before segmented Cartesian planning.
[ros2_control_node-1] [INFO] [1776902320.374409499] [controller_manager]: Activating controllers: [ twist_controller ]
[ros2_control_node-1] [INFO] [1776902320.374441532] [controller_manager]: Deactivating controllers: [ joint_trajectory_controller ]
[adl_ui-15] 127.0.0.1 - - [22/Apr/2026 19:58:40] "GET /status_json HTTP/1.1" 200 -
[wrist_camera_usb_publisher-8] [INFO] [1776902320.530893493] [wrist_camera_usb_publisher_node]: USB camera publisher heartbeat: publishing 1280x720 frames on /wrist_mounted_camera/image; camera_info fx=920.87, fy=921.57, cx=644.76, cy=343.15.
[ros2_control_node-1] [INFO] [1776902320.702334422] [controller_manager]: Successfully switched controllers!
[ros2_control_node-1] [WARN] [1776902320.753778432] [controller_manager]: Overrun might occur, Total time : 177811.940 us (Expected < 1000.000 us) --> Read time : 36.778 us, Update time : 126257.708 us (Switch time : 126025.747 us (Switch chained mode time : 1.367 us, perform mode change time : 125789.014 us, Activation time : 108.068 us, Deactivation time : 121.918 us)), Write time : 51517.454 us
[clear_table-13] [INFO] [1776902320.760393187] [clear_table_node]: [Cube] Stage 6 servo descend: using twist_controller for a 0.233 m short Cartesian move.
[ros2_control_node-1] [WARN] [1776902320.853419801] [controller_manager]: Overrun might occur, Total time : 49448.200 us (Expected < 1000.000 us) --> Read time : 37.144 us, Update time : 159.101 us, Write time : 49251.955 us
[ros2_control_node-1] [WARN] [1776902320.853536954] [controller_manager]: Overrun detected! The controller manager missed its desired rate of 1000 Hz. The loop took 49.594029 ms (missed cycles : 50).
[vision_apriltag-9] [INFO] [1776902320.911789399] [vision_apriltag_node]: Vision AprilTag: scene is locked; detection publishing is paused.
[adl_ui-15] 127.0.0.1 - - [22/Apr/2026 19:58:41] "GET /status_json HTTP/1.1" 200 -
[clear_table-13] [WARN] [1776902321.781276340] [clear_table_node]: [Cube] Stage 6 servo descend: twist motion stopped making progress; falling back to MoveIt.
[ros2_control_node-1] [WARN] [1776902321.853448976] [controller_manager]: Overrun might occur, Total time : 49479.568 us (Expected < 1000.000 us) --> Read time : 41.664 us, Update time : 204.080 us, Write time : 49233.824 us
[ros2_control_node-1] [WARN] [1776902321.903958514] [controller_manager]: Overrun detected! The controller manager missed its desired rate of 1000 Hz. The loop took 50.016029 ms (missed cycles : 51).
[adl_ui-15] 127.0.0.1 - - [22/Apr/2026 19:58:41] "GET /status_json HTTP/1.1" 200 -
[ros2_control_node-1] [INFO] [1776902321.935814853] [controller_manager]: Activating controllers: [ joint_trajectory_controller ]
[ros2_control_node-1] [INFO] [1776902321.935845015] [controller_manager]: Deactivating controllers: [ twist_controller ]
[ros2_control_node-1] [INFO] [1776902322.263212935] [controller_manager]: Successfully switched controllers!
[ros2_control_node-1] [WARN] [1776902322.265692549] [controller_manager]: Overrun might occur, Total time : 127706.840 us (Expected < 1000.000 us) --> Read time : 49.732 us, Update time : 125130.376 us (Switch time : 124953.173 us (Switch chained mode time : 1.126 us, perform mode change time : 123899.234 us, Activation time : 955.704 us, Deactivation time : 91.879 us)), Write time : 2526.732 us
[clear_table-13] [WARN] [1776902322.269294276] [clear_table_node]: [Cube] Stage 6: short-motion servo path did not complete cleanly. Falling back to segmented Cartesian planning.
[clear_table-13] [INFO] [1776902322.269854266] [clear_table_node]: [Cube] Stage 6 step 1 (dz=0.0100, sub=0/4): pos=(0.760, 0.225, 0.493), ori=(0.508, 0.491, 0.510, 0.491)
[move_group-20] [INFO] [1776902322.270511365] [move_group.moveit.moveit.ros.move_group.cartesian_path_service_capability]: Received request to compute Cartesian path
[move_group-20] [INFO] [1776902322.270610891] [move_group.moveit.moveit.ros.move_group.cartesian_path_service_capability]: Attempting to follow 1 waypoints for link 'end_effector_link' using a step of 0.005000 m and jump threshold 0.000000 (in global reference frame)
[move_group-20] [INFO] [1776902322.272694261] [move_group.moveit.moveit.ros.move_group.cartesian_path_service_capability]: Computed Cartesian path with 6 points (followed 100.000000% of requested trajectory)
[clear_table-13] [INFO] [1776902322.277649821] [clear_table_node]: Cartesian path computed with 100.0% success.
[move_group-20] [INFO] [1776902322.278454215] [move_group.moveit.moveit.ros.move_group.clear_octomap_service]: Execution request received
[move_group-20] [INFO] [1776902322.278503964] [move_group.moveit.moveit.plugins.simple_controller_manager]: Returned 2 controllers in list
[move_group-20] [INFO] [1776902322.278529385] [move_group.moveit.moveit.plugins.simple_controller_manager]: Returned 2 controllers in list
[move_group-20] [INFO] [1776902322.278632375] [move_group.moveit.moveit.ros.trajectory_execution_manager]: Validating trajectory with allowed_start_tolerance 0.01
[move_group-20] [INFO] [1776902322.295823903] [move_group.moveit.moveit.ros.trajectory_execution_manager]: Starting trajectory execution ...
[move_group-20] [INFO] [1776902322.295918659] [move_group.moveit.moveit.plugins.simple_controller_manager]: Returned 2 controllers in list
[move_group-20] [INFO] [1776902322.295955643] [move_group.moveit.moveit.plugins.simple_controller_manager]: Returned 2 controllers in list
[move_group-20] [INFO] [1776902322.296145937] [moveit.simple_controller_manager.follow_joint_trajectory_controller_handle]: sending trajectory to joint_trajectory_controller
[ros2_control_node-1] [INFO] [1776902322.296488499] [joint_trajectory_controller]: Received new action goal
[ros2_control_node-1] [INFO] [1776902322.296539166] [joint_trajectory_controller]: Accepted new action goal
[move_group-20] [INFO] [1776902322.296723650] [moveit.simple_controller_manager.follow_joint_trajectory_controller_handle]: joint_trajectory_controller started execution
[move_group-20] [INFO] [1776902322.296736413] [moveit.simple_controller_manager.follow_joint_trajectory_controller_handle]: Goal request accepted!
[adl_ui-15] 127.0.0.1 - - [22/Apr/2026 19:58:42] "GET /status_json HTTP/1.1" 200 -
[ros2_control_node-1] [INFO] [1776902322.755260875] [joint_trajectory_controller]: Goal reached, success!
[move_group-20] [INFO] [1776902322.797275021] [moveit.simple_controller_manager.follow_joint_trajectory_controller_handle]: Controller 'joint_trajectory_controller' successfully finished
[ros2_control_node-1] [WARN] [1776902322.854494178] [controller_manager]: Overrun might occur, Total time : 2527.919 us (Expected < 1000.000 us) --> Read time : 37.476 us, Update time : 286.668 us, Write time : 2203.775 us
[move_group-20] [INFO] [1776902322.855528496] [move_group.moveit.moveit.ros.trajectory_execution_manager]: Completed trajectory execution with status SUCCEEDED ...
[move_group-20] [INFO] [1776902322.856073953] [move_group.moveit.moveit.ros.move_group.clear_octomap_service]: Execution completed: SUCCEEDED
[ros2_control_node-1] [WARN] [1776902322.905912442] [controller_manager]: Overrun detected! The controller manager missed its desired rate of 1000 Hz. The loop took 2.971036 ms (missed cycles : 3).
[vision_apriltag-9] [INFO] [1776902322.911105806] [vision_apriltag_node]: Vision AprilTag: scene is locked; detection publishing is paused.
[clear_table-13] [INFO] [1776902322.960344519] [clear_table_node]: [Cube] Stage 6 step 2 (dz=0.0100, sub=0/4): pos=(0.760, 0.225, 0.483), ori=(0.508, 0.491, 0.510, 0.491)
[move_group-20] [INFO] [1776902322.961127484] [move_group.moveit.moveit.ros.move_group.cartesian_path_service_capability]: Received request to compute Cartesian path
[move_group-20] [INFO] [1776902322.961234500] [move_group.moveit.moveit.ros.move_group.cartesian_path_service_capability]: Attempting to follow 1 waypoints for link 'end_effector_link' using a step of 0.005000 m and jump threshold 0.000000 (in global reference frame)
[move_group-20] [INFO] [1776902322.961769845] [move_group.moveit.moveit.ros.move_group.cartesian_path_service_capability]: Computed Cartesian path with 3 points (followed 100.000000% of requested trajectory)
[clear_table-13] [INFO] [1776902322.964968867] [clear_table_node]: Cartesian path computed with 100.0% success.
[move_group-20] [INFO] [1776902322.966018775] [move_group.moveit.moveit.ros.move_group.clear_octomap_service]: Execution request received
[move_group-20] [INFO] [1776902322.966066233] [move_group.moveit.moveit.plugins.simple_controller_manager]: Returned 2 controllers in list
[move_group-20] [INFO] [1776902322.966091519] [move_group.moveit.moveit.plugins.simple_controller_manager]: Returned 2 controllers in list
[move_group-20] [INFO] [1776902322.966188933] [move_group.moveit.moveit.ros.trajectory_execution_manager]: Validating trajectory with allowed_start_tolerance 0.01
[move_group-20] [INFO] [1776902322.975030157] [move_group.moveit.moveit.ros.trajectory_execution_manager]: Starting trajectory execution ...
[move_group-20] [INFO] [1776902322.975098704] [move_group.moveit.moveit.plugins.simple_controller_manager]: Returned 2 controllers in list
[move_group-20] [INFO] [1776902322.975160234] [move_group.moveit.moveit.plugins.simple_controller_manager]: Returned 2 controllers in list
[move_group-20] [INFO] [1776902322.975440168] [moveit.simple_controller_manager.follow_joint_trajectory_controller_handle]: sending trajectory to joint_trajectory_controller
[ros2_control_node-1] [INFO] [1776902322.975796609] [joint_trajectory_controller]: Received new action goal
[ros2_control_node-1] [INFO] [1776902322.975842757] [joint_trajectory_controller]: Accepted new action goal
[move_group-20] [INFO] [1776902322.976154019] [moveit.simple_controller_manager.follow_joint_trajectory_controller_handle]: joint_trajectory_controller started execution
[move_group-20] [INFO] [1776902322.976167365] [moveit.simple_controller_manager.follow_joint_trajectory_controller_handle]: Goal request accepted!
[ros2_control_node-1] [INFO] [1776902323.168114012] [joint_trajectory_controller]: Goal reached, success!
[move_group-20] [INFO] [1776902323.176539448] [moveit.simple_controller_manager.follow_joint_trajectory_controller_handle]: Controller 'joint_trajectory_controller' successfully finished
[move_group-20] [INFO] [1776902323.235300293] [move_group.moveit.moveit.ros.trajectory_execution_manager]: Completed trajectory execution with status SUCCEEDED ...
[move_group-20] [INFO] [1776902323.236140401] [move_group.moveit.moveit.ros.move_group.clear_octomap_service]: Execution completed: SUCCEEDED
[clear_table-13] [INFO] [1776902323.340205361] [clear_table_node]: [Cube] Stage 6 step 3 (dz=0.0100, sub=0/4): pos=(0.760, 0.225, 0.473), ori=(0.508, 0.491, 0.510, 0.491)
[move_group-20] [INFO] [1776902323.340936086] [move_group.moveit.moveit.ros.move_group.cartesian_path_service_capability]: Received request to compute Cartesian path
[move_group-20] [INFO] [1776902323.341082646] [move_group.moveit.moveit.ros.move_group.cartesian_path_service_capability]: Attempting to follow 1 waypoints for link 'end_effector_link' using a step of 0.005000 m and jump threshold 0.000000 (in global reference frame)
[move_group-20] [INFO] [1776902323.341849801] [move_group.moveit.moveit.ros.move_group.cartesian_path_service_capability]: Computed Cartesian path with 3 points (followed 100.000000% of requested trajectory)
[clear_table-13] [INFO] [1776902323.346944297] [clear_table_node]: Cartesian path computed with 100.0% success.
[move_group-20] [INFO] [1776902323.347690558] [move_group.moveit.moveit.ros.move_group.clear_octomap_service]: Execution request received
[move_group-20] [INFO] [1776902323.347768745] [move_group.moveit.moveit.plugins.simple_controller_manager]: Returned 2 controllers in list
[move_group-20] [INFO] [1776902323.347793026] [move_group.moveit.moveit.plugins.simple_controller_manager]: Returned 2 controllers in list
[move_group-20] [INFO] [1776902323.347864002] [move_group.moveit.moveit.ros.trajectory_execution_manager]: Validating trajectory with allowed_start_tolerance 0.01
[move_group-20] [INFO] [1776902323.357249020] [move_group.moveit.moveit.ros.trajectory_execution_manager]: Starting trajectory execution ...
[move_group-20] [INFO] [1776902323.357334092] [move_group.moveit.moveit.plugins.simple_controller_manager]: Returned 2 controllers in list
[move_group-20] [INFO] [1776902323.357371785] [move_group.moveit.moveit.plugins.simple_controller_manager]: Returned 2 controllers in list
[move_group-20] [INFO] [1776902323.357572288] [moveit.simple_controller_manager.follow_joint_trajectory_controller_handle]: sending trajectory to joint_trajectory_controller
[ros2_control_node-1] [INFO] [1776902323.358566442] [joint_trajectory_controller]: Received new action goal
[ros2_control_node-1] [INFO] [1776902323.358615407] [joint_trajectory_controller]: Accepted new action goal
[move_group-20] [INFO] [1776902323.358778044] [moveit.simple_controller_manager.follow_joint_trajectory_controller_handle]: joint_trajectory_controller started execution
[move_group-20] [INFO] [1776902323.358793398] [moveit.simple_controller_manager.follow_joint_trajectory_controller_handle]: Goal request accepted!
[adl_ui-15] 127.0.0.1 - - [22/Apr/2026 19:58:43] "GET /status_json HTTP/1.1" 200 -
[ros2_control_node-1] [INFO] [1776902323.548108698] [joint_trajectory_controller]: Goal reached, success!
[move_group-20] [INFO] [1776902323.559586615] [moveit.simple_controller_manager.follow_joint_trajectory_controller_handle]: Controller 'joint_trajectory_controller' successfully finished
[move_group-20] [INFO] [1776902323.615161878] [move_group.moveit.moveit.ros.trajectory_execution_manager]: Completed trajectory execution with status SUCCEEDED ...
[move_group-20] [INFO] [1776902323.615275977] [move_group.moveit.moveit.ros.move_group.clear_octomap_service]: Execution completed: SUCCEEDED
[clear_table-13] [INFO] [1776902323.726071966] [clear_table_node]: [Cube] Stage 6 step 4 (dz=0.0100, sub=0/4): pos=(0.760, 0.225, 0.463), ori=(0.508, 0.491, 0.510, 0.491)
[move_group-20] [INFO] [1776902323.727033629] [move_group.moveit.moveit.ros.move_group.cartesian_path_service_capability]: Received request to compute Cartesian path
[move_group-20] [INFO] [1776902323.727245043] [move_group.moveit.moveit.ros.move_group.cartesian_path_service_capability]: Attempting to follow 1 waypoints for link 'end_effector_link' using a step of 0.005000 m and jump threshold 0.000000 (in global reference frame)
[move_group-20] [INFO] [1776902323.727912153] [move_group.moveit.moveit.ros.move_group.cartesian_path_service_capability]: Computed Cartesian path with 3 points (followed 100.000000% of requested trajectory)
[clear_table-13] [INFO] [1776902323.734868247] [clear_table_node]: Cartesian path computed with 100.0% success.
[move_group-20] [INFO] [1776902323.736439571] [move_group.moveit.moveit.ros.move_group.clear_octomap_service]: Execution request received
[move_group-20] [INFO] [1776902323.736503171] [move_group.moveit.moveit.plugins.simple_controller_manager]: Returned 2 controllers in list
[move_group-20] [INFO] [1776902323.736529969] [move_group.moveit.moveit.plugins.simple_controller_manager]: Returned 2 controllers in list
[move_group-20] [INFO] [1776902323.736588850] [move_group.moveit.moveit.ros.trajectory_execution_manager]: Validating trajectory with allowed_start_tolerance 0.01
[move_group-20] [INFO] [1776902323.755107428] [move_group.moveit.moveit.ros.trajectory_execution_manager]: Starting trajectory execution ...
[move_group-20] [INFO] [1776902323.755196301] [move_group.moveit.moveit.plugins.simple_controller_manager]: Returned 2 controllers in list
[move_group-20] [INFO] [1776902323.755239189] [move_group.moveit.moveit.plugins.simple_controller_manager]: Returned 2 controllers in list
[move_group-20] [INFO] [1776902323.755480707] [moveit.simple_controller_manager.follow_joint_trajectory_controller_handle]: sending trajectory to joint_trajectory_controller
[ros2_control_node-1] [INFO] [1776902323.756542283] [joint_trajectory_controller]: Received new action goal
[ros2_control_node-1] [INFO] [1776902323.756635156] [joint_trajectory_controller]: Accepted new action goal
[move_group-20] [INFO] [1776902323.757912580] [moveit.simple_controller_manager.follow_joint_trajectory_controller_handle]: joint_trajectory_controller started execution
[move_group-20] [INFO] [1776902323.757933836] [moveit.simple_controller_manager.follow_joint_trajectory_controller_handle]: Goal request accepted!
[ros2_control_node-1] [WARN] [1776902323.857121042] [controller_manager]: Overrun might occur, Total time : 3155.004 us (Expected < 1000.000 us) --> Read time : 45.850 us, Update time : 435.605 us, Write time : 2673.549 us
[ros2_control_node-1] [WARN] [1776902323.907830447] [controller_manager]: Overrun detected! The controller manager missed its desired rate of 1000 Hz. The loop took 2.889510 ms (missed cycles : 3).
[ros2_control_node-1] [INFO] [1776902323.946099082] [joint_trajectory_controller]: Goal reached, success!
[move_group-20] [INFO] [1776902323.957638558] [moveit.simple_controller_manager.follow_joint_trajectory_controller_handle]: Controller 'joint_trajectory_controller' successfully finished
[move_group-20] [INFO] [1776902324.016353476] [move_group.moveit.moveit.ros.trajectory_execution_manager]: Completed trajectory execution with status SUCCEEDED ...
[move_group-20] [INFO] [1776902324.016516216] [move_group.moveit.moveit.ros.move_group.clear_octomap_service]: Execution completed: SUCCEEDED
[clear_table-13] [INFO] [1776902324.122244526] [clear_table_node]: [Cube] Stage 6 step 5 (dz=0.0100, sub=0/4): pos=(0.760, 0.225, 0.453), ori=(0.508, 0.491, 0.510, 0.491)
[move_group-20] [INFO] [1776902324.123253894] [move_group.moveit.moveit.ros.move_group.cartesian_path_service_capability]: Received request to compute Cartesian path
[move_group-20] [INFO] [1776902324.123529541] [move_group.moveit.moveit.ros.move_group.cartesian_path_service_capability]: Attempting to follow 1 waypoints for link 'end_effector_link' using a step of 0.005000 m and jump threshold 0.000000 (in global reference frame)
[move_group-20] [INFO] [1776902324.124296103] [move_group.moveit.moveit.ros.move_group.cartesian_path_service_capability]: Computed Cartesian path with 3 points (followed 100.000000% of requested trajectory)
[clear_table-13] [INFO] [1776902324.128528354] [clear_table_node]: Cartesian path computed with 100.0% success.
[move_group-20] [INFO] [1776902324.129269766] [move_group.moveit.moveit.ros.move_group.clear_octomap_service]: Execution request received
[move_group-20] [INFO] [1776902324.129319896] [move_group.moveit.moveit.plugins.simple_controller_manager]: Returned 2 controllers in list
[move_group-20] [INFO] [1776902324.129336513] [move_group.moveit.moveit.plugins.simple_controller_manager]: Returned 2 controllers in list
[move_group-20] [INFO] [1776902324.129395586] [move_group.moveit.moveit.ros.trajectory_execution_manager]: Validating trajectory with allowed_start_tolerance 0.01
[move_group-20] [INFO] [1776902324.136048799] [move_group.moveit.moveit.ros.trajectory_execution_manager]: Starting trajectory execution ...
[move_group-20] [INFO] [1776902324.136118751] [move_group.moveit.moveit.plugins.simple_controller_manager]: Returned 2 controllers in list
[move_group-20] [INFO] [1776902324.136157252] [move_group.moveit.moveit.plugins.simple_controller_manager]: Returned 2 controllers in list
[move_group-20] [INFO] [1776902324.136353888] [moveit.simple_controller_manager.follow_joint_trajectory_controller_handle]: sending trajectory to joint_trajectory_controller
[ros2_control_node-1] [INFO] [1776902324.137438550] [joint_trajectory_controller]: Received new action goal
[ros2_control_node-1] [INFO] [1776902324.137486014] [joint_trajectory_controller]: Accepted new action goal
[move_group-20] [INFO] [1776902324.137933038] [moveit.simple_controller_manager.follow_joint_trajectory_controller_handle]: joint_trajectory_controller started execution
[move_group-20] [INFO] [1776902324.137949461] [moveit.simple_controller_manager.follow_joint_trajectory_controller_handle]: Goal request accepted!
[adl_ui-15] 127.0.0.1 - - [22/Apr/2026 19:58:44] "GET /status_json HTTP/1.1" 200 -
[ros2_control_node-1] [INFO] [1776902324.328067749] [joint_trajectory_controller]: Goal reached, success!
[move_group-20] [INFO] [1776902324.338092713] [moveit.simple_controller_manager.follow_joint_trajectory_controller_handle]: Controller 'joint_trajectory_controller' successfully finished
[move_group-20] [INFO] [1776902324.395541990] [move_group.moveit.moveit.ros.trajectory_execution_manager]: Completed trajectory execution with status SUCCEEDED ...
[move_group-20] [INFO] [1776902324.395660341] [move_group.moveit.moveit.ros.move_group.clear_octomap_service]: Execution completed: SUCCEEDED
[clear_table-13] [INFO] [1776902324.500470042] [clear_table_node]: [Cube] Stage 6 step 6 (dz=0.0100, sub=0/4): pos=(0.760, 0.225, 0.443), ori=(0.508, 0.491, 0.510, 0.491)
[move_group-20] [INFO] [1776902324.501082034] [move_group.moveit.moveit.ros.move_group.cartesian_path_service_capability]: Received request to compute Cartesian path
[move_group-20] [INFO] [1776902324.501212221] [move_group.moveit.moveit.ros.move_group.cartesian_path_service_capability]: Attempting to follow 1 waypoints for link 'end_effector_link' using a step of 0.005000 m and jump threshold 0.000000 (in global reference frame)
[move_group-20] [INFO] [1776902324.501891680] [move_group.moveit.moveit.ros.move_group.cartesian_path_service_capability]: Computed Cartesian path with 3 points (followed 100.000000% of requested trajectory)
[clear_table-13] [INFO] [1776902324.506642879] [clear_table_node]: Cartesian path computed with 100.0% success.
[move_group-20] [INFO] [1776902324.507787845] [move_group.moveit.moveit.ros.move_group.clear_octomap_service]: Execution request received
[move_group-20] [INFO] [1776902324.507986135] [move_group.moveit.moveit.plugins.simple_controller_manager]: Returned 2 controllers in list
[move_group-20] [INFO] [1776902324.508016256] [move_group.moveit.moveit.plugins.simple_controller_manager]: Returned 2 controllers in list
[move_group-20] [INFO] [1776902324.508103749] [move_group.moveit.moveit.ros.trajectory_execution_manager]: Validating trajectory with allowed_start_tolerance 0.01
[move_group-20] [INFO] [1776902324.515804186] [move_group.moveit.moveit.ros.trajectory_execution_manager]: Starting trajectory execution ...
[move_group-20] [INFO] [1776902324.515888312] [move_group.moveit.moveit.plugins.simple_controller_manager]: Returned 2 controllers in list
[move_group-20] [INFO] [1776902324.515921931] [move_group.moveit.moveit.plugins.simple_controller_manager]: Returned 2 controllers in list
[move_group-20] [INFO] [1776902324.516225662] [moveit.simple_controller_manager.follow_joint_trajectory_controller_handle]: sending trajectory to joint_trajectory_controller
[ros2_control_node-1] [INFO] [1776902324.518469528] [joint_trajectory_controller]: Received new action goal
[ros2_control_node-1] [INFO] [1776902324.518526262] [joint_trajectory_controller]: Accepted new action goal
[move_group-20] [INFO] [1776902324.518885718] [moveit.simple_controller_manager.follow_joint_trajectory_controller_handle]: joint_trajectory_controller started execution
[move_group-20] [INFO] [1776902324.518902112] [moveit.simple_controller_manager.follow_joint_trajectory_controller_handle]: Goal request accepted!
[ros2_control_node-1] [INFO] [1776902324.707102612] [joint_trajectory_controller]: Goal reached, success!
[move_group-20] [INFO] [1776902324.719329529] [moveit.simple_controller_manager.follow_joint_trajectory_controller_handle]: Controller 'joint_trajectory_controller' successfully finished
[move_group-20] [INFO] [1776902324.776966095] [move_group.moveit.moveit.ros.trajectory_execution_manager]: Completed trajectory execution with status SUCCEEDED ...
[move_group-20] [INFO] [1776902324.778105874] [move_group.moveit.moveit.ros.move_group.clear_octomap_service]: Execution completed: SUCCEEDED
[ros2_control_node-1] [WARN] [1776902324.858158804] [controller_manager]: Overrun might occur, Total time : 5185.298 us (Expected < 1000.000 us) --> Read time : 51.941 us, Update time : 236.034 us, Write time : 4897.323 us
[clear_table-13] [INFO] [1776902324.894206602] [clear_table_node]: [Cube] Stage 6 step 7 (dz=0.0100, sub=0/4): pos=(0.760, 0.225, 0.433), ori=(0.508, 0.491, 0.510, 0.491)
[move_group-20] [INFO] [1776902324.894980009] [move_group.moveit.moveit.ros.move_group.cartesian_path_service_capability]: Received request to compute Cartesian path
[move_group-20] [INFO] [1776902324.895114571] [move_group.moveit.moveit.ros.move_group.cartesian_path_service_capability]: Attempting to follow 1 waypoints for link 'end_effector_link' using a step of 0.005000 m and jump threshold 0.000000 (in global reference frame)
[move_group-20] [INFO] [1776902324.895853959] [move_group.moveit.moveit.ros.move_group.cartesian_path_service_capability]: Computed Cartesian path with 3 points (followed 100.000000% of requested trajectory)
[clear_table-13] [INFO] [1776902324.902388293] [clear_table_node]: Cartesian path computed with 100.0% success.
[move_group-20] [INFO] [1776902324.903128126] [move_group.moveit.moveit.ros.move_group.clear_octomap_service]: Execution request received
[move_group-20] [INFO] [1776902324.903170823] [move_group.moveit.moveit.plugins.simple_controller_manager]: Returned 2 controllers in list
[move_group-20] [INFO] [1776902324.903196536] [move_group.moveit.moveit.plugins.simple_controller_manager]: Returned 2 controllers in list
[move_group-20] [INFO] [1776902324.903251909] [move_group.moveit.moveit.ros.trajectory_execution_manager]: Validating trajectory with allowed_start_tolerance 0.01
[ros2_control_node-1] [WARN] [1776902324.909284879] [controller_manager]: Overrun detected! The controller manager missed its desired rate of 1000 Hz. The loop took 2.342999 ms (missed cycles : 3).
[vision_apriltag-9] [INFO] [1776902324.912667340] [vision_apriltag_node]: Vision AprilTag: scene is locked; detection publishing is paused.
[move_group-20] [INFO] [1776902324.915578244] [move_group.moveit.moveit.ros.trajectory_execution_manager]: Starting trajectory execution ...
[move_group-20] [INFO] [1776902324.915657261] [move_group.moveit.moveit.plugins.simple_controller_manager]: Returned 2 controllers in list
[move_group-20] [INFO] [1776902324.915692444] [move_group.moveit.moveit.plugins.simple_controller_manager]: Returned 2 controllers in list
[move_group-20] [INFO] [1776902324.915895557] [moveit.simple_controller_manager.follow_joint_trajectory_controller_handle]: sending trajectory to joint_trajectory_controller
[ros2_control_node-1] [INFO] [1776902324.916263096] [joint_trajectory_controller]: Received new action goal
[ros2_control_node-1] [INFO] [1776902324.916323293] [joint_trajectory_controller]: Accepted new action goal
[move_group-20] [INFO] [1776902324.916559400] [moveit.simple_controller_manager.follow_joint_trajectory_controller_handle]: joint_trajectory_controller started execution
[move_group-20] [INFO] [1776902324.916594160] [moveit.simple_controller_manager.follow_joint_trajectory_controller_handle]: Goal request accepted!
[adl_ui-15] 127.0.0.1 - - [22/Apr/2026 19:58:44] "GET /status_json HTTP/1.1" 200 -
[ros2_control_node-1] [INFO] [1776902325.102129040] [joint_trajectory_controller]: Goal reached, success!
[move_group-20] [INFO] [1776902325.117171445] [moveit.simple_controller_manager.follow_joint_trajectory_controller_handle]: Controller 'joint_trajectory_controller' successfully finished
[move_group-20] [INFO] [1776902325.175158033] [move_group.moveit.moveit.ros.trajectory_execution_manager]: Completed trajectory execution with status SUCCEEDED ...
[move_group-20] [INFO] [1776902325.175797332] [move_group.moveit.moveit.ros.move_group.clear_octomap_service]: Execution completed: SUCCEEDED
[clear_table-13] [INFO] [1776902325.282808405] [clear_table_node]: [Cube] Stage 6 step 8 (dz=0.0100, sub=0/4): pos=(0.760, 0.225, 0.423), ori=(0.508, 0.491, 0.510, 0.491)
[move_group-20] [INFO] [1776902325.283403837] [move_group.moveit.moveit.ros.move_group.cartesian_path_service_capability]: Received request to compute Cartesian path
[move_group-20] [INFO] [1776902325.283517586] [move_group.moveit.moveit.ros.move_group.cartesian_path_service_capability]: Attempting to follow 1 waypoints for link 'end_effector_link' using a step of 0.005000 m and jump threshold 0.000000 (in global reference frame)
[move_group-20] [INFO] [1776902325.284185961] [move_group.moveit.moveit.ros.move_group.cartesian_path_service_capability]: Computed Cartesian path with 3 points (followed 100.000000% of requested trajectory)
[clear_table-13] [INFO] [1776902325.287348625] [clear_table_node]: Cartesian path computed with 100.0% success.
[move_group-20] [INFO] [1776902325.288050202] [move_group.moveit.moveit.ros.move_group.clear_octomap_service]: Execution request received
[move_group-20] [INFO] [1776902325.288094436] [move_group.moveit.moveit.plugins.simple_controller_manager]: Returned 2 controllers in list
[move_group-20] [INFO] [1776902325.288146814] [move_group.moveit.moveit.plugins.simple_controller_manager]: Returned 2 controllers in list
[move_group-20] [INFO] [1776902325.288196555] [move_group.moveit.moveit.ros.trajectory_execution_manager]: Validating trajectory with allowed_start_tolerance 0.01
[move_group-20] [INFO] [1776902325.295131636] [move_group.moveit.moveit.ros.trajectory_execution_manager]: Starting trajectory execution ...
[move_group-20] [INFO] [1776902325.295208987] [move_group.moveit.moveit.plugins.simple_controller_manager]: Returned 2 controllers in list
[move_group-20] [INFO] [1776902325.295242689] [move_group.moveit.moveit.plugins.simple_controller_manager]: Returned 2 controllers in list
[move_group-20] [INFO] [1776902325.295446385] [moveit.simple_controller_manager.follow_joint_trajectory_controller_handle]: sending trajectory to joint_trajectory_controller
[move_group-20] [INFO] [1776902325.296794064] [moveit.simple_controller_manager.follow_joint_trajectory_controller_handle]: joint_trajectory_controller started execution
[move_group-20] [INFO] [1776902325.296812917] [moveit.simple_controller_manager.follow_joint_trajectory_controller_handle]: Goal request accepted!
[ros2_control_node-1] [INFO] [1776902325.295947735] [joint_trajectory_controller]: Received new action goal
[ros2_control_node-1] [INFO] [1776902325.295995046] [joint_trajectory_controller]: Accepted new action goal
[ros2_control_node-1] [INFO] [1776902325.483106625] [joint_trajectory_controller]: Goal reached, success!
[move_group-20] [INFO] [1776902325.496676267] [moveit.simple_controller_manager.follow_joint_trajectory_controller_handle]: Controller 'joint_trajectory_controller' successfully finished
[move_group-20] [INFO] [1776902325.555113211] [move_group.moveit.moveit.ros.trajectory_execution_manager]: Completed trajectory execution with status SUCCEEDED ...
[move_group-20] [INFO] [1776902325.555242486] [move_group.moveit.moveit.ros.move_group.clear_octomap_service]: Execution completed: SUCCEEDED
[clear_table-13] [INFO] [1776902325.663614387] [clear_table_node]: [Cube] Stage 6 step 9 (dz=0.0100, sub=0/4): pos=(0.760, 0.225, 0.413), ori=(0.508, 0.491, 0.510, 0.491)
[move_group-20] [INFO] [1776902325.664300689] [move_group.moveit.moveit.ros.move_group.cartesian_path_service_capability]: Received request to compute Cartesian path
[move_group-20] [INFO] [1776902325.664452731] [move_group.moveit.moveit.ros.move_group.cartesian_path_service_capability]: Attempting to follow 1 waypoints for link 'end_effector_link' using a step of 0.005000 m and jump threshold 0.000000 (in global reference frame)
[move_group-20] [INFO] [1776902325.665115302] [move_group.moveit.moveit.ros.move_group.cartesian_path_service_capability]: Computed Cartesian path with 3 points (followed 100.000000% of requested trajectory)
[clear_table-13] [INFO] [1776902325.668666414] [clear_table_node]: Cartesian path computed with 100.0% success.
[move_group-20] [INFO] [1776902325.669367788] [move_group.moveit.moveit.ros.move_group.clear_octomap_service]: Execution request received
[move_group-20] [INFO] [1776902325.669411508] [move_group.moveit.moveit.plugins.simple_controller_manager]: Returned 2 controllers in list
[move_group-20] [INFO] [1776902325.669434438] [move_group.moveit.moveit.plugins.simple_controller_manager]: Returned 2 controllers in list
[move_group-20] [INFO] [1776902325.669505590] [move_group.moveit.moveit.ros.trajectory_execution_manager]: Validating trajectory with allowed_start_tolerance 0.01
[move_group-20] [INFO] [1776902325.675488621] [move_group.moveit.moveit.ros.trajectory_execution_manager]: Starting trajectory execution ...
[move_group-20] [INFO] [1776902325.675571778] [move_group.moveit.moveit.plugins.simple_controller_manager]: Returned 2 controllers in list
[move_group-20] [INFO] [1776902325.675634698] [move_group.moveit.moveit.plugins.simple_controller_manager]: Returned 2 controllers in list
[move_group-20] [INFO] [1776902325.675877666] [moveit.simple_controller_manager.follow_joint_trajectory_controller_handle]: sending trajectory to joint_trajectory_controller
[ros2_control_node-1] [INFO] [1776902325.676604759] [joint_trajectory_controller]: Received new action goal
[ros2_control_node-1] [INFO] [1776902325.676666569] [joint_trajectory_controller]: Accepted new action goal
[move_group-20] [INFO] [1776902325.677268406] [moveit.simple_controller_manager.follow_joint_trajectory_controller_handle]: joint_trajectory_controller started execution
[move_group-20] [INFO] [1776902325.677294790] [moveit.simple_controller_manager.follow_joint_trajectory_controller_handle]: Goal request accepted!
[adl_ui-15] 127.0.0.1 - - [22/Apr/2026 19:58:45] "GET /status_json HTTP/1.1" 200 -
[wrist_camera_usb_publisher-8] [INFO] [1776902325.685920910] [wrist_camera_usb_publisher_node]: USB camera publisher heartbeat: publishing 1280x720 frames on /wrist_mounted_camera/image; camera_info fx=920.87, fy=921.57, cx=644.76, cy=343.15.
[ros2_control_node-1] [WARN] [1776902325.859063688] [controller_manager]: Overrun might occur, Total time : 3102.735 us (Expected < 1000.000 us) --> Read time : 32.905 us, Update time : 215.669 us, Write time : 2854.161 us
[ros2_control_node-1] [INFO] [1776902325.863121771] [joint_trajectory_controller]: Goal reached, success!
[move_group-20] [INFO] [1776902325.877542230] [moveit.simple_controller_manager.follow_joint_trajectory_controller_handle]: Controller 'joint_trajectory_controller' successfully finished
[ros2_control_node-1] [WARN] [1776902325.910086063] [controller_manager]: Overrun detected! The controller manager missed its desired rate of 1000 Hz. The loop took 3.144630 ms (missed cycles : 4).
[move_group-20] [INFO] [1776902325.935403376] [move_group.moveit.moveit.ros.trajectory_execution_manager]: Completed trajectory execution with status SUCCEEDED ...
[move_group-20] [INFO] [1776902325.935563918] [move_group.moveit.moveit.ros.move_group.clear_octomap_service]: Execution completed: SUCCEEDED
[clear_table-13] [INFO] [1776902326.043980747] [clear_table_node]: [Cube] Stage 6 step 10 (dz=0.0100, sub=0/4): pos=(0.760, 0.225, 0.403), ori=(0.508, 0.491, 0.510, 0.491)
[move_group-20] [INFO] [1776902326.044651314] [move_group.moveit.moveit.ros.move_group.cartesian_path_service_capability]: Received request to compute Cartesian path
[move_group-20] [INFO] [1776902326.044794174] [move_group.moveit.moveit.ros.move_group.cartesian_path_service_capability]: Attempting to follow 1 waypoints for link 'end_effector_link' using a step of 0.005000 m and jump threshold 0.000000 (in global reference frame)
[move_group-20] [INFO] [1776902326.047224780] [move_group.moveit.moveit.ros.move_group.cartesian_path_service_capability]: Computed Cartesian path with 3 points (followed 100.000000% of requested trajectory)
[clear_table-13] [INFO] [1776902326.054174971] [clear_table_node]: Cartesian path computed with 100.0% success.
[move_group-20] [INFO] [1776902326.055285022] [move_group.moveit.moveit.ros.move_group.clear_octomap_service]: Execution request received
[move_group-20] [INFO] [1776902326.055347338] [move_group.moveit.moveit.plugins.simple_controller_manager]: Returned 2 controllers in list
[move_group-20] [INFO] [1776902326.055373624] [move_group.moveit.moveit.plugins.simple_controller_manager]: Returned 2 controllers in list
[move_group-20] [INFO] [1776902326.055437272] [move_group.moveit.moveit.ros.trajectory_execution_manager]: Validating trajectory with allowed_start_tolerance 0.01
[move_group-20] [INFO] [1776902326.056519295] [move_group.moveit.moveit.ros.trajectory_execution_manager]: Starting trajectory execution ...
[move_group-20] [INFO] [1776902326.056587881] [move_group.moveit.moveit.plugins.simple_controller_manager]: Returned 2 controllers in list
[move_group-20] [INFO] [1776902326.056618902] [move_group.moveit.moveit.plugins.simple_controller_manager]: Returned 2 controllers in list
[move_group-20] [INFO] [1776902326.056871084] [moveit.simple_controller_manager.follow_joint_trajectory_controller_handle]: sending trajectory to joint_trajectory_controller
[ros2_control_node-1] [INFO] [1776902326.058248832] [joint_trajectory_controller]: Received new action goal
[ros2_control_node-1] [INFO] [1776902326.058333515] [joint_trajectory_controller]: Accepted new action goal
[move_group-20] [INFO] [1776902326.059791115] [moveit.simple_controller_manager.follow_joint_trajectory_controller_handle]: joint_trajectory_controller started execution
[move_group-20] [INFO] [1776902326.059815549] [moveit.simple_controller_manager.follow_joint_trajectory_controller_handle]: Goal request accepted!
[ros2_control_node-1] [INFO] [1776902326.243129903] [joint_trajectory_controller]: Goal reached, success!
[move_group-20] [INFO] [1776902326.260249433] [moveit.simple_controller_manager.follow_joint_trajectory_controller_handle]: Controller 'joint_trajectory_controller' successfully finished
[move_group-20] [INFO] [1776902326.315123224] [move_group.moveit.moveit.ros.trajectory_execution_manager]: Completed trajectory execution with status SUCCEEDED ...
[move_group-20] [INFO] [1776902326.315852931] [move_group.moveit.moveit.ros.move_group.clear_octomap_service]: Execution completed: SUCCEEDED
[clear_table-13] [INFO] [1776902326.422680804] [clear_table_node]: [Cube] Stage 6 step 11 (dz=0.0100, sub=0/4): pos=(0.760, 0.225, 0.393), ori=(0.508, 0.491, 0.510, 0.491)
[move_group-20] [INFO] [1776902326.423376947] [move_group.moveit.moveit.ros.move_group.cartesian_path_service_capability]: Received request to compute Cartesian path
[move_group-20] [INFO] [1776902326.423503487] [move_group.moveit.moveit.ros.move_group.cartesian_path_service_capability]: Attempting to follow 1 waypoints for link 'end_effector_link' using a step of 0.005000 m and jump threshold 0.000000 (in global reference frame)
[move_group-20] [INFO] [1776902326.424238210] [move_group.moveit.moveit.ros.move_group.cartesian_path_service_capability]: Computed Cartesian path with 3 points (followed 100.000000% of requested trajectory)
[clear_table-13] [INFO] [1776902326.427878753] [clear_table_node]: Cartesian path computed with 100.0% success.
[adl_ui-15] 127.0.0.1 - - [22/Apr/2026 19:58:46] "GET /status_json HTTP/1.1" 200 -
[move_group-20] [INFO] [1776902326.428598818] [move_group.moveit.moveit.ros.move_group.clear_octomap_service]: Execution request received
[move_group-20] [INFO] [1776902326.428963297] [move_group.moveit.moveit.plugins.simple_controller_manager]: Returned 2 controllers in list
[move_group-20] [INFO] [1776902326.429005185] [move_group.moveit.moveit.plugins.simple_controller_manager]: Returned 2 controllers in list
[move_group-20] [INFO] [1776902326.429304033] [move_group.moveit.moveit.ros.trajectory_execution_manager]: Validating trajectory with allowed_start_tolerance 0.01
[move_group-20] [INFO] [1776902326.435093037] [move_group.moveit.moveit.ros.trajectory_execution_manager]: Starting trajectory execution ...
[move_group-20] [INFO] [1776902326.435168364] [move_group.moveit.moveit.plugins.simple_controller_manager]: Returned 2 controllers in list
[move_group-20] [INFO] [1776902326.435204067] [move_group.moveit.moveit.plugins.simple_controller_manager]: Returned 2 controllers in list
[move_group-20] [INFO] [1776902326.435728572] [moveit.simple_controller_manager.follow_joint_trajectory_controller_handle]: sending trajectory to joint_trajectory_controller
[ros2_control_node-1] [INFO] [1776902326.436030183] [joint_trajectory_controller]: Received new action goal
[ros2_control_node-1] [INFO] [1776902326.436073194] [joint_trajectory_controller]: Accepted new action goal
[move_group-20] [INFO] [1776902326.436678257] [moveit.simple_controller_manager.follow_joint_trajectory_controller_handle]: joint_trajectory_controller started execution
[move_group-20] [INFO] [1776902326.436692434] [moveit.simple_controller_manager.follow_joint_trajectory_controller_handle]: Goal request accepted!
[ros2_control_node-1] [INFO] [1776902326.619111589] [joint_trajectory_controller]: Goal reached, success!
[move_group-20] [INFO] [1776902326.636823999] [moveit.simple_controller_manager.follow_joint_trajectory_controller_handle]: Controller 'joint_trajectory_controller' successfully finished
[move_group-20] [INFO] [1776902326.694878810] [move_group.moveit.moveit.ros.trajectory_execution_manager]: Completed trajectory execution with status SUCCEEDED ...
[move_group-20] [INFO] [1776902326.694992231] [move_group.moveit.moveit.ros.move_group.clear_octomap_service]: Execution completed: SUCCEEDED
[clear_table-13] [INFO] [1776902326.799369566] [clear_table_node]: [Cube] Stage 6 step 12 (dz=0.0100, sub=0/4): pos=(0.760, 0.225, 0.383), ori=(0.508, 0.491, 0.510, 0.491)
[move_group-20] [INFO] [1776902326.800571953] [move_group.moveit.moveit.ros.move_group.cartesian_path_service_capability]: Received request to compute Cartesian path
[move_group-20] [INFO] [1776902326.800891424] [move_group.moveit.moveit.ros.move_group.cartesian_path_service_capability]: Attempting to follow 1 waypoints for link 'end_effector_link' using a step of 0.005000 m and jump threshold 0.000000 (in global reference frame)
[move_group-20] [INFO] [1776902326.801735473] [move_group.moveit.moveit.ros.move_group.cartesian_path_service_capability]: Computed Cartesian path with 3 points (followed 100.000000% of requested trajectory)
[clear_table-13] [INFO] [1776902326.805169082] [clear_table_node]: Cartesian path computed with 100.0% success.
[move_group-20] [INFO] [1776902326.805899037] [move_group.moveit.moveit.ros.move_group.clear_octomap_service]: Execution request received
[move_group-20] [INFO] [1776902326.805960007] [move_group.moveit.moveit.plugins.simple_controller_manager]: Returned 2 controllers in list
[move_group-20] [INFO] [1776902326.805985717] [move_group.moveit.moveit.plugins.simple_controller_manager]: Returned 2 controllers in list
[move_group-20] [INFO] [1776902326.806047286] [move_group.moveit.moveit.ros.trajectory_execution_manager]: Validating trajectory with allowed_start_tolerance 0.01
[move_group-20] [INFO] [1776902326.815094838] [move_group.moveit.moveit.ros.trajectory_execution_manager]: Starting trajectory execution ...
[move_group-20] [INFO] [1776902326.815161689] [move_group.moveit.moveit.plugins.simple_controller_manager]: Returned 2 controllers in list
[move_group-20] [INFO] [1776902326.815200937] [move_group.moveit.moveit.plugins.simple_controller_manager]: Returned 2 controllers in list
[move_group-20] [INFO] [1776902326.815404010] [moveit.simple_controller_manager.follow_joint_trajectory_controller_handle]: sending trajectory to joint_trajectory_controller
[ros2_control_node-1] [INFO] [1776902326.816265003] [joint_trajectory_controller]: Received new action goal
[ros2_control_node-1] [INFO] [1776902326.816319364] [joint_trajectory_controller]: Accepted new action goal
[move_group-20] [INFO] [1776902326.816823178] [moveit.simple_controller_manager.follow_joint_trajectory_controller_handle]: joint_trajectory_controller started execution
[move_group-20] [INFO] [1776902326.816839807] [moveit.simple_controller_manager.follow_joint_trajectory_controller_handle]: Goal request accepted!
[ros2_control_node-1] [WARN] [1776902326.861980817] [controller_manager]: Overrun might occur, Total time : 3006.662 us (Expected < 1000.000 us) --> Read time : 62.652 us, Update time : 384.593 us, Write time : 2559.417 us
[vision_apriltag-9] [INFO] [1776902326.911755856] [vision_apriltag_node]: Vision AprilTag: scene is locked; detection publishing is paused.
[ros2_control_node-1] [WARN] [1776902326.913770392] [controller_manager]: Overrun detected! The controller manager missed its desired rate of 1000 Hz. The loop took 2.829108 ms (missed cycles : 3).
[ros2_control_node-1] [INFO] [1776902326.998093455] [joint_trajectory_controller]: Goal reached, success!
[move_group-20] [INFO] [1776902327.018303977] [moveit.simple_controller_manager.follow_joint_trajectory_controller_handle]: Controller 'joint_trajectory_controller' successfully finished
[move_group-20] [INFO] [1776902327.074938952] [move_group.moveit.moveit.ros.trajectory_execution_manager]: Completed trajectory execution with status SUCCEEDED ...
[move_group-20] [INFO] [1776902327.075064070] [move_group.moveit.moveit.ros.move_group.clear_octomap_service]: Execution completed: SUCCEEDED
[clear_table-13] [INFO] [1776902327.184128160] [clear_table_node]: [Cube] Stage 6 step 13 (dz=0.0100, sub=0/4): pos=(0.760, 0.225, 0.373), ori=(0.508, 0.491, 0.510, 0.491)
[adl_ui-15] 127.0.0.1 - - [22/Apr/2026 19:58:47] "GET /status_json HTTP/1.1" 200 -
[move_group-20] [INFO] [1776902327.184843528] [move_group.moveit.moveit.ros.move_group.cartesian_path_service_capability]: Received request to compute Cartesian path
[move_group-20] [INFO] [1776902327.185087854] [move_group.moveit.moveit.ros.move_group.cartesian_path_service_capability]: Attempting to follow 1 waypoints for link 'end_effector_link' using a step of 0.005000 m and jump threshold 0.000000 (in global reference frame)
[move_group-20] [INFO] [1776902327.186713262] [move_group.moveit.moveit.ros.move_group.cartesian_path_service_capability]: Computed Cartesian path with 3 points (followed 100.000000% of requested trajectory)
[clear_table-13] [INFO] [1776902327.191497690] [clear_table_node]: Cartesian path computed with 100.0% success.
[move_group-20] [INFO] [1776902327.196399051] [move_group.moveit.moveit.ros.move_group.clear_octomap_service]: Execution request received
[move_group-20] [INFO] [1776902327.196473307] [move_group.moveit.moveit.plugins.simple_controller_manager]: Returned 2 controllers in list
[move_group-20] [INFO] [1776902327.196507266] [move_group.moveit.moveit.plugins.simple_controller_manager]: Returned 2 controllers in list
[move_group-20] [INFO] [1776902327.196820270] [move_group.moveit.moveit.ros.trajectory_execution_manager]: Validating trajectory with allowed_start_tolerance 0.01
[move_group-20] [INFO] [1776902327.216295938] [move_group.moveit.moveit.ros.trajectory_execution_manager]: Starting trajectory execution ...
[move_group-20] [INFO] [1776902327.216382318] [move_group.moveit.moveit.plugins.simple_controller_manager]: Returned 2 controllers in list
[move_group-20] [INFO] [1776902327.216419854] [move_group.moveit.moveit.plugins.simple_controller_manager]: Returned 2 controllers in list
[move_group-20] [INFO] [1776902327.216690497] [moveit.simple_controller_manager.follow_joint_trajectory_controller_handle]: sending trajectory to joint_trajectory_controller
[ros2_control_node-1] [INFO] [1776902327.217816951] [joint_trajectory_controller]: Received new action goal
[ros2_control_node-1] [INFO] [1776902327.217873039] [joint_trajectory_controller]: Accepted new action goal
[move_group-20] [INFO] [1776902327.218228571] [moveit.simple_controller_manager.follow_joint_trajectory_controller_handle]: joint_trajectory_controller started execution
[move_group-20] [INFO] [1776902327.218252551] [moveit.simple_controller_manager.follow_joint_trajectory_controller_handle]: Goal request accepted!
[ros2_control_node-1] [INFO] [1776902327.414123064] [joint_trajectory_controller]: Goal reached, success!
[move_group-20] [INFO] [1776902327.418614018] [moveit.simple_controller_manager.follow_joint_trajectory_controller_handle]: Controller 'joint_trajectory_controller' successfully finished
[move_group-20] [INFO] [1776902327.475165190] [move_group.moveit.moveit.ros.trajectory_execution_manager]: Completed trajectory execution with status SUCCEEDED ...
[move_group-20] [INFO] [1776902327.475853944] [move_group.moveit.moveit.ros.move_group.clear_octomap_service]: Execution completed: SUCCEEDED
[clear_table-13] [INFO] [1776902327.581334335] [clear_table_node]: [Cube] Stage 6 step 14 (dz=0.0100, sub=0/4): pos=(0.760, 0.225, 0.363), ori=(0.508, 0.491, 0.510, 0.491)
[move_group-20] [INFO] [1776902327.582100203] [move_group.moveit.moveit.ros.move_group.cartesian_path_service_capability]: Received request to compute Cartesian path
[move_group-20] [INFO] [1776902327.582231003] [move_group.moveit.moveit.ros.move_group.cartesian_path_service_capability]: Attempting to follow 1 waypoints for link 'end_effector_link' using a step of 0.005000 m and jump threshold 0.000000 (in global reference frame)
[move_group-20] [INFO] [1776902327.582948633] [move_group.moveit.moveit.ros.move_group.cartesian_path_service_capability]: Computed Cartesian path with 3 points (followed 100.000000% of requested trajectory)
[clear_table-13] [INFO] [1776902327.586705051] [clear_table_node]: Cartesian path computed with 100.0% success.
[clear_table-13] [ERROR] [1776902327.588501733] [clear_table_node]: Cartesian path point violates joint lock for joint_7: 0.701 vs lock at 0.803 with tol 0.100.
[clear_table-13] [WARN] [1776902327.590009930] [clear_table_node]: [Cube] Stage 6 step 14: lock failed, retrying unlocked.
[move_group-20] [INFO] [1776902327.590681017] [move_group.moveit.moveit.ros.move_group.cartesian_path_service_capability]: Received request to compute Cartesian path
[move_group-20] [INFO] [1776902327.590855689] [move_group.moveit.moveit.ros.move_group.cartesian_path_service_capability]: Attempting to follow 1 waypoints for link 'end_effector_link' using a step of 0.005000 m and jump threshold 0.000000 (in global reference frame)
[move_group-20] [INFO] [1776902327.591559248] [move_group.moveit.moveit.ros.move_group.cartesian_path_service_capability]: Computed Cartesian path with 3 points (followed 100.000000% of requested trajectory)
[clear_table-13] [INFO] [1776902327.599668700] [clear_table_node]: Cartesian path computed with 100.0% success.
[move_group-20] [INFO] [1776902327.600332274] [move_group.moveit.moveit.ros.move_group.clear_octomap_service]: Execution request received
[move_group-20] [INFO] [1776902327.600415280] [move_group.moveit.moveit.plugins.simple_controller_manager]: Returned 2 controllers in list
[move_group-20] [INFO] [1776902327.600442057] [move_group.moveit.moveit.plugins.simple_controller_manager]: Returned 2 controllers in list
[move_group-20] [INFO] [1776902327.600544664] [move_group.moveit.moveit.ros.trajectory_execution_manager]: Validating trajectory with allowed_start_tolerance 0.01
[move_group-20] [INFO] [1776902327.615077001] [move_group.moveit.moveit.ros.trajectory_execution_manager]: Starting trajectory execution ...
[move_group-20] [INFO] [1776902327.615170364] [move_group.moveit.moveit.plugins.simple_controller_manager]: Returned 2 controllers in list
[move_group-20] [INFO] [1776902327.615208548] [move_group.moveit.moveit.plugins.simple_controller_manager]: Returned 2 controllers in list
[move_group-20] [INFO] [1776902327.615448126] [moveit.simple_controller_manager.follow_joint_trajectory_controller_handle]: sending trajectory to joint_trajectory_controller
[ros2_control_node-1] [INFO] [1776902327.615763750] [joint_trajectory_controller]: Received new action goal
[ros2_control_node-1] [INFO] [1776902327.615805318] [joint_trajectory_controller]: Accepted new action goal
[move_group-20] [INFO] [1776902327.616291421] [moveit.simple_controller_manager.follow_joint_trajectory_controller_handle]: joint_trajectory_controller started execution
[move_group-20] [INFO] [1776902327.616304572] [moveit.simple_controller_manager.follow_joint_trajectory_controller_handle]: Goal request accepted!
[ros2_control_node-1] [INFO] [1776902327.798152038] [joint_trajectory_controller]: Goal reached, success!
[move_group-20] [INFO] [1776902327.816771119] [moveit.simple_controller_manager.follow_joint_trajectory_controller_handle]: Controller 'joint_trajectory_controller' successfully finished
[ros2_control_node-1] [WARN] [1776902327.862636816] [controller_manager]: Overrun might occur, Total time : 2661.245 us (Expected < 1000.000 us) --> Read time : 79.756 us, Update time : 277.225 us, Write time : 2304.264 us
[move_group-20] [INFO] [1776902327.875011094] [move_group.moveit.moveit.ros.trajectory_execution_manager]: Completed trajectory execution with status SUCCEEDED ...
[move_group-20] [INFO] [1776902327.875203256] [move_group.moveit.moveit.ros.move_group.clear_octomap_service]: Execution completed: SUCCEEDED
[ros2_control_node-1] [WARN] [1776902327.916256078] [controller_manager]: Overrun detected! The controller manager missed its desired rate of 1000 Hz. The loop took 2.314538 ms (missed cycles : 3).
[adl_ui-15] 127.0.0.1 - - [22/Apr/2026 19:58:47] "GET /status_json HTTP/1.1" 200 -
[clear_table-13] [INFO] [1776902327.982840539] [clear_table_node]: [Cube] Stage 6 step 15 (dz=0.0100, sub=0/4): pos=(0.760, 0.225, 0.353), ori=(0.508, 0.491, 0.510, 0.491)
[move_group-20] [INFO] [1776902327.983966169] [move_group.moveit.moveit.ros.move_group.cartesian_path_service_capability]: Received request to compute Cartesian path
[move_group-20] [INFO] [1776902327.984187343] [move_group.moveit.moveit.ros.move_group.cartesian_path_service_capability]: Attempting to follow 1 waypoints for link 'end_effector_link' using a step of 0.005000 m and jump threshold 0.000000 (in global reference frame)
[move_group-20] [INFO] [1776902327.984986995] [move_group.moveit.moveit.ros.move_group.cartesian_path_service_capability]: Computed Cartesian path with 3 points (followed 100.000000% of requested trajectory)
[clear_table-13] [INFO] [1776902327.989215030] [clear_table_node]: Cartesian path computed with 100.0% success.
[clear_table-13] [ERROR] [1776902327.990640448] [clear_table_node]: Cartesian path point violates joint lock for joint_7: 0.701 vs lock at 0.803 with tol 0.100.
[clear_table-13] [WARN] [1776902327.992421030] [clear_table_node]: [Cube] Stage 6 step 15: lock failed, retrying unlocked.
[move_group-20] [INFO] [1776902328.000403879] [move_group.moveit.moveit.ros.move_group.cartesian_path_service_capability]: Received request to compute Cartesian path
[move_group-20] [INFO] [1776902328.000537843] [move_group.moveit.moveit.ros.move_group.cartesian_path_service_capability]: Attempting to follow 1 waypoints for link 'end_effector_link' using a step of 0.005000 m and jump threshold 0.000000 (in global reference frame)
[move_group-20] [INFO] [1776902328.001183731] [move_group.moveit.moveit.ros.move_group.cartesian_path_service_capability]: Computed Cartesian path with 3 points (followed 100.000000% of requested trajectory)
[clear_table-13] [INFO] [1776902328.013455179] [clear_table_node]: Cartesian path computed with 100.0% success.
[move_group-20] [INFO] [1776902328.014523662] [move_group.moveit.moveit.ros.move_group.clear_octomap_service]: Execution request received
[move_group-20] [INFO] [1776902328.014590711] [move_group.moveit.moveit.plugins.simple_controller_manager]: Returned 2 controllers in list
[move_group-20] [INFO] [1776902328.014621303] [move_group.moveit.moveit.plugins.simple_controller_manager]: Returned 2 controllers in list
[move_group-20] [INFO] [1776902328.014704807] [move_group.moveit.moveit.ros.trajectory_execution_manager]: Validating trajectory with allowed_start_tolerance 0.01
[move_group-20] [INFO] [1776902328.015494714] [move_group.moveit.moveit.ros.trajectory_execution_manager]: Starting trajectory execution ...
[move_group-20] [INFO] [1776902328.015570428] [move_group.moveit.moveit.plugins.simple_controller_manager]: Returned 2 controllers in list
[move_group-20] [INFO] [1776902328.015609098] [move_group.moveit.moveit.plugins.simple_controller_manager]: Returned 2 controllers in list
[move_group-20] [INFO] [1776902328.015896655] [moveit.simple_controller_manager.follow_joint_trajectory_controller_handle]: sending trajectory to joint_trajectory_controller
[ros2_control_node-1] [INFO] [1776902328.017555300] [joint_trajectory_controller]: Received new action goal
[ros2_control_node-1] [INFO] [1776902328.017620221] [joint_trajectory_controller]: Accepted new action goal
[move_group-20] [INFO] [1776902328.018076792] [moveit.simple_controller_manager.follow_joint_trajectory_controller_handle]: joint_trajectory_controller started execution
[move_group-20] [INFO] [1776902328.018101151] [moveit.simple_controller_manager.follow_joint_trajectory_controller_handle]: Goal request accepted!
[ros2_control_node-1] [INFO] [1776902328.193228354] [joint_trajectory_controller]: Goal reached, success!
[move_group-20] [INFO] [1776902328.218286395] [moveit.simple_controller_manager.follow_joint_trajectory_controller_handle]: Controller 'joint_trajectory_controller' successfully finished
[move_group-20] [INFO] [1776902328.274869471] [move_group.moveit.moveit.ros.trajectory_execution_manager]: Completed trajectory execution with status SUCCEEDED ...
[move_group-20] [INFO] [1776902328.275299728] [move_group.moveit.moveit.ros.move_group.clear_octomap_service]: Execution completed: SUCCEEDED
[clear_table-13] [INFO] [1776902328.380735012] [clear_table_node]: [Cube] Stage 6 step 16 (dz=0.0100, sub=0/4): pos=(0.760, 0.225, 0.343), ori=(0.508, 0.491, 0.510, 0.491)
[move_group-20] [INFO] [1776902328.381301900] [move_group.moveit.moveit.ros.move_group.cartesian_path_service_capability]: Received request to compute Cartesian path
[move_group-20] [INFO] [1776902328.381477694] [move_group.moveit.moveit.ros.move_group.cartesian_path_service_capability]: Attempting to follow 1 waypoints for link 'end_effector_link' using a step of 0.005000 m and jump threshold 0.000000 (in global reference frame)
[move_group-20] [INFO] [1776902328.381982963] [move_group.moveit.moveit.ros.move_group.cartesian_path_service_capability]: Computed Cartesian path with 3 points (followed 100.000000% of requested trajectory)
[clear_table-13] [INFO] [1776902328.385532230] [clear_table_node]: Cartesian path computed with 100.0% success.
[clear_table-13] [ERROR] [1776902328.386260284] [clear_table_node]: Cartesian path point violates joint lock for joint_7: 0.690 vs lock at 0.803 with tol 0.100.
[clear_table-13] [WARN] [1776902328.387152235] [clear_table_node]: [Cube] Stage 6 step 16: locked descent failed within 0.083m of the goal. Requesting pull-up/reorientation instead of continuing unlocked near the table.
[clear_table-13] [WARN] [1776902328.387922552] [clear_table_node]: [Cube] Stage 6 late lock-failure hazard joints: joint_1=-0.089, joint_2=+1.792, joint_3=-2.450, joint_4=+1.037, joint_5=+0.261, joint_6=-0.937, joint_7=+0.690.
[clear_table-13] [ERROR] [1776902328.396507510] [clear_table_node]: [Cube] Stage 6 cartesian drop failed during stepwise descent. Aborting.
[clear_table-13] [INFO] [1776902328.530958043] [clear_table_node]: open_gripper(): opening gripper fully...
[ros2_control_node-1] [INFO] [1776902328.531614710] [robotiq_gripper_controller]: Received & accepted new action goal
[adl_ui-15] 127.0.0.1 - - [22/Apr/2026 19:58:48] "GET /status_json HTTP/1.1" 200 -
[ros2_control_node-1] [WARN] [1776902328.864682082] [controller_manager]: Overrun might occur, Total time : 2726.192 us (Expected < 1000.000 us) --> Read time : 39.944 us, Update time : 173.863 us, Write time : 2512.385 us
[clear_table-13] [INFO] [1776902328.885074907] [clear_table_node]: Gripper reached position=0.007 stalled=False reached_goal=True
[clear_table-13] [INFO] [1776902328.886212025] [clear_table_node]: Detached object obj_4 from end_effector_link.
[vision_apriltag-9] [INFO] [1776902328.912154888] [vision_apriltag_node]: Vision AprilTag: scene is locked; detection publishing is paused.
[ros2_control_node-1] [WARN] [1776902328.918657726] [controller_manager]: Overrun detected! The controller manager missed its desired rate of 1000 Hz. The loop took 3.716746 ms (missed cycles : 4).
[clear_table-13] [INFO] [1776902329.087313797] [clear_table_node]: Removed collision object obj_4 from planning scene.
[adl_ui-15] 127.0.0.1 - - [22/Apr/2026 19:58:49] "GET /status_json HTTP/1.1" 200 -
[ros2_control_node-1] [WARN] [1776902329.865467833] [controller_manager]: Overrun might occur, Total time : 2506.653 us (Expected < 1000.000 us) --> Read time : 32.536 us, Update time : 208.210 us, Write time : 2265.907 us
[ros2_control_node-1] [WARN] [1776902329.919302149] [controller_manager]: Overrun detected! The controller manager missed its desired rate of 1000 Hz. The loop took 2.360752 ms (missed cycles : 3).
[adl_ui-15] 127.0.0.1 - - [22/Apr/2026 19:58:50] "GET /status_json HTTP/1.1" 200 -
[clear_table-13] [WARN] [1776902330.542902408] [clear_table_node]: Recovering motion state. pick and place failure for Cube
[clear_table-13] [INFO] [1776902330.691816735] [clear_table_node]: Parking arm to retract pose (recovery: pick and place failure for Cube).
[clear_table-13] [INFO] [1776902330.826075572] [clear_table_node]: Parking prep: tucking gripper for travel at width=0.120rad.
[clear_table-13] [INFO] [1776902330.826690592] [clear_table_node]: close_gripper(): closing gripper to width=0.120rad, force=10.0N
[ros2_control_node-1] [INFO] [1776902330.827503862] [robotiq_gripper_controller]: Received & accepted new action goal
[wrist_camera_usb_publisher-8] [INFO] [1776902330.844684765] [wrist_camera_usb_publisher_node]: USB camera publisher heartbeat: publishing 1280x720 frames on /wrist_mounted_camera/image; camera_info fx=920.87, fy=921.57, cx=644.76, cy=343.15.
[ros2_control_node-1] [WARN] [1776902330.867370956] [controller_manager]: Overrun might occur, Total time : 3386.694 us (Expected < 1000.000 us) --> Read time : 90.663 us, Update time : 305.135 us, Write time : 2990.896 us
[vision_apriltag-9] [INFO] [1776902330.912217381] [vision_apriltag_node]: Vision AprilTag: scene is locked; detection publishing is paused.
[ros2_control_node-1] [WARN] [1776902330.920845508] [controller_manager]: Overrun detected! The controller manager missed its desired rate of 1000 Hz. The loop took 2.904701 ms (missed cycles : 3).
[adl_ui-15] 127.0.0.1 - - [22/Apr/2026 19:58:50] "GET /status_json HTTP/1.1" 200 -
[clear_table-13] [INFO] [1776902331.031167839] [clear_table_node]: Gripper reached position=0.110 stalled=False reached_goal=True
[clear_table-13] [INFO] [1776902331.031679666] [clear_table_node]: go_retract: planning to RETRACT_JOINTS...
[move_group-20] [ERROR] [1776902331.032556993] [move_group.moveit.moveit.core.conversions]: Found empty JointState message
[clear_table-13] [INFO] [1776902331.038312813] [clear_table_node]: Start state: collision-valid — no collisions (not a joint-bounds check).
[move_group-20] [INFO] [1776902331.039410713] [move_group.moveit.moveit.ros.move_group.move_action]: MoveGroupMoveAction: Received request
[move_group-20] [INFO] [1776902331.039614401] [move_group.moveit.moveit.ros.move_group.move_action]: executing..
[move_group-20] [INFO] [1776902331.057157619] [move_group.moveit.moveit.ros.move_group.move_action]: Combined planning and execution request received for MoveGroup action. Forwarding to planning and execution pipeline.
[move_group-20] [WARN] [1776902331.057224075] [move_group.moveit.moveit.ros.move_group.capability]: Execution of motions should always start at the robot's current state. Ignoring the state supplied as start state in the motion planning request
[move_group-20] [WARN] [1776902331.057247616] [move_group.moveit.moveit.ros.move_group.capability]: Execution of motions should always start at the robot's current state. Ignoring the state supplied as difference in the planning scene diff
[move_group-20] [INFO] [1776902331.057261090] [move_group.moveit.moveit.ros.plan_execution]: Planning attempt 1 of at most 1
[move_group-20] [INFO] [1776902331.057609072] [move_group]: Calling PlanningRequestAdapter 'ResolveConstraintFrames'
[move_group-20] [INFO] [1776902331.057656783] [move_group]: Calling PlanningRequestAdapter 'ValidateWorkspaceBounds'
[move_group-20] [INFO] [1776902331.057673840] [move_group]: Calling PlanningRequestAdapter 'CheckStartStateBounds'
[move_group-20] [INFO] [1776902331.057706551] [move_group]: Calling PlanningRequestAdapter 'CheckStartStateCollision'
[move_group-20] [INFO] [1776902331.058206226] [move_group.moveit.moveit.planners.ompl.model_based_planning_context]: Planner configuration 'manipulator' will use planner 'geometric::RRTConnect'. Additional configuration parameters will be set when the planner is constructed.
[move_group-20] [INFO] [1776902331.058315822] [move_group]: Calling Planner 'OMPL'
[move_group-20] [INFO] [1776902331.088489793] [move_group]: Calling PlanningResponseAdapter 'AddTimeOptimalParameterization'
[move_group-20] [INFO] [1776902331.127030044] [move_group]: Calling PlanningResponseAdapter 'ValidateSolution'
[move_group-20] [INFO] [1776902331.133433738] [move_group]: Calling PlanningResponseAdapter 'DisplayMotionPath'
[move_group-20] [WARN] [1776902331.133928846] [move_group.moveit.moveit.ros.planning_pipeline]: The planner plugin did not fill out the 'planner_id' field of the MotionPlanResponse. Setting it to the planner ID name of the MotionPlanRequest assuming that the planner plugin does warn you if it does not use the requested planner.
[move_group-20] [INFO] [1776902331.134655727] [move_group.moveit.moveit.plugins.simple_controller_manager]: Returned 2 controllers in list
[move_group-20] [INFO] [1776902331.134703606] [move_group.moveit.moveit.plugins.simple_controller_manager]: Returned 2 controllers in list
[move_group-20] [INFO] [1776902331.134817206] [move_group.moveit.moveit.ros.trajectory_execution_manager]: Validating trajectory with allowed_start_tolerance 0.01
[move_group-20] [INFO] [1776902331.155835064] [move_group.moveit.moveit.ros.trajectory_execution_manager]: Starting trajectory execution ...
[move_group-20] [INFO] [1776902331.155905979] [move_group.moveit.moveit.plugins.simple_controller_manager]: Returned 2 controllers in list
[move_group-20] [INFO] [1776902331.155946947] [move_group.moveit.moveit.plugins.simple_controller_manager]: Returned 2 controllers in list
[move_group-20] [INFO] [1776902331.156148725] [moveit.simple_controller_manager.follow_joint_trajectory_controller_handle]: sending trajectory to joint_trajectory_controller
[ros2_control_node-1] [INFO] [1776902331.156841874] [joint_trajectory_controller]: Received new action goal
[ros2_control_node-1] [INFO] [1776902331.156965338] [joint_trajectory_controller]: Accepted new action goal
[move_group-20] [INFO] [1776902331.158379026] [moveit.simple_controller_manager.follow_joint_trajectory_controller_handle]: joint_trajectory_controller started execution
[move_group-20] [INFO] [1776902331.158405505] [moveit.simple_controller_manager.follow_joint_trajectory_controller_handle]: Goal request accepted!
[adl_ui-15] 127.0.0.1 - - [22/Apr/2026 19:58:51] "GET /status_json HTTP/1.1" 200 -
[ros2_control_node-1] [WARN] [1776902331.867599556] [controller_manager]: Overrun might occur, Total time : 2641.558 us (Expected < 1000.000 us) --> Read time : 29.742 us, Update time : 261.041 us, Write time : 2350.775 us
[ros2_control_node-1] [WARN] [1776902331.923532293] [controller_manager]: Overrun detected! The controller manager missed its desired rate of 1000 Hz. The loop took 2.591394 ms (missed cycles : 3).
[adl_ui-15] 127.0.0.1 - - [22/Apr/2026 19:58:52] "GET /status_json HTTP/1.1" 200 -
[ros2_control_node-1] [WARN] [1776902332.869361736] [controller_manager]: Overrun might occur, Total time : 2400.504 us (Expected < 1000.000 us) --> Read time : 35.914 us, Update time : 256.884 us, Write time : 2107.706 us
[vision_apriltag-9] [INFO] [1776902332.914041742] [vision_apriltag_node]: Vision AprilTag: scene is locked; detection publishing is paused.
[ros2_control_node-1] [WARN] [1776902332.925438744] [controller_manager]: Overrun detected! The controller manager missed its desired rate of 1000 Hz. The loop took 2.497735 ms (missed cycles : 3).
[adl_ui-15] 127.0.0.1 - - [22/Apr/2026 19:58:53] "GET /status_json HTTP/1.1" 200 -
[ros2_control_node-1] [WARN] [1776902333.869519599] [controller_manager]: Overrun might occur, Total time : 2552.404 us (Expected < 1000.000 us) --> Read time : 25.301 us, Update time : 249.799 us, Write time : 2277.304 us
[ros2_control_node-1] [WARN] [1776902333.926123894] [controller_manager]: Overrun detected! The controller manager missed its desired rate of 1000 Hz. The loop took 3.182471 ms (missed cycles : 4).
[adl_ui-15] 127.0.0.1 - - [22/Apr/2026 19:58:53] "GET /status_json HTTP/1.1" 200 -
[adl_ui-15] 127.0.0.1 - - [22/Apr/2026 19:58:54] "GET /status_json HTTP/1.1" 200 -
[ros2_control_node-1] [WARN] [1776902334.871096784] [controller_manager]: Overrun might occur, Total time : 3105.766 us (Expected < 1000.000 us) --> Read time : 28.000 us, Update time : 204.900 us, Write time : 2872.866 us
[vision_apriltag-9] [INFO] [1776902334.911480298] [vision_apriltag_node]: Vision AprilTag: scene is locked; detection publishing is paused.
[ros2_control_node-1] [WARN] [1776902334.926777504] [controller_manager]: Overrun detected! The controller manager missed its desired rate of 1000 Hz. The loop took 2.836539 ms (missed cycles : 3).
[adl_ui-15] 127.0.0.1 - - [22/Apr/2026 19:58:55] "GET /status_json HTTP/1.1" 200 -
[ros2_control_node-1] [WARN] [1776902335.873241228] [controller_manager]: Overrun might occur, Total time : 2288.403 us (Expected < 1000.000 us) --> Read time : 24.628 us, Update time : 200.493 us, Write time : 2063.282 us
[ros2_control_node-1] [WARN] [1776902335.927785889] [controller_manager]: Overrun detected! The controller manager missed its desired rate of 1000 Hz. The loop took 2.845030 ms (missed cycles : 3).
[wrist_camera_usb_publisher-8] [INFO] [1776902336.004911598] [wrist_camera_usb_publisher_node]: USB camera publisher heartbeat: publishing 1280x720 frames on /wrist_mounted_camera/image; camera_info fx=920.87, fy=921.57, cx=644.76, cy=343.15.
[adl_ui-15] 127.0.0.1 - - [22/Apr/2026 19:58:56] "GET /status_json HTTP/1.1" 200 -
[ros2_control_node-1] [WARN] [1776902336.873618823] [controller_manager]: Overrun might occur, Total time : 2662.194 us (Expected < 1000.000 us) --> Read time : 23.576 us, Update time : 281.595 us, Write time : 2357.023 us
[vision_apriltag-9] [INFO] [1776902336.912137268] [vision_apriltag_node]: Vision AprilTag: scene is locked; detection publishing is paused.
[ros2_control_node-1] [WARN] [1776902336.930471045] [controller_manager]: Overrun detected! The controller manager missed its desired rate of 1000 Hz. The loop took 2.529950 ms (missed cycles : 3).
[adl_ui-15] 127.0.0.1 - - [22/Apr/2026 19:58:56] "GET /status_json HTTP/1.1" 200 -
[adl_ui-15] 127.0.0.1 - - [22/Apr/2026 19:58:57] "GET /status_json HTTP/1.1" 200 -
[ros2_control_node-1] [WARN] [1776902337.873692461] [controller_manager]: Overrun might occur, Total time : 2725.280 us (Expected < 1000.000 us) --> Read time : 37.741 us, Update time : 343.642 us, Write time : 2343.897 us
[ros2_control_node-1] [WARN] [1776902337.933063932] [controller_manager]: Overrun detected! The controller manager missed its desired rate of 1000 Hz. The loop took 3.122570 ms (missed cycles : 4).
[adl_ui-15] 127.0.0.1 - - [22/Apr/2026 19:58:58] "GET /status_json HTTP/1.1" 200 -
[ros2_control_node-1] [WARN] [1776902338.876442592] [controller_manager]: Overrun might occur, Total time : 2473.170 us (Expected < 1000.000 us) --> Read time : 25.464 us, Update time : 242.351 us, Write time : 2205.355 us
[vision_apriltag-9] [INFO] [1776902338.911561762] [vision_apriltag_node]: Vision AprilTag: scene is locked; detection publishing is paused.
[ros2_control_node-1] [WARN] [1776902338.935498192] [controller_manager]: Overrun detected! The controller manager missed its desired rate of 1000 Hz. The loop took 2.556472 ms (missed cycles : 3).
[adl_ui-15] 127.0.0.1 - - [22/Apr/2026 19:58:59] "GET /status_json HTTP/1.1" 200 -
[ros2_control_node-1] [WARN] [1776902339.876448605] [controller_manager]: Overrun might occur, Total time : 11491.252 us (Expected < 1000.000 us) --> Read time : 22.456 us, Update time : 215.612 us, Write time : 11253.184 us
[ros2_control_node-1] [WARN] [1776902339.937827135] [controller_manager]: Overrun detected! The controller manager missed its desired rate of 1000 Hz. The loop took 2.885003 ms (missed cycles : 3).
[adl_ui-15] 127.0.0.1 - - [22/Apr/2026 19:58:59] "GET /status_json HTTP/1.1" 200 -
[adl_ui-15] 127.0.0.1 - - [22/Apr/2026 19:59:00] "GET /status_json HTTP/1.1" 200 -
[ros2_control_node-1] [WARN] [1776902340.876773366] [controller_manager]: Overrun might occur, Total time : 2785.971 us (Expected < 1000.000 us) --> Read time : 25.411 us, Update time : 226.029 us, Write time : 2534.531 us
[vision_apriltag-9] [INFO] [1776902340.912389295] [vision_apriltag_node]: Vision AprilTag: scene is locked; detection publishing is paused.
[ros2_control_node-1] [WARN] [1776902340.939685910] [controller_manager]: Overrun detected! The controller manager missed its desired rate of 1000 Hz. The loop took 2.744696 ms (missed cycles : 3).
[wrist_camera_usb_publisher-8] [INFO] [1776902341.166417835] [wrist_camera_usb_publisher_node]: USB camera publisher heartbeat: publishing 1280x720 frames on /wrist_mounted_camera/image; camera_info fx=920.87, fy=921.57, cx=644.76, cy=343.15.
[adl_ui-15] 127.0.0.1 - - [22/Apr/2026 19:59:01] "GET /status_json HTTP/1.1" 200 -
[ros2_control_node-1] [WARN] [1776902341.879789900] [controller_manager]: Overrun might occur, Total time : 2825.115 us (Expected < 1000.000 us) --> Read time : 46.496 us, Update time : 267.604 us, Write time : 2511.015 us
[ros2_control_node-1] [WARN] [1776902341.940405378] [controller_manager]: Overrun detected! The controller manager missed its desired rate of 1000 Hz. The loop took 5.463159 ms (missed cycles : 6).
[adl_ui-15] 127.0.0.1 - - [22/Apr/2026 19:59:02] "GET /status_json HTTP/1.1" 200 -
[ros2_control_node-1] [WARN] [1776902342.882491277] [controller_manager]: Overrun might occur, Total time : 2519.173 us (Expected < 1000.000 us) --> Read time : 24.016 us, Update time : 161.922 us, Write time : 2333.235 us
[vision_apriltag-9] [INFO] [1776902342.911783794] [vision_apriltag_node]: Vision AprilTag: scene is locked; detection publishing is paused.
[adl_ui-15] 127.0.0.1 - - [22/Apr/2026 19:59:02] "GET /status_json HTTP/1.1" 200 -
[ros2_control_node-1] [WARN] [1776902342.942792166] [controller_manager]: Overrun detected! The controller manager missed its desired rate of 1000 Hz. The loop took 2.850987 ms (missed cycles : 3).
[adl_ui-15] 127.0.0.1 - - [22/Apr/2026 19:59:03] "GET /status_json HTTP/1.1" 200 -
[ros2_control_node-1] [WARN] [1776902343.883359616] [controller_manager]: Overrun might occur, Total time : 2374.171 us (Expected < 1000.000 us) --> Read time : 26.933 us, Update time : 188.846 us, Write time : 2158.392 us
[ros2_control_node-1] [WARN] [1776902343.945741065] [controller_manager]: Overrun detected! The controller manager missed its desired rate of 1000 Hz. The loop took 2.800156 ms (missed cycles : 3).
[adl_ui-15] 127.0.0.1 - - [22/Apr/2026 19:59:04] "GET /status_json HTTP/1.1" 200 -
[ros2_control_node-1] [WARN] [1776902344.884209284] [controller_manager]: Overrun might occur, Total time : 3248.087 us (Expected < 1000.000 us) --> Read time : 30.103 us, Update time : 293.117 us, Write time : 2924.867 us
[vision_apriltag-9] [INFO] [1776902344.911876958] [vision_apriltag_node]: Vision AprilTag: scene is locked; detection publishing is paused.
[ros2_control_node-1] [WARN] [1776902344.948888552] [controller_manager]: Overrun detected! The controller manager missed its desired rate of 1000 Hz. The loop took 2.947719 ms (missed cycles : 3).
[adl_ui-15] 127.0.0.1 - - [22/Apr/2026 19:59:05] "GET /status_json HTTP/1.1" 200 -
[ros2_control_node-1] [WARN] [1776902345.885636206] [controller_manager]: Overrun might occur, Total time : 2653.196 us (Expected < 1000.000 us) --> Read time : 25.576 us, Update time : 201.575 us, Write time : 2426.045 us
[ros2_control_node-1] [WARN] [1776902345.950336158] [controller_manager]: Overrun detected! The controller manager missed its desired rate of 1000 Hz. The loop took 2.394972 ms (missed cycles : 3).
[adl_ui-15] 127.0.0.1 - - [22/Apr/2026 19:59:05] "GET /status_json HTTP/1.1" 200 -
[wrist_camera_usb_publisher-8] [INFO] [1776902346.328737255] [wrist_camera_usb_publisher_node]: USB camera publisher heartbeat: publishing 1280x720 frames on /wrist_mounted_camera/image; camera_info fx=920.87, fy=921.57, cx=644.76, cy=343.15.
[adl_ui-15] 127.0.0.1 - - [22/Apr/2026 19:59:06] "GET /status_json HTTP/1.1" 200 -
[ros2_control_node-1] [WARN] [1776902346.888732228] [controller_manager]: Overrun might occur, Total time : 2756.280 us (Expected < 1000.000 us) --> Read time : 30.410 us, Update time : 188.940 us, Write time : 2536.930 us
[vision_apriltag-9] [INFO] [1776902346.911154705] [vision_apriltag_node]: Vision AprilTag: scene is locked; detection publishing is paused.
[ros2_control_node-1] [WARN] [1776902346.950479984] [controller_manager]: Overrun detected! The controller manager missed its desired rate of 1000 Hz. The loop took 2.538999 ms (missed cycles : 3).
[adl_ui-15] 127.0.0.1 - - [22/Apr/2026 19:59:07] "GET /status_json HTTP/1.1" 200 -
[ros2_control_node-1] [WARN] [1776902347.889267327] [controller_manager]: Overrun might occur, Total time : 2300.371 us (Expected < 1000.000 us) --> Read time : 45.328 us, Update time : 204.216 us, Write time : 2050.827 us
[ros2_control_node-1] [WARN] [1776902347.953295357] [controller_manager]: Overrun detected! The controller manager missed its desired rate of 1000 Hz. The loop took 3.353538 ms (missed cycles : 4).
[adl_ui-15] 127.0.0.1 - - [22/Apr/2026 19:59:08] "GET /status_json HTTP/1.1" 200 -
[ros2_control_node-1] [WARN] [1776902348.891436634] [controller_manager]: Overrun might occur, Total time : 2473.802 us (Expected < 1000.000 us) --> Read time : 35.790 us, Update time : 304.715 us, Write time : 2133.297 us
[vision_apriltag-9] [INFO] [1776902348.913565110] [vision_apriltag_node]: Vision AprilTag: scene is locked; detection publishing is paused.
[ros2_control_node-1] [WARN] [1776902348.954568202] [controller_manager]: Overrun detected! The controller manager missed its desired rate of 1000 Hz. The loop took 2.626686 ms (missed cycles : 3).
[adl_ui-15] 127.0.0.1 - - [22/Apr/2026 19:59:08] "GET /status_json HTTP/1.1" 200 -
[adl_ui-15] 127.0.0.1 - - [22/Apr/2026 19:59:09] "GET /status_json HTTP/1.1" 200 -
[ros2_control_node-1] [WARN] [1776902349.893691507] [controller_manager]: Overrun might occur, Total time : 2714.588 us (Expected < 1000.000 us) --> Read time : 55.838 us, Update time : 299.613 us, Write time : 2359.137 us
[ros2_control_node-1] [WARN] [1776902349.957498384] [controller_manager]: Overrun detected! The controller manager missed its desired rate of 1000 Hz. The loop took 2.557435 ms (missed cycles : 3).
[adl_ui-15] 127.0.0.1 - - [22/Apr/2026 19:59:10] "GET /status_json HTTP/1.1" 200 -
[ros2_control_node-1] [WARN] [1776902350.895806943] [controller_manager]: Overrun might occur, Total time : 2838.390 us (Expected < 1000.000 us) --> Read time : 36.974 us, Update time : 293.440 us, Write time : 2507.976 us
[vision_apriltag-9] [INFO] [1776902350.913545050] [vision_apriltag_node]: Vision AprilTag: scene is locked; detection publishing is paused.
[ros2_control_node-1] [WARN] [1776902350.959591939] [controller_manager]: Overrun detected! The controller manager missed its desired rate of 1000 Hz. The loop took 4.650333 ms (missed cycles : 5).
[adl_ui-15] 127.0.0.1 - - [22/Apr/2026 19:59:11] "GET /status_json HTTP/1.1" 200 -
[wrist_camera_usb_publisher-8] [INFO] [1776902351.487398015] [wrist_camera_usb_publisher_node]: USB camera publisher heartbeat: publishing 1280x720 frames on /wrist_mounted_camera/image; camera_info fx=920.87, fy=921.57, cx=644.76, cy=343.15.
[ros2_control_node-1] [WARN] [1776902351.895832487] [controller_manager]: Overrun might occur, Total time : 2874.012 us (Expected < 1000.000 us) --> Read time : 26.691 us, Update time : 235.652 us, Write time : 2611.669 us
[ros2_control_node-1] [WARN] [1776902351.963222657] [controller_manager]: Overrun detected! The controller manager missed its desired rate of 1000 Hz. The loop took 3.281208 ms (missed cycles : 4).
[adl_ui-15] 127.0.0.1 - - [22/Apr/2026 19:59:11] "GET /status_json HTTP/1.1" 200 -
[joint_state_sanitizer-3] [WARN] [1776902352.246602032] [joint_state_sanitizer_node]: [joint_state_sanitizer] Published sanitized joint state: joint_3:-3.134->-3.132
[adl_ui-15] 127.0.0.1 - - [22/Apr/2026 19:59:12] "GET /status_json HTTP/1.1" 200 -
[ros2_control_node-1] [INFO] [1776902352.717136536] [joint_trajectory_controller]: Goal reached, success!
[move_group-20] [INFO] [1776902352.757807039] [moveit.simple_controller_manager.follow_joint_trajectory_controller_handle]: Controller 'joint_trajectory_controller' successfully finished
[move_group-20] [INFO] [1776902352.815249547] [move_group.moveit.moveit.ros.trajectory_execution_manager]: Completed trajectory execution with status SUCCEEDED ...
[move_group-20] [INFO] [1776902352.816565246] [move_group.moveit.moveit.ros.move_group.move_action]: Solution was found and executed.
[ros2_control_node-1] [WARN] [1776902352.897753124] [controller_manager]: Overrun might occur, Total time : 2789.232 us (Expected < 1000.000 us) --> Read time : 39.068 us, Update time : 230.205 us, Write time : 2519.959 us
[vision_apriltag-9] [INFO] [1776902352.912244760] [vision_apriltag_node]: Vision AprilTag: scene is locked; detection publishing is paused.
[move_group-20] [WARN] [1776902352.931150701] [move_group.moveit.moveit.core.planning_scene]: Tried to remove world object 'clear_table_approach_table_top_keepout', but it does not exist in this scene.
[clear_table-13] [INFO] [1776902352.931595165] [clear_table_node]: Removed temporary table-top keepout 'clear_table_approach_table_top_keepout'.
[ros2_control_node-1] [WARN] [1776902352.964778777] [controller_manager]: Overrun detected! The controller manager missed its desired rate of 1000 Hz. The loop took 2.837571 ms (missed cycles : 3).
[clear_table-13] [INFO] [1776902353.032508045] [clear_table_node]: Scene UNLOCKED.
[scene_from_vision-10] [INFO] [1776902353.033302164] [scene_from_vision_node]: Scene UNLOCKED - updates resuming.
[clear_table-13] [ERROR] [1776902353.184178535] [clear_table_node]: Failed to clear object Cube (ID 4) on attempt 1/1.
[adl_ui-15] [INFO] [1776902353.289157885] [adl_ui_node]: UI command published: clear_table
[clear_table-13] [WARN] [1776902353.292222137] [clear_table_node]: Ignoring clear_table command: task is already running.
[adl_ui-15] 127.0.0.1 - - [22/Apr/2026 19:59:13] "POST /command HTTP/1.1" 200 -
[clear_table-13] [INFO] [1776902353.321229693] [clear_table_node]: go_retract: planning to RETRACT_JOINTS...
[move_group-20] [ERROR] [1776902353.322333988] [move_group.moveit.moveit.core.conversions]: Found empty JointState message
[adl_ui-15] 127.0.0.1 - - [22/Apr/2026 19:59:13] "GET /status_json HTTP/1.1" 200 -
[clear_table-13] [INFO] [1776902353.329529859] [clear_table_node]: Start state: collision-valid — no collisions (not a joint-bounds check).
[move_group-20] [INFO] [1776902353.332251178] [move_group.moveit.moveit.ros.move_group.move_action]: MoveGroupMoveAction: Received request
[move_group-20] [INFO] [1776902353.333205867] [move_group.moveit.moveit.ros.move_group.move_action]: executing..
[move_group-20] [INFO] [1776902353.335741365] [move_group.moveit.moveit.ros.move_group.move_action]: Combined planning and execution request received for MoveGroup action. Forwarding to planning and execution pipeline.
[move_group-20] [WARN] [1776902353.335841278] [move_group.moveit.moveit.ros.move_group.capability]: Execution of motions should always start at the robot's current state. Ignoring the state supplied as start state in the motion planning request
[move_group-20] [WARN] [1776902353.335872745] [move_group.moveit.moveit.ros.move_group.capability]: Execution of motions should always start at the robot's current state. Ignoring the state supplied as difference in the planning scene diff
[move_group-20] [INFO] [1776902353.335888451] [move_group.moveit.moveit.ros.plan_execution]: Planning attempt 1 of at most 1
[move_group-20] [INFO] [1776902353.337915084] [move_group]: Calling PlanningRequestAdapter 'ResolveConstraintFrames'
[move_group-20] [INFO] [1776902353.337974639] [move_group]: Calling PlanningRequestAdapter 'ValidateWorkspaceBounds'
[move_group-20] [INFO] [1776902353.337990256] [move_group]: Calling PlanningRequestAdapter 'CheckStartStateBounds'
[move_group-20] [INFO] [1776902353.338023610] [move_group]: Calling PlanningRequestAdapter 'CheckStartStateCollision'
[move_group-20] [INFO] [1776902353.338507703] [move_group.moveit.moveit.planners.ompl.model_based_planning_context]: Planner configuration 'manipulator' will use planner 'geometric::RRTConnect'. Additional configuration parameters will be set when the planner is constructed.
[move_group-20] [INFO] [1776902353.338599543] [move_group]: Calling Planner 'OMPL'
[move_group-20] [INFO] [1776902353.356800532] [move_group]: Calling PlanningResponseAdapter 'AddTimeOptimalParameterization'
[move_group-20] [INFO] [1776902353.357160882] [move_group]: Calling PlanningResponseAdapter 'ValidateSolution'
[move_group-20] [INFO] [1776902353.357559094] [move_group]: Calling PlanningResponseAdapter 'DisplayMotionPath'
[move_group-20] [WARN] [1776902353.357670419] [move_group.moveit.moveit.ros.planning_pipeline]: The planner plugin did not fill out the 'planner_id' field of the MotionPlanResponse. Setting it to the planner ID name of the MotionPlanRequest assuming that the planner plugin does warn you if it does not use the requested planner.
[move_group-20] [INFO] [1776902353.357805439] [move_group.moveit.moveit.plugins.simple_controller_manager]: Returned 2 controllers in list
[move_group-20] [INFO] [1776902353.357839889] [move_group.moveit.moveit.plugins.simple_controller_manager]: Returned 2 controllers in list
[move_group-20] [INFO] [1776902353.357912428] [move_group.moveit.moveit.ros.trajectory_execution_manager]: Validating trajectory with allowed_start_tolerance 0.01
[move_group-20] [INFO] [1776902353.375192077] [move_group.moveit.moveit.ros.trajectory_execution_manager]: Starting trajectory execution ...
[move_group-20] [INFO] [1776902353.375543444] [move_group.moveit.moveit.plugins.simple_controller_manager]: Returned 2 controllers in list
[move_group-20] [INFO] [1776902353.375600694] [move_group.moveit.moveit.plugins.simple_controller_manager]: Returned 2 controllers in list
[move_group-20] [INFO] [1776902353.375882868] [moveit.simple_controller_manager.follow_joint_trajectory_controller_handle]: sending trajectory to joint_trajectory_controller
[ros2_control_node-1] [INFO] [1776902353.377900722] [joint_trajectory_controller]: Received new action goal
[ros2_control_node-1] [INFO] [1776902353.377971204] [joint_trajectory_controller]: Accepted new action goal
[move_group-20] [INFO] [1776902353.378251294] [moveit.simple_controller_manager.follow_joint_trajectory_controller_handle]: joint_trajectory_controller started execution
[move_group-20] [INFO] [1776902353.378268377] [moveit.simple_controller_manager.follow_joint_trajectory_controller_handle]: Goal request accepted!
[ros2_control_node-1] [INFO] [1776902353.652176078] [joint_trajectory_controller]: Goal reached, success!
[move_group-20] [INFO] [1776902353.680843450] [moveit.simple_controller_manager.follow_joint_trajectory_controller_handle]: Controller 'joint_trajectory_controller' successfully finished
[move_group-20] [INFO] [1776902353.735187739] [move_group.moveit.moveit.ros.trajectory_execution_manager]: Completed trajectory execution with status SUCCEEDED ...
[move_group-20] [INFO] [1776902353.736449753] [move_group.moveit.moveit.ros.move_group.move_action]: Solution was found and executed.
[clear_table-13] [INFO] [1776902353.844912524] [clear_table_node]: [Cube failed] transition reseed via retract: OK.
[ros2_control_node-1] [WARN] [1776902353.900670675] [controller_manager]: Overrun might occur, Total time : 6681.201 us (Expected < 1000.000 us) --> Read time : 41.571 us, Update time : 192.570 us, Write time : 6447.060 us
[vision_apriltag-9] [INFO] [1776902353.913810576] [vision_apriltag_node]: Vision AprilTag detection debug: no tags found after raw/CLAHE/sharp/adaptive/upscaled/tiled passes.
[clear_table-13] [ERROR] [1776902353.946460302] [clear_table_node]: Failed to clear object Cube (ID 4). Retry budget exhausted; skipping and continuing with next object.
[ros2_control_node-1] [WARN] [1776902353.967692335] [controller_manager]: Overrun detected! The controller manager missed its desired rate of 1000 Hz. The loop took 2.750959 ms (missed cycles : 3).
[adl_ui-15] 127.0.0.1 - - [22/Apr/2026 19:59:14] "GET /status_json HTTP/1.1" 200 -
[adl_ui-15] [INFO] [1776902354.290380042] [adl_ui_node]: UI command published: clear_table
[clear_table-13] [WARN] [1776902354.294119929] [clear_table_node]: Ignoring clear_table command: task is already running.
[adl_ui-15] 127.0.0.1 - - [22/Apr/2026 19:59:14] "POST /command HTTP/1.1" 200 -
[clear_table-13] [INFO] [1776902354.300542223] [clear_table_node]: All objects processed. Waiting for shared controller to park to retract.
[clear_table-13] [INFO] [1776902354.304248251] [clear_table_node]: Clear table task completed: 0/1 objects cleared.
[clear_table-13] [WARN] [1776902354.305901795] [clear_table_node]: Objects skipped due to failures: [(4, 'Cube')]
[adl_controller-11] [WARN] [1776902354.308867830] [adl_controller_node]: clear_table reached terminal status (FAILED); skipping automatic retract so recovery motion does not stack onto a possibly unhealthy controller state.
[adl_ui-15] 127.0.0.1 - - [22/Apr/2026 19:59:14] "GET /status_json HTTP/1.1" 200 -
[ros2_control_node-1] [WARN] [1776902354.900676496] [controller_manager]: Overrun might occur, Total time : 2688.744 us (Expected < 1000.000 us) --> Read time : 95.644 us, Update time : 290.452 us, Write time : 2302.648 us
[vision_apriltag-9] [INFO] [1776902354.912830141] [vision_apriltag_node]: Vision AprilTag: images are arriving, but no AprilTag has been seen for 102.0s.
[ros2_control_node-1] [WARN] [1776902354.968627483] [controller_manager]: Overrun detected! The controller manager missed its desired rate of 1000 Hz. The loop took 2.685963 ms (missed cycles : 3).
[adl_ui-15] 127.0.0.1 - - [22/Apr/2026 19:59:15] "GET /status_json HTTP/1.1" 200 -
[adl_ui-15] 127.0.0.1 - - [22/Apr/2026 19:59:15] "GET /status_json HTTP/1.1" 200 -
[ros2_control_node-1] [WARN] [1776902355.901193517] [controller_manager]: Overrun might occur, Total time : 3223.891 us (Expected < 1000.000 us) --> Read time : 54.800 us, Update time : 339.662 us, Write time : 2829.429 us
[ros2_control_node-1] [WARN] [1776902355.971419603] [controller_manager]: Overrun detected! The controller manager missed its desired rate of 1000 Hz. The loop took 5.478140 ms (missed cycles : 6).
[adl_ui-15] 127.0.0.1 - - [22/Apr/2026 19:59:16] "GET /status_json HTTP/1.1" 200 -
[wrist_camera_usb_publisher-8] [INFO] [1776902356.651179756] [wrist_camera_usb_publisher_node]: USB camera publisher heartbeat: publishing 1280x720 frames on /wrist_mounted_camera/image; camera_info fx=920.87, fy=921.57, cx=644.76, cy=343.15.
[adl_ui-15] [INFO] [1776902356.854902614] [adl_ui_node]: UI command published: clear_table
[adl_ui-15] 127.0.0.1 - - [22/Apr/2026 19:59:16] "POST /command HTTP/1.1" 200 -
[clear_table-13] [INFO] [1776902356.861997548] [clear_table_node]: Received clear_table command. Starting task execution.
[clear_table-13] [INFO] [1776902356.869773715] [clear_table_node]: Starting Clear Table Task...
[scene_from_vision-10] [INFO] [1776902356.876672054] [scene_from_vision_node]: Scene memory cleared. Removed remembered IDs: []
[ros2_control_node-1] [WARN] [1776902356.903600705] [controller_manager]: Overrun might occur, Total time : 3599.956 us (Expected < 1000.000 us) --> Read time : 101.713 us, Update time : 367.548 us, Write time : 3130.695 us
[clear_table-13] [INFO] [1776902356.923220845] [clear_table_node]: Scene memory cleared. Removed remembered IDs: []
[clear_table-13] [INFO] [1776902356.926880531] [clear_table_node]: Added temporary table guard ring 'clear_table_startup_guard' (margin=0.0127m, height=0.200m, thickness=0.0127m).
[adl_ui-15] 127.0.0.1 - - [22/Apr/2026 19:59:16] "GET /status_json HTTP/1.1" 200 -
[ros2_control_node-1] [WARN] [1776902356.976557717] [controller_manager]: Overrun detected! The controller manager missed its desired rate of 1000 Hz. The loop took 4.615962 ms (missed cycles : 5).
[clear_table-13] [INFO] [1776902357.128057772] [clear_table_node]: Scene LOCKED.
[scene_from_vision-10] [INFO] [1776902357.135038329] [scene_from_vision_node]: Scene LOCKED - updates paused.
[vision_apriltag-9] [INFO] [1776902357.176484048] [vision_apriltag_node]: Vision AprilTag: images are arriving, but no AprilTag has been seen for 104.2s.
[joint_state_sanitizer-3] [WARN] [1776902357.246664086] [joint_state_sanitizer_node]: [joint_state_sanitizer] Published sanitized joint state: joint_3:+3.136->+3.132
[clear_table-13] [INFO] [1776902357.283627870] [clear_table_node]: Moving to perform the initial scene scan for clear table task...
[clear_table-13] [INFO] [1776902357.284573670] [clear_table_node]: is_near_look_at_table: current arm is not at target (worst=joint_4:0.528 rad > 0.080).
[clear_table-13] [INFO] [1776902357.285225185] [clear_table_node]: look_at_table: planning to LOOK_AT_TABLE_JOINTS.
[move_group-20] [ERROR] [1776902357.286002369] [move_group.moveit.moveit.core.conversions]: Found empty JointState message
[clear_table-13] [INFO] [1776902357.290701591] [clear_table_node]: Start state: collision-valid — no collisions (not a joint-bounds check).
[move_group-20] [INFO] [1776902357.292443208] [move_group.moveit.moveit.ros.move_group.move_action]: MoveGroupMoveAction: Received request
[move_group-20] [INFO] [1776902357.293900719] [move_group.moveit.moveit.ros.move_group.move_action]: executing..
[move_group-20] [INFO] [1776902357.297748717] [move_group.moveit.moveit.ros.move_group.move_action]: Combined planning and execution request received for MoveGroup action. Forwarding to planning and execution pipeline.
[move_group-20] [WARN] [1776902357.297822833] [move_group.moveit.moveit.ros.move_group.capability]: Execution of motions should always start at the robot's current state. Ignoring the state supplied as start state in the motion planning request
[move_group-20] [WARN] [1776902357.297848767] [move_group.moveit.moveit.ros.move_group.capability]: Execution of motions should always start at the robot's current state. Ignoring the state supplied as difference in the planning scene diff
[move_group-20] [INFO] [1776902357.297864020] [move_group.moveit.moveit.ros.plan_execution]: Planning attempt 1 of at most 1
[move_group-20] [INFO] [1776902357.301564853] [move_group]: Calling PlanningRequestAdapter 'ResolveConstraintFrames'
[move_group-20] [INFO] [1776902357.301658994] [move_group]: Calling PlanningRequestAdapter 'ValidateWorkspaceBounds'
[move_group-20] [INFO] [1776902357.301685009] [move_group]: Calling PlanningRequestAdapter 'CheckStartStateBounds'
[move_group-20] [INFO] [1776902357.301756037] [move_group]: Calling PlanningRequestAdapter 'CheckStartStateCollision'
[move_group-20] [INFO] [1776902357.303656983] [move_group.moveit.moveit.planners.ompl.model_based_planning_context]: Planner configuration 'manipulator' will use planner 'geometric::RRTConnect'. Additional configuration parameters will be set when the planner is constructed.
[move_group-20] [INFO] [1776902357.303753399] [move_group]: Calling Planner 'OMPL'
[move_group-20] [INFO] [1776902357.349983413] [move_group]: Calling PlanningResponseAdapter 'AddTimeOptimalParameterization'
[move_group-20] [INFO] [1776902357.352034174] [move_group]: Calling PlanningResponseAdapter 'ValidateSolution'
[move_group-20] [INFO] [1776902357.352965744] [move_group]: Calling PlanningResponseAdapter 'DisplayMotionPath'
[move_group-20] [WARN] [1776902357.353257570] [move_group.moveit.moveit.ros.planning_pipeline]: The planner plugin did not fill out the 'planner_id' field of the MotionPlanResponse. Setting it to the planner ID name of the MotionPlanRequest assuming that the planner plugin does warn you if it does not use the requested planner.
[move_group-20] [INFO] [1776902357.354720017] [move_group.moveit.moveit.plugins.simple_controller_manager]: Returned 2 controllers in list
[move_group-20] [INFO] [1776902357.354779624] [move_group.moveit.moveit.plugins.simple_controller_manager]: Returned 2 controllers in list
[move_group-20] [INFO] [1776902357.354873374] [move_group.moveit.moveit.ros.trajectory_execution_manager]: Validating trajectory with allowed_start_tolerance 0.01
[move_group-20] [INFO] [1776902357.378091240] [move_group.moveit.moveit.ros.trajectory_execution_manager]: Starting trajectory execution ...
[move_group-20] [INFO] [1776902357.378188471] [move_group.moveit.moveit.plugins.simple_controller_manager]: Returned 2 controllers in list
[move_group-20] [INFO] [1776902357.378224718] [move_group.moveit.moveit.plugins.simple_controller_manager]: Returned 2 controllers in list
[move_group-20] [INFO] [1776902357.378704862] [moveit.simple_controller_manager.follow_joint_trajectory_controller_handle]: sending trajectory to joint_trajectory_controller
[move_group-20] [INFO] [1776902357.379443432] [moveit.simple_controller_manager.follow_joint_trajectory_controller_handle]: joint_trajectory_controller started execution
[move_group-20] [INFO] [1776902357.379454546] [moveit.simple_controller_manager.follow_joint_trajectory_controller_handle]: Goal request accepted!
[ros2_control_node-1] [INFO] [1776902357.379222148] [joint_trajectory_controller]: Received new action goal
[ros2_control_node-1] [INFO] [1776902357.379270587] [joint_trajectory_controller]: Accepted new action goal
[adl_ui-15] 127.0.0.1 - - [22/Apr/2026 19:59:17] "GET /status_json HTTP/1.1" 200 -
[ros2_control_node-1] [WARN] [1776902357.906511140] [controller_manager]: Overrun might occur, Total time : 2524.826 us (Expected < 1000.000 us) --> Read time : 65.553 us, Update time : 294.081 us, Write time : 2165.192 us
[ros2_control_node-1] [WARN] [1776902357.977787957] [controller_manager]: Overrun detected! The controller manager missed its desired rate of 1000 Hz. The loop took 2.845654 ms (missed cycles : 3).
[adl_ui-15] 127.0.0.1 - - [22/Apr/2026 19:59:18] "GET /status_json HTTP/1.1" 200 -
[ros2_control_node-1] [WARN] [1776902358.907403200] [controller_manager]: Overrun might occur, Total time : 5415.338 us (Expected < 1000.000 us) --> Read time : 53.314 us, Update time : 318.601 us, Write time : 5043.423 us
[vision_apriltag-9] [INFO] [1776902358.911597247] [vision_apriltag_node]: Vision AprilTag: scene is locked; detection publishing is paused.
[ros2_control_node-1] [WARN] [1776902358.980984943] [controller_manager]: Overrun detected! The controller manager missed its desired rate of 1000 Hz. The loop took 3.042910 ms (missed cycles : 4).
[ros2_control_node-1] [INFO] [1776902359.111106402] [joint_trajectory_controller]: Goal reached, success!
[adl_ui-15] 127.0.0.1 - - [22/Apr/2026 19:59:19] "GET /status_json HTTP/1.1" 200 -
[move_group-20] [INFO] [1776902359.180000104] [moveit.simple_controller_manager.follow_joint_trajectory_controller_handle]: Controller 'joint_trajectory_controller' successfully finished
[move_group-20] [INFO] [1776902359.235558360] [move_group.moveit.moveit.ros.trajectory_execution_manager]: Completed trajectory execution with status SUCCEEDED ...
[move_group-20] [INFO] [1776902359.237849944] [move_group.moveit.moveit.ros.move_group.move_action]: Solution was found and executed.
[clear_table-13] [INFO] [1776902359.342176918] [clear_table_node]: Scene UNLOCKED.
[scene_from_vision-10] [INFO] [1776902359.344630517] [scene_from_vision_node]: Scene UNLOCKED - updates resuming.
[vision_apriltag-9] [INFO] [1776902359.896775678] [vision_apriltag_node]: Vision AprilTag detection debug: no tags found after raw/CLAHE/sharp/adaptive/upscaled/tiled passes.
[ros2_control_node-1] [WARN] [1776902359.909696685] [controller_manager]: Overrun might occur, Total time : 2713.337 us (Expected < 1000.000 us) --> Read time : 32.396 us, Update time : 196.345 us, Write time : 2484.596 us
[adl_ui-15] 127.0.0.1 - - [22/Apr/2026 19:59:19] "GET /status_json HTTP/1.1" 200 -
[ros2_control_node-1] [WARN] [1776902359.981508164] [controller_manager]: Overrun detected! The controller manager missed its desired rate of 1000 Hz. The loop took 2.566734 ms (missed cycles : 3).
[vision_apriltag-9] [INFO] [1776902360.208422207] [vision_apriltag_node]: Vision AprilTag visible IDs: [4]
[adl_ui-15] 127.0.0.1 - - [22/Apr/2026 19:59:20] "GET /status_json HTTP/1.1" 200 -
[clear_table-13] [INFO] [1776902360.743621877] [clear_table_node]: Initial top scan pose reached. Deterministic two-phase scan will collect top then side targets.
[clear_table-13] [INFO] [1776902360.744293466] [clear_table_node]: Scene UNLOCKED.
[scene_from_vision-10] [INFO] [1776902360.745618267] [scene_from_vision_node]: Scene UNLOCKED - updates resuming.
[clear_table-13] [INFO] [1776902360.895692232] [clear_table_node]: Vision ENABLED.
[clear_table-13] [INFO] [1776902360.901432236] [clear_table_node]: Running deterministic clear_table scan sequence: top_center (standard top view over the table) -> top_downturned (downward top view for flat tags and back-right table coverage) -> side_right (right-shifted side view for cup/side tags) -> side_left (left-shifted side view for cup/side tags).
[clear_table-13] [INFO] [1776902360.906180681] [clear_table_node]: Two-phase scan is configured to run at least one side sweep before returning priority top-ID detections because side-grasp targets are in scope.
[clear_table-13] [INFO] [1776902360.907516999] [clear_table_node]: Scene LOCKED.
[scene_from_vision-10] [INFO] [1776902360.910372114] [scene_from_vision_node]: Scene LOCKED - updates paused.
[ros2_control_node-1] [WARN] [1776902360.911686056] [controller_manager]: Overrun might occur, Total time : 2704.998 us (Expected < 1000.000 us) --> Read time : 50.130 us, Update time : 243.285 us, Write time : 2411.583 us
[vision_apriltag-9] [INFO] [1776902360.911914188] [vision_apriltag_node]: Vision AprilTag: scene is locked; detection publishing is paused.
[ros2_control_node-1] [WARN] [1776902360.981683556] [controller_manager]: Overrun detected! The controller manager missed its desired rate of 1000 Hz. The loop took 2.740975 ms (missed cycles : 3).
[clear_table-13] [INFO] [1776902361.058806818] [clear_table_node]: look_at_table: already near fixed lab scan joint pose; skipping motion.
[clear_table-13] [INFO] [1776902361.059600893] [clear_table_node]: Scene UNLOCKED.
[scene_from_vision-10] [INFO] [1776902361.060937709] [scene_from_vision_node]: Scene UNLOCKED - updates resuming.
[vision_apriltag-9] [INFO] [1776902361.142522428] [vision_apriltag_node]: Service: Tag 4 found and base-frame pose returned.
[adl_ui-15] 127.0.0.1 - - [22/Apr/2026 19:59:21] "GET /status_json HTTP/1.1" 200 -
[clear_table-13] [INFO] [1776902361.561342181] [clear_table_node]: scan_scene source label set to 'top_center'.
[scene_from_vision-10] [INFO] [1776902361.563415424] [scene_from_vision_node]: Scene scan source label received: 'top_center'.
[scene_from_vision-10] [INFO] [1776902361.564206489] [scene_from_vision_node]: Scene scan started for 5.0s. source='top_center'. Visible detections will be sampled, filtered, and committed at scan end.
[vision_apriltag-9] [INFO] [1776902361.569797307] [vision_apriltag_node]: Service: Tag 4 found and base-frame pose returned.
[vision_apriltag-9] [INFO] [1776902361.669849511] [vision_apriltag_node]: Service: Tag 4 found and base-frame pose returned.
[vision_apriltag-9] [INFO] [1776902361.771334320] [vision_apriltag_node]: Service: Tag 4 found and base-frame pose returned.
[wrist_camera_usb_publisher-8] [INFO] [1776902361.812188477] [wrist_camera_usb_publisher_node]: USB camera publisher heartbeat: publishing 1280x720 frames on /wrist_mounted_camera/image; camera_info fx=920.87, fy=921.57, cx=644.76, cy=343.15.
[vision_apriltag-9] [INFO] [1776902361.875971061] [vision_apriltag_node]: Service: Tag 4 found and base-frame pose returned.
[ros2_control_node-1] [WARN] [1776902361.912744530] [controller_manager]: Overrun might occur, Total time : 2781.962 us (Expected < 1000.000 us) --> Read time : 36.153 us, Update time : 209.101 us, Write time : 2536.708 us
[ros2_control_node-1] [WARN] [1776902361.981950610] [controller_manager]: Overrun detected! The controller manager missed its desired rate of 1000 Hz. The loop took 3.009214 ms (missed cycles : 4).
[vision_apriltag-9] [INFO] [1776902361.983022197] [vision_apriltag_node]: Service: Tag 4 found and base-frame pose returned.
[vision_apriltag-9] [INFO] [1776902362.079087613] [vision_apriltag_node]: Service: Tag 4 found and base-frame pose returned.
[vision_apriltag-9] [INFO] [1776902362.139827785] [vision_apriltag_node]: Service: Tag 4 found and base-frame pose returned.
[adl_ui-15] 127.0.0.1 - - [22/Apr/2026 19:59:22] "GET /status_json HTTP/1.1" 200 -
[vision_apriltag-9] [INFO] [1776902362.174068895] [vision_apriltag_node]: Service: Tag 4 found and base-frame pose returned.
[vision_apriltag-9] [INFO] [1776902362.274517615] [vision_apriltag_node]: Service: Tag 4 found and base-frame pose returned.
[vision_apriltag-9] [INFO] [1776902362.375361890] [vision_apriltag_node]: Service: Tag 4 found and base-frame pose returned.
[vision_apriltag-9] [INFO] [1776902362.481637205] [vision_apriltag_node]: Service: Tag 4 found and base-frame pose returned.
[vision_apriltag-9] [INFO] [1776902362.578482172] [vision_apriltag_node]: Service: Tag 4 found and base-frame pose returned.
[vision_apriltag-9] [INFO] [1776902362.679778171] [vision_apriltag_node]: Service: Tag 4 found and base-frame pose returned.
[vision_apriltag-9] [INFO] [1776902362.781164637] [vision_apriltag_node]: Service: Tag 4 found and base-frame pose returned.
[vision_apriltag-9] [INFO] [1776902362.880956942] [vision_apriltag_node]: Service: Tag 4 found and base-frame pose returned.
[ros2_control_node-1] [WARN] [1776902362.914940225] [controller_manager]: Overrun might occur, Total time : 3974.243 us (Expected < 1000.000 us) --> Read time : 46.272 us, Update time : 224.982 us, Write time : 3702.989 us
[adl_ui-15] 127.0.0.1 - - [22/Apr/2026 19:59:22] "GET /status_json HTTP/1.1" 200 -
[ros2_control_node-1] [WARN] [1776902362.982626786] [controller_manager]: Overrun detected! The controller manager missed its desired rate of 1000 Hz. The loop took 2.684674 ms (missed cycles : 3).
[vision_apriltag-9] [INFO] [1776902362.992850326] [vision_apriltag_node]: Service: Tag 4 found and base-frame pose returned.
[vision_apriltag-9] [INFO] [1776902363.083216884] [vision_apriltag_node]: Service: Tag 4 found and base-frame pose returned.
[vision_apriltag-9] [INFO] [1776902363.145929617] [vision_apriltag_node]: Service: Tag 4 found and base-frame pose returned.
[vision_apriltag-9] [INFO] [1776902363.184189266] [vision_apriltag_node]: Service: Tag 4 found and base-frame pose returned.
[vision_apriltag-9] [INFO] [1776902363.291215538] [vision_apriltag_node]: Service: Tag 4 found and base-frame pose returned.
[vision_apriltag-9] [INFO] [1776902363.385602694] [vision_apriltag_node]: Service: Tag 4 found and base-frame pose returned.
[vision_apriltag-9] [INFO] [1776902363.485784199] [vision_apriltag_node]: Service: Tag 4 found and base-frame pose returned.
[vision_apriltag-9] [INFO] [1776902363.586226626] [vision_apriltag_node]: Service: Tag 4 found and base-frame pose returned.
[adl_ui-15] 127.0.0.1 - - [22/Apr/2026 19:59:23] "GET /status_json HTTP/1.1" 200 -
[vision_apriltag-9] [INFO] [1776902363.686865026] [vision_apriltag_node]: Service: Tag 4 found and base-frame pose returned.
[vision_apriltag-9] [INFO] [1776902363.787042074] [vision_apriltag_node]: Service: Tag 4 found and base-frame pose returned.
[vision_apriltag-9] [INFO] [1776902363.887781425] [vision_apriltag_node]: Service: Tag 4 found and base-frame pose returned.
[ros2_control_node-1] [WARN] [1776902363.916921728] [controller_manager]: Overrun might occur, Total time : 2955.313 us (Expected < 1000.000 us) --> Read time : 39.651 us, Update time : 238.657 us, Write time : 2677.005 us
[ros2_control_node-1] [WARN] [1776902363.984193485] [controller_manager]: Overrun detected! The controller manager missed its desired rate of 1000 Hz. The loop took 3.252101 ms (missed cycles : 4).
[vision_apriltag-9] [INFO] [1776902363.990398541] [vision_apriltag_node]: Service: Tag 4 found and base-frame pose returned.
[vision_apriltag-9] [INFO] [1776902364.098419051] [vision_apriltag_node]: Service: Tag 4 found and base-frame pose returned.
[vision_apriltag-9] [INFO] [1776902364.145823487] [vision_apriltag_node]: Service: Tag 4 found and base-frame pose returned.
[vision_apriltag-9] [INFO] [1776902364.191835820] [vision_apriltag_node]: Service: Tag 4 found and base-frame pose returned.
[vision_apriltag-9] [INFO] [1776902364.292006606] [vision_apriltag_node]: Service: Tag 4 found and base-frame pose returned.
[vision_apriltag-9] [INFO] [1776902364.392698216] [vision_apriltag_node]: Service: Tag 4 found and base-frame pose returned.
[adl_ui-15] 127.0.0.1 - - [22/Apr/2026 19:59:24] "GET /status_json HTTP/1.1" 200 -
[vision_apriltag-9] [INFO] [1776902364.493798830] [vision_apriltag_node]: Service: Tag 4 found and base-frame pose returned.
[clear_table-13] [WARN] [1776902364.587340044] [clear_table_node]: scan_scene timed out after 3.0s; using current remembered IDs.
[vision_apriltag-9] [INFO] [1776902364.589626064] [vision_apriltag_node]: Service: Tag 4 found and base-frame pose returned.
[vision_apriltag-9] [INFO] [1776902364.595827413] [vision_apriltag_node]: Service: Tag 4 found and base-frame pose returned.
[clear_table-13] [INFO] [1776902364.603209410] [clear_table_node]: Two-phase top-pose freeze latched ID 4 from two-phase top scan 'top_center'.
[clear_table-13] [INFO] [1776902364.604019806] [clear_table_node]: Two-phase top scan 'top_center' detected top-grasp IDs [4].
[clear_table-13] [INFO] [1776902364.604870438] [clear_table_node]: Scene LOCKED.
[scene_from_vision-10] [INFO] [1776902364.607200961] [scene_from_vision_node]: Scene LOCKED - updates paused.
[clear_table-13] [INFO] [1776902364.759404411] [clear_table_node]: look_at_table_downturned_scan: moving to deterministic downturned top scan pose.
[move_group-20] [ERROR] [1776902364.798479368] [move_group.moveit.moveit.core.conversions]: Found empty JointState message
[clear_table-13] [INFO] [1776902364.802428693] [clear_table_node]: Start state: collision-valid — no collisions (not a joint-bounds check).
[move_group-20] [INFO] [1776902364.803942008] [move_group.moveit.moveit.ros.move_group.move_action]: MoveGroupMoveAction: Received request
[move_group-20] [INFO] [1776902364.804161520] [move_group.moveit.moveit.ros.move_group.move_action]: executing..
[move_group-20] [INFO] [1776902364.816186369] [move_group.moveit.moveit.ros.move_group.move_action]: Combined planning and execution request received for MoveGroup action. Forwarding to planning and execution pipeline.
[move_group-20] [WARN] [1776902364.816252826] [move_group.moveit.moveit.ros.move_group.capability]: Execution of motions should always start at the robot's current state. Ignoring the state supplied as start state in the motion planning request
[move_group-20] [WARN] [1776902364.816275578] [move_group.moveit.moveit.ros.move_group.capability]: Execution of motions should always start at the robot's current state. Ignoring the state supplied as difference in the planning scene diff
[move_group-20] [INFO] [1776902364.816298112] [move_group.moveit.moveit.ros.plan_execution]: Planning attempt 1 of at most 1
[move_group-20] [INFO] [1776902364.816658823] [move_group]: Calling PlanningRequestAdapter 'ResolveConstraintFrames'
[move_group-20] [INFO] [1776902364.816705392] [move_group]: Calling PlanningRequestAdapter 'ValidateWorkspaceBounds'
[move_group-20] [INFO] [1776902364.816722508] [move_group]: Calling PlanningRequestAdapter 'CheckStartStateBounds'
[move_group-20] [INFO] [1776902364.816757438] [move_group]: Calling PlanningRequestAdapter 'CheckStartStateCollision'
[move_group-20] [INFO] [1776902364.817502623] [move_group.moveit.moveit.planners.ompl.model_based_planning_context]: Planner configuration 'manipulator' will use planner 'geometric::RRTConnect'. Additional configuration parameters will be set when the planner is constructed.
[move_group-20] [INFO] [1776902364.817666472] [move_group]: Calling Planner 'OMPL'
[move_group-20] [INFO] [1776902364.844962058] [move_group]: Calling PlanningResponseAdapter 'AddTimeOptimalParameterization'
[move_group-20] [INFO] [1776902364.845958047] [move_group]: Calling PlanningResponseAdapter 'ValidateSolution'
[move_group-20] [INFO] [1776902364.846427312] [move_group]: Calling PlanningResponseAdapter 'DisplayMotionPath'
[move_group-20] [WARN] [1776902364.846522690] [move_group.moveit.moveit.ros.planning_pipeline]: The planner plugin did not fill out the 'planner_id' field of the MotionPlanResponse. Setting it to the planner ID name of the MotionPlanRequest assuming that the planner plugin does warn you if it does not use the requested planner.
[move_group-20] [INFO] [1776902364.846646902] [move_group.moveit.moveit.plugins.simple_controller_manager]: Returned 2 controllers in list
[move_group-20] [INFO] [1776902364.846673358] [move_group.moveit.moveit.plugins.simple_controller_manager]: Returned 2 controllers in list
[move_group-20] [INFO] [1776902364.846743606] [move_group.moveit.moveit.ros.trajectory_execution_manager]: Validating trajectory with allowed_start_tolerance 0.01
[move_group-20] [INFO] [1776902364.856188982] [move_group.moveit.moveit.ros.trajectory_execution_manager]: Starting trajectory execution ...
[move_group-20] [INFO] [1776902364.856266323] [move_group.moveit.moveit.plugins.simple_controller_manager]: Returned 2 controllers in list
[move_group-20] [INFO] [1776902364.856317108] [move_group.moveit.moveit.plugins.simple_controller_manager]: Returned 2 controllers in list
[move_group-20] [INFO] [1776902364.856589666] [moveit.simple_controller_manager.follow_joint_trajectory_controller_handle]: sending trajectory to joint_trajectory_controller
[ros2_control_node-1] [INFO] [1776902364.857380697] [joint_trajectory_controller]: Received new action goal
[ros2_control_node-1] [INFO] [1776902364.857449369] [joint_trajectory_controller]: Accepted new action goal
[move_group-20] [INFO] [1776902364.858150888] [moveit.simple_controller_manager.follow_joint_trajectory_controller_handle]: joint_trajectory_controller started execution
[move_group-20] [INFO] [1776902364.858169045] [moveit.simple_controller_manager.follow_joint_trajectory_controller_handle]: Goal request accepted!
[vision_apriltag-9] [INFO] [1776902364.912247636] [vision_apriltag_node]: Vision AprilTag: scene is locked; detection publishing is paused.
[ros2_control_node-1] [WARN] [1776902364.916984166] [controller_manager]: Overrun might occur, Total time : 3004.902 us (Expected < 1000.000 us) --> Read time : 55.221 us, Update time : 322.388 us, Write time : 2627.293 us
[ros2_control_node-1] [WARN] [1776902364.985424025] [controller_manager]: Overrun detected! The controller manager missed its desired rate of 1000 Hz. The loop took 2.482366 ms (missed cycles : 3).
[adl_ui-15] 127.0.0.1 - - [22/Apr/2026 19:59:25] "GET /status_json HTTP/1.1" 200 -
[ros2_control_node-1] [INFO] [1776902365.728197847] [joint_trajectory_controller]: Goal reached, success!
[move_group-20] [INFO] [1776902365.758721849] [moveit.simple_controller_manager.follow_joint_trajectory_controller_handle]: Controller 'joint_trajectory_controller' successfully finished
[move_group-20] [INFO] [1776902365.814975174] [move_group.moveit.moveit.ros.trajectory_execution_manager]: Completed trajectory execution with status SUCCEEDED ...
[move_group-20] [INFO] [1776902365.816353417] [move_group.moveit.moveit.ros.move_group.move_action]: Solution was found and executed.
[adl_ui-15] 127.0.0.1 - - [22/Apr/2026 19:59:25] "GET /status_json HTTP/1.1" 200 -
[ros2_control_node-1] [WARN] [1776902365.919648420] [controller_manager]: Overrun might occur, Total time : 2681.492 us (Expected < 1000.000 us) --> Read time : 45.476 us, Update time : 244.296 us, Write time : 2391.720 us
[clear_table-13] [INFO] [1776902365.921345471] [clear_table_node]: Scene UNLOCKED.
[scene_from_vision-10] [INFO] [1776902365.922815249] [scene_from_vision_node]: Scene UNLOCKED - updates resuming.
[ros2_control_node-1] [WARN] [1776902365.986910115] [controller_manager]: Overrun detected! The controller manager missed its desired rate of 1000 Hz. The loop took 2.968797 ms (missed cycles : 3).
[vision_apriltag-9] [INFO] [1776902365.998989065] [vision_apriltag_node]: Service: Tag 4 found and base-frame pose returned.
[vision_apriltag-9] [INFO] [1776902366.104631833] [vision_apriltag_node]: Service: Tag 4 found and base-frame pose returned.
[vision_apriltag-9] [INFO] [1776902366.144927749] [vision_apriltag_node]: Service: Tag 4 found and base-frame pose returned.
[vision_apriltag-9] [INFO] [1776902366.199560564] [vision_apriltag_node]: Service: Tag 4 found and base-frame pose returned.
[vision_apriltag-9] [INFO] [1776902366.298931896] [vision_apriltag_node]: Service: Tag 4 found and base-frame pose returned.
[vision_apriltag-9] [INFO] [1776902366.355236868] [vision_apriltag_node]: Vision AprilTag detection debug: no tags found after raw/CLAHE/sharp/adaptive/upscaled/tiled passes.
[vision_apriltag-9] [INFO] [1776902366.399527195] [vision_apriltag_node]: Service: Tag 4 found and base-frame pose returned.
[clear_table-13] [INFO] [1776902366.425983506] [clear_table_node]: scan_scene source label set to 'top_downturned'.
[scene_from_vision-10] [INFO] [1776902366.428598248] [scene_from_vision_node]: Scene scan started for 5.0s. source='top_downturned'. Visible detections will be sampled, filtered, and committed at scan end.
[scene_from_vision-10] [INFO] [1776902366.429574561] [scene_from_vision_node]: Scene scan source label received: 'top_downturned'.
[vision_apriltag-9] [INFO] [1776902366.430590266] [vision_apriltag_node]: Service: Tag 4 found and base-frame pose returned.
[vision_apriltag-9] [INFO] [1776902366.500163080] [vision_apriltag_node]: Service: Tag 4 found and base-frame pose returned.
[vision_apriltag-9] [INFO] [1776902366.535588735] [vision_apriltag_node]: Service: Tag 4 found and base-frame pose returned.
[scene_from_vision-10] [INFO] [1776902366.601778820] [scene_from_vision_node]: Scan committed tag 4: raw=3, accepted=3, rejected=0, median tag pose x=0.677, y=-0.032, z=0.175. object center x=0.657, y=-0.039, z=0.147, yaw=+2.4deg. table_delta x=-0.025, y=-0.039.
[scene_from_vision-10] [INFO] [1776902366.608498641] [scene_from_vision_node]: Published obj_4 (new) at x=0.657, y=-0.039, z=0.147, yaw=+2.4deg
[scene_from_vision-10] [INFO] [1776902366.612839392] [scene_from_vision_node]: Scene scan complete. Remembered object IDs: [4]
[adl_ui-15] 127.0.0.1 - - [22/Apr/2026 19:59:26] "GET /status_json HTTP/1.1" 200 -
[vision_apriltag-9] [INFO] [1776902366.912111590] [vision_apriltag_node]: Vision AprilTag: images are arriving, but no AprilTag has been seen for 2.2s.
[ros2_control_node-1] [WARN] [1776902366.920746312] [controller_manager]: Overrun might occur, Total time : 2783.632 us (Expected < 1000.000 us) --> Read time : 37.177 us, Update time : 214.474 us, Write time : 2531.981 us
[wrist_camera_usb_publisher-8] [INFO] [1776902366.970358762] [wrist_camera_usb_publisher_node]: USB camera publisher heartbeat: publishing 1280x720 frames on /wrist_mounted_camera/image; camera_info fx=920.87, fy=921.57, cx=644.76, cy=343.15.
[ros2_control_node-1] [WARN] [1776902366.987693656] [controller_manager]: Overrun detected! The controller manager missed its desired rate of 1000 Hz. The loop took 2.751683 ms (missed cycles : 3).
[adl_ui-15] 127.0.0.1 - - [22/Apr/2026 19:59:27] "GET /status_json HTTP/1.1" 200 -
[ros2_control_node-1] [WARN] [1776902367.922384175] [controller_manager]: Overrun might occur, Total time : 7419.499 us (Expected < 1000.000 us) --> Read time : 36.237 us, Update time : 220.657 us, Write time : 7162.605 us
[ros2_control_node-1] [WARN] [1776902367.992538796] [controller_manager]: Overrun detected! The controller manager missed its desired rate of 1000 Hz. The loop took 5.597154 ms (missed cycles : 6).
[adl_ui-15] 127.0.0.1 - - [22/Apr/2026 19:59:28] "GET /status_json HTTP/1.1" 200 -
[scene_from_vision-10] [INFO] [1776902368.642687160] [scene_from_vision_node]: Published obj_4 (heartbeat) at x=0.657, y=-0.039, z=0.147, yaw=+2.4deg
[vision_apriltag-9] [INFO] [1776902368.913454025] [vision_apriltag_node]: Vision AprilTag: images are arriving, but no AprilTag has been seen for 4.2s.
[adl_ui-15] 127.0.0.1 - - [22/Apr/2026 19:59:28] "GET /status_json HTTP/1.1" 200 -
[ros2_control_node-1] [WARN] [1776902368.923383047] [controller_manager]: Overrun might occur, Total time : 2416.017 us (Expected < 1000.000 us) --> Read time : 37.801 us, Update time : 210.532 us, Write time : 2167.684 us
[ros2_control_node-1] [WARN] [1776902368.994645046] [controller_manager]: Overrun detected! The controller manager missed its desired rate of 1000 Hz. The loop took 2.700175 ms (missed cycles : 3).
[clear_table-13] [WARN] [1776902369.456977583] [clear_table_node]: scan_scene timed out after 3.0s; using current remembered IDs.
[vision_apriltag-9] [INFO] [1776902369.461064678] [vision_apriltag_node]: Service: Tag 4 found and base-frame pose returned.
[clear_table-13] [INFO] [1776902369.471073695] [clear_table_node]: Two-phase top-pose freeze updated ID 4 from two-phase top scan 'top_downturned'.
[clear_table-13] [INFO] [1776902369.472616143] [clear_table_node]: Two-phase top scan 'top_downturned' detected top-grasp IDs [4].
[clear_table-13] [INFO] [1776902369.474728327] [clear_table_node]: Two-phase scan: priority top target(s) detected [4] after completing the configured top sweep. A side sweep is required, so continuing to side scan passes before target selection.
[clear_table-13] [INFO] [1776902369.482774827] [clear_table_node]: Removing startup table guard ring before two-phase side sweeps.
[clear_table-13] [INFO] [1776902369.484462641] [clear_table_node]: Removed temporary table guard ring 'clear_table_startup_guard'.
[clear_table-13] [INFO] [1776902369.585433508] [clear_table_node]: Scene LOCKED.
[scene_from_vision-10] [INFO] [1776902369.587374129] [scene_from_vision_node]: Scene LOCKED - updates paused.
[adl_ui-15] 127.0.0.1 - - [22/Apr/2026 19:59:29] "GET /status_json HTTP/1.1" 200 -
[clear_table-13] [INFO] [1776902369.739041118] [clear_table_node]: look_at_table_horizontal_side_scan_with_offsets: moving to horizontal side scan with joint offsets (joint_1=-0.280, joint_6=-0.000).
[clear_table-13] [INFO] [1776902369.739738656] [clear_table_node]: look_at_table_horizontal_side_scan: current arm is not at target (worst=joint_6:2.295 rad > 0.080).
[clear_table-13] [INFO] [1776902369.740347396] [clear_table_node]: look_at_table_horizontal_side_scan: moving with deterministic fixed joint pose.
[move_group-20] [ERROR] [1776902369.742397611] [move_group.moveit.moveit.core.conversions]: Found empty JointState message
[clear_table-13] [INFO] [1776902369.747071767] [clear_table_node]: Start state: collision-valid — no collisions (not a joint-bounds check).
[move_group-20] [INFO] [1776902369.750335154] [move_group.moveit.moveit.ros.move_group.move_action]: MoveGroupMoveAction: Received request
[move_group-20] [INFO] [1776902369.752294152] [move_group.moveit.moveit.ros.move_group.move_action]: executing..
[move_group-20] [INFO] [1776902369.756533746] [move_group.moveit.moveit.ros.move_group.move_action]: Combined planning and execution request received for MoveGroup action. Forwarding to planning and execution pipeline.
[move_group-20] [WARN] [1776902369.756610742] [move_group.moveit.moveit.ros.move_group.capability]: Execution of motions should always start at the robot's current state. Ignoring the state supplied as start state in the motion planning request
[move_group-20] [WARN] [1776902369.756634845] [move_group.moveit.moveit.ros.move_group.capability]: Execution of motions should always start at the robot's current state. Ignoring the state supplied as difference in the planning scene diff
[move_group-20] [INFO] [1776902369.756647849] [move_group.moveit.moveit.ros.plan_execution]: Planning attempt 1 of at most 1
[move_group-20] [INFO] [1776902369.757980016] [move_group]: Calling PlanningRequestAdapter 'ResolveConstraintFrames'
[move_group-20] [INFO] [1776902369.758020529] [move_group]: Calling PlanningRequestAdapter 'ValidateWorkspaceBounds'
[move_group-20] [INFO] [1776902369.758036195] [move_group]: Calling PlanningRequestAdapter 'CheckStartStateBounds'
[move_group-20] [INFO] [1776902369.758066841] [move_group]: Calling PlanningRequestAdapter 'CheckStartStateCollision'
[move_group-20] [INFO] [1776902369.759381747] [move_group.moveit.moveit.planners.ompl.model_based_planning_context]: Planner configuration 'manipulator' will use planner 'geometric::RRTConnect'. Additional configuration parameters will be set when the planner is constructed.
[move_group-20] [INFO] [1776902369.759469731] [move_group]: Calling Planner 'OMPL'
[move_group-20] [INFO] [1776902369.814196215] [move_group]: Calling PlanningResponseAdapter 'AddTimeOptimalParameterization'
[move_group-20] [INFO] [1776902369.826777015] [move_group]: Calling PlanningResponseAdapter 'ValidateSolution'
[move_group-20] [ERROR] [1776902369.829616392] [move_group.moveit.moveit.ros.validate_solution]: Computed path is not valid. Invalid states at index locations: [ 73 74 ] out of 99. Explanations follow in command line. Contacts are published on /display_contacts
[move_group-20] [INFO] [1776902369.829718999] [move_group.moveit.moveit.core.moveit_collision_detection_fcl]: Found a contact between 'table_edge_lip_front' (type 'Object') and 'robotiq_85_right_finger_tip_link' (type 'Robot link'), which constitutes a collision. Contact information is not stored.
[move_group-20] [INFO] [1776902369.829735315] [move_group.moveit.moveit.core.moveit_collision_detection_fcl]: Collision checking is considered complete (collision was found and 0 contacts are stored)
[move_group-20] [INFO] [1776902369.829884841] [move_group.moveit.moveit.core.moveit_collision_detection_fcl]: Found a contact between 'table_edge_lip_front' (type 'Object') and 'robotiq_85_right_finger_tip_link' (type 'Robot link'), which constitutes a collision. Contact information is not stored.
[move_group-20] [INFO] [1776902369.829910673] [move_group.moveit.moveit.core.moveit_collision_detection_fcl]: Collision checking is considered complete (collision was found and 0 contacts are stored)
[move_group-20] [ERROR] [1776902369.829997003] [move_group.moveit.moveit.ros.validate_solution]: Completed listing of explanations for invalid states.
[move_group-20] [ERROR] [1776902369.830318408] [move_group]: PlanningResponseAdapter 'ValidateSolution' failed with error code INVALID_MOTION_PLAN
[move_group-20] [INFO] [1776902369.830543500] [move_group.moveit.moveit.ros.move_group.move_action]: Motion plan was found but it seems to be invalid (possibly due to postprocessing). Not executing.
[clear_table-13] [ERROR] [1776902369.839729100] [clear_table_node]: MoveGroup execution failed.
[clear_table-13]   error_code.val = -2
[clear_table-13]   group_name      = manipulator
[clear_table-13]   num_attempts    = 10
[clear_table-13]   allowed_time    = 18.0
[clear_table-13]   vel_scale       = 0.25
[clear_table-13]   accel_scale     = 0.25
[clear_table-13] If this persists, check move_group / controller logs for the meaning of this code (often control abort, invalid start state, or planning pipeline failure).
[clear_table-13] [WARN] [1776902369.840365156] [clear_table_node]: _recover_after_failure(): MoveGroup error_code=-2
[ros2_control_node-1] [WARN] [1776902369.925684189] [controller_manager]: Overrun might occur, Total time : 2721.808 us (Expected < 1000.000 us) --> Read time : 29.452 us, Update time : 178.357 us, Write time : 2513.999 us
[ros2_control_node-1] [WARN] [1776902369.996535934] [controller_manager]: Overrun detected! The controller manager missed its desired rate of 1000 Hz. The loop took 2.594540 ms (missed cycles : 3).
[adl_ui-15] 127.0.0.1 - - [22/Apr/2026 19:59:30] "GET /status_json HTTP/1.1" 200 -
[vision_apriltag-9] [INFO] [1776902370.911609395] [vision_apriltag_node]: Vision AprilTag: scene is locked; detection publishing is paused.
[ros2_control_node-1] [WARN] [1776902370.929209870] [controller_manager]: Overrun might occur, Total time : 3241.094 us (Expected < 1000.000 us) --> Read time : 36.946 us, Update time : 328.482 us, Write time : 2875.666 us
[ros2_control_node-1] [WARN] [1776902370.997484157] [controller_manager]: Overrun detected! The controller manager missed its desired rate of 1000 Hz. The loop took 2.542364 ms (missed cycles : 3).
[clear_table-13] [INFO] [1776902371.043602688] [clear_table_node]: Scene UNLOCKED.
[scene_from_vision-10] [INFO] [1776902371.045972070] [scene_from_vision_node]: Scene UNLOCKED - updates resuming.
[scene_from_vision-10] [INFO] [1776902371.072534426] [scene_from_vision_node]: Published obj_4 (heartbeat) at x=0.657, y=-0.039, z=0.147, yaw=+2.4deg
[adl_ui-15] 127.0.0.1 - - [22/Apr/2026 19:59:31] "GET /status_json HTTP/1.1" 200 -
[clear_table-13] [WARN] [1776902371.196301419] [clear_table_node]: Two-phase side scan 'side_right' failed to reach its scan pose.
[clear_table-13] [INFO] [1776902371.197156589] [clear_table_node]: Scene LOCKED.
[scene_from_vision-10] [INFO] [1776902371.201700394] [scene_from_vision_node]: Scene LOCKED - updates paused.
[clear_table-13] [INFO] [1776902371.348080593] [clear_table_node]: look_at_table_horizontal_side_scan_with_offsets: moving to horizontal side scan with joint offsets (joint_1=+0.120, joint_6=+0.000).
[clear_table-13] [INFO] [1776902371.348686835] [clear_table_node]: look_at_table_horizontal_side_scan: current arm is not at target (worst=joint_6:2.295 rad > 0.080).
[clear_table-13] [INFO] [1776902371.349050093] [clear_table_node]: look_at_table_horizontal_side_scan: moving with deterministic fixed joint pose.
[move_group-20] [ERROR] [1776902371.349776231] [move_group.moveit.moveit.core.conversions]: Found empty JointState message
[clear_table-13] [INFO] [1776902371.352937968] [clear_table_node]: Start state: collision-valid — no collisions (not a joint-bounds check).
[move_group-20] [INFO] [1776902371.354233391] [move_group.moveit.moveit.ros.move_group.move_action]: MoveGroupMoveAction: Received request
[move_group-20] [INFO] [1776902371.354452345] [move_group.moveit.moveit.ros.move_group.move_action]: executing..
[move_group-20] [INFO] [1776902371.355400597] [move_group.moveit.moveit.ros.move_group.move_action]: Combined planning and execution request received for MoveGroup action. Forwarding to planning and execution pipeline.
[move_group-20] [WARN] [1776902371.355463961] [move_group.moveit.moveit.ros.move_group.capability]: Execution of motions should always start at the robot's current state. Ignoring the state supplied as start state in the motion planning request
[move_group-20] [WARN] [1776902371.355515952] [move_group.moveit.moveit.ros.move_group.capability]: Execution of motions should always start at the robot's current state. Ignoring the state supplied as difference in the planning scene diff
[move_group-20] [INFO] [1776902371.355530713] [move_group.moveit.moveit.ros.plan_execution]: Planning attempt 1 of at most 1
[move_group-20] [INFO] [1776902371.355818547] [move_group]: Calling PlanningRequestAdapter 'ResolveConstraintFrames'
[move_group-20] [INFO] [1776902371.355850894] [move_group]: Calling PlanningRequestAdapter 'ValidateWorkspaceBounds'
[move_group-20] [INFO] [1776902371.355866410] [move_group]: Calling PlanningRequestAdapter 'CheckStartStateBounds'
[move_group-20] [INFO] [1776902371.355894180] [move_group]: Calling PlanningRequestAdapter 'CheckStartStateCollision'
[move_group-20] [INFO] [1776902371.356638696] [move_group.moveit.moveit.planners.ompl.model_based_planning_context]: Planner configuration 'manipulator' will use planner 'geometric::RRTConnect'. Additional configuration parameters will be set when the planner is constructed.
[move_group-20] [INFO] [1776902371.356729500] [move_group]: Calling Planner 'OMPL'
[move_group-20] [INFO] [1776902371.408145973] [move_group]: Calling PlanningResponseAdapter 'AddTimeOptimalParameterization'
[move_group-20] [INFO] [1776902371.423741696] [move_group]: Calling PlanningResponseAdapter 'ValidateSolution'
[move_group-20] [INFO] [1776902371.426999169] [move_group]: Calling PlanningResponseAdapter 'DisplayMotionPath'
[move_group-20] [WARN] [1776902371.427236093] [move_group.moveit.moveit.ros.planning_pipeline]: The planner plugin did not fill out the 'planner_id' field of the MotionPlanResponse. Setting it to the planner ID name of the MotionPlanRequest assuming that the planner plugin does warn you if it does not use the requested planner.
[move_group-20] [INFO] [1776902371.427815512] [move_group.moveit.moveit.plugins.simple_controller_manager]: Returned 2 controllers in list
[move_group-20] [INFO] [1776902371.427865608] [move_group.moveit.moveit.plugins.simple_controller_manager]: Returned 2 controllers in list
[move_group-20] [INFO] [1776902371.428031738] [move_group.moveit.moveit.ros.trajectory_execution_manager]: Validating trajectory with allowed_start_tolerance 0.01
[move_group-20] [INFO] [1776902371.435391028] [move_group.moveit.moveit.ros.trajectory_execution_manager]: Starting trajectory execution ...
[move_group-20] [INFO] [1776902371.435458803] [move_group.moveit.moveit.plugins.simple_controller_manager]: Returned 2 controllers in list
[move_group-20] [INFO] [1776902371.435490127] [move_group.moveit.moveit.plugins.simple_controller_manager]: Returned 2 controllers in list
[move_group-20] [INFO] [1776902371.435670668] [moveit.simple_controller_manager.follow_joint_trajectory_controller_handle]: sending trajectory to joint_trajectory_controller
[ros2_control_node-1] [INFO] [1776902371.436099053] [joint_trajectory_controller]: Received new action goal
[ros2_control_node-1] [INFO] [1776902371.436186309] [joint_trajectory_controller]: Accepted new action goal
[move_group-20] [INFO] [1776902371.436969150] [moveit.simple_controller_manager.follow_joint_trajectory_controller_handle]: joint_trajectory_controller started execution
[move_group-20] [INFO] [1776902371.436985560] [moveit.simple_controller_manager.follow_joint_trajectory_controller_handle]: Goal request accepted!
[scene_from_vision-10] [WARN] [1776902371.475651964] [scene_from_vision_node]: Scene scan collected no pose samples. Check that vision_apriltag is running, /detected_tag_ids is changing, and the selected detector backend is stable.
[scene_from_vision-10] [INFO] [1776902371.476584921] [scene_from_vision_node]: Scene scan kept remembered IDs not reacquired in this scan: [4]. This is expected for ADL memory mode; use scan_prune_unseen_objects:=true for calibration runs after manually moving objects.
[scene_from_vision-10] [INFO] [1776902371.478110437] [scene_from_vision_node]: Scene scan complete. Remembered object IDs: [4]
[vision_apriltag-9] [INFO] [1776902371.533953876] [vision_apriltag_node]: Vision AprilTag detection debug: no tags found after raw/CLAHE/sharp/adaptive/upscaled/tiled passes.
[adl_ui-15] 127.0.0.1 - - [22/Apr/2026 19:59:31] "GET /status_json HTTP/1.1" 200 -
[ros2_control_node-1] [WARN] [1776902371.929210918] [controller_manager]: Overrun might occur, Total time : 3241.820 us (Expected < 1000.000 us) --> Read time : 48.993 us, Update time : 280.813 us, Write time : 2912.014 us
[ros2_control_node-1] [WARN] [1776902371.998718986] [controller_manager]: Overrun detected! The controller manager missed its desired rate of 1000 Hz. The loop took 2.778064 ms (missed cycles : 3).
[wrist_camera_usb_publisher-8] [INFO] [1776902372.131776131] [wrist_camera_usb_publisher_node]: USB camera publisher heartbeat: publishing 1280x720 frames on /wrist_mounted_camera/image; camera_info fx=920.87, fy=921.57, cx=644.76, cy=343.15.
[adl_ui-15] 127.0.0.1 - - [22/Apr/2026 19:59:32] "GET /status_json HTTP/1.1" 200 -
[vision_apriltag-9] [INFO] [1776902372.912651380] [vision_apriltag_node]: Vision AprilTag: scene is locked; detection publishing is paused.
[ros2_control_node-1] [WARN] [1776902372.930484615] [controller_manager]: Overrun might occur, Total time : 4507.225 us (Expected < 1000.000 us) --> Read time : 39.338 us, Update time : 268.570 us, Write time : 4199.317 us
[ros2_control_node-1] [WARN] [1776902373.000651992] [controller_manager]: Overrun detected! The controller manager missed its desired rate of 1000 Hz. The loop took 2.711067 ms (missed cycles : 3).
[adl_ui-15] 127.0.0.1 - - [22/Apr/2026 19:59:33] "GET /status_json HTTP/1.1" 200 -
[ros2_control_node-1] [WARN] [1776902373.930728075] [controller_manager]: Overrun might occur, Total time : 2765.103 us (Expected < 1000.000 us) --> Read time : 30.119 us, Update time : 203.669 us, Write time : 2531.315 us
[ros2_control_node-1] [WARN] [1776902374.002814663] [controller_manager]: Overrun detected! The controller manager missed its desired rate of 1000 Hz. The loop took 2.872988 ms (missed cycles : 3).
[adl_ui-15] 127.0.0.1 - - [22/Apr/2026 19:59:34] "GET /status_json HTTP/1.1" 200 -
[vision_apriltag-9] [INFO] [1776902374.911282803] [vision_apriltag_node]: Vision AprilTag: scene is locked; detection publishing is paused.
[adl_ui-15] 127.0.0.1 - - [22/Apr/2026 19:59:34] "GET /status_json HTTP/1.1" 200 -
[ros2_control_node-1] [WARN] [1776902374.932797257] [controller_manager]: Overrun might occur, Total time : 2828.507 us (Expected < 1000.000 us) --> Read time : 31.018 us, Update time : 214.978 us, Write time : 2582.511 us
[ros2_control_node-1] [WARN] [1776902375.005770393] [controller_manager]: Overrun detected! The controller manager missed its desired rate of 1000 Hz. The loop took 2.829459 ms (missed cycles : 3).
[adl_ui-15] 127.0.0.1 - - [22/Apr/2026 19:59:35] "GET /status_json HTTP/1.1" 200 -
[ros2_control_node-1] [WARN] [1776902375.934427473] [controller_manager]: Overrun might occur, Total time : 2437.248 us (Expected < 1000.000 us) --> Read time : 29.865 us, Update time : 189.218 us, Write time : 2218.165 us
[ros2_control_node-1] [WARN] [1776902376.006607208] [controller_manager]: Overrun detected! The controller manager missed its desired rate of 1000 Hz. The loop took 2.666341 ms (missed cycles : 3).
[adl_ui-15] 127.0.0.1 - - [22/Apr/2026 19:59:36] "GET /status_json HTTP/1.1" 200 -
[vision_apriltag-9] [INFO] [1776902376.912450543] [vision_apriltag_node]: Vision AprilTag: scene is locked; detection publishing is paused.
[ros2_control_node-1] [WARN] [1776902376.935529249] [controller_manager]: Overrun might occur, Total time : 2561.172 us (Expected < 1000.000 us) --> Read time : 78.107 us, Update time : 310.364 us, Write time : 2172.701 us
[ros2_control_node-1] [WARN] [1776902377.006892953] [controller_manager]: Overrun detected! The controller manager missed its desired rate of 1000 Hz. The loop took 2.951566 ms (missed cycles : 3).
[adl_ui-15] 127.0.0.1 - - [22/Apr/2026 19:59:37] "GET /status_json HTTP/1.1" 200 -
[wrist_camera_usb_publisher-8] [INFO] [1776902377.292742891] [wrist_camera_usb_publisher_node]: USB camera publisher heartbeat: publishing 1280x720 frames on /wrist_mounted_camera/image; camera_info fx=920.87, fy=921.57, cx=644.76, cy=343.15.
[adl_ui-15] 127.0.0.1 - - [22/Apr/2026 19:59:37] "GET /status_json HTTP/1.1" 200 -
[ros2_control_node-1] [WARN] [1776902377.937939656] [controller_manager]: Overrun might occur, Total time : 2971.281 us (Expected < 1000.000 us) --> Read time : 51.717 us, Update time : 355.800 us, Write time : 2563.764 us
[ros2_control_node-1] [WARN] [1776902378.010170029] [controller_manager]: Overrun detected! The controller manager missed its desired rate of 1000 Hz. The loop took 3.228049 ms (missed cycles : 4).
[adl_ui-15] 127.0.0.1 - - [22/Apr/2026 19:59:38] "GET /status_json HTTP/1.1" 200 -
[vision_apriltag-9] [INFO] [1776902378.916635758] [vision_apriltag_node]: Vision AprilTag: scene is locked; detection publishing is paused.
[ros2_control_node-1] [WARN] [1776902378.939633545] [controller_manager]: Overrun might occur, Total time : 2670.790 us (Expected < 1000.000 us) --> Read time : 38.794 us, Update time : 253.056 us, Write time : 2378.940 us
[ros2_control_node-1] [WARN] [1776902379.010301842] [controller_manager]: Overrun detected! The controller manager missed its desired rate of 1000 Hz. The loop took 2.360973 ms (missed cycles : 3).
[adl_ui-15] 127.0.0.1 - - [22/Apr/2026 19:59:39] "GET /status_json HTTP/1.1" 200 -
[ros2_control_node-1] [WARN] [1776902379.942313809] [controller_manager]: Overrun might occur, Total time : 2352.662 us (Expected < 1000.000 us) --> Read time : 79.779 us, Update time : 199.096 us, Write time : 2073.787 us
[ros2_control_node-1] [WARN] [1776902380.011694590] [controller_manager]: Overrun detected! The controller manager missed its desired rate of 1000 Hz. The loop took 2.753468 ms (missed cycles : 3).
[adl_ui-15] 127.0.0.1 - - [22/Apr/2026 19:59:40] "GET /status_json HTTP/1.1" 200 -
[vision_apriltag-9] [INFO] [1776902380.912214995] [vision_apriltag_node]: Vision AprilTag: scene is locked; detection publishing is paused.
[adl_ui-15] 127.0.0.1 - - [22/Apr/2026 19:59:40] "GET /status_json HTTP/1.1" 200 -
[ros2_control_node-1] [WARN] [1776902380.943225714] [controller_manager]: Overrun might occur, Total time : 3261.643 us (Expected < 1000.000 us) --> Read time : 33.986 us, Update time : 258.457 us, Write time : 2969.200 us
[ros2_control_node-1] [WARN] [1776902381.012739235] [controller_manager]: Overrun detected! The controller manager missed its desired rate of 1000 Hz. The loop took 2.798211 ms (missed cycles : 3).
[ros2_control_node-1] [INFO] [1776902381.024132103] [joint_trajectory_controller]: Goal reached, success!
[move_group-20] [INFO] [1776902381.037936803] [moveit.simple_controller_manager.follow_joint_trajectory_controller_handle]: Controller 'joint_trajectory_controller' successfully finished
[move_group-20] [INFO] [1776902381.095115338] [move_group.moveit.moveit.ros.trajectory_execution_manager]: Completed trajectory execution with status SUCCEEDED ...
[move_group-20] [INFO] [1776902381.095697264] [move_group.moveit.moveit.ros.move_group.move_action]: Solution was found and executed.
[clear_table-13] [INFO] [1776902381.202183164] [clear_table_node]: [CAL] horizontal side scan joint snapshot: ADL_HORIZONTAL_SIDE_SCAN_JOINT_1=+1.620033 ADL_HORIZONTAL_SIDE_SCAN_JOINT_2=+1.470664 ADL_HORIZONTAL_SIDE_SCAN_JOINT_3=-3.114996 ADL_HORIZONTAL_SIDE_SCAN_JOINT_4=-2.401312 ADL_HORIZONTAL_SIDE_SCAN_JOINT_5=+1.746086 ADL_HORIZONTAL_SIDE_SCAN_JOINT_6=+1.411267 ADL_HORIZONTAL_SIDE_SCAN_JOINT_7=+2.291921
[clear_table-13] [INFO] [1776902381.202964145] [clear_table_node]: Scene UNLOCKED.
[scene_from_vision-10] [INFO] [1776902381.205418358] [scene_from_vision_node]: Scene UNLOCKED - updates resuming.
[scene_from_vision-10] [INFO] [1776902381.642770746] [scene_from_vision_node]: Published obj_4 (heartbeat) at x=0.657, y=-0.039, z=0.147, yaw=+2.4deg
[vision_apriltag-9] [INFO] [1776902381.642957803] [vision_apriltag_node]: Vision AprilTag detection debug: no tags found after raw/CLAHE/sharp/adaptive/upscaled/tiled passes.
[clear_table-13] [INFO] [1776902381.654567225] [clear_table_node]: scan_scene source label set to 'side_left'.
[scene_from_vision-10] [INFO] [1776902381.656627750] [scene_from_vision_node]: Scene scan source label received: 'side_left'.
[scene_from_vision-10] [INFO] [1776902381.661260397] [scene_from_vision_node]: Scene scan started for 5.0s. source='side_left'. Visible detections will be sampled, filtered, and committed at scan end.
[vision_apriltag-9] [INFO] [1776902381.663071041] [vision_apriltag_node]: Service: Tag 4 found and base-frame pose returned.
[adl_ui-15] 127.0.0.1 - - [22/Apr/2026 19:59:41] "GET /status_json HTTP/1.1" 200 -
[vision_apriltag-9] [INFO] [1776902381.766418583] [vision_apriltag_node]: Service: Tag 4 found and base-frame pose returned.
[vision_apriltag-9] [INFO] [1776902381.867387930] [vision_apriltag_node]: Service: Tag 4 found and base-frame pose returned.
[ros2_control_node-1] [WARN] [1776902381.946397076] [controller_manager]: Overrun might occur, Total time : 3424.392 us (Expected < 1000.000 us) --> Read time : 55.382 us, Update time : 302.115 us, Write time : 3066.895 us
[vision_apriltag-9] [INFO] [1776902381.976124113] [vision_apriltag_node]: Service: Tag 4 found and base-frame pose returned.
[ros2_control_node-1] [WARN] [1776902382.014455859] [controller_manager]: Overrun detected! The controller manager missed its desired rate of 1000 Hz. The loop took 2.514599 ms (missed cycles : 3).
[vision_apriltag-9] [INFO] [1776902382.069098293] [vision_apriltag_node]: Service: Tag 4 found and base-frame pose returned.
[vision_apriltag-9] [INFO] [1776902382.140151164] [vision_apriltag_node]: Service: Tag 4 found and base-frame pose returned.
[vision_apriltag-9] [INFO] [1776902382.169941554] [vision_apriltag_node]: Service: Tag 4 found and base-frame pose returned.
[vision_apriltag-9] [INFO] [1776902382.269834546] [vision_apriltag_node]: Service: Tag 4 found and base-frame pose returned.
[vision_apriltag-9] [INFO] [1776902382.370846281] [vision_apriltag_node]: Service: Tag 4 found and base-frame pose returned.
[adl_ui-15] 127.0.0.1 - - [22/Apr/2026 19:59:42] "GET /status_json HTTP/1.1" 200 -
[wrist_camera_usb_publisher-8] [INFO] [1776902382.454242662] [wrist_camera_usb_publisher_node]: USB camera publisher heartbeat: publishing 1280x720 frames on /wrist_mounted_camera/image; camera_info fx=920.87, fy=921.57, cx=644.76, cy=343.15.
[vision_apriltag-9] [INFO] [1776902382.471786367] [vision_apriltag_node]: Service: Tag 4 found and base-frame pose returned.
[vision_apriltag-9] [INFO] [1776902382.572680929] [vision_apriltag_node]: Service: Tag 4 found and base-frame pose returned.
[vision_apriltag-9] [INFO] [1776902382.675648189] [vision_apriltag_node]: Service: Tag 4 found and base-frame pose returned.
[vision_apriltag-9] [INFO] [1776902382.776783996] [vision_apriltag_node]: Service: Tag 4 found and base-frame pose returned.
[vision_apriltag-9] [INFO] [1776902382.876192397] [vision_apriltag_node]: Service: Tag 4 found and base-frame pose returned.
[vision_apriltag-9] [INFO] [1776902382.912143871] [vision_apriltag_node]: Vision AprilTag: images are arriving, but no AprilTag has been seen for 18.2s.
[ros2_control_node-1] [WARN] [1776902382.947953127] [controller_manager]: Overrun might occur, Total time : 2989.080 us (Expected < 1000.000 us) --> Read time : 36.532 us, Update time : 213.966 us, Write time : 2738.582 us
[vision_apriltag-9] [INFO] [1776902382.979916313] [vision_apriltag_node]: Service: Tag 4 found and base-frame pose returned.
[ros2_control_node-1] [WARN] [1776902383.015529793] [controller_manager]: Overrun detected! The controller manager missed its desired rate of 1000 Hz. The loop took 2.587892 ms (missed cycles : 3).
[vision_apriltag-9] [INFO] [1776902383.078587987] [vision_apriltag_node]: Service: Tag 4 found and base-frame pose returned.
[vision_apriltag-9] [INFO] [1776902383.142123998] [vision_apriltag_node]: Service: Tag 4 found and base-frame pose returned.
[adl_ui-15] 127.0.0.1 - - [22/Apr/2026 19:59:43] "GET /status_json HTTP/1.1" 200 -
[vision_apriltag-9] [INFO] [1776902383.180554007] [vision_apriltag_node]: Service: Tag 4 found and base-frame pose returned.
[vision_apriltag-9] [INFO] [1776902383.280445583] [vision_apriltag_node]: Service: Tag 4 found and base-frame pose returned.
[vision_apriltag-9] [INFO] [1776902383.385103925] [vision_apriltag_node]: Service: Tag 4 found and base-frame pose returned.
[vision_apriltag-9] [INFO] [1776902383.483757826] [vision_apriltag_node]: Service: Tag 4 found and base-frame pose returned.
[vision_apriltag-9] [INFO] [1776902383.583852737] [vision_apriltag_node]: Service: Tag 4 found and base-frame pose returned.
[scene_from_vision-10] [INFO] [1776902383.684276136] [scene_from_vision_node]: Published obj_4 (heartbeat) at x=0.657, y=-0.039, z=0.147, yaw=+2.4deg
[vision_apriltag-9] [INFO] [1776902383.684645120] [vision_apriltag_node]: Service: Tag 4 found and base-frame pose returned.
[vision_apriltag-9] [INFO] [1776902383.787422640] [vision_apriltag_node]: Service: Tag 4 found and base-frame pose returned.
[vision_apriltag-9] [INFO] [1776902383.888753088] [vision_apriltag_node]: Service: Tag 4 found and base-frame pose returned.
[adl_ui-15] 127.0.0.1 - - [22/Apr/2026 19:59:43] "GET /status_json HTTP/1.1" 200 -
[ros2_control_node-1] [WARN] [1776902383.951013767] [controller_manager]: Overrun might occur, Total time : 3049.785 us (Expected < 1000.000 us) --> Read time : 44.388 us, Update time : 316.193 us, Write time : 2689.204 us
[vision_apriltag-9] [INFO] [1776902383.989538014] [vision_apriltag_node]: Service: Tag 4 found and base-frame pose returned.
[ros2_control_node-1] [WARN] [1776902384.018642417] [controller_manager]: Overrun detected! The controller manager missed its desired rate of 1000 Hz. The loop took 2.700876 ms (missed cycles : 3).
[vision_apriltag-9] [INFO] [1776902384.089621859] [vision_apriltag_node]: Service: Tag 4 found and base-frame pose returned.
[vision_apriltag-9] [INFO] [1776902384.145545771] [vision_apriltag_node]: Service: Tag 4 found and base-frame pose returned.
[vision_apriltag-9] [INFO] [1776902384.192201247] [vision_apriltag_node]: Service: Tag 4 found and base-frame pose returned.
[vision_apriltag-9] [INFO] [1776902384.305324089] [vision_apriltag_node]: Service: Tag 4 found and base-frame pose returned.
[vision_apriltag-9] [INFO] [1776902384.392153771] [vision_apriltag_node]: Service: Tag 4 found and base-frame pose returned.
[vision_apriltag-9] [INFO] [1776902384.493820688] [vision_apriltag_node]: Service: Tag 4 found and base-frame pose returned.
[vision_apriltag-9] [INFO] [1776902384.595307622] [vision_apriltag_node]: Service: Tag 4 found and base-frame pose returned.
[adl_ui-15] 127.0.0.1 - - [22/Apr/2026 19:59:44] "GET /status_json HTTP/1.1" 200 -
[clear_table-13] [WARN] [1776902384.691097977] [clear_table_node]: scan_scene timed out after 3.0s; using current remembered IDs.
[clear_table-13] [INFO] [1776902384.706749309] [clear_table_node]: Two-phase side scan 'side_left' also saw top-grasp IDs [4]; keeping them in the merged target set.
[clear_table-13] [INFO] [1776902384.709271053] [clear_table_node]: Two-phase side scan 'side_left' found no side-grasp IDs.
[clear_table-13] [INFO] [1776902384.742239304] [clear_table_node]: Two-phase scan merged clear-table IDs: [4].
[clear_table-13] [INFO] [1776902384.744730024] [clear_table_node]: Detected 1 objects to clear (IDs, sorted by distance): [4]
[clear_table-13] [INFO] [1776902384.747068596] [clear_table_node]: Scene LOCKED.
[scene_from_vision-10] [INFO] [1776902384.755832627] [scene_from_vision_node]: Scene LOCKED - updates paused.
[clear_table-13] [INFO] [1776902384.898747277] [clear_table_node]: Attempting to clear object Cube (ID 4) attempt 1/1. 1 objects remaining.
[clear_table-13] [INFO] [1776902384.899501552] [clear_table_node]: [Cube] Pre-attempt joints: joint_1=+1.619, joint_2=+1.470, joint_3=-3.115, joint_4=-2.401, joint_5=+1.746, joint_6=+1.411, joint_7=+2.292
[clear_table-13] [INFO] [1776902384.903317580] [clear_table_node]: [Cube] Pre-attempt ee: pos=(0.150, -0.178, 0.088), ori=(0.459, 0.552, 0.536, 0.445)
[clear_table-13] [INFO] [1776902384.904198015] [clear_table_node]: Scene LOCKED.
[scene_from_vision-10] [INFO] [1776902384.907158817] [scene_from_vision_node]: Scene LOCKED - updates paused.
[vision_apriltag-9] [INFO] [1776902384.912934006] [vision_apriltag_node]: Vision AprilTag: scene is locked; detection publishing is paused.
[ros2_control_node-1] [WARN] [1776902384.954921276] [controller_manager]: Overrun might occur, Total time : 2931.171 us (Expected < 1000.000 us) --> Read time : 49.139 us, Update time : 263.647 us, Write time : 2618.385 us
[ros2_control_node-1] [WARN] [1776902385.019698311] [controller_manager]: Overrun detected! The controller manager missed its desired rate of 1000 Hz. The loop took 2.756879 ms (missed cycles : 3).
[clear_table-13] [INFO] [1776902385.060451492] [clear_table_node]: [Cube] Top-grasp XY calibration: CUBE_WORLD_X_OFFSET_M=-0.0200, CUBE_WORLD_Y_OFFSET_M=-0.0063; tag->grasp delta dx=-0.0200, dy=-0.0064.
[clear_table-13] [INFO] [1776902385.066019133] [clear_table_node]: [Cube] Initial target: yaw-free top grasp chose the 90deg symmetric wrist candidate (rotation from reference=1.546 rad).
[clear_table-13] [INFO] [1776902385.068717996] [clear_table_node]: [Cube] stage1_ori_xy=0.350, stage1_ori_z=0.350, retry_ori_xy=0.450, retry_ori_z=0.450, stage1_live_ori=0.450, stage2_prealign=0.350, soft_fail=False, primary_pos_fallback=False, retry_pos_fallback=False, staged_pos_fallback=False, retry_table_reseed=False, ori_mode=approach_axis, plan_s=(12.0/14.0).
[clear_table-13] [INFO] [1776902385.071828110] [clear_table_node]: [Cube] Stage 1: approach (0.657, -0.039, 0.450)
[clear_table-13] [INFO] [1776902385.076122013] [clear_table_node]: Stage 1 Approach Target: pos=(0.657, -0.039, 0.450), ori=(0.692, 0.722, 0.000, 0.000)
[clear_table-13] [INFO] [1776902385.077140173] [clear_table_node]: open_gripper(): opening gripper fully...
[ros2_control_node-1] [INFO] [1776902385.079348503] [robotiq_gripper_controller]: Received & accepted new action goal
[clear_table-13] [INFO] [1776902385.284064926] [clear_table_node]: Gripper reached position=0.007 stalled=False reached_goal=True
[clear_table-13] [INFO] [1776902385.285213994] [clear_table_node]: Added temporary table-top keepout 'clear_table_approach_table_top_keepout' (size=(0.575,0.575,0.080)m, base_z=0.118m, top_z=0.198m).
[adl_ui-15] 127.0.0.1 - - [22/Apr/2026 19:59:45] "GET /status_json HTTP/1.1" 200 -
[clear_table-13] [INFO] [1776902385.438650381] [clear_table_node]: go_to_pose: planning to pose at 0.657,-0.039, 0.450
[move_group-20] [ERROR] [1776902385.439674751] [move_group.moveit.moveit.core.conversions]: Found empty JointState message
[clear_table-13] [INFO] [1776902385.442737277] [clear_table_node]: Start state: collision-valid — no collisions (not a joint-bounds check).
[move_group-20] [INFO] [1776902385.443924974] [move_group.moveit.moveit.ros.move_group.move_action]: MoveGroupMoveAction: Received request
[move_group-20] [INFO] [1776902385.444144431] [move_group.moveit.moveit.ros.move_group.move_action]: executing..
[move_group-20] [INFO] [1776902385.455494203] [move_group.moveit.moveit.ros.move_group.move_action]: Combined planning and execution request received for MoveGroup action. Forwarding to planning and execution pipeline.
[move_group-20] [WARN] [1776902385.455568419] [move_group.moveit.moveit.ros.move_group.capability]: Execution of motions should always start at the robot's current state. Ignoring the state supplied as start state in the motion planning request
[move_group-20] [WARN] [1776902385.455600174] [move_group.moveit.moveit.ros.move_group.capability]: Execution of motions should always start at the robot's current state. Ignoring the state supplied as difference in the planning scene diff
[move_group-20] [INFO] [1776902385.455613267] [move_group.moveit.moveit.ros.plan_execution]: Planning attempt 1 of at most 1
[move_group-20] [INFO] [1776902385.455985017] [move_group]: Calling PlanningRequestAdapter 'ResolveConstraintFrames'
[move_group-20] [INFO] [1776902385.456039571] [move_group]: Calling PlanningRequestAdapter 'ValidateWorkspaceBounds'
[move_group-20] [INFO] [1776902385.456061574] [move_group]: Calling PlanningRequestAdapter 'CheckStartStateBounds'
[move_group-20] [INFO] [1776902385.456101582] [move_group]: Calling PlanningRequestAdapter 'CheckStartStateCollision'
[move_group-20] [INFO] [1776902385.456736640] [move_group.moveit.moveit.planners.ompl.model_based_planning_context]: Planner configuration 'manipulator' will use planner 'geometric::RRTConnect'. Additional configuration parameters will be set when the planner is constructed.
[move_group-20] [INFO] [1776902385.456849526] [move_group]: Calling Planner 'OMPL'
[move_group-20] [INFO] [1776902385.530228303] [move_group]: Calling PlanningResponseAdapter 'AddTimeOptimalParameterization'
[move_group-20] [INFO] [1776902385.546635213] [move_group]: Calling PlanningResponseAdapter 'ValidateSolution'
[move_group-20] [INFO] [1776902385.549079477] [move_group]: Calling PlanningResponseAdapter 'DisplayMotionPath'
[move_group-20] [WARN] [1776902385.549301015] [move_group.moveit.moveit.ros.planning_pipeline]: The planner plugin did not fill out the 'planner_id' field of the MotionPlanResponse. Setting it to the planner ID name of the MotionPlanRequest assuming that the planner plugin does warn you if it does not use the requested planner.
[move_group-20] [INFO] [1776902385.549998497] [move_group.moveit.moveit.plugins.simple_controller_manager]: Returned 2 controllers in list
[move_group-20] [INFO] [1776902385.550040341] [move_group.moveit.moveit.plugins.simple_controller_manager]: Returned 2 controllers in list
[move_group-20] [INFO] [1776902385.550450213] [move_group.moveit.moveit.ros.trajectory_execution_manager]: Validating trajectory with allowed_start_tolerance 0.01
[move_group-20] [INFO] [1776902385.555215785] [move_group.moveit.moveit.ros.trajectory_execution_manager]: Starting trajectory execution ...
[move_group-20] [INFO] [1776902385.555294893] [move_group.moveit.moveit.plugins.simple_controller_manager]: Returned 2 controllers in list
[move_group-20] [INFO] [1776902385.555333537] [move_group.moveit.moveit.plugins.simple_controller_manager]: Returned 2 controllers in list
[move_group-20] [INFO] [1776902385.555514904] [moveit.simple_controller_manager.follow_joint_trajectory_controller_handle]: sending trajectory to joint_trajectory_controller
[ros2_control_node-1] [INFO] [1776902385.556259415] [joint_trajectory_controller]: Received new action goal
[ros2_control_node-1] [INFO] [1776902385.556349567] [joint_trajectory_controller]: Accepted new action goal
[move_group-20] [INFO] [1776902385.557244003] [moveit.simple_controller_manager.follow_joint_trajectory_controller_handle]: joint_trajectory_controller started execution
[move_group-20] [INFO] [1776902385.557276839] [moveit.simple_controller_manager.follow_joint_trajectory_controller_handle]: Goal request accepted!
[joint_state_sanitizer-3] [WARN] [1776902385.769354638] [joint_state_sanitizer_node]: [joint_state_sanitizer] Published sanitized joint state: joint_3:-3.134->-3.132
[ros2_control_node-1] [WARN] [1776902385.957544854] [controller_manager]: Overrun might occur, Total time : 5560.950 us (Expected < 1000.000 us) --> Read time : 48.314 us, Update time : 306.890 us, Write time : 5205.746 us
[ros2_control_node-1] [WARN] [1776902386.022776177] [controller_manager]: Overrun detected! The controller manager missed its desired rate of 1000 Hz. The loop took 2.835361 ms (missed cycles : 3).
[adl_ui-15] 127.0.0.1 - - [22/Apr/2026 19:59:46] "GET /status_json HTTP/1.1" 200 -
[vision_apriltag-9] [INFO] [1776902386.911611258] [vision_apriltag_node]: Vision AprilTag: scene is locked; detection publishing is paused.
[adl_ui-15] 127.0.0.1 - - [22/Apr/2026 19:59:46] "GET /status_json HTTP/1.1" 200 -
[ros2_control_node-1] [WARN] [1776902386.959850133] [controller_manager]: Overrun might occur, Total time : 2879.389 us (Expected < 1000.000 us) --> Read time : 40.845 us, Update time : 255.116 us, Write time : 2583.428 us
[ros2_control_node-1] [WARN] [1776902387.024568877] [controller_manager]: Overrun detected! The controller manager missed its desired rate of 1000 Hz. The loop took 2.627949 ms (missed cycles : 3).
[scene_from_vision-10] [INFO] [1776902387.210057797] [scene_from_vision_node]: Scan committed tag 4: raw=33, accepted=33, rejected=0, median tag pose x=0.677, y=-0.032, z=0.175. object center x=0.657, y=-0.039, z=0.147, yaw=+2.4deg. table_delta x=-0.025, y=-0.039.
[scene_from_vision-10] [INFO] [1776902387.211417710] [scene_from_vision_node]: Scene scan complete. Remembered object IDs: [4]
[wrist_camera_usb_publisher-8] [INFO] [1776902387.614127937] [wrist_camera_usb_publisher_node]: USB camera publisher heartbeat: publishing 1280x720 frames on /wrist_mounted_camera/image; camera_info fx=920.87, fy=921.57, cx=644.76, cy=343.15.
[adl_ui-15] 127.0.0.1 - - [22/Apr/2026 19:59:47] "GET /status_json HTTP/1.1" 200 -
[ros2_control_node-1] [WARN] [1776902387.961839168] [controller_manager]: Overrun might occur, Total time : 2876.269 us (Expected < 1000.000 us) --> Read time : 41.717 us, Update time : 331.068 us, Write time : 2503.484 us
[ros2_control_node-1] [WARN] [1776902388.026593092] [controller_manager]: Overrun detected! The controller manager missed its desired rate of 1000 Hz. The loop took 2.651259 ms (missed cycles : 3).
[adl_ui-15] 127.0.0.1 - - [22/Apr/2026 19:59:48] "GET /status_json HTTP/1.1" 200 -
[vision_apriltag-9] [INFO] [1776902388.912350786] [vision_apriltag_node]: Vision AprilTag: scene is locked; detection publishing is paused.
[ros2_control_node-1] [WARN] [1776902388.962431566] [controller_manager]: Overrun might occur, Total time : 2455.058 us (Expected < 1000.000 us) --> Read time : 32.730 us, Update time : 250.416 us, Write time : 2171.912 us
[ros2_control_node-1] [WARN] [1776902389.028666280] [controller_manager]: Overrun detected! The controller manager missed its desired rate of 1000 Hz. The loop took 2.725063 ms (missed cycles : 3).
[adl_ui-15] 127.0.0.1 - - [22/Apr/2026 19:59:49] "GET /status_json HTTP/1.1" 200 -
[vision_apriltag-9] [WARN] [1776902389.745079720] [vision_apriltag_node]: Tag ID 4 did not produce a fresh base_link pose within 5.0s.
[scene_from_vision-10] [WARN] [1776902389.748423837] [scene_from_vision_node]: Failed to get pose for tag ID 4: Tag ID 4 did not produce a fresh base_link pose within 5.0s.
[adl_ui-15] 127.0.0.1 - - [22/Apr/2026 19:59:49] "GET /status_json HTTP/1.1" 200 -
[ros2_control_node-1] [WARN] [1776902389.963542553] [controller_manager]: Overrun might occur, Total time : 2581.402 us (Expected < 1000.000 us) --> Read time : 26.484 us, Update time : 212.231 us, Write time : 2342.687 us
[ros2_control_node-1] [WARN] [1776902390.030975759] [controller_manager]: Overrun detected! The controller manager missed its desired rate of 1000 Hz. The loop took 3.033341 ms (missed cycles : 4).
[adl_ui-15] 127.0.0.1 - - [22/Apr/2026 19:59:50] "GET /status_json HTTP/1.1" 200 -
[vision_apriltag-9] [INFO] [1776902390.911758049] [vision_apriltag_node]: Vision AprilTag: scene is locked; detection publishing is paused.
[ros2_control_node-1] [WARN] [1776902390.965367058] [controller_manager]: Overrun might occur, Total time : 3400.585 us (Expected < 1000.000 us) --> Read time : 77.929 us, Update time : 396.978 us, Write time : 2925.678 us
[ros2_control_node-1] [WARN] [1776902391.034530831] [controller_manager]: Overrun detected! The controller manager missed its desired rate of 1000 Hz. The loop took 6.589328 ms (missed cycles : 7).
[adl_ui-15] 127.0.0.1 - - [22/Apr/2026 19:59:51] "GET /status_json HTTP/1.1" 200 -
[ros2_control_node-1] [WARN] [1776902391.967728133] [controller_manager]: Overrun might occur, Total time : 2769.888 us (Expected < 1000.000 us) --> Read time : 29.211 us, Update time : 242.409 us, Write time : 2498.268 us
[ros2_control_node-1] [WARN] [1776902392.035034630] [controller_manager]: Overrun detected! The controller manager missed its desired rate of 1000 Hz. The loop took 3.093325 ms (missed cycles : 4).
[adl_ui-15] 127.0.0.1 - - [22/Apr/2026 19:59:52] "GET /status_json HTTP/1.1" 200 -
[wrist_camera_usb_publisher-8] [INFO] [1776902392.774075525] [wrist_camera_usb_publisher_node]: USB camera publisher heartbeat: publishing 1280x720 frames on /wrist_mounted_camera/image; camera_info fx=920.87, fy=921.57, cx=644.76, cy=343.15.
[vision_apriltag-9] [INFO] [1776902392.911491497] [vision_apriltag_node]: Vision AprilTag: scene is locked; detection publishing is paused.
[adl_ui-15] 127.0.0.1 - - [22/Apr/2026 19:59:52] "GET /status_json HTTP/1.1" 200 -
[ros2_control_node-1] [WARN] [1776902392.968377268] [controller_manager]: Overrun might occur, Total time : 2422.803 us (Expected < 1000.000 us) --> Read time : 24.646 us, Update time : 181.897 us, Write time : 2216.260 us
[ros2_control_node-1] [WARN] [1776902393.036556457] [controller_manager]: Overrun detected! The controller manager missed its desired rate of 1000 Hz. The loop took 2.614868 ms (missed cycles : 3).
[adl_ui-15] 127.0.0.1 - - [22/Apr/2026 19:59:53] "GET /status_json HTTP/1.1" 200 -
[ros2_control_node-1] [WARN] [1776902393.970719914] [controller_manager]: Overrun might occur, Total time : 2736.490 us (Expected < 1000.000 us) --> Read time : 32.539 us, Update time : 295.252 us, Write time : 2408.699 us
[ros2_control_node-1] [WARN] [1776902394.039306667] [controller_manager]: Overrun detected! The controller manager missed its desired rate of 1000 Hz. The loop took 3.365140 ms (missed cycles : 4).
[adl_ui-15] 127.0.0.1 - - [22/Apr/2026 19:59:54] "GET /status_json HTTP/1.1" 200 -
[vision_apriltag-9] [INFO] [1776902394.911420277] [vision_apriltag_node]: Vision AprilTag: scene is locked; detection publishing is paused.
[ros2_control_node-1] [WARN] [1776902394.973342880] [controller_manager]: Overrun might occur, Total time : 2386.885 us (Expected < 1000.000 us) --> Read time : 31.420 us, Update time : 226.122 us, Write time : 2129.343 us
[ros2_control_node-1] [WARN] [1776902395.039390465] [controller_manager]: Overrun detected! The controller manager missed its desired rate of 1000 Hz. The loop took 2.449024 ms (missed cycles : 3).
[adl_ui-15] 127.0.0.1 - - [22/Apr/2026 19:59:55] "GET /status_json HTTP/1.1" 200 -
[adl_ui-15] 127.0.0.1 - - [22/Apr/2026 19:59:55] "GET /status_json HTTP/1.1" 200 -
[ros2_control_node-1] [WARN] [1776902395.974419432] [controller_manager]: Overrun might occur, Total time : 2459.732 us (Expected < 1000.000 us) --> Read time : 42.447 us, Update time : 199.034 us, Write time : 2218.251 us
[ros2_control_node-1] [WARN] [1776902396.040713692] [controller_manager]: Overrun detected! The controller manager missed its desired rate of 1000 Hz. The loop took 2.772754 ms (missed cycles : 3).
[adl_ui-15] 127.0.0.1 - - [22/Apr/2026 19:59:56] "GET /status_json HTTP/1.1" 200 -
[vision_apriltag-9] [INFO] [1776902396.914101640] [vision_apriltag_node]: Vision AprilTag: scene is locked; detection publishing is paused.
[ros2_control_node-1] [WARN] [1776902396.974705200] [controller_manager]: Overrun might occur, Total time : 2709.835 us (Expected < 1000.000 us) --> Read time : 38.841 us, Update time : 243.030 us, Write time : 2427.964 us
[ros2_control_node-1] [WARN] [1776902397.042141270] [controller_manager]: Overrun detected! The controller manager missed its desired rate of 1000 Hz. The loop took 3.199675 ms (missed cycles : 4).
[adl_ui-15] 127.0.0.1 - - [22/Apr/2026 19:59:57] "GET /status_json HTTP/1.1" 200 -
[wrist_camera_usb_publisher-8] [INFO] [1776902397.935607812] [wrist_camera_usb_publisher_node]: USB camera publisher heartbeat: publishing 1280x720 frames on /wrist_mounted_camera/image; camera_info fx=920.87, fy=921.57, cx=644.76, cy=343.15.
[ros2_control_node-1] [WARN] [1776902397.975506758] [controller_manager]: Overrun might occur, Total time : 2541.877 us (Expected < 1000.000 us) --> Read time : 41.050 us, Update time : 257.474 us, Write time : 2243.353 us
[ros2_control_node-1] [WARN] [1776902398.044510797] [controller_manager]: Overrun detected! The controller manager missed its desired rate of 1000 Hz. The loop took 4.569075 ms (missed cycles : 5).
[adl_ui-15] 127.0.0.1 - - [22/Apr/2026 19:59:58] "GET /status_json HTTP/1.1" 200 -
[ros2_control_node-1] [INFO] [1776902398.678107869] [joint_trajectory_controller]: Goal reached, success!
[move_group-20] [INFO] [1776902398.757416381] [moveit.simple_controller_manager.follow_joint_trajectory_controller_handle]: Controller 'joint_trajectory_controller' successfully finished
[move_group-20] [INFO] [1776902398.816304554] [move_group.moveit.moveit.ros.trajectory_execution_manager]: Completed trajectory execution with status SUCCEEDED ...
[move_group-20] [INFO] [1776902398.825454409] [move_group.moveit.moveit.ros.move_group.move_action]: Solution was found and executed.
[vision_apriltag-9] [INFO] [1776902398.914488514] [vision_apriltag_node]: Vision AprilTag: scene is locked; detection publishing is paused.
[adl_ui-15] 127.0.0.1 - - [22/Apr/2026 19:59:58] "GET /status_json HTTP/1.1" 200 -
[ros2_control_node-1] [WARN] [1776902398.976392687] [controller_manager]: Overrun might occur, Total time : 2406.833 us (Expected < 1000.000 us) --> Read time : 31.136 us, Update time : 198.934 us, Write time : 2176.763 us
[clear_table-13] [INFO] [1776902399.037783366] [clear_table_node]: [Cube] Stage 1 primary pre-refine check: live pose error pos=0.020 m (dx=+0.001, dy=-0.020, dz=-0.003) (limit=0.035), ori=0.122 rad (limit=0.450, mode=approach_axis).
[clear_table-13] [INFO] [1776902399.040123568] [clear_table_node]: [Cube] Stage 1 primary: skipping refine move because live pose is already within tolerance.
[clear_table-13] [INFO] [1776902399.043695393] [clear_table_node]: [Cube] Stage 1 primary settle: live pose error pos=0.020 m (dx=+0.001, dy=-0.020, dz=-0.003) (limit=0.035), ori=0.123 rad (limit=0.450, mode=approach_axis).
[clear_table-13] [INFO] [1776902399.044581461] [clear_table_node]: [Cube] Stage 1 live refresh: using cube max_xy_shift=0.070 m (default=0.050 m).
[clear_table-13] [INFO] [1776902399.045522460] [clear_table_node]: [Cube] Stage 1 live refresh: briefly unlocking scene to re-read the tag from the settled approach pose.
[clear_table-13] [INFO] [1776902399.046296264] [clear_table_node]: Scene UNLOCKED.
[ros2_control_node-1] [WARN] [1776902399.046403902] [controller_manager]: Overrun detected! The controller manager missed its desired rate of 1000 Hz. The loop took 2.462088 ms (missed cycles : 3).
[scene_from_vision-10] [INFO] [1776902399.047670051] [scene_from_vision_node]: Scene UNLOCKED - updates resuming.
[scene_from_vision-10] [INFO] [1776902399.143474819] [scene_from_vision_node]: Published obj_4 (heartbeat) at x=0.657, y=-0.039, z=0.147, yaw=+2.4deg
[vision_apriltag-9] [INFO] [1776902399.649790428] [vision_apriltag_node]: Vision AprilTag detection debug: no tags found after raw/CLAHE/sharp/adaptive/upscaled/tiled passes.
[adl_ui-15] 127.0.0.1 - - [22/Apr/2026 19:59:59] "GET /status_json HTTP/1.1" 200 -
[vision_apriltag-9] [INFO] [1776902399.868917275] [vision_apriltag_node]: Service: Tag 4 found and base-frame pose returned.
[scene_from_vision-10] [INFO] [1776902399.879741390] [scene_from_vision_node]: Scene LOCKED - updates paused.
[clear_table-13] [INFO] [1776902399.880060248] [clear_table_node]: Scene LOCKED.
[ros2_control_node-1] [WARN] [1776902399.977477017] [controller_manager]: Overrun might occur, Total time : 2515.876 us (Expected < 1000.000 us) --> Read time : 32.116 us, Update time : 216.337 us, Write time : 2267.423 us
[clear_table-13] [INFO] [1776902400.032453811] [clear_table_node]: [Cube] Stage 1 live refresh: yaw-free top grasp chose the 90deg symmetric wrist candidate (rotation from reference=0.009 rad).
[clear_table-13] [INFO] [1776902400.033815509] [clear_table_node]: [Cube] Stage 1 live refresh: approach delta dx=+0.039, dy=-0.040, |xy|=0.056 m.
[clear_table-13] [INFO] [1776902400.034488070] [clear_table_node]: [Cube] Stage 1 live refresh target: pos=(0.695, -0.079, 0.450), ori=(0.695, 0.719, 0.000, 0.000)
[clear_table-13] [INFO] [1776902400.035145191] [clear_table_node]: go_to_pose: planning to pose at 0.695,-0.079, 0.450
[move_group-20] [ERROR] [1776902400.036404217] [move_group.moveit.moveit.core.conversions]: Found empty JointState message
[clear_table-13] [INFO] [1776902400.040487846] [clear_table_node]: Start state: collision-valid — no collisions (not a joint-bounds check).
[move_group-20] [INFO] [1776902400.042715655] [move_group.moveit.moveit.ros.move_group.move_action]: MoveGroupMoveAction: Received request
[move_group-20] [INFO] [1776902400.044315602] [move_group.moveit.moveit.ros.move_group.move_action]: executing..
[ros2_control_node-1] [WARN] [1776902400.047464694] [controller_manager]: Overrun detected! The controller manager missed its desired rate of 1000 Hz. The loop took 2.523184 ms (missed cycles : 3).
[move_group-20] [INFO] [1776902400.055586085] [move_group.moveit.moveit.ros.move_group.move_action]: Combined planning and execution request received for MoveGroup action. Forwarding to planning and execution pipeline.
[move_group-20] [WARN] [1776902400.055653433] [move_group.moveit.moveit.ros.move_group.capability]: Execution of motions should always start at the robot's current state. Ignoring the state supplied as start state in the motion planning request
[move_group-20] [WARN] [1776902400.055678186] [move_group.moveit.moveit.ros.move_group.capability]: Execution of motions should always start at the robot's current state. Ignoring the state supplied as difference in the planning scene diff
[move_group-20] [INFO] [1776902400.055691548] [move_group.moveit.moveit.ros.plan_execution]: Planning attempt 1 of at most 1
[move_group-20] [INFO] [1776902400.056788963] [move_group]: Calling PlanningRequestAdapter 'ResolveConstraintFrames'
[move_group-20] [INFO] [1776902400.056852867] [move_group]: Calling PlanningRequestAdapter 'ValidateWorkspaceBounds'
[move_group-20] [INFO] [1776902400.056871744] [move_group]: Calling PlanningRequestAdapter 'CheckStartStateBounds'
[move_group-20] [INFO] [1776902400.056909082] [move_group]: Calling PlanningRequestAdapter 'CheckStartStateCollision'
[move_group-20] [INFO] [1776902400.057412786] [move_group.moveit.moveit.planners.ompl.model_based_planning_context]: Planner configuration 'manipulator' will use planner 'geometric::RRTConnect'. Additional configuration parameters will be set when the planner is constructed.
[move_group-20] [INFO] [1776902400.057739289] [move_group]: Calling Planner 'OMPL'
[move_group-20] [INFO] [1776902400.079646008] [move_group]: Calling PlanningResponseAdapter 'AddTimeOptimalParameterization'
[move_group-20] [INFO] [1776902400.082120912] [move_group]: Calling PlanningResponseAdapter 'ValidateSolution'
[move_group-20] [INFO] [1776902400.082787806] [move_group]: Calling PlanningResponseAdapter 'DisplayMotionPath'
[move_group-20] [WARN] [1776902400.082918882] [move_group.moveit.moveit.ros.planning_pipeline]: The planner plugin did not fill out the 'planner_id' field of the MotionPlanResponse. Setting it to the planner ID name of the MotionPlanRequest assuming that the planner plugin does warn you if it does not use the requested planner.
[move_group-20] [INFO] [1776902400.083109747] [move_group.moveit.moveit.plugins.simple_controller_manager]: Returned 2 controllers in list
[move_group-20] [INFO] [1776902400.083141898] [move_group.moveit.moveit.plugins.simple_controller_manager]: Returned 2 controllers in list
[move_group-20] [INFO] [1776902400.083220354] [move_group.moveit.moveit.ros.trajectory_execution_manager]: Validating trajectory with allowed_start_tolerance 0.01
[move_group-20] [INFO] [1776902400.096550131] [move_group.moveit.moveit.ros.trajectory_execution_manager]: Starting trajectory execution ...
[move_group-20] [INFO] [1776902400.096649630] [move_group.moveit.moveit.plugins.simple_controller_manager]: Returned 2 controllers in list
[move_group-20] [INFO] [1776902400.096695105] [move_group.moveit.moveit.plugins.simple_controller_manager]: Returned 2 controllers in list
[move_group-20] [INFO] [1776902400.096949576] [moveit.simple_controller_manager.follow_joint_trajectory_controller_handle]: sending trajectory to joint_trajectory_controller
[ros2_control_node-1] [INFO] [1776902400.098768423] [joint_trajectory_controller]: Received new action goal
[ros2_control_node-1] [INFO] [1776902400.098849144] [joint_trajectory_controller]: Accepted new action goal
[move_group-20] [INFO] [1776902400.099078714] [moveit.simple_controller_manager.follow_joint_trajectory_controller_handle]: joint_trajectory_controller started execution
[move_group-20] [INFO] [1776902400.099096614] [moveit.simple_controller_manager.follow_joint_trajectory_controller_handle]: Goal request accepted!
[adl_ui-15] 127.0.0.1 - - [22/Apr/2026 20:00:00] "GET /status_json HTTP/1.1" 200 -
[vision_apriltag-9] [INFO] [1776902400.912267264] [vision_apriltag_node]: Vision AprilTag: scene is locked; detection publishing is paused.
[ros2_control_node-1] [WARN] [1776902400.979907264] [controller_manager]: Overrun might occur, Total time : 2942.940 us (Expected < 1000.000 us) --> Read time : 45.009 us, Update time : 315.613 us, Write time : 2582.318 us
[ros2_control_node-1] [WARN] [1776902401.049584789] [controller_manager]: Overrun detected! The controller manager missed its desired rate of 1000 Hz. The loop took 2.643390 ms (missed cycles : 3).
[adl_ui-15] 127.0.0.1 - - [22/Apr/2026 20:00:01] "GET /status_json HTTP/1.1" 200 -
[adl_ui-15] 127.0.0.1 - - [22/Apr/2026 20:00:01] "GET /status_json HTTP/1.1" 200 -
[ros2_control_node-1] [WARN] [1776902401.981771752] [controller_manager]: Overrun might occur, Total time : 2817.272 us (Expected < 1000.000 us) --> Read time : 22.832 us, Update time : 182.258 us, Write time : 2612.182 us
[ros2_control_node-1] [WARN] [1776902402.052427309] [controller_manager]: Overrun detected! The controller manager missed its desired rate of 1000 Hz. The loop took 2.486388 ms (missed cycles : 3).
[ros2_control_node-1] [INFO] [1776902402.205196397] [joint_trajectory_controller]: Goal reached, success!
[move_group-20] [INFO] [1776902402.299695223] [moveit.simple_controller_manager.follow_joint_trajectory_controller_handle]: Controller 'joint_trajectory_controller' successfully finished
[move_group-20] [INFO] [1776902402.355873999] [move_group.moveit.moveit.ros.trajectory_execution_manager]: Completed trajectory execution with status SUCCEEDED ...
[move_group-20] [INFO] [1776902402.356547039] [move_group.moveit.moveit.ros.move_group.move_action]: Solution was found and executed.
[clear_table-13] [INFO] [1776902402.565158188] [clear_table_node]: [Cube] Stage 1 live refresh settle: live pose error pos=0.022 m (dx=+0.014, dy=+0.012, dz=+0.012) (limit=0.025), ori=0.464 rad (limit=0.450, mode=approach_axis).
[clear_table-13] [WARN] [1776902402.567153619] [clear_table_node]: [Cube] Stage 1 live refresh: refined target did not settle cleanly. Keeping the arm where it is, but not adopting the refreshed grasp target.
[clear_table-13] [INFO] [1776902402.568493778] [clear_table_node]: Removed temporary table-top keepout 'clear_table_approach_table_top_keepout'.
[clear_table-13] [INFO] [1776902402.674341938] [clear_table_node]: [Cube] Stage 2: push to grasp (cartesian) (0.657, -0.039, 0.300)
[adl_ui-15] 127.0.0.1 - - [22/Apr/2026 20:00:02] "GET /status_json HTTP/1.1" 200 -
[clear_table-13] [INFO] [1776902402.685602728] [clear_table_node]: [Cube] Stage 2 top prealign orientation error=0.464 rad (limit=0.350, mode=approach_axis).
[clear_table-13] [WARN] [1776902402.690526359] [clear_table_node]: [Cube] Stage 2 top prealign: aligning orientation at approach Z before descend.
[clear_table-13] [INFO] [1776902402.691390615] [clear_table_node]: go_to_pose: planning to pose at 0.657,-0.039, 0.450
[move_group-20] [ERROR] [1776902402.692269862] [move_group.moveit.moveit.core.conversions]: Found empty JointState message
[clear_table-13] [INFO] [1776902402.695175155] [clear_table_node]: Start state: collision-valid — no collisions (not a joint-bounds check).
[move_group-20] [INFO] [1776902402.696509777] [move_group.moveit.moveit.ros.move_group.move_action]: MoveGroupMoveAction: Received request
[move_group-20] [INFO] [1776902402.696687754] [move_group.moveit.moveit.ros.move_group.move_action]: executing..
[move_group-20] [INFO] [1776902402.715246747] [move_group.moveit.moveit.ros.move_group.move_action]: Combined planning and execution request received for MoveGroup action. Forwarding to planning and execution pipeline.
[move_group-20] [WARN] [1776902402.715312618] [move_group.moveit.moveit.ros.move_group.capability]: Execution of motions should always start at the robot's current state. Ignoring the state supplied as start state in the motion planning request
[move_group-20] [WARN] [1776902402.715338505] [move_group.moveit.moveit.ros.move_group.capability]: Execution of motions should always start at the robot's current state. Ignoring the state supplied as difference in the planning scene diff
[move_group-20] [INFO] [1776902402.715351057] [move_group.moveit.moveit.ros.plan_execution]: Planning attempt 1 of at most 1
[move_group-20] [INFO] [1776902402.715786157] [move_group]: Calling PlanningRequestAdapter 'ResolveConstraintFrames'
[move_group-20] [INFO] [1776902402.715829593] [move_group]: Calling PlanningRequestAdapter 'ValidateWorkspaceBounds'
[move_group-20] [INFO] [1776902402.715847654] [move_group]: Calling PlanningRequestAdapter 'CheckStartStateBounds'
[move_group-20] [INFO] [1776902402.715881795] [move_group]: Calling PlanningRequestAdapter 'CheckStartStateCollision'
[move_group-20] [INFO] [1776902402.716260847] [move_group.moveit.moveit.planners.ompl.model_based_planning_context]: Planner configuration 'manipulator' will use planner 'geometric::RRTConnect'. Additional configuration parameters will be set when the planner is constructed.
[move_group-20] [INFO] [1776902402.716339133] [move_group]: Calling Planner 'OMPL'
[move_group-20] [INFO] [1776902402.735038408] [move_group]: Calling PlanningResponseAdapter 'AddTimeOptimalParameterization'
[move_group-20] [INFO] [1776902402.737898783] [move_group]: Calling PlanningResponseAdapter 'ValidateSolution'
[move_group-20] [INFO] [1776902402.739364415] [move_group]: Calling PlanningResponseAdapter 'DisplayMotionPath'
[move_group-20] [WARN] [1776902402.739521551] [move_group.moveit.moveit.ros.planning_pipeline]: The planner plugin did not fill out the 'planner_id' field of the MotionPlanResponse. Setting it to the planner ID name of the MotionPlanRequest assuming that the planner plugin does warn you if it does not use the requested planner.
[move_group-20] [INFO] [1776902402.739720774] [move_group.moveit.moveit.plugins.simple_controller_manager]: Returned 2 controllers in list
[move_group-20] [INFO] [1776902402.740695863] [move_group.moveit.moveit.plugins.simple_controller_manager]: Returned 2 controllers in list
[move_group-20] [INFO] [1776902402.740799485] [move_group.moveit.moveit.ros.trajectory_execution_manager]: Validating trajectory with allowed_start_tolerance 0.01
[move_group-20] [INFO] [1776902402.756387093] [move_group.moveit.moveit.ros.trajectory_execution_manager]: Starting trajectory execution ...
[move_group-20] [INFO] [1776902402.756469313] [move_group.moveit.moveit.plugins.simple_controller_manager]: Returned 2 controllers in list
[move_group-20] [INFO] [1776902402.756507485] [move_group.moveit.moveit.plugins.simple_controller_manager]: Returned 2 controllers in list
[move_group-20] [INFO] [1776902402.756736333] [moveit.simple_controller_manager.follow_joint_trajectory_controller_handle]: sending trajectory to joint_trajectory_controller
[ros2_control_node-1] [INFO] [1776902402.757238640] [joint_trajectory_controller]: Received new action goal
[ros2_control_node-1] [INFO] [1776902402.757306936] [joint_trajectory_controller]: Accepted new action goal
[move_group-20] [INFO] [1776902402.757662947] [moveit.simple_controller_manager.follow_joint_trajectory_controller_handle]: joint_trajectory_controller started execution
[move_group-20] [INFO] [1776902402.757679911] [moveit.simple_controller_manager.follow_joint_trajectory_controller_handle]: Goal request accepted!
[vision_apriltag-9] [INFO] [1776902402.911398958] [vision_apriltag_node]: Vision AprilTag: scene is locked; detection publishing is paused.
[ros2_control_node-1] [WARN] [1776902402.983577926] [controller_manager]: Overrun might occur, Total time : 2616.257 us (Expected < 1000.000 us) --> Read time : 34.520 us, Update time : 242.809 us, Write time : 2338.928 us
[ros2_control_node-1] [WARN] [1776902403.054728872] [controller_manager]: Overrun detected! The controller manager missed its desired rate of 1000 Hz. The loop took 2.787235 ms (missed cycles : 3).
[wrist_camera_usb_publisher-8] [INFO] [1776902403.095469494] [wrist_camera_usb_publisher_node]: USB camera publisher heartbeat: publishing 1280x720 frames on /wrist_mounted_camera/image; camera_info fx=920.87, fy=921.57, cx=644.76, cy=343.15.
[adl_ui-15] 127.0.0.1 - - [22/Apr/2026 20:00:03] "GET /status_json HTTP/1.1" 200 -
[ros2_control_node-1] [WARN] [1776902403.986678918] [controller_manager]: Overrun might occur, Total time : 2709.769 us (Expected < 1000.000 us) --> Read time : 45.376 us, Update time : 221.139 us, Write time : 2443.254 us
[ros2_control_node-1] [WARN] [1776902404.054753341] [controller_manager]: Overrun detected! The controller manager missed its desired rate of 1000 Hz. The loop took 2.811703 ms (missed cycles : 3).
[adl_ui-15] 127.0.0.1 - - [22/Apr/2026 20:00:04] "GET /status_json HTTP/1.1" 200 -
[ros2_control_node-1] [INFO] [1776902404.463092571] [joint_trajectory_controller]: Goal reached, success!
[move_group-20] [INFO] [1776902404.557957297] [moveit.simple_controller_manager.follow_joint_trajectory_controller_handle]: Controller 'joint_trajectory_controller' successfully finished
[move_group-20] [INFO] [1776902404.614883015] [move_group.moveit.moveit.ros.trajectory_execution_manager]: Completed trajectory execution with status SUCCEEDED ...
[move_group-20] [INFO] [1776902404.616529316] [move_group.moveit.moveit.ros.move_group.move_action]: Solution was found and executed.
[clear_table-13] [INFO] [1776902404.829085542] [clear_table_node]: [Cube] Stage 2 top prealign settle: live pose error pos=0.026 m (dx=-0.025, dy=-0.002, dz=+0.004) (limit=0.025), ori=0.439 rad (limit=0.350, mode=approach_axis).
[clear_table-13] [WARN] [1776902404.832962735] [clear_table_node]: [Cube] Stage 2 top prealign: nominal align finished, but the live wrist pose is still outside the strict descend window.
[clear_table-13] [WARN] [1776902404.839341413] [clear_table_node]: [Cube] Stage 2 top prealign failed; trying staged top re-approach before abort.
[clear_table-13] [INFO] [1776902404.839915616] [clear_table_node]: [Cube] Stage 1 top staged fallback target: pos=(0.657, -0.039, 0.580), ori=(0.692, 0.722, 0.000, 0.000)
[clear_table-13] [INFO] [1776902404.840415681] [clear_table_node]: go_to_pose: planning to pose at 0.657,-0.039, 0.580
[move_group-20] [ERROR] [1776902404.842023374] [move_group.moveit.moveit.core.conversions]: Found empty JointState message
[clear_table-13] [INFO] [1776902404.845533309] [clear_table_node]: Start state: collision-valid — no collisions (not a joint-bounds check).
[move_group-20] [INFO] [1776902404.846589133] [move_group.moveit.moveit.ros.move_group.move_action]: MoveGroupMoveAction: Received request
[move_group-20] [INFO] [1776902404.846787109] [move_group.moveit.moveit.ros.move_group.move_action]: executing..
[move_group-20] [INFO] [1776902404.854983328] [move_group.moveit.moveit.ros.move_group.move_action]: Combined planning and execution request received for MoveGroup action. Forwarding to planning and execution pipeline.
[move_group-20] [WARN] [1776902404.855047023] [move_group.moveit.moveit.ros.move_group.capability]: Execution of motions should always start at the robot's current state. Ignoring the state supplied as start state in the motion planning request
[move_group-20] [WARN] [1776902404.855083496] [move_group.moveit.moveit.ros.move_group.capability]: Execution of motions should always start at the robot's current state. Ignoring the state supplied as difference in the planning scene diff
[move_group-20] [INFO] [1776902404.855096999] [move_group.moveit.moveit.ros.plan_execution]: Planning attempt 1 of at most 1
[move_group-20] [INFO] [1776902404.855421298] [move_group]: Calling PlanningRequestAdapter 'ResolveConstraintFrames'
[move_group-20] [INFO] [1776902404.855458440] [move_group]: Calling PlanningRequestAdapter 'ValidateWorkspaceBounds'
[move_group-20] [INFO] [1776902404.855477387] [move_group]: Calling PlanningRequestAdapter 'CheckStartStateBounds'
[move_group-20] [INFO] [1776902404.855509949] [move_group]: Calling PlanningRequestAdapter 'CheckStartStateCollision'
[move_group-20] [INFO] [1776902404.855902777] [move_group.moveit.moveit.planners.ompl.model_based_planning_context]: Planner configuration 'manipulator' will use planner 'geometric::RRTConnect'. Additional configuration parameters will be set when the planner is constructed.
[move_group-20] [INFO] [1776902404.855972329] [move_group]: Calling Planner 'OMPL'
[vision_apriltag-9] [INFO] [1776902404.911642450] [vision_apriltag_node]: Vision AprilTag: scene is locked; detection publishing is paused.
[adl_ui-15] 127.0.0.1 - - [22/Apr/2026 20:00:04] "GET /status_json HTTP/1.1" 200 -
[move_group-20] [INFO] [1776902404.946596155] [move_group]: Calling PlanningResponseAdapter 'AddTimeOptimalParameterization'
[move_group-20] [INFO] [1776902404.948785630] [move_group]: Calling PlanningResponseAdapter 'ValidateSolution'
[move_group-20] [INFO] [1776902404.949702417] [move_group]: Calling PlanningResponseAdapter 'DisplayMotionPath'
[move_group-20] [WARN] [1776902404.949868351] [move_group.moveit.moveit.ros.planning_pipeline]: The planner plugin did not fill out the 'planner_id' field of the MotionPlanResponse. Setting it to the planner ID name of the MotionPlanRequest assuming that the planner plugin does warn you if it does not use the requested planner.
[move_group-20] [INFO] [1776902404.950045504] [move_group.moveit.moveit.plugins.simple_controller_manager]: Returned 2 controllers in list
[move_group-20] [INFO] [1776902404.950082619] [move_group.moveit.moveit.plugins.simple_controller_manager]: Returned 2 controllers in list
[move_group-20] [INFO] [1776902404.951084092] [move_group.moveit.moveit.ros.trajectory_execution_manager]: Validating trajectory with allowed_start_tolerance 0.01
[move_group-20] [INFO] [1776902404.955170159] [move_group.moveit.moveit.ros.trajectory_execution_manager]: Starting trajectory execution ...
[move_group-20] [INFO] [1776902404.955241503] [move_group.moveit.moveit.plugins.simple_controller_manager]: Returned 2 controllers in list
[move_group-20] [INFO] [1776902404.955276844] [move_group.moveit.moveit.plugins.simple_controller_manager]: Returned 2 controllers in list
[move_group-20] [INFO] [1776902404.955487651] [moveit.simple_controller_manager.follow_joint_trajectory_controller_handle]: sending trajectory to joint_trajectory_controller
[ros2_control_node-1] [INFO] [1776902404.956009951] [joint_trajectory_controller]: Received new action goal
[ros2_control_node-1] [INFO] [1776902404.956064957] [joint_trajectory_controller]: Accepted new action goal
[move_group-20] [INFO] [1776902404.956333292] [moveit.simple_controller_manager.follow_joint_trajectory_controller_handle]: joint_trajectory_controller started execution
[move_group-20] [INFO] [1776902404.956347422] [moveit.simple_controller_manager.follow_joint_trajectory_controller_handle]: Goal request accepted!
[ros2_control_node-1] [WARN] [1776902404.988808370] [controller_manager]: Overrun might occur, Total time : 2848.836 us (Expected < 1000.000 us) --> Read time : 31.823 us, Update time : 263.753 us, Write time : 2553.260 us
[ros2_control_node-1] [WARN] [1776902405.056295846] [controller_manager]: Overrun detected! The controller manager missed its desired rate of 1000 Hz. The loop took 2.353422 ms (missed cycles : 3).
[adl_ui-15] 127.0.0.1 - - [22/Apr/2026 20:00:05] "GET /status_json HTTP/1.1" 200 -
[ros2_control_node-1] [WARN] [1776902405.991481186] [controller_manager]: Overrun might occur, Total time : 2497.857 us (Expected < 1000.000 us) --> Read time : 20.072 us, Update time : 145.569 us, Write time : 2332.216 us
[ros2_control_node-1] [WARN] [1776902406.057343397] [controller_manager]: Overrun detected! The controller manager missed its desired rate of 1000 Hz. The loop took 2.402144 ms (missed cycles : 3).
[adl_ui-15] 127.0.0.1 - - [22/Apr/2026 20:00:06] "GET /status_json HTTP/1.1" 200 -
[ros2_control_node-1] [INFO] [1776902406.810211885] [joint_trajectory_controller]: Goal reached, success!
[move_group-20] [INFO] [1776902406.857339787] [moveit.simple_controller_manager.follow_joint_trajectory_controller_handle]: Controller 'joint_trajectory_controller' successfully finished
[vision_apriltag-9] [INFO] [1776902406.911800986] [vision_apriltag_node]: Vision AprilTag: scene is locked; detection publishing is paused.
[move_group-20] [INFO] [1776902406.915113464] [move_group.moveit.moveit.ros.trajectory_execution_manager]: Completed trajectory execution with status SUCCEEDED ...
[move_group-20] [INFO] [1776902406.915319763] [move_group.moveit.moveit.ros.move_group.move_action]: Solution was found and executed.
[ros2_control_node-1] [WARN] [1776902406.992414053] [controller_manager]: Overrun might occur, Total time : 3445.683 us (Expected < 1000.000 us) --> Read time : 38.181 us, Update time : 223.517 us, Write time : 3183.985 us
[clear_table-13] [INFO] [1776902407.019389984] [clear_table_node]: [Cube] Stage 1 top staged fallback descend target: pos=(0.657, -0.039, 0.450), ori=(0.692, 0.722, 0.000, 0.000)
[move_group-20] [INFO] [1776902407.020371441] [move_group.moveit.moveit.ros.move_group.cartesian_path_service_capability]: Received request to compute Cartesian path
[move_group-20] [INFO] [1776902407.020494936] [move_group.moveit.moveit.ros.move_group.cartesian_path_service_capability]: Attempting to follow 1 waypoints for link 'end_effector_link' using a step of 0.005000 m and jump threshold 0.000000 (in global reference frame)
[move_group-20] [INFO] [1776902407.058452606] [move_group.moveit.moveit.ros.move_group.cartesian_path_service_capability]: Computed Cartesian path with 34 points (followed 94.285714% of requested trajectory)
[ros2_control_node-1] [WARN] [1776902407.059542160] [controller_manager]: Overrun detected! The controller manager missed its desired rate of 1000 Hz. The loop took 3.599340 ms (missed cycles : 4).
[clear_table-13] [INFO] [1776902407.062584551] [clear_table_node]: Cartesian path computed with 94.3% success.
[move_group-20] [INFO] [1776902407.063438896] [move_group.moveit.moveit.ros.move_group.clear_octomap_service]: Execution request received
[move_group-20] [INFO] [1776902407.063495919] [move_group.moveit.moveit.plugins.simple_controller_manager]: Returned 2 controllers in list
[move_group-20] [INFO] [1776902407.063520988] [move_group.moveit.moveit.plugins.simple_controller_manager]: Returned 2 controllers in list
[move_group-20] [INFO] [1776902407.063627955] [move_group.moveit.moveit.ros.trajectory_execution_manager]: Validating trajectory with allowed_start_tolerance 0.01
[move_group-20] [INFO] [1776902407.078638739] [move_group.moveit.moveit.ros.trajectory_execution_manager]: Starting trajectory execution ...
[move_group-20] [INFO] [1776902407.078745969] [move_group.moveit.moveit.plugins.simple_controller_manager]: Returned 2 controllers in list
[move_group-20] [INFO] [1776902407.078782516] [move_group.moveit.moveit.plugins.simple_controller_manager]: Returned 2 controllers in list
[move_group-20] [INFO] [1776902407.079185987] [moveit.simple_controller_manager.follow_joint_trajectory_controller_handle]: sending trajectory to joint_trajectory_controller
[ros2_control_node-1] [INFO] [1776902407.079723969] [joint_trajectory_controller]: Received new action goal
[ros2_control_node-1] [INFO] [1776902407.079776920] [joint_trajectory_controller]: Accepted new action goal
[move_group-20] [INFO] [1776902407.080721244] [moveit.simple_controller_manager.follow_joint_trajectory_controller_handle]: joint_trajectory_controller started execution
[move_group-20] [INFO] [1776902407.080745254] [moveit.simple_controller_manager.follow_joint_trajectory_controller_handle]: Goal request accepted!
[adl_ui-15] 127.0.0.1 - - [22/Apr/2026 20:00:07] "GET /status_json HTTP/1.1" 200 -
[adl_ui-15] 127.0.0.1 - - [22/Apr/2026 20:00:07] "GET /status_json HTTP/1.1" 200 -
[ros2_control_node-1] [WARN] [1776902407.992802091] [controller_manager]: Overrun might occur, Total time : 2844.864 us (Expected < 1000.000 us) --> Read time : 25.223 us, Update time : 259.431 us, Write time : 2560.210 us
[ros2_control_node-1] [WARN] [1776902408.062965606] [controller_manager]: Overrun detected! The controller manager missed its desired rate of 1000 Hz. The loop took 3.024770 ms (missed cycles : 4).
[wrist_camera_usb_publisher-8] [INFO] [1776902408.257105110] [wrist_camera_usb_publisher_node]: USB camera publisher heartbeat: publishing 1280x720 frames on /wrist_mounted_camera/image; camera_info fx=920.87, fy=921.57, cx=644.76, cy=343.15.
[ros2_control_node-1] [INFO] [1776902408.521113021] [joint_trajectory_controller]: Goal reached, success!
[move_group-20] [INFO] [1776902408.580909002] [moveit.simple_controller_manager.follow_joint_trajectory_controller_handle]: Controller 'joint_trajectory_controller' successfully finished
[move_group-20] [INFO] [1776902408.635063257] [move_group.moveit.moveit.ros.trajectory_execution_manager]: Completed trajectory execution with status SUCCEEDED ...
[move_group-20] [INFO] [1776902408.635394007] [move_group.moveit.moveit.ros.move_group.clear_octomap_service]: Execution completed: SUCCEEDED
[adl_ui-15] 127.0.0.1 - - [22/Apr/2026 20:00:08] "GET /status_json HTTP/1.1" 200 -
[clear_table-13] [INFO] [1776902408.842858096] [clear_table_node]: [Cube] Stage 1 top staged fallback settle: live pose error pos=0.008 m (dx=-0.001, dy=+0.004, dz=+0.007) (limit=0.035), ori=0.033 rad (limit=0.450, mode=approach_axis).
[clear_table-13] [INFO] [1776902408.844326311] [clear_table_node]: Removed collision object obj_4 from planning scene.
[vision_apriltag-9] [INFO] [1776902408.912551033] [vision_apriltag_node]: Vision AprilTag: scene is locked; detection publishing is paused.
[ros2_control_node-1] [WARN] [1776902408.994152859] [controller_manager]: Overrun might occur, Total time : 3194.166 us (Expected < 1000.000 us) --> Read time : 34.884 us, Update time : 225.611 us, Write time : 2933.671 us
[ros2_control_node-1] [WARN] [1776902409.063665455] [controller_manager]: Overrun detected! The controller manager missed its desired rate of 1000 Hz. The loop took 2.724400 ms (missed cycles : 3).
[adl_ui-15] 127.0.0.1 - - [22/Apr/2026 20:00:09] "GET /status_json HTTP/1.1" 200 -
[clear_table-13] [INFO] [1776902409.598747900] [clear_table_node]: [Cube] Stage 2 start (live/current): pos=(0.656, -0.035, 0.457), ori=(0.695, 0.719, -0.000, 0.016)
[ros2_control_node-1] [INFO] [1776902409.604519519] [controller_manager]: Activating controllers: [ twist_controller ]
[ros2_control_node-1] [INFO] [1776902409.604547673] [controller_manager]: Deactivating controllers: [ joint_trajectory_controller ]
[ros2_control_node-1] [INFO] [1776902409.953730175] [controller_manager]: Successfully switched controllers!
[ros2_control_node-1] [WARN] [1776902410.004382032] [controller_manager]: Overrun might occur, Total time : 198417.299 us (Expected < 1000.000 us) --> Read time : 36.644 us, Update time : 147696.464 us (Switch time : 147469.763 us (Switch chained mode time : 1.129 us, perform mode change time : 147144.367 us, Activation time : 167.462 us, Deactivation time : 149.180 us)), Write time : 50684.191 us
[clear_table-13] [INFO] [1776902410.009554273] [clear_table_node]: [Cube] Stage 2 top descend: using twist_controller for a 0.157 m short Cartesian move.
[ros2_control_node-1] [WARN] [1776902410.054161188] [controller_manager]: Overrun might occur, Total time : 49198.536 us (Expected < 1000.000 us) --> Read time : 43.201 us, Update time : 157.975 us, Write time : 48997.360 us
[ros2_control_node-1] [WARN] [1776902410.103472364] [controller_manager]: Overrun detected! The controller manager missed its desired rate of 1000 Hz. The loop took 48.531523 ms (missed cycles : 49).
[adl_ui-15] 127.0.0.1 - - [22/Apr/2026 20:00:10] "GET /status_json HTTP/1.1" 200 -
[vision_apriltag-9] [INFO] [1776902410.913636918] [vision_apriltag_node]: Vision AprilTag: scene is locked; detection publishing is paused.
[adl_ui-15] 127.0.0.1 - - [22/Apr/2026 20:00:10] "GET /status_json HTTP/1.1" 200 -
[clear_table-13] [WARN] [1776902411.036431239] [clear_table_node]: [Cube] Stage 2 top descend: twist motion stopped making progress; falling back to MoveIt.
[ros2_control_node-1] [WARN] [1776902411.054183461] [controller_manager]: Overrun might occur, Total time : 50224.819 us (Expected < 1000.000 us) --> Read time : 25.045 us, Update time : 99.664 us, Write time : 50100.110 us
[ros2_control_node-1] [WARN] [1776902411.103545136] [controller_manager]: Overrun detected! The controller manager missed its desired rate of 1000 Hz. The loop took 48.604332 ms (missed cycles : 49).
[ros2_control_node-1] [INFO] [1776902411.204509063] [controller_manager]: Activating controllers: [ joint_trajectory_controller ]
[ros2_control_node-1] [INFO] [1776902411.204550238] [controller_manager]: Deactivating controllers: [ twist_controller ]
[ros2_control_node-1] [INFO] [1776902411.538554112] [controller_manager]: Successfully switched controllers!
[ros2_control_node-1] [WARN] [1776902411.540742561] [controller_manager]: Overrun might occur, Total time : 132779.712 us (Expected < 1000.000 us) --> Read time : 39.538 us, Update time : 130495.866 us (Switch time : 130369.610 us (Switch chained mode time : 1.390 us, perform mode change time : 129583.441 us, Activation time : 670.389 us, Deactivation time : 106.671 us)), Write time : 2244.308 us
[clear_table-13] [WARN] [1776902411.550316611] [clear_table_node]: [Cube] Stage 2 short-motion servo attempt did not complete cleanly; falling back to MoveIt Cartesian planning.
[move_group-20] [INFO] [1776902411.551007497] [move_group.moveit.moveit.ros.move_group.cartesian_path_service_capability]: Received request to compute Cartesian path
[move_group-20] [INFO] [1776902411.551113060] [move_group.moveit.moveit.ros.move_group.cartesian_path_service_capability]: Attempting to follow 1 waypoints for link 'end_effector_link' using a step of 0.010000 m and jump threshold 0.000000 (in global reference frame)
[move_group-20] [INFO] [1776902411.557004817] [move_group.moveit.moveit.ros.move_group.cartesian_path_service_capability]: Computed Cartesian path with 19 points (followed 100.000000% of requested trajectory)
[clear_table-13] [INFO] [1776902411.560158679] [clear_table_node]: Cartesian path computed with 100.0% success.
[move_group-20] [INFO] [1776902411.561133473] [move_group.moveit.moveit.ros.move_group.clear_octomap_service]: Execution request received
[move_group-20] [INFO] [1776902411.561190104] [move_group.moveit.moveit.plugins.simple_controller_manager]: Returned 2 controllers in list
[move_group-20] [INFO] [1776902411.561216520] [move_group.moveit.moveit.plugins.simple_controller_manager]: Returned 2 controllers in list
[move_group-20] [INFO] [1776902411.561294941] [move_group.moveit.moveit.ros.trajectory_execution_manager]: Validating trajectory with allowed_start_tolerance 0.01
[move_group-20] [INFO] [1776902411.575427721] [move_group.moveit.moveit.ros.trajectory_execution_manager]: Starting trajectory execution ...
[move_group-20] [INFO] [1776902411.575499475] [move_group.moveit.moveit.plugins.simple_controller_manager]: Returned 2 controllers in list
[move_group-20] [INFO] [1776902411.575535310] [move_group.moveit.moveit.plugins.simple_controller_manager]: Returned 2 controllers in list
[move_group-20] [INFO] [1776902411.575727468] [moveit.simple_controller_manager.follow_joint_trajectory_controller_handle]: sending trajectory to joint_trajectory_controller
[ros2_control_node-1] [INFO] [1776902411.576314479] [joint_trajectory_controller]: Received new action goal
[ros2_control_node-1] [INFO] [1776902411.577107430] [joint_trajectory_controller]: Accepted new action goal
[move_group-20] [INFO] [1776902411.577551793] [moveit.simple_controller_manager.follow_joint_trajectory_controller_handle]: joint_trajectory_controller started execution
[move_group-20] [INFO] [1776902411.577567375] [moveit.simple_controller_manager.follow_joint_trajectory_controller_handle]: Goal request accepted!
[adl_ui-15] 127.0.0.1 - - [22/Apr/2026 20:00:11] "GET /status_json HTTP/1.1" 200 -
[ros2_control_node-1] [WARN] [1776902412.055478003] [controller_manager]: Overrun might occur, Total time : 2512.614 us (Expected < 1000.000 us) --> Read time : 33.885 us, Update time : 221.961 us, Write time : 2256.768 us
[ros2_control_node-1] [WARN] [1776902412.103895105] [controller_manager]: Overrun detected! The controller manager missed its desired rate of 1000 Hz. The loop took 2.954224 ms (missed cycles : 3).
[adl_ui-15] 127.0.0.1 - - [22/Apr/2026 20:00:12] "GET /status_json HTTP/1.1" 200 -
[vision_apriltag-9] [INFO] [1776902412.911964530] [vision_apriltag_node]: Vision AprilTag: scene is locked; detection publishing is paused.
[ros2_control_node-1] [WARN] [1776902413.056711001] [controller_manager]: Overrun might occur, Total time : 2748.420 us (Expected < 1000.000 us) --> Read time : 27.699 us, Update time : 234.545 us, Write time : 2486.176 us
[ros2_control_node-1] [WARN] [1776902413.105981607] [controller_manager]: Overrun detected! The controller manager missed its desired rate of 1000 Hz. The loop took 4.039807 ms (missed cycles : 5).
[adl_ui-15] 127.0.0.1 - - [22/Apr/2026 20:00:13] "GET /status_json HTTP/1.1" 200 -
[wrist_camera_usb_publisher-8] [INFO] [1776902413.418830966] [wrist_camera_usb_publisher_node]: USB camera publisher heartbeat: publishing 1280x720 frames on /wrist_mounted_camera/image; camera_info fx=920.87, fy=921.57, cx=644.76, cy=343.15.
[ros2_control_node-1] [INFO] [1776902413.903179066] [joint_trajectory_controller]: Goal reached, success!
[adl_ui-15] 127.0.0.1 - - [22/Apr/2026 20:00:13] "GET /status_json HTTP/1.1" 200 -
[move_group-20] [INFO] [1776902413.978292275] [moveit.simple_controller_manager.follow_joint_trajectory_controller_handle]: Controller 'joint_trajectory_controller' successfully finished
[move_group-20] [INFO] [1776902414.034985671] [move_group.moveit.moveit.ros.trajectory_execution_manager]: Completed trajectory execution with status SUCCEEDED ...
[move_group-20] [INFO] [1776902414.035356013] [move_group.moveit.moveit.ros.move_group.clear_octomap_service]: Execution completed: SUCCEEDED
[ros2_control_node-1] [WARN] [1776902414.057102959] [controller_manager]: Overrun might occur, Total time : 3144.363 us (Expected < 1000.000 us) --> Read time : 32.734 us, Update time : 221.950 us, Write time : 2889.679 us
[ros2_control_node-1] [WARN] [1776902414.107637083] [controller_manager]: Overrun detected! The controller manager missed its desired rate of 1000 Hz. The loop took 2.696247 ms (missed cycles : 3).
[clear_table-13] [INFO] [1776902414.243853054] [clear_table_node]: [Cube] Stage 2 pre-close settle: live pose error pos=0.000 m (dx=-0.000, dy=-0.000, dz=-0.000) (limit=0.025), ori=0.001 rad (limit=0.350, mode=approach_axis).
[clear_table-13] [INFO] [1776902414.250797145] [clear_table_node]: [Cube] Stage 3: close gripper begun. Closing to width 0.30917647058823533m
[clear_table-13] [INFO] [1776902414.251590666] [clear_table_node]: close_gripper(): closing gripper to width=0.309rad, force=20.0N
[ros2_control_node-1] [INFO] [1776902414.252370069] [robotiq_gripper_controller]: Received & accepted new action goal
[clear_table-13] [INFO] [1776902414.559394959] [clear_table_node]: Gripper reached position=0.302 stalled=False reached_goal=True
[adl_ui-15] 127.0.0.1 - - [22/Apr/2026 20:00:14] "GET /status_json HTTP/1.1" 200 -
[clear_table-13] [INFO] [1776902414.863996445] [clear_table_node]: Attached object obj_4 to end_effector_link with geometry for tag ID 4.
[vision_apriltag-9] [INFO] [1776902414.911419323] [vision_apriltag_node]: Vision AprilTag: scene is locked; detection publishing is paused.
[ros2_control_node-1] [WARN] [1776902415.057886089] [controller_manager]: Overrun might occur, Total time : 2921.343 us (Expected < 1000.000 us) --> Read time : 42.624 us, Update time : 277.010 us, Write time : 2601.709 us
[ros2_control_node-1] [WARN] [1776902415.110559387] [controller_manager]: Overrun detected! The controller manager missed its desired rate of 1000 Hz. The loop took 2.618488 ms (missed cycles : 3).
[clear_table-13] [INFO] [1776902415.365059303] [clear_table_node]: Marked ID 4 as PICKED/REMOVED.
[scene_from_vision-10] [INFO] [1776902415.366640024] [scene_from_vision_node]: Marked tag ID 4 as picked.
[move_group-20] [WARN] [1776902415.367390430] [move_group.moveit.moveit.core.planning_scene]: Tried to remove world object 'obj_4', but it does not exist in this scene.
[move_group-20] [WARN] [1776902415.367438365] [move_group.moveit.moveit.core.planning_scene]: Tried to remove world object 'placed_4', but it does not exist in this scene.
[move_group-20] [WARN] [1776902415.368061936] [move_group.moveit.moveit.core.planning_scene]: Tried to remove world object 'obj_4', but it does not exist in this scene.
[move_group-20] [WARN] [1776902415.368096048] [move_group.moveit.moveit.core.planning_scene]: Tried to remove world object 'placed_4', but it does not exist in this scene.
[rviz2-21] [WARN] [1776902415.368449596] [rviz2_moveit.moveit.core.planning_scene]: Tried to remove world object 'obj_4', but it does not exist in this scene.
[rviz2-21] [WARN] [1776902415.368490686] [rviz2_moveit.moveit.core.planning_scene]: Tried to remove world object 'placed_4', but it does not exist in this scene.
[clear_table-13] [INFO] [1776902415.370523849] [clear_table_node]: [Cube] Stage 3 settled (live/current): pos=(0.657, -0.039, 0.299), ori=(0.692, 0.722, -0.000, -0.000)
[scene_from_vision-10] [WARN] [1776902415.370849258] [scene_from_vision_node]: /apply_planning_scene rejected picked cleanup for tag 4.
[clear_table-13] [INFO] [1776902415.375652531] [clear_table_node]: [Cube] Stage 4: lift up to z=0.449
[move_group-20] [INFO] [1776902415.377026348] [move_group.moveit.moveit.ros.move_group.cartesian_path_service_capability]: Received request to compute Cartesian path
[move_group-20] [INFO] [1776902415.377245785] [move_group.moveit.moveit.ros.move_group.cartesian_path_service_capability]: Attempting to follow 1 waypoints for link 'end_effector_link' using a step of 0.010000 m and jump threshold 0.000000 (in global reference frame)
[move_group-20] [INFO] [1776902415.400671056] [move_group.moveit.moveit.ros.move_group.cartesian_path_service_capability]: Computed Cartesian path with 15 points (followed 93.333333% of requested trajectory)
[clear_table-13] [INFO] [1776902415.404884677] [clear_table_node]: Cartesian path computed with 93.3% success.
[clear_table-13] [ERROR] [1776902415.405964662] [clear_table_node]: Cartesian path only 93.3% complete — aborting.Last waypoint was (0.657, -0.039, 0.449).
[clear_table-13] [WARN] [1776902415.413540364] [clear_table_node]: [Cube] Stage 4 direct lift failed; retrying with segmented vertical lift.
[move_group-20] [INFO] [1776902415.419080053] [move_group.moveit.moveit.ros.move_group.cartesian_path_service_capability]: Received request to compute Cartesian path
[move_group-20] [INFO] [1776902415.419200728] [move_group.moveit.moveit.ros.move_group.cartesian_path_service_capability]: Attempting to follow 1 waypoints for link 'end_effector_link' using a step of 0.010000 m and jump threshold 0.000000 (in global reference frame)
[move_group-20] [INFO] [1776902415.420030228] [move_group.moveit.moveit.ros.move_group.cartesian_path_service_capability]: Computed Cartesian path with 4 points (followed 100.000000% of requested trajectory)
[clear_table-13] [INFO] [1776902415.423447607] [clear_table_node]: Cartesian path computed with 100.0% success.
[move_group-20] [INFO] [1776902415.424106572] [move_group.moveit.moveit.ros.move_group.clear_octomap_service]: Execution request received
[move_group-20] [INFO] [1776902415.424150437] [move_group.moveit.moveit.plugins.simple_controller_manager]: Returned 2 controllers in list
[move_group-20] [INFO] [1776902415.424174198] [move_group.moveit.moveit.plugins.simple_controller_manager]: Returned 2 controllers in list
[move_group-20] [INFO] [1776902415.424236377] [move_group.moveit.moveit.ros.trajectory_execution_manager]: Validating trajectory with allowed_start_tolerance 0.01
[adl_ui-15] 127.0.0.1 - - [22/Apr/2026 20:00:15] "GET /status_json HTTP/1.1" 200 -
[move_group-20] [INFO] [1776902415.436775978] [move_group.moveit.moveit.ros.trajectory_execution_manager]: Starting trajectory execution ...
[move_group-20] [INFO] [1776902415.436847185] [move_group.moveit.moveit.plugins.simple_controller_manager]: Returned 2 controllers in list
[move_group-20] [INFO] [1776902415.436880358] [move_group.moveit.moveit.plugins.simple_controller_manager]: Returned 2 controllers in list
[move_group-20] [INFO] [1776902415.437575980] [moveit.simple_controller_manager.follow_joint_trajectory_controller_handle]: sending trajectory to joint_trajectory_controller
[move_group-20] [INFO] [1776902415.438192463] [moveit.simple_controller_manager.follow_joint_trajectory_controller_handle]: joint_trajectory_controller started execution
[move_group-20] [INFO] [1776902415.438209909] [moveit.simple_controller_manager.follow_joint_trajectory_controller_handle]: Goal request accepted!
[ros2_control_node-1] [INFO] [1776902415.437916152] [joint_trajectory_controller]: Received new action goal
[ros2_control_node-1] [INFO] [1776902415.437960683] [joint_trajectory_controller]: Accepted new action goal
[ros2_control_node-1] [INFO] [1776902415.760156927] [joint_trajectory_controller]: Goal reached, success!
[move_group-20] [INFO] [1776902415.838721063] [moveit.simple_controller_manager.follow_joint_trajectory_controller_handle]: Controller 'joint_trajectory_controller' successfully finished
[move_group-20] [INFO] [1776902415.895000017] [move_group.moveit.moveit.ros.trajectory_execution_manager]: Completed trajectory execution with status SUCCEEDED ...
[move_group-20] [INFO] [1776902415.895399689] [move_group.moveit.moveit.ros.move_group.clear_octomap_service]: Execution completed: SUCCEEDED
[move_group-20] [INFO] [1776902416.002187200] [move_group.moveit.moveit.ros.move_group.cartesian_path_service_capability]: Received request to compute Cartesian path
[move_group-20] [INFO] [1776902416.002337939] [move_group.moveit.moveit.ros.move_group.cartesian_path_service_capability]: Attempting to follow 1 waypoints for link 'end_effector_link' using a step of 0.010000 m and jump threshold 0.000000 (in global reference frame)
[move_group-20] [INFO] [1776902416.003175738] [move_group.moveit.moveit.ros.move_group.cartesian_path_service_capability]: Computed Cartesian path with 4 points (followed 100.000000% of requested trajectory)
[clear_table-13] [INFO] [1776902416.007568590] [clear_table_node]: Cartesian path computed with 100.0% success.
[move_group-20] [INFO] [1776902416.008250950] [move_group.moveit.moveit.ros.move_group.clear_octomap_service]: Execution request received
[move_group-20] [INFO] [1776902416.008310658] [move_group.moveit.moveit.plugins.simple_controller_manager]: Returned 2 controllers in list
[move_group-20] [INFO] [1776902416.008331045] [move_group.moveit.moveit.plugins.simple_controller_manager]: Returned 2 controllers in list
[move_group-20] [INFO] [1776902416.008378283] [move_group.moveit.moveit.ros.trajectory_execution_manager]: Validating trajectory with allowed_start_tolerance 0.01
[move_group-20] [INFO] [1776902416.016056397] [move_group.moveit.moveit.ros.trajectory_execution_manager]: Starting trajectory execution ...
[move_group-20] [INFO] [1776902416.016162879] [move_group.moveit.moveit.plugins.simple_controller_manager]: Returned 2 controllers in list
[move_group-20] [INFO] [1776902416.016215062] [move_group.moveit.moveit.plugins.simple_controller_manager]: Returned 2 controllers in list
[move_group-20] [INFO] [1776902416.017195143] [moveit.simple_controller_manager.follow_joint_trajectory_controller_handle]: sending trajectory to joint_trajectory_controller
[ros2_control_node-1] [INFO] [1776902416.017925684] [joint_trajectory_controller]: Received new action goal
[ros2_control_node-1] [INFO] [1776902416.017983518] [joint_trajectory_controller]: Accepted new action goal
[move_group-20] [INFO] [1776902416.019535395] [moveit.simple_controller_manager.follow_joint_trajectory_controller_handle]: joint_trajectory_controller started execution
[move_group-20] [INFO] [1776902416.019561570] [moveit.simple_controller_manager.follow_joint_trajectory_controller_handle]: Goal request accepted!
[ros2_control_node-1] [WARN] [1776902416.061528126] [controller_manager]: Overrun might occur, Total time : 3564.452 us (Expected < 1000.000 us) --> Read time : 34.462 us, Update time : 258.128 us, Write time : 3271.862 us
[ros2_control_node-1] [WARN] [1776902416.110851236] [controller_manager]: Overrun detected! The controller manager missed its desired rate of 1000 Hz. The loop took 2.909527 ms (missed cycles : 3).
[adl_ui-15] 127.0.0.1 - - [22/Apr/2026 20:00:16] "GET /status_json HTTP/1.1" 200 -
[ros2_control_node-1] [INFO] [1776902416.372123054] [joint_trajectory_controller]: Goal reached, success!
[move_group-20] [INFO] [1776902416.418689787] [moveit.simple_controller_manager.follow_joint_trajectory_controller_handle]: Controller 'joint_trajectory_controller' successfully finished
[move_group-20] [INFO] [1776902416.474996383] [move_group.moveit.moveit.ros.trajectory_execution_manager]: Completed trajectory execution with status SUCCEEDED ...
[move_group-20] [INFO] [1776902416.475112897] [move_group.moveit.moveit.ros.move_group.clear_octomap_service]: Execution completed: SUCCEEDED
[move_group-20] [INFO] [1776902416.578745127] [move_group.moveit.moveit.ros.move_group.cartesian_path_service_capability]: Received request to compute Cartesian path
[move_group-20] [INFO] [1776902416.578950677] [move_group.moveit.moveit.ros.move_group.cartesian_path_service_capability]: Attempting to follow 1 waypoints for link 'end_effector_link' using a step of 0.010000 m and jump threshold 0.000000 (in global reference frame)
[move_group-20] [INFO] [1776902416.579898114] [move_group.moveit.moveit.ros.move_group.cartesian_path_service_capability]: Computed Cartesian path with 4 points (followed 100.000000% of requested trajectory)
[clear_table-13] [INFO] [1776902416.583519364] [clear_table_node]: Cartesian path computed with 100.0% success.
[move_group-20] [INFO] [1776902416.584666102] [move_group.moveit.moveit.ros.move_group.clear_octomap_service]: Execution request received
[move_group-20] [INFO] [1776902416.584748782] [move_group.moveit.moveit.plugins.simple_controller_manager]: Returned 2 controllers in list
[move_group-20] [INFO] [1776902416.584779533] [move_group.moveit.moveit.plugins.simple_controller_manager]: Returned 2 controllers in list
[move_group-20] [INFO] [1776902416.584846346] [move_group.moveit.moveit.ros.trajectory_execution_manager]: Validating trajectory with allowed_start_tolerance 0.01
[move_group-20] [INFO] [1776902416.595813608] [move_group.moveit.moveit.ros.trajectory_execution_manager]: Starting trajectory execution ...
[move_group-20] [INFO] [1776902416.595880270] [move_group.moveit.moveit.plugins.simple_controller_manager]: Returned 2 controllers in list
[move_group-20] [INFO] [1776902416.595915675] [move_group.moveit.moveit.plugins.simple_controller_manager]: Returned 2 controllers in list
[move_group-20] [INFO] [1776902416.596096334] [moveit.simple_controller_manager.follow_joint_trajectory_controller_handle]: sending trajectory to joint_trajectory_controller
[ros2_control_node-1] [INFO] [1776902416.596443073] [joint_trajectory_controller]: Received new action goal
[ros2_control_node-1] [INFO] [1776902416.596490787] [joint_trajectory_controller]: Accepted new action goal
[move_group-20] [INFO] [1776902416.596876776] [moveit.simple_controller_manager.follow_joint_trajectory_controller_handle]: joint_trajectory_controller started execution
[move_group-20] [INFO] [1776902416.596890327] [moveit.simple_controller_manager.follow_joint_trajectory_controller_handle]: Goal request accepted!
[vision_apriltag-9] [INFO] [1776902416.913320342] [vision_apriltag_node]: Vision AprilTag: scene is locked; detection publishing is paused.
[adl_ui-15] 127.0.0.1 - - [22/Apr/2026 20:00:16] "GET /status_json HTTP/1.1" 200 -
[ros2_control_node-1] [INFO] [1776902416.988152065] [joint_trajectory_controller]: Goal reached, success!
[move_group-20] [INFO] [1776902416.997267761] [moveit.simple_controller_manager.follow_joint_trajectory_controller_handle]: Controller 'joint_trajectory_controller' successfully finished
[move_group-20] [INFO] [1776902417.055386770] [move_group.moveit.moveit.ros.trajectory_execution_manager]: Completed trajectory execution with status SUCCEEDED ...
[move_group-20] [INFO] [1776902417.055848931] [move_group.moveit.moveit.ros.move_group.clear_octomap_service]: Execution completed: SUCCEEDED
[ros2_control_node-1] [WARN] [1776902417.063585295] [controller_manager]: Overrun might occur, Total time : 2627.100 us (Expected < 1000.000 us) --> Read time : 32.720 us, Update time : 167.969 us, Write time : 2426.411 us
[ros2_control_node-1] [WARN] [1776902417.112442712] [controller_manager]: Overrun detected! The controller manager missed its desired rate of 1000 Hz. The loop took 2.501460 ms (missed cycles : 3).
[move_group-20] [INFO] [1776902417.160131102] [move_group.moveit.moveit.ros.move_group.cartesian_path_service_capability]: Received request to compute Cartesian path
[move_group-20] [INFO] [1776902417.160238540] [move_group.moveit.moveit.ros.move_group.cartesian_path_service_capability]: Attempting to follow 1 waypoints for link 'end_effector_link' using a step of 0.010000 m and jump threshold 0.000000 (in global reference frame)
[move_group-20] [INFO] [1776902417.160985743] [move_group.moveit.moveit.ros.move_group.cartesian_path_service_capability]: Computed Cartesian path with 4 points (followed 100.000000% of requested trajectory)
[clear_table-13] [INFO] [1776902417.164291265] [clear_table_node]: Cartesian path computed with 100.0% success.
[move_group-20] [INFO] [1776902417.165433138] [move_group.moveit.moveit.ros.move_group.clear_octomap_service]: Execution request received
[move_group-20] [INFO] [1776902417.165491512] [move_group.moveit.moveit.plugins.simple_controller_manager]: Returned 2 controllers in list
[move_group-20] [INFO] [1776902417.165518639] [move_group.moveit.moveit.plugins.simple_controller_manager]: Returned 2 controllers in list
[move_group-20] [INFO] [1776902417.165587882] [move_group.moveit.moveit.ros.trajectory_execution_manager]: Validating trajectory with allowed_start_tolerance 0.01
[move_group-20] [INFO] [1776902417.175199554] [move_group.moveit.moveit.ros.trajectory_execution_manager]: Starting trajectory execution ...
[move_group-20] [INFO] [1776902417.175272758] [move_group.moveit.moveit.plugins.simple_controller_manager]: Returned 2 controllers in list
[move_group-20] [INFO] [1776902417.175339465] [move_group.moveit.moveit.plugins.simple_controller_manager]: Returned 2 controllers in list
[move_group-20] [INFO] [1776902417.175532069] [moveit.simple_controller_manager.follow_joint_trajectory_controller_handle]: sending trajectory to joint_trajectory_controller
[ros2_control_node-1] [INFO] [1776902417.176067460] [joint_trajectory_controller]: Received new action goal
[ros2_control_node-1] [INFO] [1776902417.176116530] [joint_trajectory_controller]: Accepted new action goal
[move_group-20] [INFO] [1776902417.176468946] [moveit.simple_controller_manager.follow_joint_trajectory_controller_handle]: joint_trajectory_controller started execution
[move_group-20] [INFO] [1776902417.176484233] [moveit.simple_controller_manager.follow_joint_trajectory_controller_handle]: Goal request accepted!
[ros2_control_node-1] [INFO] [1776902417.634087430] [joint_trajectory_controller]: Goal reached, success!
[move_group-20] [INFO] [1776902417.677171213] [moveit.simple_controller_manager.follow_joint_trajectory_controller_handle]: Controller 'joint_trajectory_controller' successfully finished
[adl_ui-15] 127.0.0.1 - - [22/Apr/2026 20:00:17] "GET /status_json HTTP/1.1" 200 -
[move_group-20] [INFO] [1776902417.735483346] [move_group.moveit.moveit.ros.trajectory_execution_manager]: Completed trajectory execution with status SUCCEEDED ...
[move_group-20] [INFO] [1776902417.735653432] [move_group.moveit.moveit.ros.move_group.clear_octomap_service]: Execution completed: SUCCEEDED
[move_group-20] [INFO] [1776902417.841292527] [move_group.moveit.moveit.ros.move_group.cartesian_path_service_capability]: Received request to compute Cartesian path
[move_group-20] [INFO] [1776902417.841457649] [move_group.moveit.moveit.ros.move_group.cartesian_path_service_capability]: Attempting to follow 1 waypoints for link 'end_effector_link' using a step of 0.010000 m and jump threshold 0.000000 (in global reference frame)
[move_group-20] [INFO] [1776902417.842845587] [move_group.moveit.moveit.ros.move_group.cartesian_path_service_capability]: Computed Cartesian path with 4 points (followed 100.000000% of requested trajectory)
[clear_table-13] [INFO] [1776902417.847681995] [clear_table_node]: Cartesian path computed with 100.0% success.
[move_group-20] [INFO] [1776902417.848437915] [move_group.moveit.moveit.ros.move_group.clear_octomap_service]: Execution request received
[move_group-20] [INFO] [1776902417.848489644] [move_group.moveit.moveit.plugins.simple_controller_manager]: Returned 2 controllers in list
[move_group-20] [INFO] [1776902417.848520166] [move_group.moveit.moveit.plugins.simple_controller_manager]: Returned 2 controllers in list
[move_group-20] [INFO] [1776902417.848583669] [move_group.moveit.moveit.ros.trajectory_execution_manager]: Validating trajectory with allowed_start_tolerance 0.01
[move_group-20] [INFO] [1776902417.854916555] [move_group.moveit.moveit.ros.trajectory_execution_manager]: Starting trajectory execution ...
[move_group-20] [INFO] [1776902417.854978593] [move_group.moveit.moveit.plugins.simple_controller_manager]: Returned 2 controllers in list
[move_group-20] [INFO] [1776902417.855014246] [move_group.moveit.moveit.plugins.simple_controller_manager]: Returned 2 controllers in list
[move_group-20] [INFO] [1776902417.855176434] [moveit.simple_controller_manager.follow_joint_trajectory_controller_handle]: sending trajectory to joint_trajectory_controller
[ros2_control_node-1] [INFO] [1776902417.855853963] [joint_trajectory_controller]: Received new action goal
[ros2_control_node-1] [INFO] [1776902417.855905727] [joint_trajectory_controller]: Accepted new action goal
[move_group-20] [INFO] [1776902417.856890760] [moveit.simple_controller_manager.follow_joint_trajectory_controller_handle]: joint_trajectory_controller started execution
[move_group-20] [INFO] [1776902417.856909605] [moveit.simple_controller_manager.follow_joint_trajectory_controller_handle]: Goal request accepted!
[ros2_control_node-1] [WARN] [1776902418.064736906] [controller_manager]: Overrun might occur, Total time : 2770.606 us (Expected < 1000.000 us) --> Read time : 41.138 us, Update time : 314.346 us, Write time : 2415.122 us
[ros2_control_node-1] [WARN] [1776902418.114163039] [controller_manager]: Overrun detected! The controller manager missed its desired rate of 1000 Hz. The loop took 3.221676 ms (missed cycles : 4).
[ros2_control_node-1] [INFO] [1776902418.433192008] [joint_trajectory_controller]: Goal reached, success!
[adl_ui-15] 127.0.0.1 - - [22/Apr/2026 20:00:18] "GET /status_json HTTP/1.1" 200 -
[move_group-20] [INFO] [1776902418.456800374] [moveit.simple_controller_manager.follow_joint_trajectory_controller_handle]: Controller 'joint_trajectory_controller' successfully finished
[move_group-20] [INFO] [1776902418.515395596] [move_group.moveit.moveit.ros.trajectory_execution_manager]: Completed trajectory execution with status SUCCEEDED ...
[move_group-20] [INFO] [1776902418.515863477] [move_group.moveit.moveit.ros.move_group.clear_octomap_service]: Execution completed: SUCCEEDED
[wrist_camera_usb_publisher-8] [INFO] [1776902418.580520000] [wrist_camera_usb_publisher_node]: USB camera publisher heartbeat: publishing 1280x720 frames on /wrist_mounted_camera/image; camera_info fx=920.87, fy=921.57, cx=644.76, cy=343.15.
[move_group-20] [INFO] [1776902418.622212793] [move_group.moveit.moveit.ros.move_group.cartesian_path_service_capability]: Received request to compute Cartesian path
[move_group-20] [INFO] [1776902418.622351036] [move_group.moveit.moveit.ros.move_group.cartesian_path_service_capability]: Attempting to follow 1 waypoints for link 'end_effector_link' using a step of 0.010000 m and jump threshold 0.000000 (in global reference frame)
[move_group-20] [INFO] [1776902418.630588453] [move_group.moveit.moveit.ros.move_group.cartesian_path_service_capability]: Computed Cartesian path with 3 points (followed 66.666667% of requested trajectory)
[clear_table-13] [INFO] [1776902418.633972409] [clear_table_node]: Cartesian path computed with 66.7% success.
[clear_table-13] [ERROR] [1776902418.634560756] [clear_table_node]: Cartesian path only 66.7% complete — aborting.Last waypoint was (0.657, -0.039, 0.449).
[clear_table-13] [WARN] [1776902418.638639152] [clear_table_node]: [Cube] Stage 4 segmented lift failed at step 6/6 toward z=0.449.
[clear_table-13] [ERROR] [1776902418.645171995] [clear_table_node]: Failed to lift object [Cube]. Dropping.
[clear_table-13] [INFO] [1776902418.645947966] [clear_table_node]: open_gripper(): opening gripper fully...
[ros2_control_node-1] [INFO] [1776902418.646702418] [robotiq_gripper_controller]: Received & accepted new action goal
[vision_apriltag-9] [INFO] [1776902418.914292873] [vision_apriltag_node]: Vision AprilTag: scene is locked; detection publishing is paused.
[clear_table-13] [INFO] [1776902419.001171661] [clear_table_node]: Gripper reached position=0.007 stalled=False reached_goal=True
[clear_table-13] [INFO] [1776902419.002434158] [clear_table_node]: Detached object obj_4 from end_effector_link.
[ros2_control_node-1] [WARN] [1776902419.065837726] [controller_manager]: Overrun might occur, Total time : 2861.562 us (Expected < 1000.000 us) --> Read time : 61.895 us, Update time : 313.319 us, Write time : 2486.348 us
[ros2_control_node-1] [WARN] [1776902419.114695177] [controller_manager]: Overrun detected! The controller manager missed its desired rate of 1000 Hz. The loop took 2.753517 ms (missed cycles : 3).
[adl_ui-15] 127.0.0.1 - - [22/Apr/2026 20:00:19] "GET /status_json HTTP/1.1" 200 -
[clear_table-13] [INFO] [1776902419.204092125] [clear_table_node]: Removed collision object obj_4 from planning scene.
[adl_ui-15] 127.0.0.1 - - [22/Apr/2026 20:00:19] "GET /status_json HTTP/1.1" 200 -
[ros2_control_node-1] [WARN] [1776902420.067516749] [controller_manager]: Overrun might occur, Total time : 2560.150 us (Expected < 1000.000 us) --> Read time : 25.929 us, Update time : 204.610 us, Write time : 2329.611 us
[ros2_control_node-1] [WARN] [1776902420.116620138] [controller_manager]: Overrun detected! The controller manager missed its desired rate of 1000 Hz. The loop took 2.678702 ms (missed cycles : 3).
[clear_table-13] [WARN] [1776902420.655629086] [clear_table_node]: Recovering motion state. pick and place failure for Cube
[adl_ui-15] 127.0.0.1 - - [22/Apr/2026 20:00:20] "GET /status_json HTTP/1.1" 200 -
[clear_table-13] [INFO] [1776902420.791507350] [clear_table_node]: Parking arm to retract pose (recovery: pick and place failure for Cube).
[vision_apriltag-9] [INFO] [1776902420.912764314] [vision_apriltag_node]: Vision AprilTag: scene is locked; detection publishing is paused.
[clear_table-13] [INFO] [1776902420.925891900] [clear_table_node]: Parking prep: tucking gripper for travel at width=0.120rad.
[clear_table-13] [INFO] [1776902420.926372120] [clear_table_node]: close_gripper(): closing gripper to width=0.120rad, force=10.0N
[ros2_control_node-1] [INFO] [1776902420.926973737] [robotiq_gripper_controller]: Received & accepted new action goal
[ros2_control_node-1] [WARN] [1776902421.070521044] [controller_manager]: Overrun might occur, Total time : 2531.073 us (Expected < 1000.000 us) --> Read time : 26.402 us, Update time : 180.619 us, Write time : 2324.052 us
[clear_table-13] [INFO] [1776902421.081606658] [clear_table_node]: Gripper reached position=0.110 stalled=False reached_goal=True
[clear_table-13] [INFO] [1776902421.081999918] [clear_table_node]: go_retract: planning to RETRACT_JOINTS...
[move_group-20] [ERROR] [1776902421.082742225] [move_group.moveit.moveit.core.conversions]: Found empty JointState message
[clear_table-13] [INFO] [1776902421.085438169] [clear_table_node]: Start state: collision-valid — no collisions (not a joint-bounds check).
[move_group-20] [INFO] [1776902421.086535606] [move_group.moveit.moveit.ros.move_group.move_action]: MoveGroupMoveAction: Received request
[move_group-20] [INFO] [1776902421.086726070] [move_group.moveit.moveit.ros.move_group.move_action]: executing..
[move_group-20] [INFO] [1776902421.095435605] [move_group.moveit.moveit.ros.move_group.move_action]: Combined planning and execution request received for MoveGroup action. Forwarding to planning and execution pipeline.
[move_group-20] [WARN] [1776902421.095499130] [move_group.moveit.moveit.ros.move_group.capability]: Execution of motions should always start at the robot's current state. Ignoring the state supplied as start state in the motion planning request
[move_group-20] [WARN] [1776902421.095524719] [move_group.moveit.moveit.ros.move_group.capability]: Execution of motions should always start at the robot's current state. Ignoring the state supplied as difference in the planning scene diff
[move_group-20] [INFO] [1776902421.095538804] [move_group.moveit.moveit.ros.plan_execution]: Planning attempt 1 of at most 1
[move_group-20] [INFO] [1776902421.095835156] [move_group]: Calling PlanningRequestAdapter 'ResolveConstraintFrames'
[move_group-20] [INFO] [1776902421.095868108] [move_group]: Calling PlanningRequestAdapter 'ValidateWorkspaceBounds'
[move_group-20] [INFO] [1776902421.095885507] [move_group]: Calling PlanningRequestAdapter 'CheckStartStateBounds'
[move_group-20] [INFO] [1776902421.095917910] [move_group]: Calling PlanningRequestAdapter 'CheckStartStateCollision'
[move_group-20] [INFO] [1776902421.096399793] [move_group.moveit.moveit.planners.ompl.model_based_planning_context]: Planner configuration 'manipulator' will use planner 'geometric::RRTConnect'. Additional configuration parameters will be set when the planner is constructed.
[move_group-20] [INFO] [1776902421.097033705] [move_group]: Calling Planner 'OMPL'
[move_group-20] [INFO] [1776902421.112976859] [move_group]: Calling PlanningResponseAdapter 'AddTimeOptimalParameterization'
[ros2_control_node-1] [WARN] [1776902421.119758550] [controller_manager]: Overrun detected! The controller manager missed its desired rate of 1000 Hz. The loop took 2.817473 ms (missed cycles : 3).
[move_group-20] [INFO] [1776902421.130258753] [move_group]: Calling PlanningResponseAdapter 'ValidateSolution'
[move_group-20] [INFO] [1776902421.134315625] [move_group]: Calling PlanningResponseAdapter 'DisplayMotionPath'
[move_group-20] [WARN] [1776902421.134709612] [move_group.moveit.moveit.ros.planning_pipeline]: The planner plugin did not fill out the 'planner_id' field of the MotionPlanResponse. Setting it to the planner ID name of the MotionPlanRequest assuming that the planner plugin does warn you if it does not use the requested planner.
[move_group-20] [INFO] [1776902421.135451580] [move_group.moveit.moveit.plugins.simple_controller_manager]: Returned 2 controllers in list
[move_group-20] [INFO] [1776902421.135527780] [move_group.moveit.moveit.plugins.simple_controller_manager]: Returned 2 controllers in list
[move_group-20] [INFO] [1776902421.135652772] [move_group.moveit.moveit.ros.trajectory_execution_manager]: Validating trajectory with allowed_start_tolerance 0.01
[move_group-20] [INFO] [1776902421.155139969] [move_group.moveit.moveit.ros.trajectory_execution_manager]: Starting trajectory execution ...
[move_group-20] [INFO] [1776902421.155210326] [move_group.moveit.moveit.plugins.simple_controller_manager]: Returned 2 controllers in list
[move_group-20] [INFO] [1776902421.155247797] [move_group.moveit.moveit.plugins.simple_controller_manager]: Returned 2 controllers in list
[move_group-20] [INFO] [1776902421.155508163] [moveit.simple_controller_manager.follow_joint_trajectory_controller_handle]: sending trajectory to joint_trajectory_controller
[ros2_control_node-1] [INFO] [1776902421.156440148] [joint_trajectory_controller]: Received new action goal
[ros2_control_node-1] [INFO] [1776902421.156539504] [joint_trajectory_controller]: Accepted new action goal
[move_group-20] [INFO] [1776902421.156751357] [moveit.simple_controller_manager.follow_joint_trajectory_controller_handle]: joint_trajectory_controller started execution
[move_group-20] [INFO] [1776902421.156766455] [moveit.simple_controller_manager.follow_joint_trajectory_controller_handle]: Goal request accepted!
[adl_ui-15] 127.0.0.1 - - [22/Apr/2026 20:00:21] "GET /status_json HTTP/1.1" 200 -
[ros2_control_node-1] [WARN] [1776902422.072818617] [controller_manager]: Overrun might occur, Total time : 2833.593 us (Expected < 1000.000 us) --> Read time : 35.869 us, Update time : 286.821 us, Write time : 2510.903 us
[ros2_control_node-1] [WARN] [1776902422.120578706] [controller_manager]: Overrun detected! The controller manager missed its desired rate of 1000 Hz. The loop took 2.636891 ms (missed cycles : 3).
[adl_ui-15] 127.0.0.1 - - [22/Apr/2026 20:00:22] "GET /status_json HTTP/1.1" 200 -
[vision_apriltag-9] [INFO] [1776902422.911565326] [vision_apriltag_node]: Vision AprilTag: scene is locked; detection publishing is paused.
[adl_ui-15] 127.0.0.1 - - [22/Apr/2026 20:00:22] "GET /status_json HTTP/1.1" 200 -
[ros2_control_node-1] [WARN] [1776902423.075699075] [controller_manager]: Overrun might occur, Total time : 2734.159 us (Expected < 1000.000 us) --> Read time : 38.909 us, Update time : 302.554 us, Write time : 2392.696 us
[ros2_control_node-1] [WARN] [1776902423.123756773] [controller_manager]: Overrun detected! The controller manager missed its desired rate of 1000 Hz. The loop took 2.814861 ms (missed cycles : 3).
[adl_ui-15] 127.0.0.1 - - [22/Apr/2026 20:00:23] "GET /status_json HTTP/1.1" 200 -
[wrist_camera_usb_publisher-8] [INFO] [1776902423.739332311] [wrist_camera_usb_publisher_node]: USB camera publisher heartbeat: publishing 1280x720 frames on /wrist_mounted_camera/image; camera_info fx=920.87, fy=921.57, cx=644.76, cy=343.15.
[ros2_control_node-1] [WARN] [1776902424.076147128] [controller_manager]: Overrun might occur, Total time : 3183.370 us (Expected < 1000.000 us) --> Read time : 28.257 us, Update time : 217.644 us, Write time : 2937.469 us
[ros2_control_node-1] [WARN] [1776902424.125717441] [controller_manager]: Overrun detected! The controller manager missed its desired rate of 1000 Hz. The loop took 2.763740 ms (missed cycles : 3).
[adl_ui-15] 127.0.0.1 - - [22/Apr/2026 20:00:24] "GET /status_json HTTP/1.1" 200 -
[vision_apriltag-9] [INFO] [1776902424.911729307] [vision_apriltag_node]: Vision AprilTag: scene is locked; detection publishing is paused.
[ros2_control_node-1] [WARN] [1776902425.078710257] [controller_manager]: Overrun might occur, Total time : 2741.256 us (Expected < 1000.000 us) --> Read time : 50.061 us, Update time : 299.269 us, Write time : 2391.926 us
[ros2_control_node-1] [WARN] [1776902425.129072708] [controller_manager]: Overrun detected! The controller manager missed its desired rate of 1000 Hz. The loop took 3.131673 ms (missed cycles : 4).
[adl_ui-15] 127.0.0.1 - - [22/Apr/2026 20:00:25] "GET /status_json HTTP/1.1" 200 -
[adl_ui-15] 127.0.0.1 - - [22/Apr/2026 20:00:25] "GET /status_json HTTP/1.1" 200 -
[ros2_control_node-1] [WARN] [1776902426.079792510] [controller_manager]: Overrun might occur, Total time : 2833.595 us (Expected < 1000.000 us) --> Read time : 32.425 us, Update time : 251.503 us, Write time : 2549.667 us
[ros2_control_node-1] [WARN] [1776902426.130732545] [controller_manager]: Overrun detected! The controller manager missed its desired rate of 1000 Hz. The loop took 2.790889 ms (missed cycles : 3).
[adl_ui-15] 127.0.0.1 - - [22/Apr/2026 20:00:26] "GET /status_json HTTP/1.1" 200 -
[vision_apriltag-9] [INFO] [1776902426.911556099] [vision_apriltag_node]: Vision AprilTag: scene is locked; detection publishing is paused.
[ros2_control_node-1] [WARN] [1776902427.082506873] [controller_manager]: Overrun might occur, Total time : 2520.610 us (Expected < 1000.000 us) --> Read time : 36.531 us, Update time : 205.016 us, Write time : 2279.063 us
[ros2_control_node-1] [WARN] [1776902427.131758804] [controller_manager]: Overrun detected! The controller manager missed its desired rate of 1000 Hz. The loop took 2.817945 ms (missed cycles : 3).
[adl_ui-15] 127.0.0.1 - - [22/Apr/2026 20:00:27] "GET /status_json HTTP/1.1" 200 -
[ros2_control_node-1] [WARN] [1776902428.084473446] [controller_manager]: Overrun might occur, Total time : 3498.893 us (Expected < 1000.000 us) --> Read time : 74.925 us, Update time : 399.146 us, Write time : 3024.822 us
[ros2_control_node-1] [WARN] [1776902428.133718113] [controller_manager]: Overrun detected! The controller manager missed its desired rate of 1000 Hz. The loop took 2.776828 ms (missed cycles : 3).
[adl_ui-15] 127.0.0.1 - - [22/Apr/2026 20:00:28] "GET /status_json HTTP/1.1" 200 -
[wrist_camera_usb_publisher-8] [INFO] [1776902428.900177549] [wrist_camera_usb_publisher_node]: USB camera publisher heartbeat: publishing 1280x720 frames on /wrist_mounted_camera/image; camera_info fx=920.87, fy=921.57, cx=644.76, cy=343.15.
[vision_apriltag-9] [INFO] [1776902428.912866434] [vision_apriltag_node]: Vision AprilTag: scene is locked; detection publishing is paused.
[adl_ui-15] 127.0.0.1 - - [22/Apr/2026 20:00:28] "GET /status_json HTTP/1.1" 200 -
[ros2_control_node-1] [WARN] [1776902429.085724787] [controller_manager]: Overrun might occur, Total time : 2768.395 us (Expected < 1000.000 us) --> Read time : 27.717 us, Update time : 195.886 us, Write time : 2544.792 us
[ros2_control_node-1] [WARN] [1776902429.134573100] [controller_manager]: Overrun detected! The controller manager missed its desired rate of 1000 Hz. The loop took 2.630553 ms (missed cycles : 3).
[adl_ui-15] 127.0.0.1 - - [22/Apr/2026 20:00:29] "GET /status_json HTTP/1.1" 200 -
[ros2_control_node-1] [WARN] [1776902430.088398248] [controller_manager]: Overrun might occur, Total time : 3434.077 us (Expected < 1000.000 us) --> Read time : 36.366 us, Update time : 278.162 us, Write time : 3119.549 us
[ros2_control_node-1] [WARN] [1776902430.136586562] [controller_manager]: Overrun detected! The controller manager missed its desired rate of 1000 Hz. The loop took 3.644176 ms (missed cycles : 4).
[adl_ui-15] 127.0.0.1 - - [22/Apr/2026 20:00:30] "GET /status_json HTTP/1.1" 200 -
[vision_apriltag-9] [INFO] [1776902430.911429572] [vision_apriltag_node]: Vision AprilTag: scene is locked; detection publishing is paused.
[ros2_control_node-1] [WARN] [1776902431.088531489] [controller_manager]: Overrun might occur, Total time : 2542.325 us (Expected < 1000.000 us) --> Read time : 27.591 us, Update time : 201.519 us, Write time : 2313.215 us
[ros2_control_node-1] [WARN] [1776902431.137525972] [controller_manager]: Overrun detected! The controller manager missed its desired rate of 1000 Hz. The loop took 2.584070 ms (missed cycles : 3).
[adl_ui-15] 127.0.0.1 - - [22/Apr/2026 20:00:31] "GET /status_json HTTP/1.1" 200 -
[adl_ui-15] 127.0.0.1 - - [22/Apr/2026 20:00:31] "GET /status_json HTTP/1.1" 200 -
[ros2_control_node-1] [WARN] [1776902432.090855199] [controller_manager]: Overrun might occur, Total time : 2867.406 us (Expected < 1000.000 us) --> Read time : 20.962 us, Update time : 180.827 us, Write time : 2665.617 us
[ros2_control_node-1] [WARN] [1776902432.139509522] [controller_manager]: Overrun detected! The controller manager missed its desired rate of 1000 Hz. The loop took 2.568349 ms (missed cycles : 3).
[adl_ui-15] 127.0.0.1 - - [22/Apr/2026 20:00:32] "GET /status_json HTTP/1.1" 200 -
[vision_apriltag-9] [INFO] [1776902432.912479619] [vision_apriltag_node]: Vision AprilTag: scene is locked; detection publishing is paused.
[ros2_control_node-1] [WARN] [1776902433.091804097] [controller_manager]: Overrun might occur, Total time : 2845.290 us (Expected < 1000.000 us) --> Read time : 30.252 us, Update time : 188.361 us, Write time : 2626.677 us
[ros2_control_node-1] [WARN] [1776902433.140842643] [controller_manager]: Overrun detected! The controller manager missed its desired rate of 1000 Hz. The loop took 2.901818 ms (missed cycles : 3).
[adl_ui-15] 127.0.0.1 - - [22/Apr/2026 20:00:33] "GET /status_json HTTP/1.1" 200 -
[wrist_camera_usb_publisher-8] [INFO] [1776902434.060537279] [wrist_camera_usb_publisher_node]: USB camera publisher heartbeat: publishing 1280x720 frames on /wrist_mounted_camera/image; camera_info fx=920.87, fy=921.57, cx=644.76, cy=343.15.
[ros2_control_node-1] [WARN] [1776902434.092780459] [controller_manager]: Overrun might occur, Total time : 2797.825 us (Expected < 1000.000 us) --> Read time : 32.674 us, Update time : 259.078 us, Write time : 2506.073 us
[ros2_control_node-1] [WARN] [1776902434.141839153] [controller_manager]: Overrun detected! The controller manager missed its desired rate of 1000 Hz. The loop took 2.897633 ms (missed cycles : 3).
[adl_ui-15] 127.0.0.1 - - [22/Apr/2026 20:00:34] "GET /status_json HTTP/1.1" 200 -
[ros2_control_node-1] [INFO] [1776902434.525110508] [joint_trajectory_controller]: Goal reached, success!
[move_group-20] [INFO] [1776902434.557562042] [moveit.simple_controller_manager.follow_joint_trajectory_controller_handle]: Controller 'joint_trajectory_controller' successfully finished
[move_group-20] [INFO] [1776902434.619455057] [move_group.moveit.moveit.ros.trajectory_execution_manager]: Completed trajectory execution with status SUCCEEDED ...
[move_group-20] [INFO] [1776902434.625470566] [move_group.moveit.moveit.ros.move_group.move_action]: Solution was found and executed.
[move_group-20] [WARN] [1776902434.736825675] [move_group.moveit.moveit.core.planning_scene]: Tried to remove world object 'clear_table_approach_table_top_keepout', but it does not exist in this scene.
[clear_table-13] [INFO] [1776902434.739140219] [clear_table_node]: Removed temporary table-top keepout 'clear_table_approach_table_top_keepout'.
[clear_table-13] [INFO] [1776902434.840037693] [clear_table_node]: Scene UNLOCKED.
[scene_from_vision-10] [INFO] [1776902434.840899628] [scene_from_vision_node]: Scene UNLOCKED - updates resuming.
[vision_apriltag-9] [INFO] [1776902434.912840865] [vision_apriltag_node]: Removed stale tag ID 4 from detected tags
[vision_apriltag-9] [INFO] [1776902434.915841406] [vision_apriltag_node]: Vision AprilTag: images are arriving, but no AprilTag has been seen for 35.1s.
[adl_ui-15] 127.0.0.1 - - [22/Apr/2026 20:00:34] "GET /status_json HTTP/1.1" 200 -
[clear_table-13] [ERROR] [1776902434.992653182] [clear_table_node]: Failed to clear object Cube (ID 4) on attempt 1/1.
[ros2_control_node-1] [WARN] [1776902435.096383576] [controller_manager]: Overrun might occur, Total time : 3421.647 us (Expected < 1000.000 us) --> Read time : 29.489 us, Update time : 249.621 us, Write time : 3142.537 us
[clear_table-13] [INFO] [1776902435.130628172] [clear_table_node]: go_retract: planning to RETRACT_JOINTS...
[move_group-20] [ERROR] [1776902435.131234462] [move_group.moveit.moveit.core.conversions]: Found empty JointState message
[clear_table-13] [INFO] [1776902435.134136511] [clear_table_node]: Start state: collision-valid — no collisions (not a joint-bounds check).
[move_group-20] [INFO] [1776902435.136437889] [move_group.moveit.moveit.ros.move_group.move_action]: MoveGroupMoveAction: Received request
[move_group-20] [INFO] [1776902435.136989606] [move_group.moveit.moveit.ros.move_group.move_action]: executing..
[ros2_control_node-1] [WARN] [1776902435.142519245] [controller_manager]: Overrun detected! The controller manager missed its desired rate of 1000 Hz. The loop took 3.577236 ms (missed cycles : 4).
[move_group-20] [INFO] [1776902435.155224612] [move_group.moveit.moveit.ros.move_group.move_action]: Combined planning and execution request received for MoveGroup action. Forwarding to planning and execution pipeline.
[move_group-20] [WARN] [1776902435.155314426] [move_group.moveit.moveit.ros.move_group.capability]: Execution of motions should always start at the robot's current state. Ignoring the state supplied as start state in the motion planning request
[move_group-20] [WARN] [1776902435.155344389] [move_group.moveit.moveit.ros.move_group.capability]: Execution of motions should always start at the robot's current state. Ignoring the state supplied as difference in the planning scene diff
[move_group-20] [INFO] [1776902435.155361993] [move_group.moveit.moveit.ros.plan_execution]: Planning attempt 1 of at most 1
[move_group-20] [INFO] [1776902435.155767165] [move_group]: Calling PlanningRequestAdapter 'ResolveConstraintFrames'
[move_group-20] [INFO] [1776902435.155809242] [move_group]: Calling PlanningRequestAdapter 'ValidateWorkspaceBounds'
[move_group-20] [INFO] [1776902435.155825675] [move_group]: Calling PlanningRequestAdapter 'CheckStartStateBounds'
[move_group-20] [INFO] [1776902435.155860933] [move_group]: Calling PlanningRequestAdapter 'CheckStartStateCollision'
[move_group-20] [INFO] [1776902435.156302751] [move_group.moveit.moveit.planners.ompl.model_based_planning_context]: Planner configuration 'manipulator' will use planner 'geometric::RRTConnect'. Additional configuration parameters will be set when the planner is constructed.
[move_group-20] [INFO] [1776902435.156592482] [move_group]: Calling Planner 'OMPL'
[move_group-20] [INFO] [1776902435.171433947] [move_group]: Calling PlanningResponseAdapter 'AddTimeOptimalParameterization'
[move_group-20] [INFO] [1776902435.171640820] [move_group]: Calling PlanningResponseAdapter 'ValidateSolution'
[move_group-20] [INFO] [1776902435.171856133] [move_group]: Calling PlanningResponseAdapter 'DisplayMotionPath'
[move_group-20] [WARN] [1776902435.172037553] [move_group.moveit.moveit.ros.planning_pipeline]: The planner plugin did not fill out the 'planner_id' field of the MotionPlanResponse. Setting it to the planner ID name of the MotionPlanRequest assuming that the planner plugin does warn you if it does not use the requested planner.
[move_group-20] [INFO] [1776902435.172203179] [move_group.moveit.moveit.plugins.simple_controller_manager]: Returned 2 controllers in list
[move_group-20] [INFO] [1776902435.172235726] [move_group.moveit.moveit.plugins.simple_controller_manager]: Returned 2 controllers in list
[move_group-20] [INFO] [1776902435.172303937] [move_group.moveit.moveit.ros.trajectory_execution_manager]: Validating trajectory with allowed_start_tolerance 0.01
[move_group-20] [INFO] [1776902435.175286173] [move_group.moveit.moveit.ros.trajectory_execution_manager]: Starting trajectory execution ...
[move_group-20] [INFO] [1776902435.175388903] [move_group.moveit.moveit.plugins.simple_controller_manager]: Returned 2 controllers in list
[move_group-20] [INFO] [1776902435.175437347] [move_group.moveit.moveit.plugins.simple_controller_manager]: Returned 2 controllers in list
[move_group-20] [INFO] [1776902435.175697058] [moveit.simple_controller_manager.follow_joint_trajectory_controller_handle]: sending trajectory to joint_trajectory_controller
[ros2_control_node-1] [INFO] [1776902435.176036517] [joint_trajectory_controller]: Received new action goal
[ros2_control_node-1] [INFO] [1776902435.176090965] [joint_trajectory_controller]: Accepted new action goal
[move_group-20] [INFO] [1776902435.176286204] [moveit.simple_controller_manager.follow_joint_trajectory_controller_handle]: joint_trajectory_controller started execution
[move_group-20] [INFO] [1776902435.176300142] [moveit.simple_controller_manager.follow_joint_trajectory_controller_handle]: Goal request accepted!
[ros2_control_node-1] [INFO] [1776902435.376229347] [joint_trajectory_controller]: Goal reached, success!
[move_group-20] [INFO] [1776902435.382415560] [moveit.simple_controller_manager.follow_joint_trajectory_controller_handle]: Controller 'joint_trajectory_controller' successfully finished
[move_group-20] [INFO] [1776902435.435869982] [move_group.moveit.moveit.ros.trajectory_execution_manager]: Completed trajectory execution with status SUCCEEDED ...
[move_group-20] [INFO] [1776902435.445396851] [move_group.moveit.moveit.ros.move_group.move_action]: Solution was found and executed.
[vision_apriltag-9] [INFO] [1776902435.474897119] [vision_apriltag_node]: Vision AprilTag detection debug: no tags found after raw/CLAHE/sharp/adaptive/upscaled/tiled passes.
[clear_table-13] [INFO] [1776902435.552001436] [clear_table_node]: [Cube failed] transition reseed via retract: OK.
[clear_table-13] [ERROR] [1776902435.654482145] [clear_table_node]: Failed to clear object Cube (ID 4). Retry budget exhausted; skipping and continuing with next object.
[adl_ui-15] 127.0.0.1 - - [22/Apr/2026 20:00:35] "GET /status_json HTTP/1.1" 200 -
[clear_table-13] [INFO] [1776902436.010709897] [clear_table_node]: All objects processed. Waiting for shared controller to park to retract.
[clear_table-13] [INFO] [1776902436.027076187] [clear_table_node]: Clear table task completed: 0/1 objects cleared.
[clear_table-13] [WARN] [1776902436.030317670] [clear_table_node]: Objects skipped due to failures: [(4, 'Cube')]
[adl_controller-11] [WARN] [1776902436.033695086] [adl_controller_node]: clear_table reached terminal status (FAILED); skipping automatic retract so recovery motion does not stack onto a possibly unhealthy controller state.
[ros2_control_node-1] [WARN] [1776902436.096623511] [controller_manager]: Overrun might occur, Total time : 3655.453 us (Expected < 1000.000 us) --> Read time : 43.959 us, Update time : 267.107 us, Write time : 3344.387 us
[ros2_control_node-1] [WARN] [1776902436.143555208] [controller_manager]: Overrun detected! The controller manager missed its desired rate of 1000 Hz. The loop took 2.612593 ms (missed cycles : 3).
[adl_ui-15] 127.0.0.1 - - [22/Apr/2026 20:00:36] "GET /status_json HTTP/1.1" 200 -
[vision_apriltag-9] [INFO] [1776902436.919797210] [vision_apriltag_node]: Vision AprilTag: images are arriving, but no AprilTag has been seen for 37.1s.
[adl_ui-15] [INFO] [1776902437.023191026] [adl_ui_node]: UI command published: clear_table
[clear_table-13] [INFO] [1776902437.026353663] [clear_table_node]: Received clear_table command. Starting task execution.
[clear_table-13] [INFO] [1776902437.030792288] [clear_table_node]: Starting Clear Table Task...
[adl_ui-15] 127.0.0.1 - - [22/Apr/2026 20:00:37] "POST /command HTTP/1.1" 200 -
[scene_from_vision-10] [INFO] [1776902437.037059662] [scene_from_vision_node]: Scene memory cleared. Removed remembered IDs: []
[adl_ui-15] 127.0.0.1 - - [22/Apr/2026 20:00:37] "GET /status_json HTTP/1.1" 200 -
[clear_table-13] [INFO] [1776902437.082787928] [clear_table_node]: Scene memory cleared. Removed remembered IDs: []
[clear_table-13] [INFO] [1776902437.086509156] [clear_table_node]: Added temporary table guard ring 'clear_table_startup_guard' (margin=0.0127m, height=0.200m, thickness=0.0127m).
[ros2_control_node-1] [WARN] [1776902437.098523004] [controller_manager]: Overrun might occur, Total time : 2559.395 us (Expected < 1000.000 us) --> Read time : 35.949 us, Update time : 194.763 us, Write time : 2328.683 us
[ros2_control_node-1] [WARN] [1776902437.143648590] [controller_manager]: Overrun detected! The controller manager missed its desired rate of 1000 Hz. The loop took 2.707512 ms (missed cycles : 3).
[clear_table-13] [INFO] [1776902437.287957991] [clear_table_node]: Scene LOCKED.
[scene_from_vision-10] [INFO] [1776902437.289934629] [scene_from_vision_node]: Scene LOCKED - updates paused.
[clear_table-13] [INFO] [1776902437.441662700] [clear_table_node]: Moving to perform the initial scene scan for clear table task...
[clear_table-13] [INFO] [1776902437.444792648] [clear_table_node]: is_near_look_at_table: current arm is not at target (worst=joint_4:0.508 rad > 0.080).
[clear_table-13] [INFO] [1776902437.446490013] [clear_table_node]: look_at_table: planning to LOOK_AT_TABLE_JOINTS.
[move_group-20] [ERROR] [1776902437.447798076] [move_group.moveit.moveit.core.conversions]: Found empty JointState message
[clear_table-13] [INFO] [1776902437.453497123] [clear_table_node]: Start state: collision-valid — no collisions (not a joint-bounds check).
[move_group-20] [INFO] [1776902437.459040623] [move_group.moveit.moveit.ros.move_group.move_action]: MoveGroupMoveAction: Received request
[move_group-20] [INFO] [1776902437.462327741] [move_group.moveit.moveit.ros.move_group.move_action]: executing..
[move_group-20] [INFO] [1776902437.485571626] [move_group.moveit.moveit.ros.move_group.move_action]: Combined planning and execution request received for MoveGroup action. Forwarding to planning and execution pipeline.
[move_group-20] [WARN] [1776902437.485635399] [move_group.moveit.moveit.ros.move_group.capability]: Execution of motions should always start at the robot's current state. Ignoring the state supplied as start state in the motion planning request
[move_group-20] [WARN] [1776902437.485662104] [move_group.moveit.moveit.ros.move_group.capability]: Execution of motions should always start at the robot's current state. Ignoring the state supplied as difference in the planning scene diff
[move_group-20] [INFO] [1776902437.485677914] [move_group.moveit.moveit.ros.plan_execution]: Planning attempt 1 of at most 1
[move_group-20] [INFO] [1776902437.486049914] [move_group]: Calling PlanningRequestAdapter 'ResolveConstraintFrames'
[move_group-20] [INFO] [1776902437.486085555] [move_group]: Calling PlanningRequestAdapter 'ValidateWorkspaceBounds'
[move_group-20] [INFO] [1776902437.486110967] [move_group]: Calling PlanningRequestAdapter 'CheckStartStateBounds'
[move_group-20] [INFO] [1776902437.486143586] [move_group]: Calling PlanningRequestAdapter 'CheckStartStateCollision'
[move_group-20] [INFO] [1776902437.486591297] [move_group.moveit.moveit.planners.ompl.model_based_planning_context]: Planner configuration 'manipulator' will use planner 'geometric::RRTConnect'. Additional configuration parameters will be set when the planner is constructed.
[move_group-20] [INFO] [1776902437.486678406] [move_group]: Calling Planner 'OMPL'
[move_group-20] [INFO] [1776902437.527512011] [move_group]: Calling PlanningResponseAdapter 'AddTimeOptimalParameterization'
[move_group-20] [INFO] [1776902437.534056361] [move_group]: Calling PlanningResponseAdapter 'ValidateSolution'
[move_group-20] [INFO] [1776902437.535253933] [move_group]: Calling PlanningResponseAdapter 'DisplayMotionPath'
[move_group-20] [WARN] [1776902437.535424673] [move_group.moveit.moveit.ros.planning_pipeline]: The planner plugin did not fill out the 'planner_id' field of the MotionPlanResponse. Setting it to the planner ID name of the MotionPlanRequest assuming that the planner plugin does warn you if it does not use the requested planner.
[move_group-20] [INFO] [1776902437.535588071] [move_group.moveit.moveit.plugins.simple_controller_manager]: Returned 2 controllers in list
[move_group-20] [INFO] [1776902437.535624323] [move_group.moveit.moveit.plugins.simple_controller_manager]: Returned 2 controllers in list
[move_group-20] [INFO] [1776902437.535708209] [move_group.moveit.moveit.ros.trajectory_execution_manager]: Validating trajectory with allowed_start_tolerance 0.01
[move_group-20] [INFO] [1776902437.557352938] [move_group.moveit.moveit.ros.trajectory_execution_manager]: Starting trajectory execution ...
[move_group-20] [INFO] [1776902437.557472575] [move_group.moveit.moveit.plugins.simple_controller_manager]: Returned 2 controllers in list
[move_group-20] [INFO] [1776902437.557517638] [move_group.moveit.moveit.plugins.simple_controller_manager]: Returned 2 controllers in list
[move_group-20] [INFO] [1776902437.557780347] [moveit.simple_controller_manager.follow_joint_trajectory_controller_handle]: sending trajectory to joint_trajectory_controller
[ros2_control_node-1] [INFO] [1776902437.560454118] [joint_trajectory_controller]: Received new action goal
[ros2_control_node-1] [INFO] [1776902437.561035779] [joint_trajectory_controller]: Accepted new action goal
[move_group-20] [INFO] [1776902437.563209738] [moveit.simple_controller_manager.follow_joint_trajectory_controller_handle]: joint_trajectory_controller started execution
[move_group-20] [INFO] [1776902437.563249159] [moveit.simple_controller_manager.follow_joint_trajectory_controller_handle]: Goal request accepted!
[adl_ui-15] 127.0.0.1 - - [22/Apr/2026 20:00:37] "GET /status_json HTTP/1.1" 200 -
[ros2_control_node-1] [WARN] [1776902438.100617051] [controller_manager]: Overrun might occur, Total time : 2639.966 us (Expected < 1000.000 us) --> Read time : 46.807 us, Update time : 254.556 us, Write time : 2338.603 us
[joint_state_sanitizer-3] [WARN] [1776902438.105486984] [joint_state_sanitizer_node]: [joint_state_sanitizer] Published sanitized joint state: joint_3:+3.134->+3.132
[ros2_control_node-1] [WARN] [1776902438.146847753] [controller_manager]: Overrun detected! The controller manager missed its desired rate of 1000 Hz. The loop took 2.905940 ms (missed cycles : 3).
[adl_ui-15] 127.0.0.1 - - [22/Apr/2026 20:00:38] "GET /status_json HTTP/1.1" 200 -
[vision_apriltag-9] [INFO] [1776902438.911572607] [vision_apriltag_node]: Vision AprilTag: scene is locked; detection publishing is paused.
[ros2_control_node-1] [WARN] [1776902439.103769975] [controller_manager]: Overrun might occur, Total time : 2805.706 us (Expected < 1000.000 us) --> Read time : 31.932 us, Update time : 233.877 us, Write time : 2539.897 us
[ros2_control_node-1] [WARN] [1776902439.146925044] [controller_manager]: Overrun detected! The controller manager missed its desired rate of 1000 Hz. The loop took 2.983739 ms (missed cycles : 3).
[wrist_camera_usb_publisher-8] [INFO] [1776902439.224533054] [wrist_camera_usb_publisher_node]: USB camera publisher heartbeat: publishing 1280x720 frames on /wrist_mounted_camera/image; camera_info fx=920.87, fy=921.57, cx=644.76, cy=343.15.
[ros2_control_node-1] [INFO] [1776902439.238154455] [joint_trajectory_controller]: Goal reached, success!
[move_group-20] [INFO] [1776902439.261777041] [moveit.simple_controller_manager.follow_joint_trajectory_controller_handle]: Controller 'joint_trajectory_controller' successfully finished
[adl_ui-15] 127.0.0.1 - - [22/Apr/2026 20:00:39] "GET /status_json HTTP/1.1" 200 -
[move_group-20] [INFO] [1776902439.315152373] [move_group.moveit.moveit.ros.trajectory_execution_manager]: Completed trajectory execution with status SUCCEEDED ...
[move_group-20] [INFO] [1776902439.317467568] [move_group.moveit.moveit.ros.move_group.move_action]: Solution was found and executed.
[clear_table-13] [INFO] [1776902439.423045113] [clear_table_node]: Scene UNLOCKED.
[scene_from_vision-10] [INFO] [1776902439.424660321] [scene_from_vision_node]: Scene UNLOCKED - updates resuming.
[adl_ui-15] 127.0.0.1 - - [22/Apr/2026 20:00:40] "GET /status_json HTTP/1.1" 200 -
[ros2_control_node-1] [WARN] [1776902440.103892851] [controller_manager]: Overrun might occur, Total time : 2931.193 us (Expected < 1000.000 us) --> Read time : 32.901 us, Update time : 216.889 us, Write time : 2681.403 us
[ros2_control_node-1] [WARN] [1776902440.147882628] [controller_manager]: Overrun detected! The controller manager missed its desired rate of 1000 Hz. The loop took 2.941164 ms (missed cycles : 3).
[vision_apriltag-9] [INFO] [1776902440.771718686] [vision_apriltag_node]: Vision AprilTag detection debug: no tags found after raw/CLAHE/sharp/adaptive/upscaled/tiled passes.
[adl_ui-15] 127.0.0.1 - - [22/Apr/2026 20:00:40] "GET /status_json HTTP/1.1" 200 -
[clear_table-13] [INFO] [1776902440.824148196] [clear_table_node]: Initial top scan pose reached. Deterministic two-phase scan will collect top then side targets.
[clear_table-13] [INFO] [1776902440.824934296] [clear_table_node]: Scene UNLOCKED.
[scene_from_vision-10] [INFO] [1776902440.826067284] [scene_from_vision_node]: Scene UNLOCKED - updates resuming.
[vision_apriltag-9] [INFO] [1776902440.914841258] [vision_apriltag_node]: Vision AprilTag: images are arriving, but no AprilTag has been seen for 41.1s.
[clear_table-13] [INFO] [1776902440.977572168] [clear_table_node]: Vision ENABLED.
[clear_table-13] [INFO] [1776902440.979302862] [clear_table_node]: Running deterministic clear_table scan sequence: top_center (standard top view over the table) -> top_downturned (downward top view for flat tags and back-right table coverage) -> side_right (right-shifted side view for cup/side tags) -> side_left (left-shifted side view for cup/side tags).
[clear_table-13] [INFO] [1776902440.980668050] [clear_table_node]: Two-phase scan is configured to run at least one side sweep before returning priority top-ID detections because side-grasp targets are in scope.
[clear_table-13] [INFO] [1776902440.981577254] [clear_table_node]: Scene LOCKED.
[scene_from_vision-10] [INFO] [1776902440.990445666] [scene_from_vision_node]: Scene LOCKED - updates paused.
[ros2_control_node-1] [WARN] [1776902441.105758644] [controller_manager]: Overrun might occur, Total time : 2792.210 us (Expected < 1000.000 us) --> Read time : 35.990 us, Update time : 206.739 us, Write time : 2549.481 us
[clear_table-13] [INFO] [1776902441.133007355] [clear_table_node]: look_at_table: already near fixed lab scan joint pose; skipping motion.
[clear_table-13] [INFO] [1776902441.133764964] [clear_table_node]: Scene UNLOCKED.
[scene_from_vision-10] [INFO] [1776902441.134810709] [scene_from_vision_node]: Scene UNLOCKED - updates resuming.
[ros2_control_node-1] [WARN] [1776902441.150745922] [controller_manager]: Overrun detected! The controller manager missed its desired rate of 1000 Hz. The loop took 2.804784 ms (missed cycles : 3).
[vision_apriltag-9] [INFO] [1776902441.325785849] [vision_apriltag_node]: Vision AprilTag visible IDs: [4]
[adl_ui-15] 127.0.0.1 - - [22/Apr/2026 20:00:41] "GET /status_json HTTP/1.1" 200 -
[clear_table-13] [INFO] [1776902441.637102405] [clear_table_node]: scan_scene source label set to 'top_center'.
[scene_from_vision-10] [INFO] [1776902441.638474163] [scene_from_vision_node]: Scene scan source label received: 'top_center'.
[scene_from_vision-10] [INFO] [1776902441.642743678] [scene_from_vision_node]: Scene scan started for 5.0s. source='top_center'. Visible detections will be sampled, filtered, and committed at scan end.
[vision_apriltag-9] [INFO] [1776902441.645127665] [vision_apriltag_node]: Service: Tag 4 found and base-frame pose returned.
[vision_apriltag-9] [INFO] [1776902441.746081333] [vision_apriltag_node]: Service: Tag 4 found and base-frame pose returned.
[vision_apriltag-9] [INFO] [1776902441.845525064] [vision_apriltag_node]: Service: Tag 4 found and base-frame pose returned.
[vision_apriltag-9] [INFO] [1776902441.949923708] [vision_apriltag_node]: Service: Tag 4 found and base-frame pose returned.
[vision_apriltag-9] [INFO] [1776902442.047735530] [vision_apriltag_node]: Service: Tag 4 found and base-frame pose returned.
[ros2_control_node-1] [WARN] [1776902442.105845116] [controller_manager]: Overrun might occur, Total time : 2882.209 us (Expected < 1000.000 us) --> Read time : 32.304 us, Update time : 232.288 us, Write time : 2617.617 us
[vision_apriltag-9] [INFO] [1776902442.141549089] [vision_apriltag_node]: Service: Tag 4 found and base-frame pose returned.
[vision_apriltag-9] [INFO] [1776902442.149900474] [vision_apriltag_node]: Service: Tag 4 found and base-frame pose returned.
[ros2_control_node-1] [WARN] [1776902442.151620810] [controller_manager]: Overrun detected! The controller manager missed its desired rate of 1000 Hz. The loop took 2.678970 ms (missed cycles : 3).
[vision_apriltag-9] [INFO] [1776902442.250795067] [vision_apriltag_node]: Service: Tag 4 found and base-frame pose returned.
[adl_ui-15] 127.0.0.1 - - [22/Apr/2026 20:00:42] "GET /status_json HTTP/1.1" 200 -
[vision_apriltag-9] [INFO] [1776902442.354524257] [vision_apriltag_node]: Service: Tag 4 found and base-frame pose returned.
[vision_apriltag-9] [INFO] [1776902442.454265284] [vision_apriltag_node]: Service: Tag 4 found and base-frame pose returned.
[vision_apriltag-9] [INFO] [1776902442.556705673] [vision_apriltag_node]: Service: Tag 4 found and base-frame pose returned.
[vision_apriltag-9] [INFO] [1776902442.657472348] [vision_apriltag_node]: Service: Tag 4 found and base-frame pose returned.
[vision_apriltag-9] [INFO] [1776902442.760779010] [vision_apriltag_node]: Service: Tag 4 found and base-frame pose returned.
[vision_apriltag-9] [INFO] [1776902442.859842757] [vision_apriltag_node]: Service: Tag 4 found and base-frame pose returned.
[adl_ui-15] 127.0.0.1 - - [22/Apr/2026 20:00:43] "GET /status_json HTTP/1.1" 200 -
[ros2_control_node-1] [WARN] [1776902443.108754940] [controller_manager]: Overrun might occur, Total time : 2768.935 us (Expected < 1000.000 us) --> Read time : 94.689 us, Update time : 400.312 us, Write time : 2273.934 us
[ros2_control_node-1] [WARN] [1776902443.152263949] [controller_manager]: Overrun detected! The controller manager missed its desired rate of 1000 Hz. The loop took 3.320534 ms (missed cycles : 4).
[vision_apriltag-9] [INFO] [1776902443.221343688] [vision_apriltag_node]: Service: Tag 4 found and base-frame pose returned.
[vision_apriltag-9] [INFO] [1776902443.263349605] [vision_apriltag_node]: Service: Tag 4 found and base-frame pose returned.
[vision_apriltag-9] [INFO] [1776902443.363515229] [vision_apriltag_node]: Service: Tag 4 found and base-frame pose returned.
[vision_apriltag-9] [INFO] [1776902443.463534740] [vision_apriltag_node]: Service: Tag 4 found and base-frame pose returned.
[vision_apriltag-9] [INFO] [1776902443.564515429] [vision_apriltag_node]: Service: Tag 4 found and base-frame pose returned.
[vision_apriltag-9] [INFO] [1776902443.665689329] [vision_apriltag_node]: Service: Tag 4 found and base-frame pose returned.
[vision_apriltag-9] [INFO] [1776902443.765613214] [vision_apriltag_node]: Service: Tag 4 found and base-frame pose returned.
[adl_ui-15] 127.0.0.1 - - [22/Apr/2026 20:00:43] "GET /status_json HTTP/1.1" 200 -
[vision_apriltag-9] [INFO] [1776902443.866014105] [vision_apriltag_node]: Service: Tag 4 found and base-frame pose returned.
[vision_apriltag-9] [INFO] [1776902443.969467291] [vision_apriltag_node]: Service: Tag 4 found and base-frame pose returned.
[vision_apriltag-9] [INFO] [1776902444.069709218] [vision_apriltag_node]: Service: Tag 4 found and base-frame pose returned.
[ros2_control_node-1] [WARN] [1776902444.110621405] [controller_manager]: Overrun might occur, Total time : 2658.058 us (Expected < 1000.000 us) --> Read time : 36.664 us, Update time : 212.348 us, Write time : 2409.046 us
[vision_apriltag-9] [INFO] [1776902444.142581501] [vision_apriltag_node]: Service: Tag 4 found and base-frame pose returned.
[ros2_control_node-1] [WARN] [1776902444.153886469] [controller_manager]: Overrun detected! The controller manager missed its desired rate of 1000 Hz. The loop took 2.944961 ms (missed cycles : 3).
[vision_apriltag-9] [INFO] [1776902444.169345856] [vision_apriltag_node]: Service: Tag 4 found and base-frame pose returned.
[wrist_camera_usb_publisher-8] [INFO] [1776902444.227961682] [wrist_camera_usb_publisher_node]: USB camera publisher heartbeat: publishing 1280x720 frames on /wrist_mounted_camera/image; camera_info fx=920.87, fy=921.57, cx=644.76, cy=343.15.
[vision_apriltag-9] [INFO] [1776902444.271409480] [vision_apriltag_node]: Service: Tag 4 found and base-frame pose returned.
[vision_apriltag-9] [INFO] [1776902444.371841697] [vision_apriltag_node]: Service: Tag 4 found and base-frame pose returned.
[vision_apriltag-9] [INFO] [1776902444.472009378] [vision_apriltag_node]: Service: Tag 4 found and base-frame pose returned.
[adl_ui-15] 127.0.0.1 - - [22/Apr/2026 20:00:44] "GET /status_json HTTP/1.1" 200 -
[vision_apriltag-9] [INFO] [1776902444.573012929] [vision_apriltag_node]: Service: Tag 4 found and base-frame pose returned.
[clear_table-13] [WARN] [1776902444.664908665] [clear_table_node]: scan_scene timed out after 3.0s; using current remembered IDs.
[vision_apriltag-9] [INFO] [1776902444.666643328] [vision_apriltag_node]: Service: Tag 4 found and base-frame pose returned.
[vision_apriltag-9] [INFO] [1776902444.673162582] [vision_apriltag_node]: Service: Tag 4 found and base-frame pose returned.
[clear_table-13] [INFO] [1776902444.676395077] [clear_table_node]: Two-phase top-pose freeze latched ID 4 from two-phase top scan 'top_center'.
[clear_table-13] [INFO] [1776902444.681468699] [clear_table_node]: Two-phase top scan 'top_center' detected top-grasp IDs [4].
[clear_table-13] [INFO] [1776902444.682308953] [clear_table_node]: Scene LOCKED.
[scene_from_vision-10] [INFO] [1776902444.683953589] [scene_from_vision_node]: Scene LOCKED - updates paused.
[clear_table-13] [INFO] [1776902444.833240171] [clear_table_node]: look_at_table_downturned_scan: moving to deterministic downturned top scan pose.
[move_group-20] [ERROR] [1776902444.871309283] [move_group.moveit.moveit.core.conversions]: Found empty JointState message
[clear_table-13] [INFO] [1776902444.875645551] [clear_table_node]: Start state: collision-valid — no collisions (not a joint-bounds check).
[move_group-20] [INFO] [1776902444.876938483] [move_group.moveit.moveit.ros.move_group.move_action]: MoveGroupMoveAction: Received request
[move_group-20] [INFO] [1776902444.877631520] [move_group.moveit.moveit.ros.move_group.move_action]: executing..
[move_group-20] [INFO] [1776902444.895673253] [move_group.moveit.moveit.ros.move_group.move_action]: Combined planning and execution request received for MoveGroup action. Forwarding to planning and execution pipeline.
[move_group-20] [WARN] [1776902444.895734768] [move_group.moveit.moveit.ros.move_group.capability]: Execution of motions should always start at the robot's current state. Ignoring the state supplied as start state in the motion planning request
[move_group-20] [WARN] [1776902444.896460911] [move_group.moveit.moveit.ros.move_group.capability]: Execution of motions should always start at the robot's current state. Ignoring the state supplied as difference in the planning scene diff
[move_group-20] [INFO] [1776902444.896487721] [move_group.moveit.moveit.ros.plan_execution]: Planning attempt 1 of at most 1
[move_group-20] [INFO] [1776902444.897193236] [move_group]: Calling PlanningRequestAdapter 'ResolveConstraintFrames'
[move_group-20] [INFO] [1776902444.897234860] [move_group]: Calling PlanningRequestAdapter 'ValidateWorkspaceBounds'
[move_group-20] [INFO] [1776902444.897251443] [move_group]: Calling PlanningRequestAdapter 'CheckStartStateBounds'
[move_group-20] [INFO] [1776902444.897289061] [move_group]: Calling PlanningRequestAdapter 'CheckStartStateCollision'
[move_group-20] [INFO] [1776902444.897905483] [move_group.moveit.moveit.planners.ompl.model_based_planning_context]: Planner configuration 'manipulator' will use planner 'geometric::RRTConnect'. Additional configuration parameters will be set when the planner is constructed.
[move_group-20] [INFO] [1776902444.897973329] [move_group]: Calling Planner 'OMPL'
[vision_apriltag-9] [INFO] [1776902444.914941469] [vision_apriltag_node]: Vision AprilTag: scene is locked; detection publishing is paused.
[move_group-20] [INFO] [1776902444.928975656] [move_group]: Calling PlanningResponseAdapter 'AddTimeOptimalParameterization'
[move_group-20] [INFO] [1776902444.932571491] [move_group]: Calling PlanningResponseAdapter 'ValidateSolution'
[move_group-20] [INFO] [1776902444.934148565] [move_group]: Calling PlanningResponseAdapter 'DisplayMotionPath'
[move_group-20] [WARN] [1776902444.934446941] [move_group.moveit.moveit.ros.planning_pipeline]: The planner plugin did not fill out the 'planner_id' field of the MotionPlanResponse. Setting it to the planner ID name of the MotionPlanRequest assuming that the planner plugin does warn you if it does not use the requested planner.
[move_group-20] [INFO] [1776902444.934932215] [move_group.moveit.moveit.plugins.simple_controller_manager]: Returned 2 controllers in list
[move_group-20] [INFO] [1776902444.934965305] [move_group.moveit.moveit.plugins.simple_controller_manager]: Returned 2 controllers in list
[move_group-20] [INFO] [1776902444.935041585] [move_group.moveit.moveit.ros.trajectory_execution_manager]: Validating trajectory with allowed_start_tolerance 0.01
[move_group-20] [INFO] [1776902444.936880661] [move_group.moveit.moveit.ros.trajectory_execution_manager]: Starting trajectory execution ...
[move_group-20] [INFO] [1776902444.936940597] [move_group.moveit.moveit.plugins.simple_controller_manager]: Returned 2 controllers in list
[move_group-20] [INFO] [1776902444.936973047] [move_group.moveit.moveit.plugins.simple_controller_manager]: Returned 2 controllers in list
[move_group-20] [INFO] [1776902444.937193970] [moveit.simple_controller_manager.follow_joint_trajectory_controller_handle]: sending trajectory to joint_trajectory_controller
[ros2_control_node-1] [INFO] [1776902444.937613318] [joint_trajectory_controller]: Received new action goal
[ros2_control_node-1] [INFO] [1776902444.937666934] [joint_trajectory_controller]: Accepted new action goal
[move_group-20] [INFO] [1776902444.938393798] [moveit.simple_controller_manager.follow_joint_trajectory_controller_handle]: joint_trajectory_controller started execution
[move_group-20] [INFO] [1776902444.938415871] [moveit.simple_controller_manager.follow_joint_trajectory_controller_handle]: Goal request accepted!
[ros2_control_node-1] [WARN] [1776902445.110659075] [controller_manager]: Overrun might occur, Total time : 2676.616 us (Expected < 1000.000 us) --> Read time : 29.001 us, Update time : 268.623 us, Write time : 2378.992 us
[ros2_control_node-1] [WARN] [1776902445.155607033] [controller_manager]: Overrun detected! The controller manager missed its desired rate of 1000 Hz. The loop took 2.665698 ms (missed cycles : 3).
[adl_ui-15] 127.0.0.1 - - [22/Apr/2026 20:00:45] "GET /status_json HTTP/1.1" 200 -
[adl_ui-15] 127.0.0.1 - - [22/Apr/2026 20:00:46] "GET /status_json HTTP/1.1" 200 -
[ros2_control_node-1] [WARN] [1776902446.111033913] [controller_manager]: Overrun might occur, Total time : 3045.674 us (Expected < 1000.000 us) --> Read time : 29.147 us, Update time : 186.077 us, Write time : 2830.450 us
[ros2_control_node-1] [WARN] [1776902446.157643604] [controller_manager]: Overrun detected! The controller manager missed its desired rate of 1000 Hz. The loop took 2.702582 ms (missed cycles : 3).
[scene_from_vision-10] [INFO] [1776902446.684969534] [scene_from_vision_node]: Scan committed tag 4: raw=31, accepted=31, rejected=0, median tag pose x=0.669, y=-0.042, z=0.175. object center x=0.649, y=-0.048, z=0.147, yaw=+4.5deg. table_delta x=-0.033, y=-0.048.
[scene_from_vision-10] [INFO] [1776902446.686141930] [scene_from_vision_node]: Scene scan complete. Remembered object IDs: [4]
[adl_ui-15] 127.0.0.1 - - [22/Apr/2026 20:00:46] "GET /status_json HTTP/1.1" 200 -
[vision_apriltag-9] [INFO] [1776902446.911764720] [vision_apriltag_node]: Vision AprilTag: scene is locked; detection publishing is paused.
[ros2_control_node-1] [WARN] [1776902447.113558813] [controller_manager]: Overrun might occur, Total time : 2562.812 us (Expected < 1000.000 us) --> Read time : 26.839 us, Update time : 174.527 us, Write time : 2361.446 us
[ros2_control_node-1] [WARN] [1776902447.159486373] [controller_manager]: Overrun detected! The controller manager missed its desired rate of 1000 Hz. The loop took 2.545522 ms (missed cycles : 3).
[joint_state_sanitizer-3] [WARN] [1776902447.485427879] [joint_state_sanitizer_node]: [joint_state_sanitizer] Published sanitized joint state: joint_3:-3.134->-3.132
[adl_ui-15] 127.0.0.1 - - [22/Apr/2026 20:00:47] "GET /status_json HTTP/1.1" 200 -
[ros2_control_node-1] [WARN] [1776902448.115556713] [controller_manager]: Overrun might occur, Total time : 2592.601 us (Expected < 1000.000 us) --> Read time : 55.019 us, Update time : 252.055 us, Write time : 2285.527 us
[ros2_control_node-1] [INFO] [1776902448.116179048] [joint_trajectory_controller]: Goal reached, success!
[move_group-20] [INFO] [1776902448.138389977] [moveit.simple_controller_manager.follow_joint_trajectory_controller_handle]: Controller 'joint_trajectory_controller' successfully finished
[ros2_control_node-1] [WARN] [1776902448.159959114] [controller_manager]: Overrun detected! The controller manager missed its desired rate of 1000 Hz. The loop took 3.018211 ms (missed cycles : 4).
[move_group-20] [INFO] [1776902448.194988184] [move_group.moveit.moveit.ros.trajectory_execution_manager]: Completed trajectory execution with status SUCCEEDED ...
[move_group-20] [INFO] [1776902448.197024761] [move_group.moveit.moveit.ros.move_group.move_action]: Solution was found and executed.
[clear_table-13] [INFO] [1776902448.301660226] [clear_table_node]: Scene UNLOCKED.
[scene_from_vision-10] [INFO] [1776902448.303781700] [scene_from_vision_node]: Scene UNLOCKED - updates resuming.
[adl_ui-15] 127.0.0.1 - - [22/Apr/2026 20:00:48] "GET /status_json HTTP/1.1" 200 -
[vision_apriltag-9] [INFO] [1776902448.586713297] [vision_apriltag_node]: Vision AprilTag detection debug: 4:cv2.solvePnP_ippe_square:raw@(248,265)
[scene_from_vision-10] [INFO] [1776902448.640123869] [scene_from_vision_node]: Published obj_4 (new) at x=0.649, y=-0.048, z=0.147, yaw=+4.5deg
[clear_table-13] [INFO] [1776902448.802847524] [clear_table_node]: scan_scene source label set to 'top_downturned'.
[scene_from_vision-10] [INFO] [1776902448.807187669] [scene_from_vision_node]: Scene scan started for 5.0s. source='top_downturned'. Visible detections will be sampled, filtered, and committed at scan end.
[scene_from_vision-10] [INFO] [1776902448.808436800] [scene_from_vision_node]: Scene scan source label received: 'top_downturned'.
[vision_apriltag-9] [INFO] [1776902448.813162011] [vision_apriltag_node]: Service: Tag 4 found and base-frame pose returned.
[vision_apriltag-9] [INFO] [1776902448.914329469] [vision_apriltag_node]: Service: Tag 4 found and base-frame pose returned.
[vision_apriltag-9] [INFO] [1776902449.014128791] [vision_apriltag_node]: Service: Tag 4 found and base-frame pose returned.
[adl_ui-15] 127.0.0.1 - - [22/Apr/2026 20:00:49] "GET /status_json HTTP/1.1" 200 -
[vision_apriltag-9] [INFO] [1776902449.116235682] [vision_apriltag_node]: Service: Tag 4 found and base-frame pose returned.
[ros2_control_node-1] [WARN] [1776902449.116317950] [controller_manager]: Overrun might occur, Total time : 2352.237 us (Expected < 1000.000 us) --> Read time : 42.330 us, Update time : 217.591 us, Write time : 2092.316 us
[vision_apriltag-9] [INFO] [1776902449.144583696] [vision_apriltag_node]: Service: Tag 4 found and base-frame pose returned.
[ros2_control_node-1] [WARN] [1776902449.162939302] [controller_manager]: Overrun detected! The controller manager missed its desired rate of 1000 Hz. The loop took 2.997422 ms (missed cycles : 3).
[vision_apriltag-9] [INFO] [1776902449.218388159] [vision_apriltag_node]: Service: Tag 4 found and base-frame pose returned.
[vision_apriltag-9] [INFO] [1776902449.317453646] [vision_apriltag_node]: Service: Tag 4 found and base-frame pose returned.
[wrist_camera_usb_publisher-8] [INFO] [1776902449.376768035] [wrist_camera_usb_publisher_node]: USB camera publisher heartbeat: publishing 1280x720 frames on /wrist_mounted_camera/image; camera_info fx=920.87, fy=921.57, cx=644.76, cy=343.15.
[vision_apriltag-9] [INFO] [1776902449.418576926] [vision_apriltag_node]: Service: Tag 4 found and base-frame pose returned.
[vision_apriltag-9] [INFO] [1776902449.519637980] [vision_apriltag_node]: Service: Tag 4 found and base-frame pose returned.
[vision_apriltag-9] [INFO] [1776902449.622916263] [vision_apriltag_node]: Service: Tag 4 found and base-frame pose returned.
[vision_apriltag-9] [INFO] [1776902449.722885589] [vision_apriltag_node]: Service: Tag 4 found and base-frame pose returned.
[adl_ui-15] 127.0.0.1 - - [22/Apr/2026 20:00:49] "GET /status_json HTTP/1.1" 200 -
[vision_apriltag-9] [INFO] [1776902449.823809099] [vision_apriltag_node]: Service: Tag 4 found and base-frame pose returned.
[vision_apriltag-9] [INFO] [1776902449.923719792] [vision_apriltag_node]: Service: Tag 4 found and base-frame pose returned.
[vision_apriltag-9] [INFO] [1776902450.024472628] [vision_apriltag_node]: Service: Tag 4 found and base-frame pose returned.
[ros2_control_node-1] [WARN] [1776902450.116425009] [controller_manager]: Overrun might occur, Total time : 4431.425 us (Expected < 1000.000 us) --> Read time : 70.697 us, Update time : 255.090 us, Write time : 4105.638 us
[vision_apriltag-9] [INFO] [1776902450.125822232] [vision_apriltag_node]: Service: Tag 4 found and base-frame pose returned.
[vision_apriltag-9] [INFO] [1776902450.151487836] [vision_apriltag_node]: Service: Tag 4 found and base-frame pose returned.
[ros2_control_node-1] [WARN] [1776902450.165674409] [controller_manager]: Overrun detected! The controller manager missed its desired rate of 1000 Hz. The loop took 3.732441 ms (missed cycles : 4).
[vision_apriltag-9] [INFO] [1776902450.227343238] [vision_apriltag_node]: Service: Tag 4 found and base-frame pose returned.
[vision_apriltag-9] [INFO] [1776902450.343221696] [vision_apriltag_node]: Service: Tag 4 found and base-frame pose returned.
[vision_apriltag-9] [INFO] [1776902450.444571491] [vision_apriltag_node]: Service: Tag 4 found and base-frame pose returned.
[vision_apriltag-9] [INFO] [1776902450.548518878] [vision_apriltag_node]: Service: Tag 4 found and base-frame pose returned.
[adl_ui-15] 127.0.0.1 - - [22/Apr/2026 20:00:50] "GET /status_json HTTP/1.1" 200 -
[scene_from_vision-10] [INFO] [1776902450.640369292] [scene_from_vision_node]: Published obj_4 (heartbeat) at x=0.649, y=-0.048, z=0.147, yaw=+4.5deg
[vision_apriltag-9] [INFO] [1776902450.650272012] [vision_apriltag_node]: Service: Tag 4 found and base-frame pose returned.
[vision_apriltag-9] [INFO] [1776902450.749200558] [vision_apriltag_node]: Service: Tag 4 found and base-frame pose returned.
[vision_apriltag-9] [INFO] [1776902450.849830840] [vision_apriltag_node]: Service: Tag 4 found and base-frame pose returned.
[vision_apriltag-9] [INFO] [1776902450.950493946] [vision_apriltag_node]: Service: Tag 4 found and base-frame pose returned.
[vision_apriltag-9] [INFO] [1776902451.051261384] [vision_apriltag_node]: Service: Tag 4 found and base-frame pose returned.
[ros2_control_node-1] [WARN] [1776902451.117750832] [controller_manager]: Overrun might occur, Total time : 2781.761 us (Expected < 1000.000 us) --> Read time : 49.315 us, Update time : 254.961 us, Write time : 2477.485 us
[vision_apriltag-9] [INFO] [1776902451.141926334] [vision_apriltag_node]: Service: Tag 4 found and base-frame pose returned.
[vision_apriltag-9] [INFO] [1776902451.152444923] [vision_apriltag_node]: Service: Tag 4 found and base-frame pose returned.
[ros2_control_node-1] [WARN] [1776902451.168549756] [controller_manager]: Overrun detected! The controller manager missed its desired rate of 1000 Hz. The loop took 2.608048 ms (missed cycles : 3).
[vision_apriltag-9] [INFO] [1776902451.254589372] [vision_apriltag_node]: Service: Tag 4 found and base-frame pose returned.
[adl_ui-15] 127.0.0.1 - - [22/Apr/2026 20:00:51] "GET /status_json HTTP/1.1" 200 -
[vision_apriltag-9] [INFO] [1776902451.354762723] [vision_apriltag_node]: Service: Tag 4 found and base-frame pose returned.
[vision_apriltag-9] [INFO] [1776902451.455963247] [vision_apriltag_node]: Service: Tag 4 found and base-frame pose returned.
[vision_apriltag-9] [INFO] [1776902451.559166655] [vision_apriltag_node]: Service: Tag 4 found and base-frame pose returned.
[vision_apriltag-9] [INFO] [1776902451.670596056] [vision_apriltag_node]: Service: Tag 4 found and base-frame pose returned.
[vision_apriltag-9] [INFO] [1776902451.764731384] [vision_apriltag_node]: Service: Tag 4 found and base-frame pose returned.
[clear_table-13] [WARN] [1776902451.833468530] [clear_table_node]: scan_scene timed out after 3.0s; using current remembered IDs.
[vision_apriltag-9] [INFO] [1776902451.835883271] [vision_apriltag_node]: Service: Tag 4 found and base-frame pose returned.
[clear_table-13] [INFO] [1776902451.845037305] [clear_table_node]: Two-phase top-pose freeze updated ID 4 from two-phase top scan 'top_downturned'.
[clear_table-13] [INFO] [1776902451.846658434] [clear_table_node]: Two-phase top scan 'top_downturned' detected top-grasp IDs [4].
[clear_table-13] [INFO] [1776902451.848628592] [clear_table_node]: Two-phase scan: priority top target(s) detected [4] after completing the configured top sweep. A side sweep is required, so continuing to side scan passes before target selection.
[clear_table-13] [INFO] [1776902451.849500780] [clear_table_node]: Removing startup table guard ring before two-phase side sweeps.
[clear_table-13] [INFO] [1776902451.850750779] [clear_table_node]: Removed temporary table guard ring 'clear_table_startup_guard'.
[vision_apriltag-9] [INFO] [1776902451.860752000] [vision_apriltag_node]: Service: Tag 4 found and base-frame pose returned.
[clear_table-13] [INFO] [1776902451.952108355] [clear_table_node]: Scene LOCKED.
[scene_from_vision-10] [INFO] [1776902451.957058602] [scene_from_vision_node]: Scene LOCKED - updates paused.
[adl_ui-15] 127.0.0.1 - - [22/Apr/2026 20:00:52] "GET /status_json HTTP/1.1" 200 -
[clear_table-13] [INFO] [1776902452.103199224] [clear_table_node]: look_at_table_horizontal_side_scan_with_offsets: moving to horizontal side scan with joint offsets (joint_1=-0.280, joint_6=-0.000).
[clear_table-13] [INFO] [1776902452.104029272] [clear_table_node]: look_at_table_horizontal_side_scan: current arm is not at target (worst=joint_6:2.675 rad > 0.080).
[clear_table-13] [INFO] [1776902452.104702127] [clear_table_node]: look_at_table_horizontal_side_scan: moving with deterministic fixed joint pose.
[move_group-20] [ERROR] [1776902452.105526919] [move_group.moveit.moveit.core.conversions]: Found empty JointState message
[clear_table-13] [INFO] [1776902452.113567543] [clear_table_node]: Start state: collision-valid — no collisions (not a joint-bounds check).
[move_group-20] [INFO] [1776902452.117444150] [move_group.moveit.moveit.ros.move_group.move_action]: MoveGroupMoveAction: Received request
[move_group-20] [INFO] [1776902452.118697961] [move_group.moveit.moveit.ros.move_group.move_action]: executing..
[ros2_control_node-1] [WARN] [1776902452.122749220] [controller_manager]: Overrun might occur, Total time : 6776.222 us (Expected < 1000.000 us) --> Read time : 47.053 us, Update time : 311.468 us, Write time : 6417.701 us
[move_group-20] [INFO] [1776902452.135111601] [move_group.moveit.moveit.ros.move_group.move_action]: Combined planning and execution request received for MoveGroup action. Forwarding to planning and execution pipeline.
[move_group-20] [WARN] [1776902452.135157103] [move_group.moveit.moveit.ros.move_group.capability]: Execution of motions should always start at the robot's current state. Ignoring the state supplied as start state in the motion planning request
[move_group-20] [WARN] [1776902452.135184332] [move_group.moveit.moveit.ros.move_group.capability]: Execution of motions should always start at the robot's current state. Ignoring the state supplied as difference in the planning scene diff
[move_group-20] [INFO] [1776902452.135200441] [move_group.moveit.moveit.ros.plan_execution]: Planning attempt 1 of at most 1
[move_group-20] [INFO] [1776902452.135533832] [move_group]: Calling PlanningRequestAdapter 'ResolveConstraintFrames'
[move_group-20] [INFO] [1776902452.135569770] [move_group]: Calling PlanningRequestAdapter 'ValidateWorkspaceBounds'
[move_group-20] [INFO] [1776902452.135590056] [move_group]: Calling PlanningRequestAdapter 'CheckStartStateBounds'
[move_group-20] [INFO] [1776902452.135623982] [move_group]: Calling PlanningRequestAdapter 'CheckStartStateCollision'
[move_group-20] [INFO] [1776902452.135989104] [move_group.moveit.moveit.planners.ompl.model_based_planning_context]: Planner configuration 'manipulator' will use planner 'geometric::RRTConnect'. Additional configuration parameters will be set when the planner is constructed.
[move_group-20] [INFO] [1776902452.136041917] [move_group]: Calling Planner 'OMPL'
[ros2_control_node-1] [WARN] [1776902452.168631277] [controller_manager]: Overrun detected! The controller manager missed its desired rate of 1000 Hz. The loop took 2.690004 ms (missed cycles : 3).
[move_group-20] [INFO] [1776902452.182472451] [move_group]: Calling PlanningResponseAdapter 'AddTimeOptimalParameterization'
[move_group-20] [INFO] [1776902452.198493609] [move_group]: Calling PlanningResponseAdapter 'ValidateSolution'
[move_group-20] [INFO] [1776902452.201349458] [move_group]: Calling PlanningResponseAdapter 'DisplayMotionPath'
[move_group-20] [WARN] [1776902452.201584632] [move_group.moveit.moveit.ros.planning_pipeline]: The planner plugin did not fill out the 'planner_id' field of the MotionPlanResponse. Setting it to the planner ID name of the MotionPlanRequest assuming that the planner plugin does warn you if it does not use the requested planner.
[move_group-20] [INFO] [1776902452.202143169] [move_group.moveit.moveit.plugins.simple_controller_manager]: Returned 2 controllers in list
[move_group-20] [INFO] [1776902452.202218269] [move_group.moveit.moveit.plugins.simple_controller_manager]: Returned 2 controllers in list
[move_group-20] [INFO] [1776902452.202334734] [move_group.moveit.moveit.ros.trajectory_execution_manager]: Validating trajectory with allowed_start_tolerance 0.01
[move_group-20] [INFO] [1776902452.215315538] [move_group.moveit.moveit.ros.trajectory_execution_manager]: Starting trajectory execution ...
[move_group-20] [INFO] [1776902452.215382931] [move_group.moveit.moveit.plugins.simple_controller_manager]: Returned 2 controllers in list
[move_group-20] [INFO] [1776902452.215418410] [move_group.moveit.moveit.plugins.simple_controller_manager]: Returned 2 controllers in list
[move_group-20] [INFO] [1776902452.215608558] [moveit.simple_controller_manager.follow_joint_trajectory_controller_handle]: sending trajectory to joint_trajectory_controller
[ros2_control_node-1] [INFO] [1776902452.216438596] [joint_trajectory_controller]: Received new action goal
[ros2_control_node-1] [INFO] [1776902452.216650407] [joint_trajectory_controller]: Accepted new action goal
[move_group-20] [INFO] [1776902452.217071077] [moveit.simple_controller_manager.follow_joint_trajectory_controller_handle]: joint_trajectory_controller started execution
[move_group-20] [INFO] [1776902452.217085518] [moveit.simple_controller_manager.follow_joint_trajectory_controller_handle]: Goal request accepted!
[adl_ui-15] 127.0.0.1 - - [22/Apr/2026 20:00:52] "GET /status_json HTTP/1.1" 200 -
[vision_apriltag-9] [INFO] [1776902452.912514321] [vision_apriltag_node]: Vision AprilTag: scene is locked; detection publishing is paused.
[ros2_control_node-1] [WARN] [1776902453.123621271] [controller_manager]: Overrun might occur, Total time : 2656.242 us (Expected < 1000.000 us) --> Read time : 33.539 us, Update time : 219.147 us, Write time : 2403.556 us
[ros2_control_node-1] [WARN] [1776902453.169765904] [controller_manager]: Overrun detected! The controller manager missed its desired rate of 1000 Hz. The loop took 2.823680 ms (missed cycles : 3).
[adl_ui-15] 127.0.0.1 - - [22/Apr/2026 20:00:53] "GET /status_json HTTP/1.1" 200 -
[scene_from_vision-10] [INFO] [1776902453.869927995] [scene_from_vision_node]: Scan committed tag 4: raw=34, accepted=34, rejected=0, median tag pose x=0.604, y=-0.061, z=0.175. object center x=0.584, y=-0.068, z=0.147, yaw=+1.5deg. table_delta x=-0.098, y=-0.068.
[scene_from_vision-10] [INFO] [1776902453.874420434] [scene_from_vision_node]: Scene scan complete. Remembered object IDs: [4]
[ros2_control_node-1] [WARN] [1776902454.123631246] [controller_manager]: Overrun might occur, Total time : 2637.101 us (Expected < 1000.000 us) --> Read time : 31.556 us, Update time : 187.243 us, Write time : 2418.302 us
[ros2_control_node-1] [WARN] [1776902454.170827932] [controller_manager]: Overrun detected! The controller manager missed its desired rate of 1000 Hz. The loop took 2.886271 ms (missed cycles : 3).
[adl_ui-15] 127.0.0.1 - - [22/Apr/2026 20:00:54] "GET /status_json HTTP/1.1" 200 -
[wrist_camera_usb_publisher-8] [INFO] [1776902454.538398167] [wrist_camera_usb_publisher_node]: USB camera publisher heartbeat: publishing 1280x720 frames on /wrist_mounted_camera/image; camera_info fx=920.87, fy=921.57, cx=644.76, cy=343.15.
[vision_apriltag-9] [INFO] [1776902454.913198323] [vision_apriltag_node]: Vision AprilTag: scene is locked; detection publishing is paused.
[adl_ui-15] 127.0.0.1 - - [22/Apr/2026 20:00:55] "GET /status_json HTTP/1.1" 200 -
[ros2_control_node-1] [WARN] [1776902455.123910086] [controller_manager]: Overrun might occur, Total time : 2949.773 us (Expected < 1000.000 us) --> Read time : 33.536 us, Update time : 227.437 us, Write time : 2688.800 us
[ros2_control_node-1] [WARN] [1776902455.171505056] [controller_manager]: Overrun detected! The controller manager missed its desired rate of 1000 Hz. The loop took 2.563795 ms (missed cycles : 3).
[adl_ui-15] 127.0.0.1 - - [22/Apr/2026 20:00:55] "GET /status_json HTTP/1.1" 200 -
[ros2_control_node-1] [WARN] [1776902456.126994518] [controller_manager]: Overrun might occur, Total time : 3029.860 us (Expected < 1000.000 us) --> Read time : 38.524 us, Update time : 252.511 us, Write time : 2738.825 us
[ros2_control_node-1] [WARN] [1776902456.174604404] [controller_manager]: Overrun detected! The controller manager missed its desired rate of 1000 Hz. The loop took 2.663109 ms (missed cycles : 3).
[adl_ui-15] 127.0.0.1 - - [22/Apr/2026 20:00:56] "GET /status_json HTTP/1.1" 200 -
[vision_apriltag-9] [INFO] [1776902456.911843679] [vision_apriltag_node]: Vision AprilTag: scene is locked; detection publishing is paused.
[ros2_control_node-1] [WARN] [1776902457.128647645] [controller_manager]: Overrun might occur, Total time : 3691.172 us (Expected < 1000.000 us) --> Read time : 23.679 us, Update time : 183.007 us, Write time : 3484.486 us
[ros2_control_node-1] [WARN] [1776902457.175818561] [controller_manager]: Overrun detected! The controller manager missed its desired rate of 1000 Hz. The loop took 2.876220 ms (missed cycles : 3).
[adl_ui-15] 127.0.0.1 - - [22/Apr/2026 20:00:57] "GET /status_json HTTP/1.1" 200 -
[adl_ui-15] 127.0.0.1 - - [22/Apr/2026 20:00:58] "GET /status_json HTTP/1.1" 200 -
[ros2_control_node-1] [WARN] [1776902458.129987244] [controller_manager]: Overrun might occur, Total time : 3013.466 us (Expected < 1000.000 us) --> Read time : 52.717 us, Update time : 268.401 us, Write time : 2692.348 us
[ros2_control_node-1] [WARN] [1776902458.177273985] [controller_manager]: Overrun detected! The controller manager missed its desired rate of 1000 Hz. The loop took 2.333140 ms (missed cycles : 3).
[adl_ui-15] 127.0.0.1 - - [22/Apr/2026 20:00:58] "GET /status_json HTTP/1.1" 200 -
[vision_apriltag-9] [INFO] [1776902458.911514691] [vision_apriltag_node]: Vision AprilTag: scene is locked; detection publishing is paused.
[ros2_control_node-1] [WARN] [1776902459.130404220] [controller_manager]: Overrun might occur, Total time : 3415.503 us (Expected < 1000.000 us) --> Read time : 29.055 us, Update time : 215.621 us, Write time : 3170.827 us
[ros2_control_node-1] [WARN] [1776902459.177477903] [controller_manager]: Overrun detected! The controller manager missed its desired rate of 1000 Hz. The loop took 3.537013 ms (missed cycles : 4).
[adl_ui-15] 127.0.0.1 - - [22/Apr/2026 20:00:59] "GET /status_json HTTP/1.1" 200 -
[wrist_camera_usb_publisher-8] [INFO] [1776902459.700404819] [wrist_camera_usb_publisher_node]: USB camera publisher heartbeat: publishing 1280x720 frames on /wrist_mounted_camera/image; camera_info fx=920.87, fy=921.57, cx=644.76, cy=343.15.
[ros2_control_node-1] [WARN] [1776902460.131722027] [controller_manager]: Overrun might occur, Total time : 2740.500 us (Expected < 1000.000 us) --> Read time : 22.193 us, Update time : 180.725 us, Write time : 2537.582 us
[ros2_control_node-1] [WARN] [1776902460.179673854] [controller_manager]: Overrun detected! The controller manager missed its desired rate of 1000 Hz. The loop took 2.732754 ms (missed cycles : 3).
[adl_ui-15] 127.0.0.1 - - [22/Apr/2026 20:01:00] "GET /status_json HTTP/1.1" 200 -
[vision_apriltag-9] [INFO] [1776902460.914758136] [vision_apriltag_node]: Vision AprilTag: scene is locked; detection publishing is paused.
[adl_ui-15] 127.0.0.1 - - [22/Apr/2026 20:01:01] "GET /status_json HTTP/1.1" 200 -
[ros2_control_node-1] [WARN] [1776902461.132788959] [controller_manager]: Overrun might occur, Total time : 2825.871 us (Expected < 1000.000 us) --> Read time : 33.225 us, Update time : 248.624 us, Write time : 2544.022 us
[ros2_control_node-1] [WARN] [1776902461.179893073] [controller_manager]: Overrun detected! The controller manager missed its desired rate of 1000 Hz. The loop took 2.951427 ms (missed cycles : 3).
[adl_ui-15] 127.0.0.1 - - [22/Apr/2026 20:01:01] "GET /status_json HTTP/1.1" 200 -
[ros2_control_node-1] [WARN] [1776902462.136222354] [controller_manager]: Overrun might occur, Total time : 3264.260 us (Expected < 1000.000 us) --> Read time : 26.394 us, Update time : 206.140 us, Write time : 3031.726 us
[ros2_control_node-1] [WARN] [1776902462.181647879] [controller_manager]: Overrun detected! The controller manager missed its desired rate of 1000 Hz. The loop took 2.706534 ms (missed cycles : 3).
[adl_ui-15] 127.0.0.1 - - [22/Apr/2026 20:01:02] "GET /status_json HTTP/1.1" 200 -
[vision_apriltag-9] [INFO] [1776902462.911097491] [vision_apriltag_node]: Vision AprilTag: scene is locked; detection publishing is paused.
[ros2_control_node-1] [WARN] [1776902463.136795709] [controller_manager]: Overrun might occur, Total time : 2821.306 us (Expected < 1000.000 us) --> Read time : 29.190 us, Update time : 211.465 us, Write time : 2580.651 us
[ros2_control_node-1] [WARN] [1776902463.181654066] [controller_manager]: Overrun detected! The controller manager missed its desired rate of 1000 Hz. The loop took 2.712123 ms (missed cycles : 3).
[adl_ui-15] 127.0.0.1 - - [22/Apr/2026 20:01:03] "GET /status_json HTTP/1.1" 200 -
[ros2_control_node-1] [INFO] [1776902463.523103131] [joint_trajectory_controller]: Goal reached, success!
[move_group-20] [INFO] [1776902463.617844764] [moveit.simple_controller_manager.follow_joint_trajectory_controller_handle]: Controller 'joint_trajectory_controller' successfully finished
[move_group-20] [INFO] [1776902463.675137926] [move_group.moveit.moveit.ros.trajectory_execution_manager]: Completed trajectory execution with status SUCCEEDED ...
[move_group-20] [INFO] [1776902463.675607147] [move_group.moveit.moveit.ros.move_group.move_action]: Solution was found and executed.
[clear_table-13] [INFO] [1776902463.783905486] [clear_table_node]: [CAL] horizontal side scan joint snapshot: ADL_HORIZONTAL_SIDE_SCAN_JOINT_1=+1.220196 ADL_HORIZONTAL_SIDE_SCAN_JOINT_2=+1.448256 ADL_HORIZONTAL_SIDE_SCAN_JOINT_3=-3.104281 ADL_HORIZONTAL_SIDE_SCAN_JOINT_4=-2.387009 ADL_HORIZONTAL_SIDE_SCAN_JOINT_5=+1.765359 ADL_HORIZONTAL_SIDE_SCAN_JOINT_6=+1.428364 ADL_HORIZONTAL_SIDE_SCAN_JOINT_7=+2.328407
[clear_table-13] [INFO] [1776902463.784646178] [clear_table_node]: Scene UNLOCKED.
[scene_from_vision-10] [INFO] [1776902463.794189276] [scene_from_vision_node]: Scene UNLOCKED - updates resuming.
[adl_ui-15] 127.0.0.1 - - [22/Apr/2026 20:01:04] "GET /status_json HTTP/1.1" 200 -
[ros2_control_node-1] [WARN] [1776902464.138244002] [controller_manager]: Overrun might occur, Total time : 3275.998 us (Expected < 1000.000 us) --> Read time : 47.827 us, Update time : 224.398 us, Write time : 3003.773 us
[scene_from_vision-10] [INFO] [1776902464.141535155] [scene_from_vision_node]: Published obj_4 (pose_update) at x=0.584, y=-0.068, z=0.147, yaw=+1.5deg
[ros2_control_node-1] [WARN] [1776902464.184777733] [controller_manager]: Overrun detected! The controller manager missed its desired rate of 1000 Hz. The loop took 3.835438 ms (missed cycles : 4).
[scene_from_vision-10] [INFO] [1776902464.239524348] [scene_from_vision_node]: Scene scan source label received: 'side_right'.
[clear_table-13] [INFO] [1776902464.241936967] [clear_table_node]: scan_scene source label set to 'side_right'.
[scene_from_vision-10] [INFO] [1776902464.245202110] [scene_from_vision_node]: Scene scan started for 5.0s. source='side_right'. Visible detections will be sampled, filtered, and committed at scan end.
[vision_apriltag-9] [INFO] [1776902464.247954003] [vision_apriltag_node]: Service: Tag 4 found and base-frame pose returned.
[vision_apriltag-9] [INFO] [1776902464.347991522] [vision_apriltag_node]: Service: Tag 4 found and base-frame pose returned.
[vision_apriltag-9] [INFO] [1776902464.396586052] [vision_apriltag_node]: Vision AprilTag detection debug: no tags found after raw/CLAHE/sharp/adaptive/upscaled/tiled passes.
[vision_apriltag-9] [INFO] [1776902464.448211768] [vision_apriltag_node]: Service: Tag 4 found and base-frame pose returned.
[vision_apriltag-9] [INFO] [1776902464.550989317] [vision_apriltag_node]: Service: Tag 4 found and base-frame pose returned.
[vision_apriltag-9] [INFO] [1776902464.651115796] [vision_apriltag_node]: Service: Tag 4 found and base-frame pose returned.
[vision_apriltag-9] [INFO] [1776902464.751696842] [vision_apriltag_node]: Service: Tag 4 found and base-frame pose returned.
[adl_ui-15] 127.0.0.1 - - [22/Apr/2026 20:01:04] "GET /status_json HTTP/1.1" 200 -
[vision_apriltag-9] [INFO] [1776902464.852913951] [vision_apriltag_node]: Service: Tag 4 found and base-frame pose returned.
[wrist_camera_usb_publisher-8] [INFO] [1776902464.860971921] [wrist_camera_usb_publisher_node]: USB camera publisher heartbeat: publishing 1280x720 frames on /wrist_mounted_camera/image; camera_info fx=920.87, fy=921.57, cx=644.76, cy=343.15.
[vision_apriltag-9] [INFO] [1776902464.913572335] [vision_apriltag_node]: Vision AprilTag: images are arriving, but no AprilTag has been seen for 12.8s.
[vision_apriltag-9] [INFO] [1776902464.953156170] [vision_apriltag_node]: Service: Tag 4 found and base-frame pose returned.
[vision_apriltag-9] [INFO] [1776902465.053051452] [vision_apriltag_node]: Service: Tag 4 found and base-frame pose returned.
[ros2_control_node-1] [WARN] [1776902465.139732046] [controller_manager]: Overrun might occur, Total time : 3745.219 us (Expected < 1000.000 us) --> Read time : 60.947 us, Update time : 343.963 us, Write time : 3340.309 us
[vision_apriltag-9] [INFO] [1776902465.148998525] [vision_apriltag_node]: Service: Tag 4 found and base-frame pose returned.
[ros2_control_node-1] [WARN] [1776902465.185479380] [controller_manager]: Overrun detected! The controller manager missed its desired rate of 1000 Hz. The loop took 4.537040 ms (missed cycles : 5).
[vision_apriltag-9] [INFO] [1776902465.255123713] [vision_apriltag_node]: Service: Tag 4 found and base-frame pose returned.
[vision_apriltag-9] [INFO] [1776902465.356184877] [vision_apriltag_node]: Service: Tag 4 found and base-frame pose returned.
[vision_apriltag-9] [INFO] [1776902465.457400787] [vision_apriltag_node]: Service: Tag 4 found and base-frame pose returned.
[vision_apriltag-9] [INFO] [1776902465.557502824] [vision_apriltag_node]: Service: Tag 4 found and base-frame pose returned.
[adl_ui-15] 127.0.0.1 - - [22/Apr/2026 20:01:05] "GET /status_json HTTP/1.1" 200 -
[vision_apriltag-9] [INFO] [1776902465.659874372] [vision_apriltag_node]: Service: Tag 4 found and base-frame pose returned.
[vision_apriltag-9] [INFO] [1776902465.761118439] [vision_apriltag_node]: Service: Tag 4 found and base-frame pose returned.
[vision_apriltag-9] [INFO] [1776902465.861764285] [vision_apriltag_node]: Service: Tag 4 found and base-frame pose returned.
[vision_apriltag-9] [INFO] [1776902465.962144961] [vision_apriltag_node]: Service: Tag 4 found and base-frame pose returned.
[vision_apriltag-9] [INFO] [1776902466.067062690] [vision_apriltag_node]: Service: Tag 4 found and base-frame pose returned.
[scene_from_vision-10] [INFO] [1776902466.140067935] [scene_from_vision_node]: Published obj_4 (heartbeat) at x=0.584, y=-0.068, z=0.147, yaw=+1.5deg
[ros2_control_node-1] [WARN] [1776902466.143165180] [controller_manager]: Overrun might occur, Total time : 5195.116 us (Expected < 1000.000 us) --> Read time : 49.686 us, Update time : 283.769 us, Write time : 4861.661 us
[vision_apriltag-9] [INFO] [1776902466.144136579] [vision_apriltag_node]: Service: Tag 4 found and base-frame pose returned.
[vision_apriltag-9] [INFO] [1776902466.167277656] [vision_apriltag_node]: Service: Tag 4 found and base-frame pose returned.
[ros2_control_node-1] [WARN] [1776902466.185619287] [controller_manager]: Overrun detected! The controller manager missed its desired rate of 1000 Hz. The loop took 2.677744 ms (missed cycles : 3).
[vision_apriltag-9] [INFO] [1776902466.268003657] [vision_apriltag_node]: Service: Tag 4 found and base-frame pose returned.
[adl_ui-15] 127.0.0.1 - - [22/Apr/2026 20:01:06] "GET /status_json HTTP/1.1" 200 -
[vision_apriltag-9] [INFO] [1776902466.368116351] [vision_apriltag_node]: Service: Tag 4 found and base-frame pose returned.
[vision_apriltag-9] [INFO] [1776902466.469013725] [vision_apriltag_node]: Service: Tag 4 found and base-frame pose returned.
[vision_apriltag-9] [INFO] [1776902466.576530555] [vision_apriltag_node]: Service: Tag 4 found and base-frame pose returned.
[vision_apriltag-9] [INFO] [1776902466.674259213] [vision_apriltag_node]: Service: Tag 4 found and base-frame pose returned.
[vision_apriltag-9] [INFO] [1776902466.773217121] [vision_apriltag_node]: Service: Tag 4 found and base-frame pose returned.
[vision_apriltag-9] [INFO] [1776902466.873983027] [vision_apriltag_node]: Service: Tag 4 found and base-frame pose returned.
[vision_apriltag-9] [INFO] [1776902466.912015194] [vision_apriltag_node]: Vision AprilTag: images are arriving, but no AprilTag has been seen for 14.8s.
[vision_apriltag-9] [INFO] [1776902466.974468115] [vision_apriltag_node]: Service: Tag 4 found and base-frame pose returned.
[vision_apriltag-9] [INFO] [1776902467.075242510] [vision_apriltag_node]: Service: Tag 4 found and base-frame pose returned.
[adl_ui-15] 127.0.0.1 - - [22/Apr/2026 20:01:07] "GET /status_json HTTP/1.1" 200 -
[vision_apriltag-9] [INFO] [1776902467.144585197] [vision_apriltag_node]: Service: Tag 4 found and base-frame pose returned.
[ros2_control_node-1] [WARN] [1776902467.144838709] [controller_manager]: Overrun might occur, Total time : 2865.104 us (Expected < 1000.000 us) --> Read time : 47.464 us, Update time : 314.003 us, Write time : 2503.637 us
[vision_apriltag-9] [INFO] [1776902467.178455795] [vision_apriltag_node]: Service: Tag 4 found and base-frame pose returned.
[ros2_control_node-1] [WARN] [1776902467.187600806] [controller_manager]: Overrun detected! The controller manager missed its desired rate of 1000 Hz. The loop took 2.659104 ms (missed cycles : 3).
[clear_table-13] [WARN] [1776902467.254754487] [clear_table_node]: scan_scene timed out after 3.0s; using current remembered IDs.
[clear_table-13] [INFO] [1776902467.260907953] [clear_table_node]: Two-phase side scan 'side_right' also saw top-grasp IDs [4]; keeping them in the merged target set.
[clear_table-13] [INFO] [1776902467.265835580] [clear_table_node]: Two-phase side scan 'side_right' found no side-grasp IDs.
[clear_table-13] [INFO] [1776902467.268161133] [clear_table_node]: Scene LOCKED.
[scene_from_vision-10] [INFO] [1776902467.270557983] [scene_from_vision_node]: Scene LOCKED - updates paused.
[clear_table-13] [INFO] [1776902467.419610657] [clear_table_node]: look_at_table_horizontal_side_scan_with_offsets: moving to horizontal side scan with joint offsets (joint_1=+0.120, joint_6=+0.000).
[clear_table-13] [INFO] [1776902467.420449753] [clear_table_node]: look_at_table_horizontal_side_scan: current arm is not at target (worst=joint_1:0.423 rad > 0.080).
[clear_table-13] [INFO] [1776902467.421131305] [clear_table_node]: look_at_table_horizontal_side_scan: moving with deterministic fixed joint pose.
[move_group-20] [ERROR] [1776902467.421899549] [move_group.moveit.moveit.core.conversions]: Found empty JointState message
[clear_table-13] [INFO] [1776902467.425647152] [clear_table_node]: Start state: collision-valid — no collisions (not a joint-bounds check).
[move_group-20] [INFO] [1776902467.427253483] [move_group.moveit.moveit.ros.move_group.move_action]: MoveGroupMoveAction: Received request
[move_group-20] [INFO] [1776902467.427638900] [move_group.moveit.moveit.ros.move_group.move_action]: executing..
[move_group-20] [INFO] [1776902467.438019929] [move_group.moveit.moveit.ros.move_group.move_action]: Combined planning and execution request received for MoveGroup action. Forwarding to planning and execution pipeline.
[move_group-20] [WARN] [1776902467.438078907] [move_group.moveit.moveit.ros.move_group.capability]: Execution of motions should always start at the robot's current state. Ignoring the state supplied as start state in the motion planning request
[move_group-20] [WARN] [1776902467.438102338] [move_group.moveit.moveit.ros.move_group.capability]: Execution of motions should always start at the robot's current state. Ignoring the state supplied as difference in the planning scene diff
[move_group-20] [INFO] [1776902467.438114839] [move_group.moveit.moveit.ros.plan_execution]: Planning attempt 1 of at most 1
[move_group-20] [INFO] [1776902467.438421929] [move_group]: Calling PlanningRequestAdapter 'ResolveConstraintFrames'
[move_group-20] [INFO] [1776902467.438462036] [move_group]: Calling PlanningRequestAdapter 'ValidateWorkspaceBounds'
[move_group-20] [INFO] [1776902467.438477941] [move_group]: Calling PlanningRequestAdapter 'CheckStartStateBounds'
[move_group-20] [INFO] [1776902467.438507972] [move_group]: Calling PlanningRequestAdapter 'CheckStartStateCollision'
[move_group-20] [INFO] [1776902467.438875313] [move_group.moveit.moveit.planners.ompl.model_based_planning_context]: Planner configuration 'manipulator' will use planner 'geometric::RRTConnect'. Additional configuration parameters will be set when the planner is constructed.
[move_group-20] [INFO] [1776902467.438952114] [move_group]: Calling Planner 'OMPL'
[move_group-20] [INFO] [1776902467.476600343] [move_group]: Calling PlanningResponseAdapter 'AddTimeOptimalParameterization'
[move_group-20] [INFO] [1776902467.478537414] [move_group]: Calling PlanningResponseAdapter 'ValidateSolution'
[move_group-20] [INFO] [1776902467.479091854] [move_group]: Calling PlanningResponseAdapter 'DisplayMotionPath'
[move_group-20] [WARN] [1776902467.479192884] [move_group.moveit.moveit.ros.planning_pipeline]: The planner plugin did not fill out the 'planner_id' field of the MotionPlanResponse. Setting it to the planner ID name of the MotionPlanRequest assuming that the planner plugin does warn you if it does not use the requested planner.
[move_group-20] [INFO] [1776902467.479415037] [move_group.moveit.moveit.plugins.simple_controller_manager]: Returned 2 controllers in list
[move_group-20] [INFO] [1776902467.479448029] [move_group.moveit.moveit.plugins.simple_controller_manager]: Returned 2 controllers in list
[move_group-20] [INFO] [1776902467.479521082] [move_group.moveit.moveit.ros.trajectory_execution_manager]: Validating trajectory with allowed_start_tolerance 0.01
[move_group-20] [INFO] [1776902467.495397697] [move_group.moveit.moveit.ros.trajectory_execution_manager]: Starting trajectory execution ...
[move_group-20] [INFO] [1776902467.495476732] [move_group.moveit.moveit.plugins.simple_controller_manager]: Returned 2 controllers in list
[move_group-20] [INFO] [1776902467.495517105] [move_group.moveit.moveit.plugins.simple_controller_manager]: Returned 2 controllers in list
[move_group-20] [INFO] [1776902467.495697684] [moveit.simple_controller_manager.follow_joint_trajectory_controller_handle]: sending trajectory to joint_trajectory_controller
[ros2_control_node-1] [INFO] [1776902467.496207048] [joint_trajectory_controller]: Received new action goal
[ros2_control_node-1] [INFO] [1776902467.496250119] [joint_trajectory_controller]: Accepted new action goal
[move_group-20] [INFO] [1776902467.496474425] [moveit.simple_controller_manager.follow_joint_trajectory_controller_handle]: joint_trajectory_controller started execution
[move_group-20] [INFO] [1776902467.496488777] [moveit.simple_controller_manager.follow_joint_trajectory_controller_handle]: Goal request accepted!
[adl_ui-15] 127.0.0.1 - - [22/Apr/2026 20:01:07] "GET /status_json HTTP/1.1" 200 -
[ros2_control_node-1] [WARN] [1776902468.146079740] [controller_manager]: Overrun might occur, Total time : 3047.367 us (Expected < 1000.000 us) --> Read time : 99.374 us, Update time : 495.053 us, Write time : 2452.940 us
[ros2_control_node-1] [WARN] [1776902468.188371994] [controller_manager]: Overrun detected! The controller manager missed its desired rate of 1000 Hz. The loop took 3.430279 ms (missed cycles : 4).
[adl_ui-15] 127.0.0.1 - - [22/Apr/2026 20:01:08] "GET /status_json HTTP/1.1" 200 -
[ros2_control_node-1] [INFO] [1776902468.795168213] [joint_trajectory_controller]: Goal reached, success!
[move_group-20] [INFO] [1776902468.797104854] [moveit.simple_controller_manager.follow_joint_trajectory_controller_handle]: Controller 'joint_trajectory_controller' successfully finished
[move_group-20] [INFO] [1776902468.855641372] [move_group.moveit.moveit.ros.trajectory_execution_manager]: Completed trajectory execution with status SUCCEEDED ...
[move_group-20] [INFO] [1776902468.856430683] [move_group.moveit.moveit.ros.move_group.move_action]: Solution was found and executed.
[vision_apriltag-9] [INFO] [1776902468.917968391] [vision_apriltag_node]: Vision AprilTag: scene is locked; detection publishing is paused.
[clear_table-13] [INFO] [1776902468.971726284] [clear_table_node]: [CAL] horizontal side scan joint snapshot: ADL_HORIZONTAL_SIDE_SCAN_JOINT_1=+1.616782 ADL_HORIZONTAL_SIDE_SCAN_JOINT_2=+1.472064 ADL_HORIZONTAL_SIDE_SCAN_JOINT_3=-3.129731 ADL_HORIZONTAL_SIDE_SCAN_JOINT_4=-2.378097 ADL_HORIZONTAL_SIDE_SCAN_JOINT_5=+1.758275 ADL_HORIZONTAL_SIDE_SCAN_JOINT_6=+1.408520 ADL_HORIZONTAL_SIDE_SCAN_JOINT_7=+2.284539
[clear_table-13] [INFO] [1776902468.972408230] [clear_table_node]: Scene UNLOCKED.
[scene_from_vision-10] [INFO] [1776902468.973950617] [scene_from_vision_node]: Scene UNLOCKED - updates resuming.
[scene_from_vision-10] [INFO] [1776902468.983277791] [scene_from_vision_node]: Published obj_4 (heartbeat) at x=0.584, y=-0.068, z=0.147, yaw=+1.5deg
[vision_apriltag-9] [INFO] [1776902468.983745331] [vision_apriltag_node]: Service: Tag 4 found and base-frame pose returned.
[vision_apriltag-9] [INFO] [1776902469.089844585] [vision_apriltag_node]: Service: Tag 4 found and base-frame pose returned.
[vision_apriltag-9] [INFO] [1776902469.141618789] [vision_apriltag_node]: Service: Tag 4 found and base-frame pose returned.
[ros2_control_node-1] [WARN] [1776902469.146908775] [controller_manager]: Overrun might occur, Total time : 2938.532 us (Expected < 1000.000 us) --> Read time : 48.773 us, Update time : 314.078 us, Write time : 2575.681 us
[ros2_control_node-1] [WARN] [1776902469.188668865] [controller_manager]: Overrun detected! The controller manager missed its desired rate of 1000 Hz. The loop took 2.727183 ms (missed cycles : 3).
[vision_apriltag-9] [INFO] [1776902469.192367976] [vision_apriltag_node]: Service: Tag 4 found and base-frame pose returned.
[scene_from_vision-10] [INFO] [1776902469.290628544] [scene_from_vision_node]: Scan committed tag 4: raw=36, accepted=36, rejected=0, median tag pose x=0.604, y=-0.061, z=0.175. object center x=0.584, y=-0.068, z=0.147, yaw=+0.9deg. table_delta x=-0.098, y=-0.068.
[scene_from_vision-10] [INFO] [1776902469.296015628] [scene_from_vision_node]: Scene scan complete. Remembered object IDs: [4]
[adl_ui-15] 127.0.0.1 - - [22/Apr/2026 20:01:09] "GET /status_json HTTP/1.1" 200 -
[clear_table-13] [INFO] [1776902469.426346266] [clear_table_node]: scan_scene source label set to 'side_left'.
[scene_from_vision-10] [INFO] [1776902469.430705730] [scene_from_vision_node]: Scene scan source label received: 'side_left'.
[scene_from_vision-10] [INFO] [1776902469.432601404] [scene_from_vision_node]: Scene scan started for 5.0s. source='side_left'. Visible detections will be sampled, filtered, and committed at scan end.
[vision_apriltag-9] [INFO] [1776902469.697877465] [vision_apriltag_node]: Vision AprilTag detection debug: no tags found after raw/CLAHE/sharp/adaptive/upscaled/tiled passes.
[vision_apriltag-9] [INFO] [1776902469.703662660] [vision_apriltag_node]: Service: Tag 4 found and base-frame pose returned.
[vision_apriltag-9] [INFO] [1776902469.740473000] [vision_apriltag_node]: Service: Tag 4 found and base-frame pose returned.
[vision_apriltag-9] [INFO] [1776902469.841215239] [vision_apriltag_node]: Service: Tag 4 found and base-frame pose returned.
[vision_apriltag-9] [INFO] [1776902469.941448975] [vision_apriltag_node]: Service: Tag 4 found and base-frame pose returned.
[wrist_camera_usb_publisher-8] [INFO] [1776902470.020846881] [wrist_camera_usb_publisher_node]: USB camera publisher heartbeat: publishing 1280x720 frames on /wrist_mounted_camera/image; camera_info fx=920.87, fy=921.57, cx=644.76, cy=343.15.
[vision_apriltag-9] [INFO] [1776902470.042932577] [vision_apriltag_node]: Service: Tag 4 found and base-frame pose returned.
[adl_ui-15] 127.0.0.1 - - [22/Apr/2026 20:01:10] "GET /status_json HTTP/1.1" 200 -
[vision_apriltag-9] [INFO] [1776902470.140715820] [vision_apriltag_node]: Service: Tag 4 found and base-frame pose returned.
[ros2_control_node-1] [WARN] [1776902470.148338739] [controller_manager]: Overrun might occur, Total time : 2374.155 us (Expected < 1000.000 us) --> Read time : 44.057 us, Update time : 257.256 us, Write time : 2072.842 us
[ros2_control_node-1] [WARN] [1776902470.190860136] [controller_manager]: Overrun detected! The controller manager missed its desired rate of 1000 Hz. The loop took 2.917887 ms (missed cycles : 3).
[vision_apriltag-9] [INFO] [1776902470.517587432] [vision_apriltag_node]: Service: Tag 4 found and base-frame pose returned.
[vision_apriltag-9] [INFO] [1776902470.553310838] [vision_apriltag_node]: Service: Tag 4 found and base-frame pose returned.
[vision_apriltag-9] [INFO] [1776902470.654128927] [vision_apriltag_node]: Service: Tag 4 found and base-frame pose returned.
[vision_apriltag-9] [INFO] [1776902470.754504978] [vision_apriltag_node]: Service: Tag 4 found and base-frame pose returned.
[adl_ui-15] 127.0.0.1 - - [22/Apr/2026 20:01:10] "GET /status_json HTTP/1.1" 200 -
[vision_apriltag-9] [INFO] [1776902470.860492201] [vision_apriltag_node]: Service: Tag 4 found and base-frame pose returned.
[vision_apriltag-9] [INFO] [1776902470.911624303] [vision_apriltag_node]: Vision AprilTag: images are arriving, but no AprilTag has been seen for 18.8s.
[vision_apriltag-9] [INFO] [1776902470.956747092] [vision_apriltag_node]: Service: Tag 4 found and base-frame pose returned.
[scene_from_vision-10] [INFO] [1776902471.057436200] [scene_from_vision_node]: Published obj_4 (heartbeat) at x=0.584, y=-0.068, z=0.147, yaw=+0.9deg
[vision_apriltag-9] [INFO] [1776902471.059259982] [vision_apriltag_node]: Service: Tag 4 found and base-frame pose returned.
[vision_apriltag-9] [INFO] [1776902471.139998100] [vision_apriltag_node]: Service: Tag 4 found and base-frame pose returned.
[ros2_control_node-1] [WARN] [1776902471.150537744] [controller_manager]: Overrun might occur, Total time : 2575.665 us (Expected < 1000.000 us) --> Read time : 37.333 us, Update time : 210.536 us, Write time : 2327.796 us
[vision_apriltag-9] [INFO] [1776902471.161907651] [vision_apriltag_node]: Service: Tag 4 found and base-frame pose returned.
[ros2_control_node-1] [WARN] [1776902471.191627574] [controller_manager]: Overrun detected! The controller manager missed its desired rate of 1000 Hz. The loop took 2.686275 ms (missed cycles : 3).
[vision_apriltag-9] [INFO] [1776902471.262991629] [vision_apriltag_node]: Service: Tag 4 found and base-frame pose returned.
[vision_apriltag-9] [INFO] [1776902471.363744179] [vision_apriltag_node]: Service: Tag 4 found and base-frame pose returned.
[vision_apriltag-9] [INFO] [1776902471.466416665] [vision_apriltag_node]: Service: Tag 4 found and base-frame pose returned.
[vision_apriltag-9] [INFO] [1776902471.566979421] [vision_apriltag_node]: Service: Tag 4 found and base-frame pose returned.
[adl_ui-15] 127.0.0.1 - - [22/Apr/2026 20:01:11] "GET /status_json HTTP/1.1" 200 -
[vision_apriltag-9] [INFO] [1776902471.668139091] [vision_apriltag_node]: Service: Tag 4 found and base-frame pose returned.
[vision_apriltag-9] [INFO] [1776902471.769015131] [vision_apriltag_node]: Service: Tag 4 found and base-frame pose returned.
[vision_apriltag-9] [INFO] [1776902471.872589828] [vision_apriltag_node]: Service: Tag 4 found and base-frame pose returned.
[vision_apriltag-9] [INFO] [1776902471.972817917] [vision_apriltag_node]: Service: Tag 4 found and base-frame pose returned.
[vision_apriltag-9] [INFO] [1776902472.070842941] [vision_apriltag_node]: Service: Tag 4 found and base-frame pose returned.
[vision_apriltag-9] [INFO] [1776902472.114053276] [vision_apriltag_node]: Removed stale tag ID 4 from detected tags
[ros2_control_node-1] [WARN] [1776902472.150756144] [controller_manager]: Overrun might occur, Total time : 2779.559 us (Expected < 1000.000 us) --> Read time : 55.426 us, Update time : 320.645 us, Write time : 2403.488 us
[ros2_control_node-1] [WARN] [1776902472.193330343] [controller_manager]: Overrun detected! The controller manager missed its desired rate of 1000 Hz. The loop took 3.388322 ms (missed cycles : 4).
[adl_ui-15] 127.0.0.1 - - [22/Apr/2026 20:01:12] "GET /status_json HTTP/1.1" 200 -
[clear_table-13] [WARN] [1776902472.462140993] [clear_table_node]: scan_scene timed out after 3.0s; using current remembered IDs.
[clear_table-13] [INFO] [1776902472.464583082] [clear_table_node]: Two-phase side scan 'side_left' also saw top-grasp IDs [4]; keeping them in the merged target set.
[clear_table-13] [INFO] [1776902472.469568053] [clear_table_node]: Two-phase side scan 'side_left' found no side-grasp IDs.
[clear_table-13] [INFO] [1776902472.474525100] [clear_table_node]: Two-phase scan merged clear-table IDs: [4].
[clear_table-13] [INFO] [1776902472.480423158] [clear_table_node]: Detected 1 objects to clear (IDs, sorted by distance): [4]
[clear_table-13] [INFO] [1776902472.482226598] [clear_table_node]: Scene LOCKED.
[scene_from_vision-10] [INFO] [1776902472.486426543] [scene_from_vision_node]: Scene LOCKED - updates paused.
[clear_table-13] [INFO] [1776902472.633303072] [clear_table_node]: Attempting to clear object Cube (ID 4) attempt 1/1. 1 objects remaining.
[clear_table-13] [INFO] [1776902472.634157820] [clear_table_node]: [Cube] Pre-attempt joints: joint_1=+1.616, joint_2=+1.472, joint_3=-3.130, joint_4=-2.378, joint_5=+1.758, joint_6=+1.409, joint_7=+2.285
[clear_table-13] [INFO] [1776902472.639184277] [clear_table_node]: [Cube] Pre-attempt ee: pos=(0.153, -0.180, 0.085), ori=(0.446, 0.555, 0.540, 0.449)
[clear_table-13] [INFO] [1776902472.640129922] [clear_table_node]: Scene LOCKED.
[scene_from_vision-10] [INFO] [1776902472.642473078] [scene_from_vision_node]: Scene LOCKED - updates paused.
[clear_table-13] [INFO] [1776902472.792304679] [clear_table_node]: [Cube] Top-grasp XY calibration: CUBE_WORLD_X_OFFSET_M=-0.0200, CUBE_WORLD_Y_OFFSET_M=-0.0063; tag->grasp delta dx=-0.0200, dy=-0.0063.
[clear_table-13] [INFO] [1776902472.799517129] [clear_table_node]: [Cube] Initial target: yaw-free top grasp chose the 90deg symmetric wrist candidate (rotation from reference=1.567 rad).
[clear_table-13] [INFO] [1776902472.802386524] [clear_table_node]: [Cube] stage1_ori_xy=0.350, stage1_ori_z=0.350, retry_ori_xy=0.450, retry_ori_z=0.450, stage1_live_ori=0.450, stage2_prealign=0.350, soft_fail=False, primary_pos_fallback=False, retry_pos_fallback=False, staged_pos_fallback=False, retry_table_reseed=False, ori_mode=approach_axis, plan_s=(12.0/14.0).
[clear_table-13] [INFO] [1776902472.805533119] [clear_table_node]: [Cube] Stage 1: approach (0.584, -0.068, 0.450)
[clear_table-13] [INFO] [1776902472.806309652] [clear_table_node]: Stage 1 Approach Target: pos=(0.584, -0.068, 0.450), ori=(0.701, 0.713, 0.000, 0.000)
[clear_table-13] [INFO] [1776902472.806884354] [clear_table_node]: open_gripper(): opening gripper fully...
[ros2_control_node-1] [INFO] [1776902472.807498072] [robotiq_gripper_controller]: Received & accepted new action goal
[vision_apriltag-9] [INFO] [1776902472.914129402] [vision_apriltag_node]: Vision AprilTag: scene is locked; detection publishing is paused.
[clear_table-13] [INFO] [1776902473.013107395] [clear_table_node]: Gripper reached position=0.007 stalled=False reached_goal=True
[clear_table-13] [INFO] [1776902473.014791304] [clear_table_node]: Added temporary table-top keepout 'clear_table_approach_table_top_keepout' (size=(0.575,0.575,0.080)m, base_z=0.118m, top_z=0.198m).
[adl_ui-15] 127.0.0.1 - - [22/Apr/2026 20:01:13] "GET /status_json HTTP/1.1" 200 -
[ros2_control_node-1] [WARN] [1776902473.151620505] [controller_manager]: Overrun might occur, Total time : 2658.786 us (Expected < 1000.000 us) --> Read time : 31.089 us, Update time : 179.656 us, Write time : 2448.041 us
[clear_table-13] [INFO] [1776902473.165702209] [clear_table_node]: go_to_pose: planning to pose at 0.584,-0.068, 0.450
[move_group-20] [ERROR] [1776902473.166869242] [move_group.moveit.moveit.core.conversions]: Found empty JointState message
[clear_table-13] [INFO] [1776902473.170358501] [clear_table_node]: Start state: collision-valid — no collisions (not a joint-bounds check).
[move_group-20] [INFO] [1776902473.171489259] [move_group.moveit.moveit.ros.move_group.move_action]: MoveGroupMoveAction: Received request
[move_group-20] [INFO] [1776902473.171704650] [move_group.moveit.moveit.ros.move_group.move_action]: executing..
[move_group-20] [INFO] [1776902473.175018896] [move_group.moveit.moveit.ros.move_group.move_action]: Combined planning and execution request received for MoveGroup action. Forwarding to planning and execution pipeline.
[move_group-20] [WARN] [1776902473.175082493] [move_group.moveit.moveit.ros.move_group.capability]: Execution of motions should always start at the robot's current state. Ignoring the state supplied as start state in the motion planning request
[move_group-20] [WARN] [1776902473.175105966] [move_group.moveit.moveit.ros.move_group.capability]: Execution of motions should always start at the robot's current state. Ignoring the state supplied as difference in the planning scene diff
[move_group-20] [INFO] [1776902473.175119968] [move_group.moveit.moveit.ros.plan_execution]: Planning attempt 1 of at most 1
[move_group-20] [INFO] [1776902473.175568171] [move_group]: Calling PlanningRequestAdapter 'ResolveConstraintFrames'
[move_group-20] [INFO] [1776902473.175607954] [move_group]: Calling PlanningRequestAdapter 'ValidateWorkspaceBounds'
[move_group-20] [INFO] [1776902473.175625812] [move_group]: Calling PlanningRequestAdapter 'CheckStartStateBounds'
[move_group-20] [INFO] [1776902473.175658420] [move_group]: Calling PlanningRequestAdapter 'CheckStartStateCollision'
[move_group-20] [INFO] [1776902473.176088667] [move_group.moveit.moveit.planners.ompl.model_based_planning_context]: Planner configuration 'manipulator' will use planner 'geometric::RRTConnect'. Additional configuration parameters will be set when the planner is constructed.
[move_group-20] [INFO] [1776902473.176163237] [move_group]: Calling Planner 'OMPL'
[ros2_control_node-1] [WARN] [1776902473.194392879] [controller_manager]: Overrun detected! The controller manager missed its desired rate of 1000 Hz. The loop took 5.451480 ms (missed cycles : 6).
[move_group-20] [INFO] [1776902473.262919447] [move_group]: Calling PlanningResponseAdapter 'AddTimeOptimalParameterization'
[move_group-20] [INFO] [1776902473.282989789] [move_group]: Calling PlanningResponseAdapter 'ValidateSolution'
[move_group-20] [INFO] [1776902473.287464974] [move_group]: Calling PlanningResponseAdapter 'DisplayMotionPath'
[move_group-20] [WARN] [1776902473.287797722] [move_group.moveit.moveit.ros.planning_pipeline]: The planner plugin did not fill out the 'planner_id' field of the MotionPlanResponse. Setting it to the planner ID name of the MotionPlanRequest assuming that the planner plugin does warn you if it does not use the requested planner.
[move_group-20] [INFO] [1776902473.288209891] [move_group.moveit.moveit.plugins.simple_controller_manager]: Returned 2 controllers in list
[move_group-20] [INFO] [1776902473.288241221] [move_group.moveit.moveit.plugins.simple_controller_manager]: Returned 2 controllers in list
[move_group-20] [INFO] [1776902473.288358831] [move_group.moveit.moveit.ros.trajectory_execution_manager]: Validating trajectory with allowed_start_tolerance 0.01
[move_group-20] [INFO] [1776902473.296027761] [move_group.moveit.moveit.ros.trajectory_execution_manager]: Starting trajectory execution ...
[move_group-20] [INFO] [1776902473.296122453] [move_group.moveit.moveit.plugins.simple_controller_manager]: Returned 2 controllers in list
[move_group-20] [INFO] [1776902473.296157528] [move_group.moveit.moveit.plugins.simple_controller_manager]: Returned 2 controllers in list
[move_group-20] [INFO] [1776902473.296369975] [moveit.simple_controller_manager.follow_joint_trajectory_controller_handle]: sending trajectory to joint_trajectory_controller
[ros2_control_node-1] [INFO] [1776902473.296970655] [joint_trajectory_controller]: Received new action goal
[ros2_control_node-1] [INFO] [1776902473.297068995] [joint_trajectory_controller]: Accepted new action goal
[move_group-20] [INFO] [1776902473.298251450] [moveit.simple_controller_manager.follow_joint_trajectory_controller_handle]: joint_trajectory_controller started execution
[move_group-20] [INFO] [1776902473.298295657] [moveit.simple_controller_manager.follow_joint_trajectory_controller_handle]: Goal request accepted!
[joint_state_sanitizer-3] [WARN] [1776902473.381352799] [joint_state_sanitizer_node]: [joint_state_sanitizer] Published sanitized joint state: joint_3:-3.134->-3.132
[adl_ui-15] 127.0.0.1 - - [22/Apr/2026 20:01:13] "GET /status_json HTTP/1.1" 200 -
[ros2_control_node-1] [WARN] [1776902474.154795506] [controller_manager]: Overrun might occur, Total time : 2810.419 us (Expected < 1000.000 us) --> Read time : 24.096 us, Update time : 181.498 us, Write time : 2604.825 us
[ros2_control_node-1] [WARN] [1776902474.196693035] [controller_manager]: Overrun detected! The controller manager missed its desired rate of 1000 Hz. The loop took 2.751601 ms (missed cycles : 3).
[scene_from_vision-10] [INFO] [1776902474.483589975] [scene_from_vision_node]: Scan committed tag 4: raw=24, accepted=24, rejected=0, median tag pose x=0.604, y=-0.061, z=0.175. object center x=0.584, y=-0.068, z=0.147, yaw=+0.9deg. table_delta x=-0.098, y=-0.068.
[scene_from_vision-10] [INFO] [1776902474.484946574] [scene_from_vision_node]: Scene scan complete. Remembered object IDs: [4]
[adl_ui-15] 127.0.0.1 - - [22/Apr/2026 20:01:14] "GET /status_json HTTP/1.1" 200 -
[vision_apriltag-9] [INFO] [1776902474.911662437] [vision_apriltag_node]: Vision AprilTag: scene is locked; detection publishing is paused.
[ros2_control_node-1] [WARN] [1776902475.157986492] [controller_manager]: Overrun might occur, Total time : 3005.440 us (Expected < 1000.000 us) --> Read time : 46.420 us, Update time : 312.898 us, Write time : 2646.122 us
[wrist_camera_usb_publisher-8] [INFO] [1776902475.180642017] [wrist_camera_usb_publisher_node]: USB camera publisher heartbeat: publishing 1280x720 frames on /wrist_mounted_camera/image; camera_info fx=920.87, fy=921.57, cx=644.76, cy=343.15.
[ros2_control_node-1] [WARN] [1776902475.199822589] [controller_manager]: Overrun detected! The controller manager missed its desired rate of 1000 Hz. The loop took 2.881166 ms (missed cycles : 3).
[adl_ui-15] 127.0.0.1 - - [22/Apr/2026 20:01:15] "GET /status_json HTTP/1.1" 200 -
[adl_ui-15] 127.0.0.1 - - [22/Apr/2026 20:01:16] "GET /status_json HTTP/1.1" 200 -
[ros2_control_node-1] [WARN] [1776902476.160721981] [controller_manager]: Overrun might occur, Total time : 2763.227 us (Expected < 1000.000 us) --> Read time : 28.857 us, Update time : 227.487 us, Write time : 2506.883 us
[ros2_control_node-1] [WARN] [1776902476.202915123] [controller_manager]: Overrun detected! The controller manager missed its desired rate of 1000 Hz. The loop took 2.973242 ms (missed cycles : 3).
[adl_ui-15] 127.0.0.1 - - [22/Apr/2026 20:01:16] "GET /status_json HTTP/1.1" 200 -
[vision_apriltag-9] [INFO] [1776902476.912159808] [vision_apriltag_node]: Vision AprilTag: scene is locked; detection publishing is paused.
[ros2_control_node-1] [WARN] [1776902477.161747616] [controller_manager]: Overrun might occur, Total time : 2792.286 us (Expected < 1000.000 us) --> Read time : 33.133 us, Update time : 206.431 us, Write time : 2552.722 us
[ros2_control_node-1] [WARN] [1776902477.204693364] [controller_manager]: Overrun detected! The controller manager missed its desired rate of 1000 Hz. The loop took 2.752536 ms (missed cycles : 3).
[adl_ui-15] 127.0.0.1 - - [22/Apr/2026 20:01:17] "GET /status_json HTTP/1.1" 200 -
[ros2_control_node-1] [WARN] [1776902478.161888856] [controller_manager]: Overrun might occur, Total time : 2904.215 us (Expected < 1000.000 us) --> Read time : 55.301 us, Update time : 369.391 us, Write time : 2479.523 us
[ros2_control_node-1] [WARN] [1776902478.205693680] [controller_manager]: Overrun detected! The controller manager missed its desired rate of 1000 Hz. The loop took 2.752140 ms (missed cycles : 3).
[adl_ui-15] 127.0.0.1 - - [22/Apr/2026 20:01:18] "GET /status_json HTTP/1.1" 200 -
[vision_apriltag-9] [INFO] [1776902478.911142948] [vision_apriltag_node]: Vision AprilTag: scene is locked; detection publishing is paused.
[adl_ui-15] 127.0.0.1 - - [22/Apr/2026 20:01:19] "GET /status_json HTTP/1.1" 200 -
[ros2_control_node-1] [WARN] [1776902479.162705511] [controller_manager]: Overrun might occur, Total time : 2715.648 us (Expected < 1000.000 us) --> Read time : 29.775 us, Update time : 204.892 us, Write time : 2480.981 us
[ros2_control_node-1] [WARN] [1776902479.208704809] [controller_manager]: Overrun detected! The controller manager missed its desired rate of 1000 Hz. The loop took 2.763991 ms (missed cycles : 3).
[adl_ui-15] 127.0.0.1 - - [22/Apr/2026 20:01:19] "GET /status_json HTTP/1.1" 200 -
[ros2_control_node-1] [WARN] [1776902480.164692217] [controller_manager]: Overrun might occur, Total time : 3734.878 us (Expected < 1000.000 us) --> Read time : 33.639 us, Update time : 274.539 us, Write time : 3426.700 us
[ros2_control_node-1] [WARN] [1776902480.209785195] [controller_manager]: Overrun detected! The controller manager missed its desired rate of 1000 Hz. The loop took 2.844154 ms (missed cycles : 3).
[wrist_camera_usb_publisher-8] [INFO] [1776902480.342226676] [wrist_camera_usb_publisher_node]: USB camera publisher heartbeat: publishing 1280x720 frames on /wrist_mounted_camera/image; camera_info fx=920.87, fy=921.57, cx=644.76, cy=343.15.
[adl_ui-15] 127.0.0.1 - - [22/Apr/2026 20:01:20] "GET /status_json HTTP/1.1" 200 -
[vision_apriltag-9] [INFO] [1776902480.912276590] [vision_apriltag_node]: Vision AprilTag: scene is locked; detection publishing is paused.
[ros2_control_node-1] [WARN] [1776902481.167763333] [controller_manager]: Overrun might occur, Total time : 2801.503 us (Expected < 1000.000 us) --> Read time : 37.640 us, Update time : 274.279 us, Write time : 2489.584 us
[ros2_control_node-1] [WARN] [1776902481.211723119] [controller_manager]: Overrun detected! The controller manager missed its desired rate of 1000 Hz. The loop took 2.782305 ms (missed cycles : 3).
[adl_ui-15] 127.0.0.1 - - [22/Apr/2026 20:01:21] "GET /status_json HTTP/1.1" 200 -
[adl_ui-15] 127.0.0.1 - - [22/Apr/2026 20:01:22] "GET /status_json HTTP/1.1" 200 -
[ros2_control_node-1] [WARN] [1776902482.169426963] [controller_manager]: Overrun might occur, Total time : 4455.040 us (Expected < 1000.000 us) --> Read time : 61.266 us, Update time : 307.951 us, Write time : 4085.823 us
[ros2_control_node-1] [WARN] [1776902482.215485172] [controller_manager]: Overrun detected! The controller manager missed its desired rate of 1000 Hz. The loop took 3.543709 ms (missed cycles : 4).
[adl_ui-15] 127.0.0.1 - - [22/Apr/2026 20:01:22] "GET /status_json HTTP/1.1" 200 -
[vision_apriltag-9] [INFO] [1776902482.911946689] [vision_apriltag_node]: Vision AprilTag: scene is locked; detection publishing is paused.
[ros2_control_node-1] [WARN] [1776902483.171815701] [controller_manager]: Overrun might occur, Total time : 2849.171 us (Expected < 1000.000 us) --> Read time : 44.543 us, Update time : 388.022 us, Write time : 2416.606 us
[ros2_control_node-1] [WARN] [1776902483.217651050] [controller_manager]: Overrun detected! The controller manager missed its desired rate of 1000 Hz. The loop took 2.709475 ms (missed cycles : 3).
[adl_ui-15] 127.0.0.1 - - [22/Apr/2026 20:01:23] "GET /status_json HTTP/1.1" 200 -
[ros2_control_node-1] [INFO] [1776902483.749089493] [joint_trajectory_controller]: Goal reached, success!
[move_group-20] [INFO] [1776902483.797895304] [moveit.simple_controller_manager.follow_joint_trajectory_controller_handle]: Controller 'joint_trajectory_controller' successfully finished
[move_group-20] [INFO] [1776902483.854980163] [move_group.moveit.moveit.ros.trajectory_execution_manager]: Completed trajectory execution with status SUCCEEDED ...
[move_group-20] [INFO] [1776902483.857585607] [move_group.moveit.moveit.ros.move_group.move_action]: Solution was found and executed.
[clear_table-13] [INFO] [1776902484.068054284] [clear_table_node]: [Cube] Stage 1 primary pre-refine check: live pose error pos=0.044 m (dx=-0.005, dy=+0.043, dz=-0.003) (limit=0.035), ori=0.348 rad (limit=0.450, mode=approach_axis).
[clear_table-13] [INFO] [1776902484.068583531] [clear_table_node]: go_to_pose: planning to pose at 0.584,-0.068, 0.450
[move_group-20] [ERROR] [1776902484.069241131] [move_group.moveit.moveit.core.conversions]: Found empty JointState message
[clear_table-13] [INFO] [1776902484.071844820] [clear_table_node]: Start state: collision-valid — no collisions (not a joint-bounds check).
[move_group-20] [INFO] [1776902484.073238581] [move_group.moveit.moveit.ros.move_group.move_action]: MoveGroupMoveAction: Received request
[move_group-20] [INFO] [1776902484.073432420] [move_group.moveit.moveit.ros.move_group.move_action]: executing..
[move_group-20] [INFO] [1776902484.075790064] [move_group.moveit.moveit.ros.move_group.move_action]: Combined planning and execution request received for MoveGroup action. Forwarding to planning and execution pipeline.
[move_group-20] [WARN] [1776902484.075856993] [move_group.moveit.moveit.ros.move_group.capability]: Execution of motions should always start at the robot's current state. Ignoring the state supplied as start state in the motion planning request
[move_group-20] [WARN] [1776902484.075876922] [move_group.moveit.moveit.ros.move_group.capability]: Execution of motions should always start at the robot's current state. Ignoring the state supplied as difference in the planning scene diff
[move_group-20] [INFO] [1776902484.075888372] [move_group.moveit.moveit.ros.plan_execution]: Planning attempt 1 of at most 1
[move_group-20] [INFO] [1776902484.076664829] [move_group]: Calling PlanningRequestAdapter 'ResolveConstraintFrames'
[move_group-20] [INFO] [1776902484.076721416] [move_group]: Calling PlanningRequestAdapter 'ValidateWorkspaceBounds'
[move_group-20] [INFO] [1776902484.076740495] [move_group]: Calling PlanningRequestAdapter 'CheckStartStateBounds'
[move_group-20] [INFO] [1776902484.076782209] [move_group]: Calling PlanningRequestAdapter 'CheckStartStateCollision'
[move_group-20] [INFO] [1776902484.077401704] [move_group.moveit.moveit.planners.ompl.model_based_planning_context]: Planner configuration 'manipulator' will use planner 'geometric::RRTConnect'. Additional configuration parameters will be set when the planner is constructed.
[move_group-20] [INFO] [1776902484.077479057] [move_group]: Calling Planner 'OMPL'
[move_group-20] [INFO] [1776902484.104119463] [move_group]: Calling PlanningResponseAdapter 'AddTimeOptimalParameterization'
[move_group-20] [INFO] [1776902484.105175891] [move_group]: Calling PlanningResponseAdapter 'ValidateSolution'
[move_group-20] [INFO] [1776902484.105701147] [move_group]: Calling PlanningResponseAdapter 'DisplayMotionPath'
[move_group-20] [WARN] [1776902484.105803302] [move_group.moveit.moveit.ros.planning_pipeline]: The planner plugin did not fill out the 'planner_id' field of the MotionPlanResponse. Setting it to the planner ID name of the MotionPlanRequest assuming that the planner plugin does warn you if it does not use the requested planner.
[move_group-20] [INFO] [1776902484.105954183] [move_group.moveit.moveit.plugins.simple_controller_manager]: Returned 2 controllers in list
[move_group-20] [INFO] [1776902484.105983153] [move_group.moveit.moveit.plugins.simple_controller_manager]: Returned 2 controllers in list
[move_group-20] [INFO] [1776902484.106112437] [move_group.moveit.moveit.ros.trajectory_execution_manager]: Validating trajectory with allowed_start_tolerance 0.01
[move_group-20] [INFO] [1776902484.115297028] [move_group.moveit.moveit.ros.trajectory_execution_manager]: Starting trajectory execution ...
[move_group-20] [INFO] [1776902484.115396769] [move_group.moveit.moveit.plugins.simple_controller_manager]: Returned 2 controllers in list
[move_group-20] [INFO] [1776902484.115442335] [move_group.moveit.moveit.plugins.simple_controller_manager]: Returned 2 controllers in list
[move_group-20] [INFO] [1776902484.115709318] [moveit.simple_controller_manager.follow_joint_trajectory_controller_handle]: sending trajectory to joint_trajectory_controller
[ros2_control_node-1] [INFO] [1776902484.116152934] [joint_trajectory_controller]: Received new action goal
[ros2_control_node-1] [INFO] [1776902484.116223645] [joint_trajectory_controller]: Accepted new action goal
[move_group-20] [INFO] [1776902484.116644744] [moveit.simple_controller_manager.follow_joint_trajectory_controller_handle]: joint_trajectory_controller started execution
[move_group-20] [INFO] [1776902484.116664339] [moveit.simple_controller_manager.follow_joint_trajectory_controller_handle]: Goal request accepted!
[ros2_control_node-1] [WARN] [1776902484.174767175] [controller_manager]: Overrun might occur, Total time : 2797.820 us (Expected < 1000.000 us) --> Read time : 37.705 us, Update time : 212.954 us, Write time : 2547.161 us
[ros2_control_node-1] [WARN] [1776902484.221487254] [controller_manager]: Overrun detected! The controller manager missed its desired rate of 1000 Hz. The loop took 3.545629 ms (missed cycles : 4).
[adl_ui-15] 127.0.0.1 - - [22/Apr/2026 20:01:24] "GET /status_json HTTP/1.1" 200 -
[vision_apriltag-9] [INFO] [1776902484.912176243] [vision_apriltag_node]: Vision AprilTag: scene is locked; detection publishing is paused.
[adl_ui-15] 127.0.0.1 - - [22/Apr/2026 20:01:25] "GET /status_json HTTP/1.1" 200 -
[ros2_control_node-1] [WARN] [1776902485.176651879] [controller_manager]: Overrun might occur, Total time : 2689.347 us (Expected < 1000.000 us) --> Read time : 37.849 us, Update time : 265.532 us, Write time : 2385.966 us
[ros2_control_node-1] [WARN] [1776902485.222157169] [controller_manager]: Overrun detected! The controller manager missed its desired rate of 1000 Hz. The loop took 3.216002 ms (missed cycles : 4).
[wrist_camera_usb_publisher-8] [INFO] [1776902485.343041420] [wrist_camera_usb_publisher_node]: USB camera publisher heartbeat: publishing 1280x720 frames on /wrist_mounted_camera/image; camera_info fx=920.87, fy=921.57, cx=644.76, cy=343.15.
[ros2_control_node-1] [INFO] [1776902485.400105715] [joint_trajectory_controller]: Goal reached, success!
[move_group-20] [INFO] [1776902485.416992610] [moveit.simple_controller_manager.follow_joint_trajectory_controller_handle]: Controller 'joint_trajectory_controller' successfully finished
[move_group-20] [INFO] [1776902485.475047202] [move_group.moveit.moveit.ros.trajectory_execution_manager]: Completed trajectory execution with status SUCCEEDED ...
[move_group-20] [INFO] [1776902485.475790965] [move_group.moveit.moveit.ros.move_group.move_action]: Solution was found and executed.
[clear_table-13] [INFO] [1776902485.584638182] [clear_table_node]: [Cube] Stage 1 primary settle: live pose error pos=0.039 m (dx=+0.008, dy=+0.004, dz=-0.038) (limit=0.035), ori=0.312 rad (limit=0.450, mode=approach_axis).
[clear_table-13] [WARN] [1776902485.587481401] [clear_table_node]: [Cube] Stage 1 primary: MoveIt reported success, but the live wrist pose stayed outside the allowed top-grasp window.
[clear_table-13] [WARN] [1776902485.590129396] [clear_table_node]: [Cube] Stage 1 primary: trying top staged fallback approach before retry.
[clear_table-13] [INFO] [1776902485.590671850] [clear_table_node]: [Cube] Stage 1 top staged fallback target: pos=(0.584, -0.068, 0.550), ori=(0.701, 0.713, 0.000, 0.000)
[clear_table-13] [INFO] [1776902485.591141163] [clear_table_node]: go_to_pose: planning to pose at 0.584,-0.068, 0.550
[move_group-20] [ERROR] [1776902485.591977912] [move_group.moveit.moveit.core.conversions]: Found empty JointState message
[clear_table-13] [INFO] [1776902485.598528611] [clear_table_node]: Start state: collision-valid — no collisions (not a joint-bounds check).
[move_group-20] [INFO] [1776902485.599674504] [move_group.moveit.moveit.ros.move_group.move_action]: MoveGroupMoveAction: Received request
[move_group-20] [INFO] [1776902485.599850011] [move_group.moveit.moveit.ros.move_group.move_action]: executing..
[move_group-20] [INFO] [1776902485.615780860] [move_group.moveit.moveit.ros.move_group.move_action]: Combined planning and execution request received for MoveGroup action. Forwarding to planning and execution pipeline.
[move_group-20] [WARN] [1776902485.615873114] [move_group.moveit.moveit.ros.move_group.capability]: Execution of motions should always start at the robot's current state. Ignoring the state supplied as start state in the motion planning request
[move_group-20] [WARN] [1776902485.615904020] [move_group.moveit.moveit.ros.move_group.capability]: Execution of motions should always start at the robot's current state. Ignoring the state supplied as difference in the planning scene diff
[move_group-20] [INFO] [1776902485.615920693] [move_group.moveit.moveit.ros.plan_execution]: Planning attempt 1 of at most 1
[move_group-20] [INFO] [1776902485.616260707] [move_group]: Calling PlanningRequestAdapter 'ResolveConstraintFrames'
[move_group-20] [INFO] [1776902485.616324635] [move_group]: Calling PlanningRequestAdapter 'ValidateWorkspaceBounds'
[move_group-20] [INFO] [1776902485.616345774] [move_group]: Calling PlanningRequestAdapter 'CheckStartStateBounds'
[move_group-20] [INFO] [1776902485.616383014] [move_group]: Calling PlanningRequestAdapter 'CheckStartStateCollision'
[move_group-20] [INFO] [1776902485.616923235] [move_group.moveit.moveit.planners.ompl.model_based_planning_context]: Planner configuration 'manipulator' will use planner 'geometric::RRTConnect'. Additional configuration parameters will be set when the planner is constructed.
[move_group-20] [INFO] [1776902485.617025669] [move_group]: Calling Planner 'OMPL'
[move_group-20] [INFO] [1776902485.660921319] [move_group]: Calling PlanningResponseAdapter 'AddTimeOptimalParameterization'
[move_group-20] [INFO] [1776902485.675076280] [move_group]: Calling PlanningResponseAdapter 'ValidateSolution'
[move_group-20] [INFO] [1776902485.678090764] [move_group]: Calling PlanningResponseAdapter 'DisplayMotionPath'
[move_group-20] [WARN] [1776902485.678447644] [move_group.moveit.moveit.ros.planning_pipeline]: The planner plugin did not fill out the 'planner_id' field of the MotionPlanResponse. Setting it to the planner ID name of the MotionPlanRequest assuming that the planner plugin does warn you if it does not use the requested planner.
[move_group-20] [INFO] [1776902485.678872202] [move_group.moveit.moveit.plugins.simple_controller_manager]: Returned 2 controllers in list
[move_group-20] [INFO] [1776902485.678906555] [move_group.moveit.moveit.plugins.simple_controller_manager]: Returned 2 controllers in list
[move_group-20] [INFO] [1776902485.679020567] [move_group.moveit.moveit.ros.trajectory_execution_manager]: Validating trajectory with allowed_start_tolerance 0.01
[move_group-20] [INFO] [1776902485.695359432] [move_group.moveit.moveit.ros.trajectory_execution_manager]: Starting trajectory execution ...
[move_group-20] [INFO] [1776902485.695428181] [move_group.moveit.moveit.plugins.simple_controller_manager]: Returned 2 controllers in list
[move_group-20] [INFO] [1776902485.695461276] [move_group.moveit.moveit.plugins.simple_controller_manager]: Returned 2 controllers in list
[move_group-20] [INFO] [1776902485.695642612] [moveit.simple_controller_manager.follow_joint_trajectory_controller_handle]: sending trajectory to joint_trajectory_controller
[ros2_control_node-1] [INFO] [1776902485.696403645] [joint_trajectory_controller]: Received new action goal
[ros2_control_node-1] [INFO] [1776902485.696516350] [joint_trajectory_controller]: Accepted new action goal
[move_group-20] [INFO] [1776902485.696734065] [moveit.simple_controller_manager.follow_joint_trajectory_controller_handle]: joint_trajectory_controller started execution
[move_group-20] [INFO] [1776902485.696748376] [moveit.simple_controller_manager.follow_joint_trajectory_controller_handle]: Goal request accepted!
[adl_ui-15] 127.0.0.1 - - [22/Apr/2026 20:01:25] "GET /status_json HTTP/1.1" 200 -
[ros2_control_node-1] [WARN] [1776902486.179473038] [controller_manager]: Overrun might occur, Total time : 3475.192 us (Expected < 1000.000 us) --> Read time : 142.265 us, Update time : 360.266 us, Write time : 2972.661 us
[ros2_control_node-1] [WARN] [1776902486.223520956] [controller_manager]: Overrun detected! The controller manager missed its desired rate of 1000 Hz. The loop took 2.579734 ms (missed cycles : 3).
[adl_ui-15] 127.0.0.1 - - [22/Apr/2026 20:01:26] "GET /status_json HTTP/1.1" 200 -
[vision_apriltag-9] [INFO] [1776902486.911721692] [vision_apriltag_node]: Vision AprilTag: scene is locked; detection publishing is paused.
[ros2_control_node-1] [WARN] [1776902487.181804840] [controller_manager]: Overrun might occur, Total time : 2839.350 us (Expected < 1000.000 us) --> Read time : 36.963 us, Update time : 256.671 us, Write time : 2545.716 us
[ros2_control_node-1] [WARN] [1776902487.225147790] [controller_manager]: Overrun detected! The controller manager missed its desired rate of 1000 Hz. The loop took 3.205996 ms (missed cycles : 4).
[adl_ui-15] 127.0.0.1 - - [22/Apr/2026 20:01:27] "GET /status_json HTTP/1.1" 200 -
[adl_ui-15] 127.0.0.1 - - [22/Apr/2026 20:01:28] "GET /status_json HTTP/1.1" 200 -
[ros2_control_node-1] [WARN] [1776902488.183368479] [controller_manager]: Overrun might occur, Total time : 2369.960 us (Expected < 1000.000 us) --> Read time : 26.955 us, Update time : 180.469 us, Write time : 2162.536 us
[ros2_control_node-1] [WARN] [1776902488.226915954] [controller_manager]: Overrun detected! The controller manager missed its desired rate of 1000 Hz. The loop took 2.975047 ms (missed cycles : 3).
[adl_ui-15] 127.0.0.1 - - [22/Apr/2026 20:01:28] "GET /status_json HTTP/1.1" 200 -
[vision_apriltag-9] [INFO] [1776902488.912124964] [vision_apriltag_node]: Vision AprilTag: scene is locked; detection publishing is paused.
[ros2_control_node-1] [WARN] [1776902489.183688080] [controller_manager]: Overrun might occur, Total time : 2724.710 us (Expected < 1000.000 us) --> Read time : 33.999 us, Update time : 252.014 us, Write time : 2438.697 us
[ros2_control_node-1] [WARN] [1776902489.227758671] [controller_manager]: Overrun detected! The controller manager missed its desired rate of 1000 Hz. The loop took 2.816732 ms (missed cycles : 3).
[joint_state_sanitizer-3] [WARN] [1776902489.408925794] [joint_state_sanitizer_node]: [joint_state_sanitizer] Published sanitized joint state: joint_1:+3.134->+3.132
[adl_ui-15] 127.0.0.1 - - [22/Apr/2026 20:01:29] "GET /status_json HTTP/1.1" 200 -
[ros2_control_node-1] [WARN] [1776902490.184694591] [controller_manager]: Overrun might occur, Total time : 2706.200 us (Expected < 1000.000 us) --> Read time : 24.534 us, Update time : 213.636 us, Write time : 2468.030 us
[ros2_control_node-1] [WARN] [1776902490.229784833] [controller_manager]: Overrun detected! The controller manager missed its desired rate of 1000 Hz. The loop took 2.843878 ms (missed cycles : 3).
[adl_ui-15] 127.0.0.1 - - [22/Apr/2026 20:01:30] "GET /status_json HTTP/1.1" 200 -
[wrist_camera_usb_publisher-8] [INFO] [1776902490.497461703] [wrist_camera_usb_publisher_node]: USB camera publisher heartbeat: publishing 1280x720 frames on /wrist_mounted_camera/image; camera_info fx=920.87, fy=921.57, cx=644.76, cy=343.15.
[vision_apriltag-9] [INFO] [1776902490.911258524] [vision_apriltag_node]: Vision AprilTag: scene is locked; detection publishing is paused.
[adl_ui-15] 127.0.0.1 - - [22/Apr/2026 20:01:31] "GET /status_json HTTP/1.1" 200 -
[ros2_control_node-1] [WARN] [1776902491.186794998] [controller_manager]: Overrun might occur, Total time : 2816.288 us (Expected < 1000.000 us) --> Read time : 39.699 us, Update time : 221.403 us, Write time : 2555.186 us
[ros2_control_node-1] [WARN] [1776902491.230763906] [controller_manager]: Overrun detected! The controller manager missed its desired rate of 1000 Hz. The loop took 2.822370 ms (missed cycles : 3).
[adl_ui-15] 127.0.0.1 - - [22/Apr/2026 20:01:31] "GET /status_json HTTP/1.1" 200 -
[ros2_control_node-1] [WARN] [1776902492.189082336] [controller_manager]: Overrun might occur, Total time : 3121.762 us (Expected < 1000.000 us) --> Read time : 27.809 us, Update time : 205.205 us, Write time : 2888.748 us
[ros2_control_node-1] [WARN] [1776902492.232769300] [controller_manager]: Overrun detected! The controller manager missed its desired rate of 1000 Hz. The loop took 2.827602 ms (missed cycles : 3).
[adl_ui-15] 127.0.0.1 - - [22/Apr/2026 20:01:32] "GET /status_json HTTP/1.1" 200 -
[vision_apriltag-9] [INFO] [1776902492.911691606] [vision_apriltag_node]: Vision AprilTag: scene is locked; detection publishing is paused.
[ros2_control_node-1] [WARN] [1776902493.190769004] [controller_manager]: Overrun might occur, Total time : 2811.692 us (Expected < 1000.000 us) --> Read time : 26.798 us, Update time : 213.859 us, Write time : 2571.035 us
[ros2_control_node-1] [WARN] [1776902493.232790403] [controller_manager]: Overrun detected! The controller manager missed its desired rate of 1000 Hz. The loop took 2.848485 ms (missed cycles : 3).
[adl_ui-15] 127.0.0.1 - - [22/Apr/2026 20:01:33] "GET /status_json HTTP/1.1" 200 -
[adl_ui-15] 127.0.0.1 - - [22/Apr/2026 20:01:34] "GET /status_json HTTP/1.1" 200 -
[ros2_control_node-1] [WARN] [1776902494.191055212] [controller_manager]: Overrun might occur, Total time : 3096.418 us (Expected < 1000.000 us) --> Read time : 61.242 us, Update time : 309.889 us, Write time : 2725.287 us
[ros2_control_node-1] [WARN] [1776902494.234368688] [controller_manager]: Overrun detected! The controller manager missed its desired rate of 1000 Hz. The loop took 2.426934 ms (missed cycles : 3).
[adl_ui-15] 127.0.0.1 - - [22/Apr/2026 20:01:34] "GET /status_json HTTP/1.1" 200 -
[vision_apriltag-9] [INFO] [1776902494.911570110] [vision_apriltag_node]: Vision AprilTag: scene is locked; detection publishing is paused.
[ros2_control_node-1] [WARN] [1776902495.193394225] [controller_manager]: Overrun might occur, Total time : 3428.108 us (Expected < 1000.000 us) --> Read time : 37.090 us, Update time : 261.741 us, Write time : 3129.277 us
[ros2_control_node-1] [WARN] [1776902495.237885227] [controller_manager]: Overrun detected! The controller manager missed its desired rate of 1000 Hz. The loop took 2.943666 ms (missed cycles : 3).
[adl_ui-15] 127.0.0.1 - - [22/Apr/2026 20:01:35] "GET /status_json HTTP/1.1" 200 -
[wrist_camera_usb_publisher-8] [INFO] [1776902495.658058476] [wrist_camera_usb_publisher_node]: USB camera publisher heartbeat: publishing 1280x720 frames on /wrist_mounted_camera/image; camera_info fx=920.87, fy=921.57, cx=644.76, cy=343.15.
[ros2_control_node-1] [INFO] [1776902496.153114668] [joint_trajectory_controller]: Goal reached, success!
[ros2_control_node-1] [WARN] [1776902496.194754673] [controller_manager]: Overrun might occur, Total time : 2788.023 us (Expected < 1000.000 us) --> Read time : 23.740 us, Update time : 197.117 us, Write time : 2567.166 us
[move_group-20] [INFO] [1776902496.198402378] [moveit.simple_controller_manager.follow_joint_trajectory_controller_handle]: Controller 'joint_trajectory_controller' successfully finished
[ros2_control_node-1] [WARN] [1776902496.240939694] [controller_manager]: Overrun detected! The controller manager missed its desired rate of 1000 Hz. The loop took 2.998782 ms (missed cycles : 3).
[move_group-20] [INFO] [1776902496.258525261] [move_group.moveit.moveit.ros.trajectory_execution_manager]: Completed trajectory execution with status SUCCEEDED ...
[move_group-20] [INFO] [1776902496.265623607] [move_group.moveit.moveit.ros.move_group.move_action]: Solution was found and executed.
[adl_ui-15] 127.0.0.1 - - [22/Apr/2026 20:01:36] "GET /status_json HTTP/1.1" 200 -
[clear_table-13] [INFO] [1776902496.377326109] [clear_table_node]: [Cube] Stage 1 top staged fallback descend target: pos=(0.584, -0.068, 0.450), ori=(0.701, 0.713, 0.000, 0.000)
[move_group-20] [INFO] [1776902496.377968147] [move_group.moveit.moveit.ros.move_group.cartesian_path_service_capability]: Received request to compute Cartesian path
[move_group-20] [INFO] [1776902496.378086982] [move_group.moveit.moveit.ros.move_group.cartesian_path_service_capability]: Attempting to follow 1 waypoints for link 'end_effector_link' using a step of 0.005000 m and jump threshold 0.000000 (in global reference frame)
[move_group-20] [INFO] [1776902496.382375951] [move_group.moveit.moveit.ros.move_group.cartesian_path_service_capability]: Computed Cartesian path with 20 points (followed 100.000000% of requested trajectory)
[clear_table-13] [INFO] [1776902496.386968969] [clear_table_node]: Cartesian path computed with 100.0% success.
[move_group-20] [INFO] [1776902496.387850034] [move_group.moveit.moveit.ros.move_group.clear_octomap_service]: Execution request received
[move_group-20] [INFO] [1776902496.387925449] [move_group.moveit.moveit.plugins.simple_controller_manager]: Returned 2 controllers in list
[move_group-20] [INFO] [1776902496.387948231] [move_group.moveit.moveit.plugins.simple_controller_manager]: Returned 2 controllers in list
[move_group-20] [INFO] [1776902496.388055292] [move_group.moveit.moveit.ros.trajectory_execution_manager]: Validating trajectory with allowed_start_tolerance 0.01
[move_group-20] [INFO] [1776902496.397464027] [move_group.moveit.moveit.ros.trajectory_execution_manager]: Starting trajectory execution ...
[move_group-20] [INFO] [1776902496.397573046] [move_group.moveit.moveit.plugins.simple_controller_manager]: Returned 2 controllers in list
[move_group-20] [INFO] [1776902496.397608957] [move_group.moveit.moveit.plugins.simple_controller_manager]: Returned 2 controllers in list
[move_group-20] [INFO] [1776902496.398235657] [moveit.simple_controller_manager.follow_joint_trajectory_controller_handle]: sending trajectory to joint_trajectory_controller
[ros2_control_node-1] [INFO] [1776902496.398465942] [joint_trajectory_controller]: Received new action goal
[ros2_control_node-1] [INFO] [1776902496.398520179] [joint_trajectory_controller]: Accepted new action goal
[move_group-20] [INFO] [1776902496.398725703] [moveit.simple_controller_manager.follow_joint_trajectory_controller_handle]: joint_trajectory_controller started execution
[move_group-20] [INFO] [1776902496.398740442] [moveit.simple_controller_manager.follow_joint_trajectory_controller_handle]: Goal request accepted!
[vision_apriltag-9] [INFO] [1776902496.912011291] [vision_apriltag_node]: Vision AprilTag: scene is locked; detection publishing is paused.
[adl_ui-15] 127.0.0.1 - - [22/Apr/2026 20:01:37] "GET /status_json HTTP/1.1" 200 -
[ros2_control_node-1] [WARN] [1776902497.197880075] [controller_manager]: Overrun might occur, Total time : 2915.837 us (Expected < 1000.000 us) --> Read time : 36.076 us, Update time : 255.567 us, Write time : 2624.194 us
[ros2_control_node-1] [WARN] [1776902497.242605495] [controller_manager]: Overrun detected! The controller manager missed its desired rate of 1000 Hz. The loop took 2.664712 ms (missed cycles : 3).
[ros2_control_node-1] [INFO] [1776902497.486324254] [joint_trajectory_controller]: Goal reached, success!
[move_group-20] [INFO] [1776902497.499461368] [moveit.simple_controller_manager.follow_joint_trajectory_controller_handle]: Controller 'joint_trajectory_controller' successfully finished
[move_group-20] [INFO] [1776902497.555071067] [move_group.moveit.moveit.ros.trajectory_execution_manager]: Completed trajectory execution with status SUCCEEDED ...
[move_group-20] [INFO] [1776902497.555199262] [move_group.moveit.moveit.ros.move_group.clear_octomap_service]: Execution completed: SUCCEEDED
[clear_table-13] [INFO] [1776902497.763161001] [clear_table_node]: [Cube] Stage 1 top staged fallback settle: live pose error pos=0.000 m (dx=+0.000, dy=-0.000, dz=-0.000) (limit=0.035), ori=0.000 rad (limit=0.450, mode=approach_axis).
[clear_table-13] [INFO] [1776902497.763690275] [clear_table_node]: [Cube] Stage 1 live refresh: using cube max_xy_shift=0.070 m (default=0.050 m).
[clear_table-13] [INFO] [1776902497.764385440] [clear_table_node]: [Cube] Stage 1 live refresh: briefly unlocking scene to re-read the tag from the settled approach pose.
[clear_table-13] [INFO] [1776902497.764954778] [clear_table_node]: Scene UNLOCKED.
[scene_from_vision-10] [INFO] [1776902497.766298764] [scene_from_vision_node]: Scene UNLOCKED - updates resuming.
[adl_ui-15] 127.0.0.1 - - [22/Apr/2026 20:01:37] "GET /status_json HTTP/1.1" 200 -
[scene_from_vision-10] [INFO] [1776902498.140992351] [scene_from_vision_node]: Published obj_4 (heartbeat) at x=0.584, y=-0.068, z=0.147, yaw=+0.9deg
[vision_apriltag-9] [INFO] [1776902498.195731487] [vision_apriltag_node]: Vision AprilTag detection debug: no tags found after raw/CLAHE/sharp/adaptive/upscaled/tiled passes.
[ros2_control_node-1] [WARN] [1776902498.199860280] [controller_manager]: Overrun might occur, Total time : 2892.152 us (Expected < 1000.000 us) --> Read time : 47.509 us, Update time : 264.623 us, Write time : 2580.020 us
[ros2_control_node-1] [WARN] [1776902498.243322548] [controller_manager]: Overrun detected! The controller manager missed its desired rate of 1000 Hz. The loop took 2.381082 ms (missed cycles : 3).
[adl_ui-15] 127.0.0.1 - - [22/Apr/2026 20:01:38] "GET /status_json HTTP/1.1" 200 -
[vision_apriltag-9] [INFO] [1776902499.186084690] [vision_apriltag_node]: Vision AprilTag: images are arriving, but no AprilTag has been seen for 47.1s.
[ros2_control_node-1] [WARN] [1776902499.201435855] [controller_manager]: Overrun might occur, Total time : 2480.461 us (Expected < 1000.000 us) --> Read time : 29.504 us, Update time : 211.735 us, Write time : 2239.222 us
[ros2_control_node-1] [WARN] [1776902499.243751197] [controller_manager]: Overrun detected! The controller manager missed its desired rate of 1000 Hz. The loop took 2.809624 ms (missed cycles : 3).
[adl_ui-15] 127.0.0.1 - - [22/Apr/2026 20:01:39] "GET /status_json HTTP/1.1" 200 -
[clear_table-13] [WARN] [1776902499.424550609] [clear_table_node]: Timed out waiting for pose service 'get_tag_pose' for tag ID 4 after 1.20s.
[clear_table-13] [WARN] [1776902499.425963492] [clear_table_node]: Failed to get live pose for tag ID 4. Response: No response received.
[clear_table-13] [INFO] [1776902499.426760679] [clear_table_node]: Scene LOCKED.
[scene_from_vision-10] [INFO] [1776902499.431903210] [scene_from_vision_node]: Scene LOCKED - updates paused.
[clear_table-13] [WARN] [1776902499.579177081] [clear_table_node]: [Cube] Stage 1 live refresh: no fresh tag pose available from the approach view. Continuing with the scan pose target.
[clear_table-13] [INFO] [1776902499.580273662] [clear_table_node]: Removed temporary table-top keepout 'clear_table_approach_table_top_keepout'.
[clear_table-13] [INFO] [1776902499.685869974] [clear_table_node]: [Cube] Stage 2: push to grasp (cartesian) (0.584, -0.068, 0.300)
[clear_table-13] [INFO] [1776902499.696588272] [clear_table_node]: [Cube] Stage 2 top prealign orientation error=0.000 rad (limit=0.350, mode=approach_axis).
[clear_table-13] [INFO] [1776902499.701045929] [clear_table_node]: Removed collision object obj_4 from planning scene.
[adl_ui-15] 127.0.0.1 - - [22/Apr/2026 20:01:40] "GET /status_json HTTP/1.1" 200 -
[ros2_control_node-1] [WARN] [1776902500.204100052] [controller_manager]: Overrun might occur, Total time : 3130.608 us (Expected < 1000.000 us) --> Read time : 24.761 us, Update time : 171.150 us, Write time : 2934.697 us
[ros2_control_node-1] [WARN] [1776902500.245774647] [controller_manager]: Overrun detected! The controller manager missed its desired rate of 1000 Hz. The loop took 2.833322 ms (missed cycles : 3).
[clear_table-13] [INFO] [1776902500.454619161] [clear_table_node]: [Cube] Stage 2 start (live/current): pos=(0.584, -0.068, 0.450), ori=(0.701, 0.713, -0.000, -0.000)
[ros2_control_node-1] [INFO] [1776902500.462297238] [controller_manager]: Activating controllers: [ twist_controller ]
[ros2_control_node-1] [INFO] [1776902500.462325921] [controller_manager]: Deactivating controllers: [ joint_trajectory_controller ]
[ros2_control_node-1] [INFO] [1776902500.778884705] [controller_manager]: Successfully switched controllers!
[wrist_camera_usb_publisher-8] [INFO] [1776902500.819272562] [wrist_camera_usb_publisher_node]: USB camera publisher heartbeat: publishing 1280x720 frames on /wrist_mounted_camera/image; camera_info fx=920.87, fy=921.57, cx=644.76, cy=343.15.
[ros2_control_node-1] [WARN] [1776902500.829305251] [controller_manager]: Overrun might occur, Total time : 165322.513 us (Expected < 1000.000 us) --> Read time : 20.640 us, Update time : 114847.166 us (Switch time : 114694.939 us (Switch chained mode time : 1.582 us, perform mode change time : 114475.080 us, Activation time : 93.494 us, Deactivation time : 119.832 us)), Write time : 50454.707 us
[clear_table-13] [INFO] [1776902500.832829230] [clear_table_node]: [Cube] Stage 2 top descend: using twist_controller for a 0.150 m short Cartesian move.
[adl_ui-15] 127.0.0.1 - - [22/Apr/2026 20:01:40] "GET /status_json HTTP/1.1" 200 -
[vision_apriltag-9] [INFO] [1776902500.911392391] [vision_apriltag_node]: Vision AprilTag: scene is locked; detection publishing is paused.
[ros2_control_node-1] [WARN] [1776902501.229261846] [controller_manager]: Overrun might occur, Total time : 49296.285 us (Expected < 1000.000 us) --> Read time : 39.450 us, Update time : 140.897 us, Write time : 49115.938 us
[ros2_control_node-1] [WARN] [1776902501.279828213] [controller_manager]: Overrun detected! The controller manager missed its desired rate of 1000 Hz. The loop took 49.887382 ms (missed cycles : 50).
[adl_ui-15] 127.0.0.1 - - [22/Apr/2026 20:01:41] "GET /status_json HTTP/1.1" 200 -
[clear_table-13] [WARN] [1776902501.846706213] [clear_table_node]: [Cube] Stage 2 top descend: twist motion stopped making progress; falling back to MoveIt.
[ros2_control_node-1] [INFO] [1776902502.004676490] [controller_manager]: Activating controllers: [ joint_trajectory_controller ]
[ros2_control_node-1] [INFO] [1776902502.004720229] [controller_manager]: Deactivating controllers: [ twist_controller ]
[ros2_control_node-1] [INFO] [1776902502.341707281] [controller_manager]: Successfully switched controllers!
[adl_ui-15] 127.0.0.1 - - [22/Apr/2026 20:01:42] "GET /status_json HTTP/1.1" 200 -
[ros2_control_node-1] [WARN] [1776902502.344154903] [controller_manager]: Overrun might occur, Total time : 138187.894 us (Expected < 1000.000 us) --> Read time : 32.665 us, Update time : 135675.622 us (Switch time : 135542.708 us (Switch chained mode time : 1.259 us, perform mode change time : 134412.968 us, Activation time : 1024.049 us, Deactivation time : 97.320 us)), Write time : 2479.607 us
[ros2_control_node-1] [WARN] [1776902502.344296276] [controller_manager]: Overrun detected! The controller manager missed its desired rate of 1000 Hz. The loop took 138.353309 ms (missed cycles : 139).
[ros2_control_node-1] [WARN] [1776902502.347774897] [controller_manager]: Overrun might occur, Total time : 2806.718 us (Expected < 1000.000 us) --> Read time : 53.584 us, Update time : 290.470 us, Write time : 2462.664 us
[clear_table-13] [WARN] [1776902502.354043608] [clear_table_node]: [Cube] Stage 2 short-motion servo attempt did not complete cleanly; falling back to MoveIt Cartesian planning.
[move_group-20] [INFO] [1776902502.354910486] [move_group.moveit.moveit.ros.move_group.cartesian_path_service_capability]: Received request to compute Cartesian path
[move_group-20] [INFO] [1776902502.355103334] [move_group.moveit.moveit.ros.move_group.cartesian_path_service_capability]: Attempting to follow 1 waypoints for link 'end_effector_link' using a step of 0.010000 m and jump threshold 0.000000 (in global reference frame)
[move_group-20] [INFO] [1776902502.359987230] [move_group.moveit.moveit.ros.move_group.cartesian_path_service_capability]: Computed Cartesian path with 18 points (followed 100.000000% of requested trajectory)
[clear_table-13] [INFO] [1776902502.363274559] [clear_table_node]: Cartesian path computed with 100.0% success.
[move_group-20] [INFO] [1776902502.363965132] [move_group.moveit.moveit.ros.move_group.clear_octomap_service]: Execution request received
[move_group-20] [INFO] [1776902502.364021140] [move_group.moveit.moveit.plugins.simple_controller_manager]: Returned 2 controllers in list
[move_group-20] [INFO] [1776902502.364048349] [move_group.moveit.moveit.plugins.simple_controller_manager]: Returned 2 controllers in list
[move_group-20] [INFO] [1776902502.364124591] [move_group.moveit.moveit.ros.trajectory_execution_manager]: Validating trajectory with allowed_start_tolerance 0.01
[move_group-20] [INFO] [1776902502.375776947] [move_group.moveit.moveit.ros.trajectory_execution_manager]: Starting trajectory execution ...
[move_group-20] [INFO] [1776902502.376513094] [move_group.moveit.moveit.plugins.simple_controller_manager]: Returned 2 controllers in list
[move_group-20] [INFO] [1776902502.376678345] [move_group.moveit.moveit.plugins.simple_controller_manager]: Returned 2 controllers in list
[move_group-20] [INFO] [1776902502.376909555] [moveit.simple_controller_manager.follow_joint_trajectory_controller_handle]: sending trajectory to joint_trajectory_controller
[ros2_control_node-1] [INFO] [1776902502.377244957] [joint_trajectory_controller]: Received new action goal
[ros2_control_node-1] [INFO] [1776902502.377309366] [joint_trajectory_controller]: Accepted new action goal
[move_group-20] [INFO] [1776902502.377505083] [moveit.simple_controller_manager.follow_joint_trajectory_controller_handle]: joint_trajectory_controller started execution
[move_group-20] [INFO] [1776902502.377517561] [moveit.simple_controller_manager.follow_joint_trajectory_controller_handle]: Goal request accepted!
[vision_apriltag-9] [INFO] [1776902502.913609237] [vision_apriltag_node]: Vision AprilTag: scene is locked; detection publishing is paused.
[adl_ui-15] 127.0.0.1 - - [22/Apr/2026 20:01:43] "GET /status_json HTTP/1.1" 200 -
[vision_apriltag-9] [WARN] [1776902503.266710282] [vision_apriltag_node]: Tag ID 4 did not produce a fresh base_link pose within 5.0s.
[ros2_control_node-1] [WARN] [1776902503.348217598] [controller_manager]: Overrun might occur, Total time : 3251.689 us (Expected < 1000.000 us) --> Read time : 38.110 us, Update time : 279.315 us, Write time : 2934.264 us
[ros2_control_node-1] [WARN] [1776902503.348290054] [controller_manager]: Overrun detected! The controller manager missed its desired rate of 1000 Hz. The loop took 3.348287 ms (missed cycles : 4).
[adl_ui-15] 127.0.0.1 - - [22/Apr/2026 20:01:43] "GET /status_json HTTP/1.1" 200 -
[ros2_control_node-1] [INFO] [1776902503.930125103] [joint_trajectory_controller]: Goal reached, success!
[move_group-20] [INFO] [1776902503.978493149] [moveit.simple_controller_manager.follow_joint_trajectory_controller_handle]: Controller 'joint_trajectory_controller' successfully finished
[move_group-20] [INFO] [1776902504.035050992] [move_group.moveit.moveit.ros.trajectory_execution_manager]: Completed trajectory execution with status SUCCEEDED ...
[move_group-20] [INFO] [1776902504.035161145] [move_group.moveit.moveit.ros.move_group.clear_octomap_service]: Execution completed: SUCCEEDED
[clear_table-13] [INFO] [1776902504.243306671] [clear_table_node]: [Cube] Stage 2 pre-close settle: live pose error pos=0.000 m (dx=-0.000, dy=-0.000, dz=-0.000) (limit=0.025), ori=0.001 rad (limit=0.350, mode=approach_axis).
[clear_table-13] [INFO] [1776902504.247995295] [clear_table_node]: [Cube] Stage 3: close gripper begun. Closing to width 0.30917647058823533m
[clear_table-13] [INFO] [1776902504.248548397] [clear_table_node]: close_gripper(): closing gripper to width=0.309rad, force=20.0N
[ros2_control_node-1] [INFO] [1776902504.249179318] [robotiq_gripper_controller]: Received & accepted new action goal
[ros2_control_node-1] [WARN] [1776902504.348328081] [controller_manager]: Overrun might occur, Total time : 2371.829 us (Expected < 1000.000 us) --> Read time : 21.594 us, Update time : 150.133 us, Write time : 2200.102 us
[ros2_control_node-1] [WARN] [1776902504.348417388] [controller_manager]: Overrun detected! The controller manager missed its desired rate of 1000 Hz. The loop took 2.476316 ms (missed cycles : 3).
[clear_table-13] [INFO] [1776902504.553360548] [clear_table_node]: Gripper reached position=0.302 stalled=False reached_goal=True
[adl_ui-15] 127.0.0.1 - - [22/Apr/2026 20:01:44] "GET /status_json HTTP/1.1" 200 -
[clear_table-13] [INFO] [1776902504.859095674] [clear_table_node]: Attached object obj_4 to end_effector_link with geometry for tag ID 4.
[vision_apriltag-9] [INFO] [1776902504.912018641] [vision_apriltag_node]: Vision AprilTag: scene is locked; detection publishing is paused.
[ros2_control_node-1] [WARN] [1776902505.352011475] [controller_manager]: Overrun might occur, Total time : 3048.665 us (Expected < 1000.000 us) --> Read time : 30.945 us, Update time : 207.780 us, Write time : 2809.940 us
[ros2_control_node-1] [WARN] [1776902505.352076958] [controller_manager]: Overrun detected! The controller manager missed its desired rate of 1000 Hz. The loop took 3.135005 ms (missed cycles : 4).
[clear_table-13] [INFO] [1776902505.361051852] [clear_table_node]: Marked ID 4 as PICKED/REMOVED.
[scene_from_vision-10] [INFO] [1776902505.363758229] [scene_from_vision_node]: Marked tag ID 4 as picked.
[rviz2-21] [WARN] [1776902505.365456499] [rviz2_moveit.moveit.core.planning_scene]: Tried to remove world object 'obj_4', but it does not exist in this scene.
[rviz2-21] [WARN] [1776902505.365512993] [rviz2_moveit.moveit.core.planning_scene]: Tried to remove world object 'placed_4', but it does not exist in this scene.
[move_group-20] [WARN] [1776902505.365739601] [move_group.moveit.moveit.core.planning_scene]: Tried to remove world object 'obj_4', but it does not exist in this scene.
[move_group-20] [WARN] [1776902505.365776986] [move_group.moveit.moveit.core.planning_scene]: Tried to remove world object 'placed_4', but it does not exist in this scene.
[adl_ui-15] 127.0.0.1 - - [22/Apr/2026 20:01:45] "GET /status_json HTTP/1.1" 200 -
[move_group-20] [WARN] [1776902505.366436496] [move_group.moveit.moveit.core.planning_scene]: Tried to remove world object 'obj_4', but it does not exist in this scene.
[move_group-20] [WARN] [1776902505.366470718] [move_group.moveit.moveit.core.planning_scene]: Tried to remove world object 'placed_4', but it does not exist in this scene.
[scene_from_vision-10] [WARN] [1776902505.368838314] [scene_from_vision_node]: /apply_planning_scene rejected picked cleanup for tag 4.
[clear_table-13] [INFO] [1776902505.368928648] [clear_table_node]: [Cube] Stage 3 settled (live/current): pos=(0.584, -0.068, 0.299), ori=(0.701, 0.713, -0.000, -0.000)
[clear_table-13] [INFO] [1776902505.378018270] [clear_table_node]: [Cube] Stage 4: lift up to z=0.449
[move_group-20] [INFO] [1776902505.378923771] [move_group.moveit.moveit.ros.move_group.cartesian_path_service_capability]: Received request to compute Cartesian path
[move_group-20] [INFO] [1776902505.379054252] [move_group.moveit.moveit.ros.move_group.cartesian_path_service_capability]: Attempting to follow 1 waypoints for link 'end_effector_link' using a step of 0.010000 m and jump threshold 0.000000 (in global reference frame)
[move_group-20] [INFO] [1776902505.382770052] [move_group.moveit.moveit.ros.move_group.cartesian_path_service_capability]: Computed Cartesian path with 16 points (followed 100.000000% of requested trajectory)
[clear_table-13] [INFO] [1776902505.386140226] [clear_table_node]: Cartesian path computed with 100.0% success.
[move_group-20] [INFO] [1776902505.386969735] [move_group.moveit.moveit.ros.move_group.clear_octomap_service]: Execution request received
[move_group-20] [INFO] [1776902505.387026605] [move_group.moveit.moveit.plugins.simple_controller_manager]: Returned 2 controllers in list
[move_group-20] [INFO] [1776902505.387054081] [move_group.moveit.moveit.plugins.simple_controller_manager]: Returned 2 controllers in list
[move_group-20] [INFO] [1776902505.387117823] [move_group.moveit.moveit.ros.trajectory_execution_manager]: Validating trajectory with allowed_start_tolerance 0.01
[move_group-20] [INFO] [1776902505.396305276] [move_group.moveit.moveit.ros.trajectory_execution_manager]: Starting trajectory execution ...
[move_group-20] [INFO] [1776902505.396383256] [move_group.moveit.moveit.plugins.simple_controller_manager]: Returned 2 controllers in list
[move_group-20] [INFO] [1776902505.396418176] [move_group.moveit.moveit.plugins.simple_controller_manager]: Returned 2 controllers in list
[move_group-20] [INFO] [1776902505.396667213] [moveit.simple_controller_manager.follow_joint_trajectory_controller_handle]: sending trajectory to joint_trajectory_controller
[ros2_control_node-1] [INFO] [1776902505.397419211] [joint_trajectory_controller]: Received new action goal
[ros2_control_node-1] [INFO] [1776902505.397481973] [joint_trajectory_controller]: Accepted new action goal
[move_group-20] [INFO] [1776902505.398295940] [moveit.simple_controller_manager.follow_joint_trajectory_controller_handle]: joint_trajectory_controller started execution
[move_group-20] [INFO] [1776902505.398322064] [moveit.simple_controller_manager.follow_joint_trajectory_controller_handle]: Goal request accepted!
[wrist_camera_usb_publisher-8] [INFO] [1776902505.979774486] [wrist_camera_usb_publisher_node]: USB camera publisher heartbeat: publishing 1280x720 frames on /wrist_mounted_camera/image; camera_info fx=920.87, fy=921.57, cx=644.76, cy=343.15.
[adl_ui-15] 127.0.0.1 - - [22/Apr/2026 20:01:46] "GET /status_json HTTP/1.1" 200 -
[ros2_control_node-1] [WARN] [1776902506.352764984] [controller_manager]: Overrun might occur, Total time : 2791.695 us (Expected < 1000.000 us) --> Read time : 29.072 us, Update time : 203.726 us, Write time : 2558.897 us
[ros2_control_node-1] [WARN] [1776902506.352832184] [controller_manager]: Overrun detected! The controller manager missed its desired rate of 1000 Hz. The loop took 2.890925 ms (missed cycles : 3).
[ros2_control_node-1] [INFO] [1776902506.743115351] [joint_trajectory_controller]: Goal reached, success!
[move_group-20] [INFO] [1776902506.798301031] [moveit.simple_controller_manager.follow_joint_trajectory_controller_handle]: Controller 'joint_trajectory_controller' successfully finished
[move_group-20] [INFO] [1776902506.855033404] [move_group.moveit.moveit.ros.trajectory_execution_manager]: Completed trajectory execution with status SUCCEEDED ...
[move_group-20] [INFO] [1776902506.855681877] [move_group.moveit.moveit.ros.move_group.clear_octomap_service]: Execution completed: SUCCEEDED
[adl_ui-15] 127.0.0.1 - - [22/Apr/2026 20:01:46] "GET /status_json HTTP/1.1" 200 -
[vision_apriltag-9] [INFO] [1776902506.912034618] [vision_apriltag_node]: Vision AprilTag: scene is locked; detection publishing is paused.
[clear_table-13] [INFO] [1776902506.968297012] [clear_table_node]: 4b) lift to final height at z=0.449 (collisions on)
[move_group-20] [INFO] [1776902506.968855252] [move_group.moveit.moveit.ros.move_group.cartesian_path_service_capability]: Received request to compute Cartesian path
[move_group-20] [INFO] [1776902506.968976555] [move_group.moveit.moveit.ros.move_group.cartesian_path_service_capability]: Attempting to follow 1 waypoints for link 'end_effector_link' using a step of 0.010000 m and jump threshold 0.000000 (in global reference frame)
[move_group-20] [INFO] [1776902506.969345606] [move_group.moveit.moveit.ros.move_group.cartesian_path_service_capability]: Computed Cartesian path with 2 points (followed 100.000000% of requested trajectory)
[clear_table-13] [INFO] [1776902506.973082221] [clear_table_node]: Cartesian path computed with 100.0% success.
[move_group-20] [INFO] [1776902506.973850937] [move_group.moveit.moveit.ros.move_group.clear_octomap_service]: Execution request received
[move_group-20] [INFO] [1776902506.973933836] [move_group.moveit.moveit.plugins.simple_controller_manager]: Returned 2 controllers in list
[move_group-20] [INFO] [1776902506.973961217] [move_group.moveit.moveit.plugins.simple_controller_manager]: Returned 2 controllers in list
[move_group-20] [INFO] [1776902506.974027232] [move_group.moveit.moveit.ros.trajectory_execution_manager]: Validating trajectory with allowed_start_tolerance 0.01
[move_group-20] [INFO] [1776902506.976026461] [move_group.moveit.moveit.ros.trajectory_execution_manager]: Starting trajectory execution ...
[move_group-20] [INFO] [1776902506.976157214] [move_group.moveit.moveit.plugins.simple_controller_manager]: Returned 2 controllers in list
[move_group-20] [INFO] [1776902506.976196947] [move_group.moveit.moveit.plugins.simple_controller_manager]: Returned 2 controllers in list
[move_group-20] [INFO] [1776902506.977782474] [moveit.simple_controller_manager.follow_joint_trajectory_controller_handle]: sending trajectory to joint_trajectory_controller
[ros2_control_node-1] [INFO] [1776902506.978271743] [joint_trajectory_controller]: Received new action goal
[ros2_control_node-1] [INFO] [1776902506.978342276] [joint_trajectory_controller]: Accepted new action goal
[move_group-20] [INFO] [1776902506.979051255] [moveit.simple_controller_manager.follow_joint_trajectory_controller_handle]: joint_trajectory_controller started execution
[move_group-20] [INFO] [1776902506.979072651] [moveit.simple_controller_manager.follow_joint_trajectory_controller_handle]: Goal request accepted!
[ros2_control_node-1] [INFO] [1776902506.982191333] [joint_trajectory_controller]: Goal reached, success!
[move_group-20] [INFO] [1776902507.079109982] [moveit.simple_controller_manager.follow_joint_trajectory_controller_handle]: Controller 'joint_trajectory_controller' successfully finished
[move_group-20] [INFO] [1776902507.134930327] [move_group.moveit.moveit.ros.trajectory_execution_manager]: Completed trajectory execution with status SUCCEEDED ...
[move_group-20] [INFO] [1776902507.135039347] [move_group.moveit.moveit.ros.move_group.clear_octomap_service]: Execution completed: SUCCEEDED
[clear_table-13] [INFO] [1776902507.244752701] [clear_table_node]: [Cube] Stage 5: transit to above destination (0.760, 0.225, 0.497) slot=SHELF_LEFT
[clear_table-13] [INFO] [1776902507.245565302] [clear_table_node]: [Cube] Stage 5 pose preset 'SHELF_LEFT': pos=(0.760, 0.225, 0.501), ori=(0.508, 0.491, 0.510, 0.491)
[clear_table-13] [INFO] [1776902507.246670861] [clear_table_node]: go_to_pose: planning to pose at 0.760,0.225, 0.501
[move_group-20] [ERROR] [1776902507.247836795] [move_group.moveit.moveit.core.conversions]: Found empty JointState message
[clear_table-13] [INFO] [1776902507.251017791] [clear_table_node]: Start state: collision-valid — no collisions (not a joint-bounds check).
[move_group-20] [INFO] [1776902507.252058821] [move_group.moveit.moveit.ros.move_group.move_action]: MoveGroupMoveAction: Received request
[move_group-20] [INFO] [1776902507.252254953] [move_group.moveit.moveit.ros.move_group.move_action]: executing..
[move_group-20] [INFO] [1776902507.255096165] [move_group.moveit.moveit.ros.move_group.move_action]: Combined planning and execution request received for MoveGroup action. Forwarding to planning and execution pipeline.
[move_group-20] [WARN] [1776902507.255154831] [move_group.moveit.moveit.ros.move_group.capability]: Execution of motions should always start at the robot's current state. Ignoring the state supplied as start state in the motion planning request
[move_group-20] [WARN] [1776902507.255181997] [move_group.moveit.moveit.ros.move_group.capability]: Execution of motions should always start at the robot's current state. Ignoring the state supplied as difference in the planning scene diff
[move_group-20] [INFO] [1776902507.255197802] [move_group.moveit.moveit.ros.plan_execution]: Planning attempt 1 of at most 1
[move_group-20] [INFO] [1776902507.255640564] [move_group]: Calling PlanningRequestAdapter 'ResolveConstraintFrames'
[move_group-20] [INFO] [1776902507.255682521] [move_group]: Calling PlanningRequestAdapter 'ValidateWorkspaceBounds'
[move_group-20] [INFO] [1776902507.255700555] [move_group]: Calling PlanningRequestAdapter 'CheckStartStateBounds'
[move_group-20] [INFO] [1776902507.255735535] [move_group]: Calling PlanningRequestAdapter 'CheckStartStateCollision'
[move_group-20] [INFO] [1776902507.256238587] [move_group.moveit.moveit.planners.ompl.model_based_planning_context]: Planner configuration 'manipulator' will use planner 'geometric::RRTConnect'. Additional configuration parameters will be set when the planner is constructed.
[move_group-20] [INFO] [1776902507.256412102] [move_group]: Calling Planner 'OMPL'
[move_group-20] [INFO] [1776902507.301620918] [move_group]: Calling PlanningResponseAdapter 'AddTimeOptimalParameterization'
[move_group-20] [INFO] [1776902507.315423092] [move_group]: Calling PlanningResponseAdapter 'ValidateSolution'
[move_group-20] [INFO] [1776902507.320346578] [move_group]: Calling PlanningResponseAdapter 'DisplayMotionPath'
[move_group-20] [WARN] [1776902507.320698812] [move_group.moveit.moveit.ros.planning_pipeline]: The planner plugin did not fill out the 'planner_id' field of the MotionPlanResponse. Setting it to the planner ID name of the MotionPlanRequest assuming that the planner plugin does warn you if it does not use the requested planner.
[move_group-20] [INFO] [1776902507.321190956] [move_group.moveit.moveit.plugins.simple_controller_manager]: Returned 2 controllers in list
[move_group-20] [INFO] [1776902507.321225729] [move_group.moveit.moveit.plugins.simple_controller_manager]: Returned 2 controllers in list
[move_group-20] [INFO] [1776902507.321313473] [move_group.moveit.moveit.ros.trajectory_execution_manager]: Validating trajectory with allowed_start_tolerance 0.01
[move_group-20] [INFO] [1776902507.335096970] [move_group.moveit.moveit.ros.trajectory_execution_manager]: Starting trajectory execution ...
[move_group-20] [INFO] [1776902507.335167574] [move_group.moveit.moveit.plugins.simple_controller_manager]: Returned 2 controllers in list
[move_group-20] [INFO] [1776902507.335205551] [move_group.moveit.moveit.plugins.simple_controller_manager]: Returned 2 controllers in list
[move_group-20] [INFO] [1776902507.335431582] [moveit.simple_controller_manager.follow_joint_trajectory_controller_handle]: sending trajectory to joint_trajectory_controller
[ros2_control_node-1] [INFO] [1776902507.335840194] [joint_trajectory_controller]: Received new action goal
[ros2_control_node-1] [INFO] [1776902507.335920056] [joint_trajectory_controller]: Accepted new action goal
[move_group-20] [INFO] [1776902507.336676398] [moveit.simple_controller_manager.follow_joint_trajectory_controller_handle]: joint_trajectory_controller started execution
[move_group-20] [INFO] [1776902507.336694115] [moveit.simple_controller_manager.follow_joint_trajectory_controller_handle]: Goal request accepted!
[ros2_control_node-1] [WARN] [1776902507.355838257] [controller_manager]: Overrun might occur, Total time : 3854.363 us (Expected < 1000.000 us) --> Read time : 25.837 us, Update time : 197.993 us, Write time : 3630.533 us
[ros2_control_node-1] [WARN] [1776902507.355900678] [controller_manager]: Overrun detected! The controller manager missed its desired rate of 1000 Hz. The loop took 3.958880 ms (missed cycles : 4).
[adl_ui-15] 127.0.0.1 - - [22/Apr/2026 20:01:47] "GET /status_json HTTP/1.1" 200 -
[ros2_control_node-1] [WARN] [1776902508.355903724] [controller_manager]: Overrun might occur, Total time : 2915.723 us (Expected < 1000.000 us) --> Read time : 28.326 us, Update time : 193.239 us, Write time : 2694.158 us
[ros2_control_node-1] [WARN] [1776902508.355965092] [controller_manager]: Overrun detected! The controller manager missed its desired rate of 1000 Hz. The loop took 3.023413 ms (missed cycles : 4).
[adl_ui-15] 127.0.0.1 - - [22/Apr/2026 20:01:48] "GET /status_json HTTP/1.1" 200 -
[vision_apriltag-9] [INFO] [1776902508.911382962] [vision_apriltag_node]: Vision AprilTag: scene is locked; detection publishing is paused.
[adl_ui-15] 127.0.0.1 - - [22/Apr/2026 20:01:49] "GET /status_json HTTP/1.1" 200 -
[ros2_control_node-1] [WARN] [1776902509.356719042] [controller_manager]: Overrun might occur, Total time : 2756.121 us (Expected < 1000.000 us) --> Read time : 34.736 us, Update time : 246.268 us, Write time : 2475.117 us
[ros2_control_node-1] [WARN] [1776902509.356794013] [controller_manager]: Overrun detected! The controller manager missed its desired rate of 1000 Hz. The loop took 2.852270 ms (missed cycles : 3).
[adl_ui-15] 127.0.0.1 - - [22/Apr/2026 20:01:49] "GET /status_json HTTP/1.1" 200 -
[ros2_control_node-1] [WARN] [1776902510.358891023] [controller_manager]: Overrun might occur, Total time : 2924.130 us (Expected < 1000.000 us) --> Read time : 48.992 us, Update time : 276.644 us, Write time : 2598.494 us
[ros2_control_node-1] [WARN] [1776902510.358963940] [controller_manager]: Overrun detected! The controller manager missed its desired rate of 1000 Hz. The loop took 3.022769 ms (missed cycles : 4).
[adl_ui-15] 127.0.0.1 - - [22/Apr/2026 20:01:50] "GET /status_json HTTP/1.1" 200 -
[vision_apriltag-9] [INFO] [1776902510.911273768] [vision_apriltag_node]: Vision AprilTag: scene is locked; detection publishing is paused.
[wrist_camera_usb_publisher-8] [INFO] [1776902511.142319381] [wrist_camera_usb_publisher_node]: USB camera publisher heartbeat: publishing 1280x720 frames on /wrist_mounted_camera/image; camera_info fx=920.87, fy=921.57, cx=644.76, cy=343.15.
[ros2_control_node-1] [WARN] [1776902511.359729186] [controller_manager]: Overrun might occur, Total time : 2766.443 us (Expected < 1000.000 us) --> Read time : 35.152 us, Update time : 229.225 us, Write time : 2502.066 us
[ros2_control_node-1] [WARN] [1776902511.359780358] [controller_manager]: Overrun detected! The controller manager missed its desired rate of 1000 Hz. The loop took 2.839321 ms (missed cycles : 3).
[adl_ui-15] 127.0.0.1 - - [22/Apr/2026 20:01:51] "GET /status_json HTTP/1.1" 200 -
[adl_ui-15] 127.0.0.1 - - [22/Apr/2026 20:01:52] "GET /status_json HTTP/1.1" 200 -
[ros2_control_node-1] [WARN] [1776902512.362373326] [controller_manager]: Overrun might occur, Total time : 2417.387 us (Expected < 1000.000 us) --> Read time : 26.943 us, Update time : 198.058 us, Write time : 2192.386 us
[ros2_control_node-1] [WARN] [1776902512.362431593] [controller_manager]: Overrun detected! The controller manager missed its desired rate of 1000 Hz. The loop took 2.489880 ms (missed cycles : 3).
[adl_ui-15] 127.0.0.1 - - [22/Apr/2026 20:01:52] "GET /status_json HTTP/1.1" 200 -
[vision_apriltag-9] [INFO] [1776902512.912416491] [vision_apriltag_node]: Vision AprilTag: scene is locked; detection publishing is paused.
[joint_state_sanitizer-3] [WARN] [1776902513.259061260] [joint_state_sanitizer_node]: [joint_state_sanitizer] Published sanitized joint state: joint_1:-3.134->-3.132
[ros2_control_node-1] [WARN] [1776902513.363993008] [controller_manager]: Overrun might occur, Total time : 3030.580 us (Expected < 1000.000 us) --> Read time : 35.426 us, Update time : 321.013 us, Write time : 2674.141 us
[ros2_control_node-1] [WARN] [1776902513.364082283] [controller_manager]: Overrun detected! The controller manager missed its desired rate of 1000 Hz. The loop took 3.141285 ms (missed cycles : 4).
[adl_ui-15] 127.0.0.1 - - [22/Apr/2026 20:01:53] "GET /status_json HTTP/1.1" 200 -
[ros2_control_node-1] [WARN] [1776902514.365238992] [controller_manager]: Overrun might occur, Total time : 3281.990 us (Expected < 1000.000 us) --> Read time : 50.914 us, Update time : 246.099 us, Write time : 2984.977 us
[ros2_control_node-1] [WARN] [1776902514.365319900] [controller_manager]: Overrun detected! The controller manager missed its desired rate of 1000 Hz. The loop took 3.365859 ms (missed cycles : 4).
[adl_ui-15] 127.0.0.1 - - [22/Apr/2026 20:01:54] "GET /status_json HTTP/1.1" 200 -
[vision_apriltag-9] [INFO] [1776902514.927261422] [vision_apriltag_node]: Vision AprilTag: scene is locked; detection publishing is paused.
[adl_ui-15] 127.0.0.1 - - [22/Apr/2026 20:01:55] "GET /status_json HTTP/1.1" 200 -
[ros2_control_node-1] [WARN] [1776902515.368484883] [controller_manager]: Overrun might occur, Total time : 2501.941 us (Expected < 1000.000 us) --> Read time : 31.330 us, Update time : 199.497 us, Write time : 2271.114 us
[ros2_control_node-1] [WARN] [1776902515.368544694] [controller_manager]: Overrun detected! The controller manager missed its desired rate of 1000 Hz. The loop took 2.602290 ms (missed cycles : 3).
[adl_ui-15] 127.0.0.1 - - [22/Apr/2026 20:01:55] "GET /status_json HTTP/1.1" 200 -
[wrist_camera_usb_publisher-8] [INFO] [1776902516.301505644] [wrist_camera_usb_publisher_node]: USB camera publisher heartbeat: publishing 1280x720 frames on /wrist_mounted_camera/image; camera_info fx=920.87, fy=921.57, cx=644.76, cy=343.15.
[ros2_control_node-1] [WARN] [1776902516.371096727] [controller_manager]: Overrun might occur, Total time : 3110.058 us (Expected < 1000.000 us) --> Read time : 95.013 us, Update time : 568.165 us, Write time : 2446.880 us
[ros2_control_node-1] [WARN] [1776902516.371157848] [controller_manager]: Overrun detected! The controller manager missed its desired rate of 1000 Hz. The loop took 3.216616 ms (missed cycles : 4).
[adl_ui-15] 127.0.0.1 - - [22/Apr/2026 20:01:56] "GET /status_json HTTP/1.1" 200 -
[vision_apriltag-9] [INFO] [1776902516.912137182] [vision_apriltag_node]: Vision AprilTag: scene is locked; detection publishing is paused.
[adl_ui-15] 127.0.0.1 - - [22/Apr/2026 20:01:57] "GET /status_json HTTP/1.1" 200 -
[ros2_control_node-1] [WARN] [1776902517.372843297] [controller_manager]: Overrun might occur, Total time : 3881.142 us (Expected < 1000.000 us) --> Read time : 27.932 us, Update time : 233.862 us, Write time : 3619.348 us
[ros2_control_node-1] [WARN] [1776902517.372927327] [controller_manager]: Overrun detected! The controller manager missed its desired rate of 1000 Hz. The loop took 3.985183 ms (missed cycles : 4).
[ros2_control_node-1] [INFO] [1776902517.704168039] [joint_trajectory_controller]: Goal reached, success!
[move_group-20] [INFO] [1776902517.736714792] [moveit.simple_controller_manager.follow_joint_trajectory_controller_handle]: Controller 'joint_trajectory_controller' successfully finished
[move_group-20] [INFO] [1776902517.795358624] [move_group.moveit.moveit.ros.trajectory_execution_manager]: Completed trajectory execution with status SUCCEEDED ...
[move_group-20] [INFO] [1776902517.805424620] [move_group.moveit.moveit.ros.move_group.move_action]: Solution was found and executed.
[clear_table-13] [INFO] [1776902517.921755592] [clear_table_node]: [Cube] Stage 5 pose preset move result: OK.
[clear_table-13] [INFO] [1776902517.927354806] [clear_table_node]: [Cube] Stage 6: using a shallower drop target for SHELF_LEFT (+0.024m release gap above nominal destination depth).
[clear_table-13] [INFO] [1776902517.932539458] [clear_table_node]: [Cube] Stage 6: lower to destination (cartesian) (0.760, 0.225, 0.271)
[clear_table-13] [INFO] [1776902517.941190672] [clear_table_node]: [Cube] Stage 6 start (live/current): pos=(0.757, 0.223, 0.513), ori=(0.499, 0.527, 0.546, 0.418)
[clear_table-13] [INFO] [1776902517.947199658] [clear_table_node]: [Cube] Stage 6 preset orientation error: 0.176 rad.
[clear_table-13] [WARN] [1776902517.953150427] [clear_table_node]: [Cube] Stage 6 orientation deviates from slot preset. Refining before drop.
[clear_table-13] [INFO] [1776902517.953944984] [clear_table_node]: [Cube] Stage 6 orientation refine target: pos=(0.760, 0.225, 0.513), ori=(0.508, 0.491, 0.510, 0.491)
[clear_table-13] [INFO] [1776902517.954586689] [clear_table_node]: go_to_pose: planning to pose at 0.760,0.225, 0.513
[move_group-20] [ERROR] [1776902517.955433768] [move_group.moveit.moveit.core.conversions]: Found empty JointState message
[clear_table-13] [INFO] [1776902517.958687591] [clear_table_node]: Start state: collision-valid — no collisions (not a joint-bounds check).
[move_group-20] [INFO] [1776902517.959800876] [move_group.moveit.moveit.ros.move_group.move_action]: MoveGroupMoveAction: Received request
[move_group-20] [INFO] [1776902517.959998704] [move_group.moveit.moveit.ros.move_group.move_action]: executing..
[move_group-20] [INFO] [1776902517.975249745] [move_group.moveit.moveit.ros.move_group.move_action]: Combined planning and execution request received for MoveGroup action. Forwarding to planning and execution pipeline.
[move_group-20] [WARN] [1776902517.975793313] [move_group.moveit.moveit.ros.move_group.capability]: Execution of motions should always start at the robot's current state. Ignoring the state supplied as start state in the motion planning request
[move_group-20] [WARN] [1776902517.975821232] [move_group.moveit.moveit.ros.move_group.capability]: Execution of motions should always start at the robot's current state. Ignoring the state supplied as difference in the planning scene diff
[move_group-20] [INFO] [1776902517.975834401] [move_group.moveit.moveit.ros.plan_execution]: Planning attempt 1 of at most 1
[move_group-20] [INFO] [1776902517.976141161] [move_group]: Calling PlanningRequestAdapter 'ResolveConstraintFrames'
[move_group-20] [INFO] [1776902517.976176337] [move_group]: Calling PlanningRequestAdapter 'ValidateWorkspaceBounds'
[move_group-20] [INFO] [1776902517.976195140] [move_group]: Calling PlanningRequestAdapter 'CheckStartStateBounds'
[move_group-20] [INFO] [1776902517.976228603] [move_group]: Calling PlanningRequestAdapter 'CheckStartStateCollision'
[move_group-20] [INFO] [1776902517.976682634] [move_group.moveit.moveit.planners.ompl.model_based_planning_context]: Planner configuration 'manipulator' will use planner 'geometric::RRTConnect'. Additional configuration parameters will be set when the planner is constructed.
[move_group-20] [INFO] [1776902517.976765666] [move_group]: Calling Planner 'OMPL'
[move_group-20] [INFO] [1776902518.009416575] [move_group]: Calling PlanningResponseAdapter 'AddTimeOptimalParameterization'
[move_group-20] [INFO] [1776902518.010292048] [move_group]: Calling PlanningResponseAdapter 'ValidateSolution'
[move_group-20] [INFO] [1776902518.010842367] [move_group]: Calling PlanningResponseAdapter 'DisplayMotionPath'
[move_group-20] [WARN] [1776902518.010935431] [move_group.moveit.moveit.ros.planning_pipeline]: The planner plugin did not fill out the 'planner_id' field of the MotionPlanResponse. Setting it to the planner ID name of the MotionPlanRequest assuming that the planner plugin does warn you if it does not use the requested planner.
[move_group-20] [INFO] [1776902518.011082505] [move_group.moveit.moveit.plugins.simple_controller_manager]: Returned 2 controllers in list
[move_group-20] [INFO] [1776902518.011111163] [move_group.moveit.moveit.plugins.simple_controller_manager]: Returned 2 controllers in list
[move_group-20] [INFO] [1776902518.011188863] [move_group.moveit.moveit.ros.trajectory_execution_manager]: Validating trajectory with allowed_start_tolerance 0.01
[move_group-20] [INFO] [1776902518.015256260] [move_group.moveit.moveit.ros.trajectory_execution_manager]: Starting trajectory execution ...
[move_group-20] [INFO] [1776902518.015409559] [move_group.moveit.moveit.plugins.simple_controller_manager]: Returned 2 controllers in list
[move_group-20] [INFO] [1776902518.015446475] [move_group.moveit.moveit.plugins.simple_controller_manager]: Returned 2 controllers in list
[move_group-20] [INFO] [1776902518.015629980] [moveit.simple_controller_manager.follow_joint_trajectory_controller_handle]: sending trajectory to joint_trajectory_controller
[ros2_control_node-1] [INFO] [1776902518.016132110] [joint_trajectory_controller]: Received new action goal
[ros2_control_node-1] [INFO] [1776902518.016178631] [joint_trajectory_controller]: Accepted new action goal
[move_group-20] [INFO] [1776902518.016395518] [moveit.simple_controller_manager.follow_joint_trajectory_controller_handle]: joint_trajectory_controller started execution
[move_group-20] [INFO] [1776902518.016408806] [moveit.simple_controller_manager.follow_joint_trajectory_controller_handle]: Goal request accepted!
[adl_ui-15] 127.0.0.1 - - [22/Apr/2026 20:01:58] "GET /status_json HTTP/1.1" 200 -
[ros2_control_node-1] [WARN] [1776902518.374881631] [controller_manager]: Overrun might occur, Total time : 2913.802 us (Expected < 1000.000 us) --> Read time : 30.176 us, Update time : 294.961 us, Write time : 2588.665 us
[ros2_control_node-1] [WARN] [1776902518.374950772] [controller_manager]: Overrun detected! The controller manager missed its desired rate of 1000 Hz. The loop took 3.008953 ms (missed cycles : 4).
[joint_state_sanitizer-3] [WARN] [1776902518.574693896] [joint_state_sanitizer_node]: [joint_state_sanitizer] Published sanitized joint state: joint_3:+3.134->+3.132
[ros2_control_node-1] [INFO] [1776902518.672164094] [joint_trajectory_controller]: Goal reached, success!
[move_group-20] [INFO] [1776902518.717053362] [moveit.simple_controller_manager.follow_joint_trajectory_controller_handle]: Controller 'joint_trajectory_controller' successfully finished
[move_group-20] [INFO] [1776902518.775731712] [move_group.moveit.moveit.ros.trajectory_execution_manager]: Completed trajectory execution with status SUCCEEDED ...
[move_group-20] [INFO] [1776902518.785411102] [move_group.moveit.moveit.ros.move_group.move_action]: Solution was found and executed.
[adl_ui-15] 127.0.0.1 - - [22/Apr/2026 20:01:58] "GET /status_json HTTP/1.1" 200 -
[clear_table-13] [INFO] [1776902518.909368503] [clear_table_node]: [Cube] Stage 6 orientation refine result: OK.
[vision_apriltag-9] [INFO] [1776902518.911847082] [vision_apriltag_node]: Vision AprilTag: scene is locked; detection publishing is paused.
[clear_table-13] [INFO] [1776902518.913121349] [clear_table_node]: [Cube] Stage 6 start (post-orientation-refine): pos=(0.754, 0.229, 0.512), ori=(0.440, 0.531, 0.489, 0.533)
[clear_table-13] [INFO] [1776902518.913854084] [clear_table_node]: [CAL] PLACE_PRESET_CONFIG["joint_presets"]["SHELF_LEFT"] = {"joint_1": +2.783389, "joint_2": -1.613907, "joint_3": -3.131593, "joint_4": -0.897284, "joint_5": +0.415347, "joint_6": +0.851553, "joint_7": -1.712525}
[clear_table-13] [INFO] [1776902518.925137736] [clear_table_node]: [Cube] Stage 6 pre-alignment skipped. Proceeding directly to cartesian drop from current orientation.
[clear_table-13] [INFO] [1776902518.926048375] [clear_table_node]: [Cube] Stage 6 branch-settle pose target: pos=(0.760, 0.225, 0.501), ori=(0.508, 0.491, 0.510, 0.491)
[clear_table-13] [INFO] [1776902518.926929521] [clear_table_node]: go_to_pose: planning to pose at 0.760,0.225, 0.501
[move_group-20] [ERROR] [1776902518.928171330] [move_group.moveit.moveit.core.conversions]: Found empty JointState message
[clear_table-13] [INFO] [1776902518.931922674] [clear_table_node]: Start state: collision-valid — no collisions (not a joint-bounds check).
[move_group-20] [INFO] [1776902518.933180587] [move_group.moveit.moveit.ros.move_group.move_action]: MoveGroupMoveAction: Received request
[move_group-20] [INFO] [1776902518.933390137] [move_group.moveit.moveit.ros.move_group.move_action]: executing..
[move_group-20] [INFO] [1776902518.935032595] [move_group.moveit.moveit.ros.move_group.move_action]: Combined planning and execution request received for MoveGroup action. Forwarding to planning and execution pipeline.
[move_group-20] [WARN] [1776902518.935082139] [move_group.moveit.moveit.ros.move_group.capability]: Execution of motions should always start at the robot's current state. Ignoring the state supplied as start state in the motion planning request
[move_group-20] [WARN] [1776902518.935106486] [move_group.moveit.moveit.ros.move_group.capability]: Execution of motions should always start at the robot's current state. Ignoring the state supplied as difference in the planning scene diff
[move_group-20] [INFO] [1776902518.935123395] [move_group.moveit.moveit.ros.plan_execution]: Planning attempt 1 of at most 1
[move_group-20] [INFO] [1776902518.935441541] [move_group]: Calling PlanningRequestAdapter 'ResolveConstraintFrames'
[move_group-20] [INFO] [1776902518.935475268] [move_group]: Calling PlanningRequestAdapter 'ValidateWorkspaceBounds'
[move_group-20] [INFO] [1776902518.935492989] [move_group]: Calling PlanningRequestAdapter 'CheckStartStateBounds'
[move_group-20] [INFO] [1776902518.935526990] [move_group]: Calling PlanningRequestAdapter 'CheckStartStateCollision'
[move_group-20] [INFO] [1776902518.936051815] [move_group.moveit.moveit.planners.ompl.model_based_planning_context]: Planner configuration 'manipulator' will use planner 'geometric::RRTConnect'. Additional configuration parameters will be set when the planner is constructed.
[move_group-20] [INFO] [1776902518.936124717] [move_group]: Calling Planner 'OMPL'
[move_group-20] [INFO] [1776902518.951037989] [move_group]: Calling PlanningResponseAdapter 'AddTimeOptimalParameterization'
[move_group-20] [INFO] [1776902518.951389271] [move_group]: Calling PlanningResponseAdapter 'ValidateSolution'
[move_group-20] [INFO] [1776902518.951861588] [move_group]: Calling PlanningResponseAdapter 'DisplayMotionPath'
[move_group-20] [WARN] [1776902518.951944060] [move_group.moveit.moveit.ros.planning_pipeline]: The planner plugin did not fill out the 'planner_id' field of the MotionPlanResponse. Setting it to the planner ID name of the MotionPlanRequest assuming that the planner plugin does warn you if it does not use the requested planner.
[move_group-20] [INFO] [1776902518.952167005] [move_group.moveit.moveit.plugins.simple_controller_manager]: Returned 2 controllers in list
[move_group-20] [INFO] [1776902518.952199551] [move_group.moveit.moveit.plugins.simple_controller_manager]: Returned 2 controllers in list
[move_group-20] [INFO] [1776902518.952262591] [move_group.moveit.moveit.ros.trajectory_execution_manager]: Validating trajectory with allowed_start_tolerance 0.01
[move_group-20] [INFO] [1776902518.955495106] [move_group.moveit.moveit.ros.trajectory_execution_manager]: Starting trajectory execution ...
[move_group-20] [INFO] [1776902518.955563145] [move_group.moveit.moveit.plugins.simple_controller_manager]: Returned 2 controllers in list
[move_group-20] [INFO] [1776902518.955597667] [move_group.moveit.moveit.plugins.simple_controller_manager]: Returned 2 controllers in list
[move_group-20] [INFO] [1776902518.955799878] [moveit.simple_controller_manager.follow_joint_trajectory_controller_handle]: sending trajectory to joint_trajectory_controller
[move_group-20] [INFO] [1776902518.957359983] [moveit.simple_controller_manager.follow_joint_trajectory_controller_handle]: joint_trajectory_controller started execution
[move_group-20] [INFO] [1776902518.957383998] [moveit.simple_controller_manager.follow_joint_trajectory_controller_handle]: Goal request accepted!
[ros2_control_node-1] [INFO] [1776902518.956292159] [joint_trajectory_controller]: Received new action goal
[ros2_control_node-1] [INFO] [1776902518.956346937] [joint_trajectory_controller]: Accepted new action goal
[ros2_control_node-1] [WARN] [1776902519.375948222] [controller_manager]: Overrun might occur, Total time : 2979.678 us (Expected < 1000.000 us) --> Read time : 45.154 us, Update time : 268.997 us, Write time : 2665.527 us
[ros2_control_node-1] [WARN] [1776902519.376035490] [controller_manager]: Overrun detected! The controller manager missed its desired rate of 1000 Hz. The loop took 3.093411 ms (missed cycles : 4).
[ros2_control_node-1] [INFO] [1776902519.469103976] [joint_trajectory_controller]: Goal reached, success!
[move_group-20] [INFO] [1776902519.556946457] [moveit.simple_controller_manager.follow_joint_trajectory_controller_handle]: Controller 'joint_trajectory_controller' successfully finished
[move_group-20] [INFO] [1776902519.615426639] [move_group.moveit.moveit.ros.trajectory_execution_manager]: Completed trajectory execution with status SUCCEEDED ...
[move_group-20] [INFO] [1776902519.615604739] [move_group.moveit.moveit.ros.move_group.move_action]: Solution was found and executed.
[adl_ui-15] 127.0.0.1 - - [22/Apr/2026 20:01:59] "GET /status_json HTTP/1.1" 200 -
[clear_table-13] [INFO] [1776902519.746888226] [clear_table_node]: [Cube] Stage 6 branch-settle pose result: OK.
[clear_table-13] [INFO] [1776902519.850970453] [clear_table_node]: [Cube] Stage 6 start (post-branch-settle): pos=(0.753, 0.232, 0.490), ori=(0.479, 0.516, 0.496, 0.507)
[clear_table-13] [INFO] [1776902519.863630910] [clear_table_node]: [Cube] Stage 6 safe-joint snapshot: joint_1=+2.774, joint_2=-1.644, joint_3=-3.130, joint_4=-0.918, joint_5=+0.447, joint_6=+0.891, joint_7=-1.825.
[clear_table-13] [INFO] [1776902519.864266174] [clear_table_node]: [Cube] Stage 6 drop target (vertical from live start): pos=(0.760, 0.225, 0.271), ori=(0.508, 0.491, 0.510, 0.491)
[clear_table-13] [INFO] [1776902519.864783323] [clear_table_node]: [Cube] Stage 6: trying the real-hardware short-motion servo path before segmented Cartesian planning.
[ros2_control_node-1] [INFO] [1776902519.872060329] [controller_manager]: Activating controllers: [ twist_controller ]
[ros2_control_node-1] [INFO] [1776902519.872111228] [controller_manager]: Deactivating controllers: [ joint_trajectory_controller ]
[ros2_control_node-1] [INFO] [1776902520.179063801] [controller_manager]: Successfully switched controllers!
[ros2_control_node-1] [WARN] [1776902520.229569569] [controller_manager]: Overrun might occur, Total time : 156580.888 us (Expected < 1000.000 us) --> Read time : 29.258 us, Update time : 105994.762 us (Switch time : 105760.683 us (Switch chained mode time : 1.111 us, perform mode change time : 105534.446 us, Activation time : 86.907 us, Deactivation time : 133.059 us)), Write time : 50556.868 us
[clear_table-13] [INFO] [1776902520.233159321] [clear_table_node]: [Cube] Stage 6 servo descend: using twist_controller for a 0.220 m short Cartesian move.
[adl_ui-15] 127.0.0.1 - - [22/Apr/2026 20:02:00] "GET /status_json HTTP/1.1" 200 -
[ros2_control_node-1] [WARN] [1776902520.379201301] [controller_manager]: Overrun might occur, Total time : 49236.634 us (Expected < 1000.000 us) --> Read time : 32.365 us, Update time : 99.488 us, Write time : 49104.781 us
[ros2_control_node-1] [WARN] [1776902520.379289050] [controller_manager]: Overrun detected! The controller manager missed its desired rate of 1000 Hz. The loop took 49.347696 ms (missed cycles : 50).
[vision_apriltag-9] [INFO] [1776902520.911514258] [vision_apriltag_node]: Vision AprilTag: scene is locked; detection publishing is paused.
[adl_ui-15] 127.0.0.1 - - [22/Apr/2026 20:02:01] "GET /status_json HTTP/1.1" 200 -
[clear_table-13] [WARN] [1776902521.259900513] [clear_table_node]: [Cube] Stage 6 servo descend: twist motion stopped making progress; falling back to MoveIt.
[ros2_control_node-1] [INFO] [1776902521.413361477] [controller_manager]: Activating controllers: [ joint_trajectory_controller ]
[ros2_control_node-1] [INFO] [1776902521.413391576] [controller_manager]: Deactivating controllers: [ twist_controller ]
[ros2_control_node-1] [WARN] [1776902521.429167901] [controller_manager]: Overrun might occur, Total time : 49165.702 us (Expected < 1000.000 us) --> Read time : 29.452 us, Update time : 115.168 us, Write time : 49021.082 us
[ros2_control_node-1] [WARN] [1776902521.429250391] [controller_manager]: Overrun detected! The controller manager missed its desired rate of 1000 Hz. The loop took 49.308512 ms (missed cycles : 50).
[wrist_camera_usb_publisher-8] [INFO] [1776902521.461839482] [wrist_camera_usb_publisher_node]: USB camera publisher heartbeat: publishing 1280x720 frames on /wrist_mounted_camera/image; camera_info fx=920.87, fy=921.57, cx=644.76, cy=343.15.
[ros2_control_node-1] [INFO] [1776902521.739495335] [controller_manager]: Successfully switched controllers!
[ros2_control_node-1] [WARN] [1776902521.742434449] [controller_manager]: Overrun might occur, Total time : 126460.157 us (Expected < 1000.000 us) --> Read time : 55.836 us, Update time : 123414.559 us (Switch time : 123234.434 us (Switch chained mode time : 1.682 us, perform mode change time : 122195.712 us, Activation time : 907.639 us, Deactivation time : 122.825 us)), Write time : 2989.762 us
[clear_table-13] [WARN] [1776902521.749427615] [clear_table_node]: [Cube] Stage 6: short-motion servo path did not complete cleanly. Falling back to segmented Cartesian planning.
[clear_table-13] [INFO] [1776902521.750277323] [clear_table_node]: [Cube] Stage 6 step 1 (dz=0.0100, sub=0/4): pos=(0.760, 0.225, 0.480), ori=(0.508, 0.491, 0.510, 0.491)
[move_group-20] [INFO] [1776902521.751437236] [move_group.moveit.moveit.ros.move_group.cartesian_path_service_capability]: Received request to compute Cartesian path
[move_group-20] [INFO] [1776902521.751557756] [move_group.moveit.moveit.ros.move_group.cartesian_path_service_capability]: Attempting to follow 1 waypoints for link 'end_effector_link' using a step of 0.005000 m and jump threshold 0.000000 (in global reference frame)
[move_group-20] [INFO] [1776902521.754040443] [move_group.moveit.moveit.ros.move_group.cartesian_path_service_capability]: Computed Cartesian path with 7 points (followed 100.000000% of requested trajectory)
[clear_table-13] [INFO] [1776902521.759365554] [clear_table_node]: Cartesian path computed with 100.0% success.
[clear_table-13] [ERROR] [1776902521.760141988] [clear_table_node]: Cartesian path point violates joint lock for joint_7: -1.927 vs lock at -1.825 with tol 0.100.
[clear_table-13] [WARN] [1776902521.761210620] [clear_table_node]: [Cube] Stage 6 step 1: early lock violation on joint_7 (1/2) while entering the drop.
[clear_table-13] [WARN] [1776902521.762516347] [clear_table_node]: [Cube] Stage 6 step 1: lock failed, retrying unlocked.
[move_group-20] [INFO] [1776902521.763171363] [move_group.moveit.moveit.ros.move_group.cartesian_path_service_capability]: Received request to compute Cartesian path
[move_group-20] [INFO] [1776902521.763303743] [move_group.moveit.moveit.ros.move_group.cartesian_path_service_capability]: Attempting to follow 1 waypoints for link 'end_effector_link' using a step of 0.005000 m and jump threshold 0.000000 (in global reference frame)
[move_group-20] [INFO] [1776902521.765393141] [move_group.moveit.moveit.ros.move_group.cartesian_path_service_capability]: Computed Cartesian path with 7 points (followed 100.000000% of requested trajectory)
[clear_table-13] [INFO] [1776902521.769444811] [clear_table_node]: Cartesian path computed with 100.0% success.
[move_group-20] [INFO] [1776902521.770248386] [move_group.moveit.moveit.ros.move_group.clear_octomap_service]: Execution request received
[move_group-20] [INFO] [1776902521.770308943] [move_group.moveit.moveit.plugins.simple_controller_manager]: Returned 2 controllers in list
[move_group-20] [INFO] [1776902521.770335822] [move_group.moveit.moveit.plugins.simple_controller_manager]: Returned 2 controllers in list
[move_group-20] [INFO] [1776902521.770448845] [move_group.moveit.moveit.ros.trajectory_execution_manager]: Validating trajectory with allowed_start_tolerance 0.01
[move_group-20] [INFO] [1776902521.775065602] [move_group.moveit.moveit.ros.trajectory_execution_manager]: Starting trajectory execution ...
[move_group-20] [INFO] [1776902521.775143609] [move_group.moveit.moveit.plugins.simple_controller_manager]: Returned 2 controllers in list
[move_group-20] [INFO] [1776902521.775177733] [move_group.moveit.moveit.plugins.simple_controller_manager]: Returned 2 controllers in list
[move_group-20] [INFO] [1776902521.775390325] [moveit.simple_controller_manager.follow_joint_trajectory_controller_handle]: sending trajectory to joint_trajectory_controller
[ros2_control_node-1] [INFO] [1776902521.775750056] [joint_trajectory_controller]: Received new action goal
[ros2_control_node-1] [INFO] [1776902521.775806823] [joint_trajectory_controller]: Accepted new action goal
[move_group-20] [INFO] [1776902521.776249864] [moveit.simple_controller_manager.follow_joint_trajectory_controller_handle]: joint_trajectory_controller started execution
[move_group-20] [INFO] [1776902521.776290723] [moveit.simple_controller_manager.follow_joint_trajectory_controller_handle]: Goal request accepted!
[adl_ui-15] 127.0.0.1 - - [22/Apr/2026 20:02:01] "GET /status_json HTTP/1.1" 200 -
[ros2_control_node-1] [INFO] [1776902522.351215617] [joint_trajectory_controller]: Goal reached, success!
[move_group-20] [INFO] [1776902522.376499788] [moveit.simple_controller_manager.follow_joint_trajectory_controller_handle]: Controller 'joint_trajectory_controller' successfully finished
[ros2_control_node-1] [WARN] [1776902522.431231807] [controller_manager]: Overrun might occur, Total time : 2276.817 us (Expected < 1000.000 us) --> Read time : 24.351 us, Update time : 169.579 us, Write time : 2082.887 us
[ros2_control_node-1] [WARN] [1776902522.431303685] [controller_manager]: Overrun detected! The controller manager missed its desired rate of 1000 Hz. The loop took 2.362310 ms (missed cycles : 3).
[move_group-20] [INFO] [1776902522.435051512] [move_group.moveit.moveit.ros.trajectory_execution_manager]: Completed trajectory execution with status SUCCEEDED ...
[move_group-20] [INFO] [1776902522.435335102] [move_group.moveit.moveit.ros.move_group.clear_octomap_service]: Execution completed: SUCCEEDED
[clear_table-13] [INFO] [1776902522.539223955] [clear_table_node]: [Cube] Stage 6 step 2 (dz=0.0100, sub=0/4): pos=(0.760, 0.225, 0.470), ori=(0.508, 0.491, 0.510, 0.491)
[move_group-20] [INFO] [1776902522.539731054] [move_group.moveit.moveit.ros.move_group.cartesian_path_service_capability]: Received request to compute Cartesian path
[move_group-20] [INFO] [1776902522.539842517] [move_group.moveit.moveit.ros.move_group.cartesian_path_service_capability]: Attempting to follow 1 waypoints for link 'end_effector_link' using a step of 0.005000 m and jump threshold 0.000000 (in global reference frame)
[move_group-20] [INFO] [1776902522.540547224] [move_group.moveit.moveit.ros.move_group.cartesian_path_service_capability]: Computed Cartesian path with 3 points (followed 100.000000% of requested trajectory)
[clear_table-13] [INFO] [1776902522.545520432] [clear_table_node]: Cartesian path computed with 100.0% success.
[clear_table-13] [ERROR] [1776902522.546962917] [clear_table_node]: Cartesian path point violates joint lock for joint_7: -1.928 vs lock at -1.825 with tol 0.100.
[clear_table-13] [WARN] [1776902522.548420937] [clear_table_node]: [Cube] Stage 6 step 2: early lock violation on joint_7 (2/2) while entering the drop.
[clear_table-13] [WARN] [1776902522.549389965] [clear_table_node]: [Cube] Stage 6 step 2: repeated early lock violations on joint_7. Triggering rescue instead of continuing unlocked.
[clear_table-13] [WARN] [1776902522.550183861] [clear_table_node]: [Cube] Stage 6 early lock-hazard joints: joint_1=+2.777, joint_2=-1.653, joint_3=+3.132, joint_4=-0.900, joint_5=+0.480, joint_6=+0.876, joint_7=-1.928.
[clear_table-13] [WARN] [1776902522.551049412] [clear_table_node]: [Cube] Stage 6 rescue triggered (posture_hazard / early_repeat_lock:joint_7). Pulling up and reorienting before retrying.
[clear_table-13] [INFO] [1776902522.554566863] [clear_table_node]: [Cube] Stage 6 rescue start (live/current): pos=(0.761, 0.222, 0.479), ori=(0.512, 0.489, 0.511, 0.488)
[clear_table-13] [INFO] [1776902522.555271196] [clear_table_node]: [Cube] Stage 6 rescue pull-up target: pos=(0.761, 0.222, 0.501), ori=(0.512, 0.489, 0.511, 0.488)
[move_group-20] [INFO] [1776902522.556367574] [move_group.moveit.moveit.ros.move_group.cartesian_path_service_capability]: Received request to compute Cartesian path
[move_group-20] [INFO] [1776902522.556490441] [move_group.moveit.moveit.ros.move_group.cartesian_path_service_capability]: Attempting to follow 1 waypoints for link 'end_effector_link' using a step of 0.005000 m and jump threshold 0.000000 (in global reference frame)
[move_group-20] [INFO] [1776902522.559414042] [move_group.moveit.moveit.ros.move_group.cartesian_path_service_capability]: Computed Cartesian path with 6 points (followed 100.000000% of requested trajectory)
[clear_table-13] [INFO] [1776902522.563095350] [clear_table_node]: Cartesian path computed with 100.0% success.
[move_group-20] [INFO] [1776902522.563941385] [move_group.moveit.moveit.ros.move_group.clear_octomap_service]: Execution request received
[move_group-20] [INFO] [1776902522.563989931] [move_group.moveit.moveit.plugins.simple_controller_manager]: Returned 2 controllers in list
[move_group-20] [INFO] [1776902522.564019651] [move_group.moveit.moveit.plugins.simple_controller_manager]: Returned 2 controllers in list
[move_group-20] [INFO] [1776902522.564083861] [move_group.moveit.moveit.ros.trajectory_execution_manager]: Validating trajectory with allowed_start_tolerance 0.01
[move_group-20] [INFO] [1776902522.575680456] [move_group.moveit.moveit.ros.trajectory_execution_manager]: Starting trajectory execution ...
[move_group-20] [INFO] [1776902522.575842094] [move_group.moveit.moveit.plugins.simple_controller_manager]: Returned 2 controllers in list
[move_group-20] [INFO] [1776902522.575891347] [move_group.moveit.moveit.plugins.simple_controller_manager]: Returned 2 controllers in list
[move_group-20] [INFO] [1776902522.576179096] [moveit.simple_controller_manager.follow_joint_trajectory_controller_handle]: sending trajectory to joint_trajectory_controller
[ros2_control_node-1] [INFO] [1776902522.577619242] [joint_trajectory_controller]: Received new action goal
[ros2_control_node-1] [INFO] [1776902522.577679623] [joint_trajectory_controller]: Accepted new action goal
[move_group-20] [INFO] [1776902522.578002356] [moveit.simple_controller_manager.follow_joint_trajectory_controller_handle]: joint_trajectory_controller started execution
[move_group-20] [INFO] [1776902522.578022174] [moveit.simple_controller_manager.follow_joint_trajectory_controller_handle]: Goal request accepted!
[adl_ui-15] 127.0.0.1 - - [22/Apr/2026 20:02:02] "GET /status_json HTTP/1.1" 200 -
[ros2_control_node-1] [INFO] [1776902522.884084673] [joint_trajectory_controller]: Goal reached, success!
[vision_apriltag-9] [INFO] [1776902522.911114968] [vision_apriltag_node]: Vision AprilTag: scene is locked; detection publishing is paused.
[move_group-20] [INFO] [1776902522.978418052] [moveit.simple_controller_manager.follow_joint_trajectory_controller_handle]: Controller 'joint_trajectory_controller' successfully finished
[move_group-20] [INFO] [1776902523.035373230] [move_group.moveit.moveit.ros.trajectory_execution_manager]: Completed trajectory execution with status SUCCEEDED ...
[move_group-20] [INFO] [1776902523.035734427] [move_group.moveit.moveit.ros.move_group.clear_octomap_service]: Execution completed: SUCCEEDED
[clear_table-13] [INFO] [1776902523.139766055] [clear_table_node]: [Cube] Stage 6 rescue pull-up result: OK.
[clear_table-13] [INFO] [1776902523.140527564] [clear_table_node]: [Cube] Stage 6 nullspace recovery starting from joints: joint_1=+2.778, joint_2=-1.604, joint_3=+3.133, joint_4=-0.856, joint_5=+0.478, joint_6=+0.881, joint_7=-1.926.
[clear_table-13] [INFO] [1776902523.141212564] [clear_table_node]: [Cube] Stage 6 nullspace same-EEF target: pos=(0.760, 0.225, 0.501), ori=(0.508, 0.491, 0.510, 0.491)
[clear_table-13] [INFO] [1776902523.142223637] [clear_table_node]: [Cube] Stage 6 nullspace candidate 1/5: joint_2=-1.254 (delta=+0.350, tol=0.220), joint_4=-1.206 (delta=-0.350, tol=0.220)
[clear_table-13] [INFO] [1776902523.142864326] [clear_table_node]: go_to_pose: planning to pose at 0.760,0.225, 0.501
[move_group-20] [ERROR] [1776902523.143638240] [move_group.moveit.moveit.core.conversions]: Found empty JointState message
[clear_table-13] [INFO] [1776902523.146852774] [clear_table_node]: Start state: collision-valid — no collisions (not a joint-bounds check).
[move_group-20] [INFO] [1776902523.148001458] [move_group.moveit.moveit.ros.move_group.move_action]: MoveGroupMoveAction: Received request
[move_group-20] [INFO] [1776902523.148222890] [move_group.moveit.moveit.ros.move_group.move_action]: executing..
[move_group-20] [INFO] [1776902523.155176305] [move_group.moveit.moveit.ros.move_group.move_action]: Combined planning and execution request received for MoveGroup action. Forwarding to planning and execution pipeline.
[move_group-20] [WARN] [1776902523.155238837] [move_group.moveit.moveit.ros.move_group.capability]: Execution of motions should always start at the robot's current state. Ignoring the state supplied as start state in the motion planning request
[move_group-20] [WARN] [1776902523.155294580] [move_group.moveit.moveit.ros.move_group.capability]: Execution of motions should always start at the robot's current state. Ignoring the state supplied as difference in the planning scene diff
[move_group-20] [INFO] [1776902523.155321761] [move_group.moveit.moveit.ros.plan_execution]: Planning attempt 1 of at most 1
[move_group-20] [INFO] [1776902523.155627262] [move_group]: Calling PlanningRequestAdapter 'ResolveConstraintFrames'
[move_group-20] [INFO] [1776902523.155662008] [move_group]: Calling PlanningRequestAdapter 'ValidateWorkspaceBounds'
[move_group-20] [INFO] [1776902523.155679004] [move_group]: Calling PlanningRequestAdapter 'CheckStartStateBounds'
[move_group-20] [INFO] [1776902523.155710987] [move_group]: Calling PlanningRequestAdapter 'CheckStartStateCollision'
[move_group-20] [INFO] [1776902523.157190112] [move_group.moveit.moveit.planners.ompl.model_based_planning_context]: Planner configuration 'manipulator' will use planner 'geometric::RRTConnect'. Additional configuration parameters will be set when the planner is constructed.
[move_group-20] [INFO] [1776902523.157306500] [move_group]: Calling Planner 'OMPL'
[move_group-20] [WARN] [1776902523.160585054] [move_group.moveit.moveit.planners.ompl.constrained_goal_sampler]: More than 80% of the sampled goal states fail to satisfy the constraints imposed on the goal sampler. Is the constrained sampler working correctly?
[adl_ui-15] 127.0.0.1 - - [22/Apr/2026 20:02:03] "GET /status_json HTTP/1.1" 200 -
[ros2_control_node-1] [WARN] [1776902523.432759784] [controller_manager]: Overrun might occur, Total time : 2797.713 us (Expected < 1000.000 us) --> Read time : 35.187 us, Update time : 227.436 us, Write time : 2535.090 us
[ros2_control_node-1] [WARN] [1776902523.432828846] [controller_manager]: Overrun detected! The controller manager missed its desired rate of 1000 Hz. The loop took 2.887499 ms (missed cycles : 3).
[adl_ui-15] 127.0.0.1 - - [22/Apr/2026 20:02:04] "GET /status_json HTTP/1.1" 200 -
[move_group-20] [INFO] [1776902524.244553341] [move_group.moveit.moveit.core.kinematic_constraints]: Constraint violated:: Joint name: 'joint_2', actual value: -1.519968, desired value: -1.253894, tolerance_above: 0.220000, tolerance_below: 0.220000
[move_group-20] [INFO] [1776902524.244598184] [move_group.moveit.moveit.core.kinematic_constraints]: Constraint violated:: Joint name: 'joint_4', actual value: 0.840282, desired value: -1.205675, tolerance_above: 0.220000, tolerance_below: 0.220000
[move_group-20] [INFO] [1776902524.244609976] [move_group.moveit.moveit.core.kinematic_constraints]: Position constraint satisfied on link 'end_effector_link'. Desired: 0.760300, 0.225000, 0.501000, current: 0.765637, 0.229380, 0.505264
[move_group-20] [INFO] [1776902524.244621178] [move_group.moveit.moveit.core.kinematic_constraints]: Differences -0.00533714 -0.00438048 -0.00426436
[move_group-20] [INFO] [1776902524.244631146] [move_group.moveit.moveit.core.kinematic_constraints]: Orientation constraint satisfied for link 'end_effector_link'. Quaternion desired: 0.507917 0.490920 0.509917 0.490920, quaternion actual: 0.448374 0.556528 0.476900 0.511667, error: x=0.026125, y=0.069184, z=0.179950, tolerance: x=0.140000, y=0.140000, z=0.250000
[ros2_control_node-1] [WARN] [1776902524.433896156] [controller_manager]: Overrun might occur, Total time : 2881.380 us (Expected < 1000.000 us) --> Read time : 50.068 us, Update time : 232.376 us, Write time : 2598.936 us
[ros2_control_node-1] [WARN] [1776902524.433951538] [controller_manager]: Overrun detected! The controller manager missed its desired rate of 1000 Hz. The loop took 3.010144 ms (missed cycles : 4).
[adl_ui-15] 127.0.0.1 - - [22/Apr/2026 20:02:04] "GET /status_json HTTP/1.1" 200 -
[vision_apriltag-9] [INFO] [1776902524.911742292] [vision_apriltag_node]: Vision AprilTag: scene is locked; detection publishing is paused.
[ros2_control_node-1] [WARN] [1776902525.434135358] [controller_manager]: Overrun might occur, Total time : 3177.374 us (Expected < 1000.000 us) --> Read time : 33.056 us, Update time : 270.867 us, Write time : 2873.451 us
[ros2_control_node-1] [WARN] [1776902525.434184688] [controller_manager]: Overrun detected! The controller manager missed its desired rate of 1000 Hz. The loop took 3.243478 ms (missed cycles : 4).
[move_group-20] [ERROR] [1776902525.605408769] [move_group.moveit.moveit.planners.ompl.planner_manager]: ./src/ompl/geometric/planners/rrt/src/RRTConnect.cpp:265 - manipulator/manipulator: Unable to sample any valid states for goal tree
[move_group-20] [ERROR] [1776902525.606103463] [move_group.moveit.moveit.planners.ompl.planner_manager]: ./src/ompl/geometric/planners/rrt/src/RRTConnect.cpp:265 - manipulator/manipulator: Unable to sample any valid states for goal tree
[move_group-20] [ERROR] [1776902525.607322688] [move_group.moveit.moveit.planners.ompl.planner_manager]: ./src/ompl/geometric/planners/rrt/src/RRTConnect.cpp:265 - manipulator/manipulator: Unable to sample any valid states for goal tree
[move_group-20] [ERROR] [1776902525.609628986] [move_group.moveit.moveit.planners.ompl.planner_manager]: ./src/ompl/geometric/planners/rrt/src/RRTConnect.cpp:265 - manipulator/manipulator: Unable to sample any valid states for goal tree
[move_group-20] [WARN] [1776902525.609894624] [move_group.moveit.moveit.planners.ompl.planner_manager]: ./src/ompl/tools/multiplan/src/ParallelPlan.cpp:138 - ParallelPlan::solve(): Unable to find solution by any of the threads in 2.452473 seconds
[move_group-20] [ERROR] [1776902525.610161393] [move_group.moveit.moveit.planners.ompl.planner_manager]: ./src/ompl/geometric/planners/rrt/src/RRTConnect.cpp:225 - manipulator/manipulator: Insufficient states in sampleable goal region
[move_group-20] [ERROR] [1776902525.610276702] [move_group.moveit.moveit.planners.ompl.planner_manager]: ./src/ompl/geometric/planners/rrt/src/RRTConnect.cpp:225 - manipulator/manipulator: Insufficient states in sampleable goal region
[move_group-20] [ERROR] [1776902525.610352010] [move_group.moveit.moveit.planners.ompl.planner_manager]: ./src/ompl/geometric/planners/rrt/src/RRTConnect.cpp:225 - manipulator/manipulator: Insufficient states in sampleable goal region
[move_group-20] [ERROR] [1776902525.610409836] [move_group.moveit.moveit.planners.ompl.planner_manager]: ./src/ompl/geometric/planners/rrt/src/RRTConnect.cpp:225 - manipulator/manipulator: Insufficient states in sampleable goal region
[move_group-20] [WARN] [1776902525.610464786] [move_group.moveit.moveit.planners.ompl.planner_manager]: ./src/ompl/tools/multiplan/src/ParallelPlan.cpp:138 - ParallelPlan::solve(): Unable to find solution by any of the threads in 0.000430 seconds
[move_group-20] [ERROR] [1776902525.610635338] [move_group.moveit.moveit.planners.ompl.planner_manager]: ./src/ompl/geometric/planners/rrt/src/RRTConnect.cpp:225 - manipulator/manipulator: Insufficient states in sampleable goal region
[move_group-20] [ERROR] [1776902525.610696058] [move_group.moveit.moveit.planners.ompl.planner_manager]: ./src/ompl/geometric/planners/rrt/src/RRTConnect.cpp:225 - manipulator/manipulator: Insufficient states in sampleable goal region
[move_group-20] [WARN] [1776902525.610749411] [move_group.moveit.moveit.planners.ompl.planner_manager]: ./src/ompl/tools/multiplan/src/ParallelPlan.cpp:138 - ParallelPlan::solve(): Unable to find solution by any of the threads in 0.000227 seconds
[move_group-20] [ERROR] [1776902525.610802709] [move_group.moveit.moveit.planners.ompl.model_based_planning_context]: Unable to solve the planning problem
[move_group-20] [ERROR] [1776902525.610860161] [move_group]: Planner 'OMPL' failed with error code FAILURE
[move_group-20] [INFO] [1776902525.610892167] [move_group.moveit.moveit.ros.move_group.move_action]: FAILURE
[clear_table-13] [ERROR] [1776902525.618337904] [clear_table_node]: MoveGroup execution failed.
[clear_table-13]   error_code.val = 99999
[clear_table-13]   group_name      = manipulator
[clear_table-13]   num_attempts    = 10
[clear_table-13]   allowed_time    = 10.0
[clear_table-13]   vel_scale       = 0.25
[clear_table-13]   accel_scale     = 0.25
[clear_table-13] If this persists, check move_group / controller logs for the meaning of this code (often control abort, invalid start state, or planning pipeline failure).
[clear_table-13] [WARN] [1776902525.620484888] [clear_table_node]: _recover_after_failure(): MoveGroup error_code=99999
[adl_ui-15] 127.0.0.1 - - [22/Apr/2026 20:02:05] "GET /status_json HTTP/1.1" 200 -
[adl_ui-15] 127.0.0.1 - - [22/Apr/2026 20:02:06] "GET /status_json HTTP/1.1" 200 -
[ros2_control_node-1] [WARN] [1776902526.434857462] [controller_manager]: Overrun might occur, Total time : 2889.889 us (Expected < 1000.000 us) --> Read time : 43.640 us, Update time : 246.661 us, Write time : 2599.588 us
[ros2_control_node-1] [WARN] [1776902526.434918450] [controller_manager]: Overrun detected! The controller manager missed its desired rate of 1000 Hz. The loop took 2.976854 ms (missed cycles : 3).
[wrist_camera_usb_publisher-8] [INFO] [1776902526.622637510] [wrist_camera_usb_publisher_node]: USB camera publisher heartbeat: publishing 1280x720 frames on /wrist_mounted_camera/image; camera_info fx=920.87, fy=921.57, cx=644.76, cy=343.15.
[clear_table-13] [INFO] [1776902526.825255056] [clear_table_node]: [Cube] Stage 6 nullspace candidate 1 result: FAILED.
[clear_table-13] [INFO] [1776902526.826070924] [clear_table_node]: [Cube] Stage 6 nullspace candidate 2/5: joint_2=-1.054 (delta=+0.550, tol=0.220), joint_4=-1.406 (delta=-0.550, tol=0.220)
[clear_table-13] [INFO] [1776902526.826760971] [clear_table_node]: go_to_pose: planning to pose at 0.760,0.225, 0.501
[move_group-20] [ERROR] [1776902526.827754347] [move_group.moveit.moveit.core.conversions]: Found empty JointState message
[clear_table-13] [INFO] [1776902526.831233982] [clear_table_node]: Start state: collision-valid — no collisions (not a joint-bounds check).
[move_group-20] [INFO] [1776902526.832763747] [move_group.moveit.moveit.ros.move_group.move_action]: MoveGroupMoveAction: Received request
[move_group-20] [INFO] [1776902526.832968522] [move_group.moveit.moveit.ros.move_group.move_action]: executing..
[move_group-20] [INFO] [1776902526.835453302] [move_group.moveit.moveit.ros.move_group.move_action]: Combined planning and execution request received for MoveGroup action. Forwarding to planning and execution pipeline.
[move_group-20] [WARN] [1776902526.835510361] [move_group.moveit.moveit.ros.move_group.capability]: Execution of motions should always start at the robot's current state. Ignoring the state supplied as start state in the motion planning request
[move_group-20] [WARN] [1776902526.835536030] [move_group.moveit.moveit.ros.move_group.capability]: Execution of motions should always start at the robot's current state. Ignoring the state supplied as difference in the planning scene diff
[move_group-20] [INFO] [1776902526.835549758] [move_group.moveit.moveit.ros.plan_execution]: Planning attempt 1 of at most 1
[move_group-20] [INFO] [1776902526.835863088] [move_group]: Calling PlanningRequestAdapter 'ResolveConstraintFrames'
[move_group-20] [INFO] [1776902526.835900101] [move_group]: Calling PlanningRequestAdapter 'ValidateWorkspaceBounds'
[move_group-20] [INFO] [1776902526.835919379] [move_group]: Calling PlanningRequestAdapter 'CheckStartStateBounds'
[move_group-20] [INFO] [1776902526.835955133] [move_group]: Calling PlanningRequestAdapter 'CheckStartStateCollision'
[move_group-20] [INFO] [1776902526.836459733] [move_group.moveit.moveit.planners.ompl.model_based_planning_context]: Planner configuration 'manipulator' will use planner 'geometric::RRTConnect'. Additional configuration parameters will be set when the planner is constructed.
[move_group-20] [INFO] [1776902526.836534173] [move_group]: Calling Planner 'OMPL'
[move_group-20] [WARN] [1776902526.847010696] [move_group.moveit.moveit.planners.ompl.constrained_goal_sampler]: More than 80% of the sampled goal states fail to satisfy the constraints imposed on the goal sampler. Is the constrained sampler working correctly?
[vision_apriltag-9] [INFO] [1776902526.912465442] [vision_apriltag_node]: Vision AprilTag: scene is locked; detection publishing is paused.
[adl_ui-15] 127.0.0.1 - - [22/Apr/2026 20:02:07] "GET /status_json HTTP/1.1" 200 -
[ros2_control_node-1] [WARN] [1776902527.435824613] [controller_manager]: Overrun might occur, Total time : 2860.099 us (Expected < 1000.000 us) --> Read time : 38.160 us, Update time : 219.300 us, Write time : 2602.639 us
[ros2_control_node-1] [WARN] [1776902527.435891065] [controller_manager]: Overrun detected! The controller manager missed its desired rate of 1000 Hz. The loop took 2.949388 ms (missed cycles : 3).
[adl_ui-15] 127.0.0.1 - - [22/Apr/2026 20:02:07] "GET /status_json HTTP/1.1" 200 -
[move_group-20] [INFO] [1776902528.181436019] [move_group.moveit.moveit.core.kinematic_constraints]: Constraint violated:: Joint name: 'joint_2', actual value: -1.587824, desired value: -1.053894, tolerance_above: 0.220000, tolerance_below: 0.220000
[move_group-20] [INFO] [1776902528.181489671] [move_group.moveit.moveit.core.kinematic_constraints]: Constraint violated:: Joint name: 'joint_4', actual value: -0.884779, desired value: -1.405675, tolerance_above: 0.220000, tolerance_below: 0.220000
[move_group-20] [INFO] [1776902528.181511409] [move_group.moveit.moveit.core.kinematic_constraints]: Position constraint satisfied on link 'end_effector_link'. Desired: 0.760300, 0.225000, 0.501000, current: 0.750410, 0.229843, 0.497254
[move_group-20] [INFO] [1776902528.181532256] [move_group.moveit.moveit.core.kinematic_constraints]: Differences 0.00988979 -0.00484269 0.00374626
[move_group-20] [INFO] [1776902528.181550711] [move_group.moveit.moveit.core.kinematic_constraints]: Orientation constraint satisfied for link 'end_effector_link'. Quaternion desired: 0.507917 0.490920 0.509917 0.490920, quaternion actual: 0.547438 0.502309 0.504525 0.439831, error: x=0.107025, y=0.019512, z=0.073123, tolerance: x=0.140000, y=0.140000, z=0.250000
[ros2_control_node-1] [WARN] [1776902528.436251596] [controller_manager]: Overrun might occur, Total time : 2290.360 us (Expected < 1000.000 us) --> Read time : 27.955 us, Update time : 198.300 us, Write time : 2064.105 us
[ros2_control_node-1] [WARN] [1776902528.436321433] [controller_manager]: Overrun detected! The controller manager missed its desired rate of 1000 Hz. The loop took 2.379531 ms (missed cycles : 3).
[adl_ui-15] 127.0.0.1 - - [22/Apr/2026 20:02:08] "GET /status_json HTTP/1.1" 200 -
[vision_apriltag-9] [INFO] [1776902528.912411503] [vision_apriltag_node]: Vision AprilTag: scene is locked; detection publishing is paused.
[adl_ui-15] 127.0.0.1 - - [22/Apr/2026 20:02:09] "GET /status_json HTTP/1.1" 200 -
[ros2_control_node-1] [WARN] [1776902529.437313198] [controller_manager]: Overrun might occur, Total time : 2350.223 us (Expected < 1000.000 us) --> Read time : 36.516 us, Update time : 220.245 us, Write time : 2093.462 us
[ros2_control_node-1] [WARN] [1776902529.437378823] [controller_manager]: Overrun detected! The controller manager missed its desired rate of 1000 Hz. The loop took 2.437196 ms (missed cycles : 3).
[move_group-20] [ERROR] [1776902529.620744107] [move_group.moveit.moveit.planners.ompl.planner_manager]: ./src/ompl/geometric/planners/rrt/src/RRTConnect.cpp:265 - manipulator/manipulator: Unable to sample any valid states for goal tree
[move_group-20] [ERROR] [1776902529.623445888] [move_group.moveit.moveit.planners.ompl.planner_manager]: ./src/ompl/geometric/planners/rrt/src/RRTConnect.cpp:265 - manipulator/manipulator: Unable to sample any valid states for goal tree
[move_group-20] [ERROR] [1776902529.624066655] [move_group.moveit.moveit.planners.ompl.planner_manager]: ./src/ompl/geometric/planners/rrt/src/RRTConnect.cpp:265 - manipulator/manipulator: Unable to sample any valid states for goal tree
[move_group-20] [ERROR] [1776902529.625079450] [move_group.moveit.moveit.planners.ompl.planner_manager]: ./src/ompl/geometric/planners/rrt/src/RRTConnect.cpp:265 - manipulator/manipulator: Unable to sample any valid states for goal tree
[move_group-20] [WARN] [1776902529.626224920] [move_group.moveit.moveit.planners.ompl.planner_manager]: ./src/ompl/tools/multiplan/src/ParallelPlan.cpp:138 - ParallelPlan::solve(): Unable to find solution by any of the threads in 2.789627 seconds
[move_group-20] [ERROR] [1776902529.626465356] [move_group.moveit.moveit.planners.ompl.planner_manager]: ./src/ompl/geometric/planners/rrt/src/RRTConnect.cpp:225 - manipulator/manipulator: Insufficient states in sampleable goal region
[move_group-20] [ERROR] [1776902529.626587017] [move_group.moveit.moveit.planners.ompl.planner_manager]: ./src/ompl/geometric/planners/rrt/src/RRTConnect.cpp:225 - manipulator/manipulator: Insufficient states in sampleable goal region
[move_group-20] [ERROR] [1776902529.626663634] [move_group.moveit.moveit.planners.ompl.planner_manager]: ./src/ompl/geometric/planners/rrt/src/RRTConnect.cpp:225 - manipulator/manipulator: Insufficient states in sampleable goal region
[move_group-20] [ERROR] [1776902529.626737948] [move_group.moveit.moveit.planners.ompl.planner_manager]: ./src/ompl/geometric/planners/rrt/src/RRTConnect.cpp:225 - manipulator/manipulator: Insufficient states in sampleable goal region
[move_group-20] [WARN] [1776902529.626797912] [move_group.moveit.moveit.planners.ompl.planner_manager]: ./src/ompl/tools/multiplan/src/ParallelPlan.cpp:138 - ParallelPlan::solve(): Unable to find solution by any of the threads in 0.000454 seconds
[move_group-20] [ERROR] [1776902529.626935461] [move_group.moveit.moveit.planners.ompl.planner_manager]: ./src/ompl/geometric/planners/rrt/src/RRTConnect.cpp:225 - manipulator/manipulator: Insufficient states in sampleable goal region
[move_group-20] [ERROR] [1776902529.626971753] [move_group.moveit.moveit.planners.ompl.planner_manager]: ./src/ompl/geometric/planners/rrt/src/RRTConnect.cpp:225 - manipulator/manipulator: Insufficient states in sampleable goal region
[move_group-20] [WARN] [1776902529.627027787] [move_group.moveit.moveit.planners.ompl.planner_manager]: ./src/ompl/tools/multiplan/src/ParallelPlan.cpp:138 - ParallelPlan::solve(): Unable to find solution by any of the threads in 0.000170 seconds
[move_group-20] [ERROR] [1776902529.627085484] [move_group.moveit.moveit.planners.ompl.model_based_planning_context]: Unable to solve the planning problem
[move_group-20] [ERROR] [1776902529.627134882] [move_group]: Planner 'OMPL' failed with error code FAILURE
[move_group-20] [INFO] [1776902529.627166393] [move_group.moveit.moveit.ros.move_group.move_action]: FAILURE
[clear_table-13] [ERROR] [1776902529.638619698] [clear_table_node]: MoveGroup execution failed.
[clear_table-13]   error_code.val = 99999
[clear_table-13]   group_name      = manipulator
[clear_table-13]   num_attempts    = 10
[clear_table-13]   allowed_time    = 10.0
[clear_table-13]   vel_scale       = 0.25
[clear_table-13]   accel_scale     = 0.25
[clear_table-13] If this persists, check move_group / controller logs for the meaning of this code (often control abort, invalid start state, or planning pipeline failure).
[clear_table-13] [WARN] [1776902529.639451561] [clear_table_node]: _recover_after_failure(): MoveGroup error_code=99999
[adl_ui-15] 127.0.0.1 - - [22/Apr/2026 20:02:10] "GET /status_json HTTP/1.1" 200 -
[ros2_control_node-1] [WARN] [1776902530.438029344] [controller_manager]: Overrun might occur, Total time : 3066.337 us (Expected < 1000.000 us) --> Read time : 52.744 us, Update time : 219.920 us, Write time : 2793.673 us
[ros2_control_node-1] [WARN] [1776902530.438085604] [controller_manager]: Overrun detected! The controller manager missed its desired rate of 1000 Hz. The loop took 3.144201 ms (missed cycles : 4).
[clear_table-13] [INFO] [1776902530.842930697] [clear_table_node]: [Cube] Stage 6 nullspace candidate 2 result: FAILED.
[clear_table-13] [INFO] [1776902530.843676968] [clear_table_node]: [Cube] Stage 6 nullspace candidate 3/5: joint_2=-1.254 (delta=+0.350, tol=0.220), joint_4=-1.306 (delta=-0.450, tol=0.220), joint_6=+0.531 (delta=-0.350, tol=0.280)
[clear_table-13] [INFO] [1776902530.844397307] [clear_table_node]: go_to_pose: planning to pose at 0.760,0.225, 0.501
[move_group-20] [ERROR] [1776902530.845185214] [move_group.moveit.moveit.core.conversions]: Found empty JointState message
[clear_table-13] [INFO] [1776902530.848179886] [clear_table_node]: Start state: collision-valid — no collisions (not a joint-bounds check).
[move_group-20] [INFO] [1776902530.849655047] [move_group.moveit.moveit.ros.move_group.move_action]: MoveGroupMoveAction: Received request
[move_group-20] [INFO] [1776902530.849876753] [move_group.moveit.moveit.ros.move_group.move_action]: executing..
[move_group-20] [INFO] [1776902530.855144731] [move_group.moveit.moveit.ros.move_group.move_action]: Combined planning and execution request received for MoveGroup action. Forwarding to planning and execution pipeline.
[move_group-20] [WARN] [1776902530.855200142] [move_group.moveit.moveit.ros.move_group.capability]: Execution of motions should always start at the robot's current state. Ignoring the state supplied as start state in the motion planning request
[move_group-20] [WARN] [1776902530.855222695] [move_group.moveit.moveit.ros.move_group.capability]: Execution of motions should always start at the robot's current state. Ignoring the state supplied as difference in the planning scene diff
[move_group-20] [INFO] [1776902530.855235676] [move_group.moveit.moveit.ros.plan_execution]: Planning attempt 1 of at most 1
[move_group-20] [INFO] [1776902530.855674824] [move_group]: Calling PlanningRequestAdapter 'ResolveConstraintFrames'
[move_group-20] [INFO] [1776902530.855718015] [move_group]: Calling PlanningRequestAdapter 'ValidateWorkspaceBounds'
[move_group-20] [INFO] [1776902530.855738246] [move_group]: Calling PlanningRequestAdapter 'CheckStartStateBounds'
[move_group-20] [INFO] [1776902530.855775203] [move_group]: Calling PlanningRequestAdapter 'CheckStartStateCollision'
[move_group-20] [INFO] [1776902530.856301085] [move_group.moveit.moveit.planners.ompl.model_based_planning_context]: Planner configuration 'manipulator' will use planner 'geometric::RRTConnect'. Additional configuration parameters will be set when the planner is constructed.
[move_group-20] [INFO] [1776902530.856376404] [move_group]: Calling Planner 'OMPL'
[move_group-20] [WARN] [1776902530.857098279] [move_group.moveit.moveit.planners.ompl.constrained_goal_sampler]: More than 80% of the sampled goal states fail to satisfy the constraints imposed on the goal sampler. Is the constrained sampler working correctly?
[adl_ui-15] 127.0.0.1 - - [22/Apr/2026 20:02:10] "GET /status_json HTTP/1.1" 200 -
[vision_apriltag-9] [INFO] [1776902530.913889311] [vision_apriltag_node]: Vision AprilTag: scene is locked; detection publishing is paused.
[ros2_control_node-1] [WARN] [1776902531.440567388] [controller_manager]: Overrun might occur, Total time : 2598.323 us (Expected < 1000.000 us) --> Read time : 42.221 us, Update time : 234.263 us, Write time : 2321.839 us
[ros2_control_node-1] [WARN] [1776902531.440633179] [controller_manager]: Overrun detected! The controller manager missed its desired rate of 1000 Hz. The loop took 2.691810 ms (missed cycles : 3).
[adl_ui-15] 127.0.0.1 - - [22/Apr/2026 20:02:11] "GET /status_json HTTP/1.1" 200 -
[wrist_camera_usb_publisher-8] [INFO] [1776902531.783263048] [wrist_camera_usb_publisher_node]: USB camera publisher heartbeat: publishing 1280x720 frames on /wrist_mounted_camera/image; camera_info fx=920.87, fy=921.57, cx=644.76, cy=343.15.
[move_group-20] [INFO] [1776902531.867520825] [move_group.moveit.moveit.core.kinematic_constraints]: Constraint violated:: Joint name: 'joint_2', actual value: 1.656257, desired value: -1.253894, tolerance_above: 0.220000, tolerance_below: 0.220000
[move_group-20] [INFO] [1776902531.867587329] [move_group.moveit.moveit.core.kinematic_constraints]: Constraint violated:: Joint name: 'joint_4', actual value: -0.924593, desired value: -1.305675, tolerance_above: 0.220000, tolerance_below: 0.220000
[move_group-20] [INFO] [1776902531.867607025] [move_group.moveit.moveit.core.kinematic_constraints]: Constraint violated:: Joint name: 'joint_6', actual value: -0.775454, desired value: 0.531140, tolerance_above: 0.280000, tolerance_below: 0.280000
[move_group-20] [INFO] [1776902531.867625619] [move_group.moveit.moveit.core.kinematic_constraints]: Position constraint satisfied on link 'end_effector_link'. Desired: 0.760300, 0.225000, 0.501000, current: 0.756157, 0.231678, 0.503998
[move_group-20] [INFO] [1776902531.867645368] [move_group.moveit.moveit.core.kinematic_constraints]: Differences 0.00414308 -0.00667824 -0.00299831
[move_group-20] [INFO] [1776902531.867663877] [move_group.moveit.moveit.core.kinematic_constraints]: Orientation constraint satisfied for link 'end_effector_link'. Quaternion desired: 0.507917 0.490920 0.509917 0.490920, quaternion actual: 0.487321 0.446556 0.594967 0.457296, error: x=0.121881, y=0.088261, z=0.148555, tolerance: x=0.140000, y=0.140000, z=0.250000
[adl_ui-15] 127.0.0.1 - - [22/Apr/2026 20:02:12] "GET /status_json HTTP/1.1" 200 -
[ros2_control_node-1] [WARN] [1776902532.442299511] [controller_manager]: Overrun might occur, Total time : 5334.690 us (Expected < 1000.000 us) --> Read time : 32.826 us, Update time : 215.771 us, Write time : 5086.093 us
[ros2_control_node-1] [WARN] [1776902532.442382948] [controller_manager]: Overrun detected! The controller manager missed its desired rate of 1000 Hz. The loop took 5.440467 ms (missed cycles : 6).
[vision_apriltag-9] [INFO] [1776902532.914647745] [vision_apriltag_node]: Vision AprilTag: scene is locked; detection publishing is paused.
[move_group-20] [ERROR] [1776902533.067317049] [move_group.moveit.moveit.planners.ompl.planner_manager]: ./src/ompl/geometric/planners/rrt/src/RRTConnect.cpp:265 - manipulator/manipulator: Unable to sample any valid states for goal tree
[move_group-20] [ERROR] [1776902533.067708280] [move_group.moveit.moveit.planners.ompl.planner_manager]: ./src/ompl/geometric/planners/rrt/src/RRTConnect.cpp:265 - manipulator/manipulator: Unable to sample any valid states for goal tree
[move_group-20] [ERROR] [1776902533.069385567] [move_group.moveit.moveit.planners.ompl.planner_manager]: ./src/ompl/geometric/planners/rrt/src/RRTConnect.cpp:265 - manipulator/manipulator: Unable to sample any valid states for goal tree
[move_group-20] [ERROR] [1776902533.071746532] [move_group.moveit.moveit.planners.ompl.planner_manager]: ./src/ompl/geometric/planners/rrt/src/RRTConnect.cpp:265 - manipulator/manipulator: Unable to sample any valid states for goal tree
[move_group-20] [WARN] [1776902533.071932109] [move_group.moveit.moveit.planners.ompl.planner_manager]: ./src/ompl/tools/multiplan/src/ParallelPlan.cpp:138 - ParallelPlan::solve(): Unable to find solution by any of the threads in 2.215502 seconds
[move_group-20] [ERROR] [1776902533.072140409] [move_group.moveit.moveit.planners.ompl.planner_manager]: ./src/ompl/geometric/planners/rrt/src/RRTConnect.cpp:225 - manipulator/manipulator: Insufficient states in sampleable goal region
[move_group-20] [ERROR] [1776902533.072222379] [move_group.moveit.moveit.planners.ompl.planner_manager]: ./src/ompl/geometric/planners/rrt/src/RRTConnect.cpp:225 - manipulator/manipulator: Insufficient states in sampleable goal region
[move_group-20] [ERROR] [1776902533.072304909] [move_group.moveit.moveit.planners.ompl.planner_manager]: ./src/ompl/geometric/planners/rrt/src/RRTConnect.cpp:225 - manipulator/manipulator: Insufficient states in sampleable goal region
[move_group-20] [ERROR] [1776902533.072362388] [move_group.moveit.moveit.planners.ompl.planner_manager]: ./src/ompl/geometric/planners/rrt/src/RRTConnect.cpp:225 - manipulator/manipulator: Insufficient states in sampleable goal region
[move_group-20] [WARN] [1776902533.072424832] [move_group.moveit.moveit.planners.ompl.planner_manager]: ./src/ompl/tools/multiplan/src/ParallelPlan.cpp:138 - ParallelPlan::solve(): Unable to find solution by any of the threads in 0.000393 seconds
[move_group-20] [ERROR] [1776902533.072540648] [move_group.moveit.moveit.planners.ompl.planner_manager]: ./src/ompl/geometric/planners/rrt/src/RRTConnect.cpp:225 - manipulator/manipulator: Insufficient states in sampleable goal region
[move_group-20] [ERROR] [1776902533.072593208] [move_group.moveit.moveit.planners.ompl.planner_manager]: ./src/ompl/geometric/planners/rrt/src/RRTConnect.cpp:225 - manipulator/manipulator: Insufficient states in sampleable goal region
[move_group-20] [WARN] [1776902533.072653340] [move_group.moveit.moveit.planners.ompl.planner_manager]: ./src/ompl/tools/multiplan/src/ParallelPlan.cpp:138 - ParallelPlan::solve(): Unable to find solution by any of the threads in 0.000170 seconds
[move_group-20] [ERROR] [1776902533.072719945] [move_group.moveit.moveit.planners.ompl.model_based_planning_context]: Unable to solve the planning problem
[move_group-20] [ERROR] [1776902533.072783774] [move_group]: Planner 'OMPL' failed with error code FAILURE
[move_group-20] [INFO] [1776902533.072821917] [move_group.moveit.moveit.ros.move_group.move_action]: FAILURE
[clear_table-13] [ERROR] [1776902533.077900960] [clear_table_node]: MoveGroup execution failed.
[clear_table-13]   error_code.val = 99999
[clear_table-13]   group_name      = manipulator
[clear_table-13]   num_attempts    = 10
[clear_table-13]   allowed_time    = 10.0
[clear_table-13]   vel_scale       = 0.25
[clear_table-13]   accel_scale     = 0.25
[clear_table-13] If this persists, check move_group / controller logs for the meaning of this code (often control abort, invalid start state, or planning pipeline failure).
[clear_table-13] [WARN] [1776902533.078482576] [clear_table_node]: _recover_after_failure(): MoveGroup error_code=99999
[adl_ui-15] 127.0.0.1 - - [22/Apr/2026 20:02:13] "GET /status_json HTTP/1.1" 200 -
[ros2_control_node-1] [WARN] [1776902533.442815873] [controller_manager]: Overrun might occur, Total time : 2854.819 us (Expected < 1000.000 us) --> Read time : 30.766 us, Update time : 161.602 us, Write time : 2662.451 us
[ros2_control_node-1] [WARN] [1776902533.442885316] [controller_manager]: Overrun detected! The controller manager missed its desired rate of 1000 Hz. The loop took 2.943131 ms (missed cycles : 3).
[adl_ui-15] 127.0.0.1 - - [22/Apr/2026 20:02:13] "GET /status_json HTTP/1.1" 200 -
[clear_table-13] [INFO] [1776902534.283209227] [clear_table_node]: [Cube] Stage 6 nullspace candidate 3 result: FAILED.
[clear_table-13] [INFO] [1776902534.284322609] [clear_table_node]: [Cube] Stage 6 nullspace candidate 4/5: joint_2=-1.254 (delta=+0.350, tol=0.220), joint_4=-1.306 (delta=-0.450, tol=0.220), joint_6=+1.231 (delta=+0.350, tol=0.280)
[clear_table-13] [INFO] [1776902534.285004449] [clear_table_node]: go_to_pose: planning to pose at 0.760,0.225, 0.501
[move_group-20] [ERROR] [1776902534.286169392] [move_group.moveit.moveit.core.conversions]: Found empty JointState message
[clear_table-13] [INFO] [1776902534.288695971] [clear_table_node]: Start state: collision-valid — no collisions (not a joint-bounds check).
[move_group-20] [INFO] [1776902534.290238146] [move_group.moveit.moveit.ros.move_group.move_action]: MoveGroupMoveAction: Received request
[move_group-20] [INFO] [1776902534.290509230] [move_group.moveit.moveit.ros.move_group.move_action]: executing..
[move_group-20] [INFO] [1776902534.295156672] [move_group.moveit.moveit.ros.move_group.move_action]: Combined planning and execution request received for MoveGroup action. Forwarding to planning and execution pipeline.
[move_group-20] [WARN] [1776902534.295219148] [move_group.moveit.moveit.ros.move_group.capability]: Execution of motions should always start at the robot's current state. Ignoring the state supplied as start state in the motion planning request
[move_group-20] [WARN] [1776902534.295241935] [move_group.moveit.moveit.ros.move_group.capability]: Execution of motions should always start at the robot's current state. Ignoring the state supplied as difference in the planning scene diff
[move_group-20] [INFO] [1776902534.295253540] [move_group.moveit.moveit.ros.plan_execution]: Planning attempt 1 of at most 1
[move_group-20] [INFO] [1776902534.295590427] [move_group]: Calling PlanningRequestAdapter 'ResolveConstraintFrames'
[move_group-20] [INFO] [1776902534.295634546] [move_group]: Calling PlanningRequestAdapter 'ValidateWorkspaceBounds'
[move_group-20] [INFO] [1776902534.295668441] [move_group]: Calling PlanningRequestAdapter 'CheckStartStateBounds'
[move_group-20] [INFO] [1776902534.295719809] [move_group]: Calling PlanningRequestAdapter 'CheckStartStateCollision'
[move_group-20] [INFO] [1776902534.296415802] [move_group.moveit.moveit.planners.ompl.model_based_planning_context]: Planner configuration 'manipulator' will use planner 'geometric::RRTConnect'. Additional configuration parameters will be set when the planner is constructed.
[move_group-20] [INFO] [1776902534.296509827] [move_group]: Calling Planner 'OMPL'
[move_group-20] [WARN] [1776902534.306796624] [move_group.moveit.moveit.planners.ompl.constrained_goal_sampler]: More than 80% of the sampled goal states fail to satisfy the constraints imposed on the goal sampler. Is the constrained sampler working correctly?
[ros2_control_node-1] [WARN] [1776902534.443781215] [controller_manager]: Overrun might occur, Total time : 2816.451 us (Expected < 1000.000 us) --> Read time : 35.795 us, Update time : 209.556 us, Write time : 2571.100 us
[ros2_control_node-1] [WARN] [1776902534.443854776] [controller_manager]: Overrun detected! The controller manager missed its desired rate of 1000 Hz. The loop took 2.912505 ms (missed cycles : 3).
[adl_ui-15] 127.0.0.1 - - [22/Apr/2026 20:02:14] "GET /status_json HTTP/1.1" 200 -
[vision_apriltag-9] [INFO] [1776902534.911584187] [vision_apriltag_node]: Vision AprilTag: scene is locked; detection publishing is paused.
[adl_ui-15] 127.0.0.1 - - [22/Apr/2026 20:02:15] "GET /status_json HTTP/1.1" 200 -
[ros2_control_node-1] [WARN] [1776902535.444904925] [controller_manager]: Overrun might occur, Total time : 2938.893 us (Expected < 1000.000 us) --> Read time : 34.236 us, Update time : 232.383 us, Write time : 2672.274 us
[ros2_control_node-1] [WARN] [1776902535.445002400] [controller_manager]: Overrun detected! The controller manager missed its desired rate of 1000 Hz. The loop took 3.059905 ms (missed cycles : 4).
[move_group-20] [INFO] [1776902535.537142752] [move_group.moveit.moveit.core.kinematic_constraints]: Constraint satisfied:: Joint name: 'joint_2', actual value: -1.379189, desired value: -1.253894, tolerance_above: 0.220000, tolerance_below: 0.220000
[move_group-20] [INFO] [1776902535.537198976] [move_group.moveit.moveit.core.kinematic_constraints]: Constraint violated:: Joint name: 'joint_4', actual value: -0.855102, desired value: -1.305675, tolerance_above: 0.220000, tolerance_below: 0.220000
[move_group-20] [INFO] [1776902535.537217517] [move_group.moveit.moveit.core.kinematic_constraints]: Constraint satisfied:: Joint name: 'joint_6', actual value: 0.951924, desired value: 1.231140, tolerance_above: 0.280000, tolerance_below: 0.280000
[move_group-20] [INFO] [1776902535.537237247] [move_group.moveit.moveit.core.kinematic_constraints]: Position constraint satisfied on link 'end_effector_link'. Desired: 0.760300, 0.225000, 0.501000, current: 0.766254, 0.227221, 0.492445
[move_group-20] [INFO] [1776902535.537258296] [move_group.moveit.moveit.core.kinematic_constraints]: Differences -0.0059537 -0.00222113 0.00855456
[move_group-20] [INFO] [1776902535.537277327] [move_group.moveit.moveit.core.kinematic_constraints]: Orientation constraint satisfied for link 'end_effector_link'. Quaternion desired: 0.507917 0.490920 0.509917 0.490920, quaternion actual: 0.543863 0.444920 0.536240 0.467660, error: x=0.011689, y=0.033088, z=0.131509, tolerance: x=0.140000, y=0.140000, z=0.250000
[adl_ui-15] 127.0.0.1 - - [22/Apr/2026 20:02:16] "GET /status_json HTTP/1.1" 200 -
[ros2_control_node-1] [WARN] [1776902536.447289172] [controller_manager]: Overrun might occur, Total time : 2323.756 us (Expected < 1000.000 us) --> Read time : 30.431 us, Update time : 217.887 us, Write time : 2075.438 us
[ros2_control_node-1] [WARN] [1776902536.447370078] [controller_manager]: Overrun detected! The controller manager missed its desired rate of 1000 Hz. The loop took 2.428274 ms (missed cycles : 3).
[move_group-20] [ERROR] [1776902536.733680675] [move_group.moveit.moveit.planners.ompl.planner_manager]: ./src/ompl/geometric/planners/rrt/src/RRTConnect.cpp:265 - manipulator/manipulator: Unable to sample any valid states for goal tree
[move_group-20] [ERROR] [1776902536.737441800] [move_group.moveit.moveit.planners.ompl.planner_manager]: ./src/ompl/geometric/planners/rrt/src/RRTConnect.cpp:265 - manipulator/manipulator: Unable to sample any valid states for goal tree
[move_group-20] [ERROR] [1776902536.737661591] [move_group.moveit.moveit.planners.ompl.planner_manager]: ./src/ompl/geometric/planners/rrt/src/RRTConnect.cpp:265 - manipulator/manipulator: Unable to sample any valid states for goal tree
[move_group-20] [ERROR] [1776902536.737905171] [move_group.moveit.moveit.planners.ompl.planner_manager]: ./src/ompl/geometric/planners/rrt/src/RRTConnect.cpp:265 - manipulator/manipulator: Unable to sample any valid states for goal tree
[move_group-20] [WARN] [1776902536.737977702] [move_group.moveit.moveit.planners.ompl.planner_manager]: ./src/ompl/tools/multiplan/src/ParallelPlan.cpp:138 - ParallelPlan::solve(): Unable to find solution by any of the threads in 2.441408 seconds
[move_group-20] [ERROR] [1776902536.738134150] [move_group.moveit.moveit.planners.ompl.planner_manager]: ./src/ompl/geometric/planners/rrt/src/RRTConnect.cpp:225 - manipulator/manipulator: Insufficient states in sampleable goal region
[move_group-20] [ERROR] [1776902536.738388407] [move_group.moveit.moveit.planners.ompl.planner_manager]: ./src/ompl/geometric/planners/rrt/src/RRTConnect.cpp:225 - manipulator/manipulator: Insufficient states in sampleable goal region
[move_group-20] [ERROR] [1776902536.738457825] [move_group.moveit.moveit.planners.ompl.planner_manager]: ./src/ompl/geometric/planners/rrt/src/RRTConnect.cpp:225 - manipulator/manipulator: Insufficient states in sampleable goal region
[move_group-20] [ERROR] [1776902536.738526799] [move_group.moveit.moveit.planners.ompl.planner_manager]: ./src/ompl/geometric/planners/rrt/src/RRTConnect.cpp:225 - manipulator/manipulator: Insufficient states in sampleable goal region
[move_group-20] [WARN] [1776902536.738583746] [move_group.moveit.moveit.planners.ompl.planner_manager]: ./src/ompl/tools/multiplan/src/ParallelPlan.cpp:138 - ParallelPlan::solve(): Unable to find solution by any of the threads in 0.000528 seconds
[move_group-20] [ERROR] [1776902536.738707463] [move_group.moveit.moveit.planners.ompl.planner_manager]: ./src/ompl/geometric/planners/rrt/src/RRTConnect.cpp:225 - manipulator/manipulator: Insufficient states in sampleable goal region
[move_group-20] [ERROR] [1776902536.738744164] [move_group.moveit.moveit.planners.ompl.planner_manager]: ./src/ompl/geometric/planners/rrt/src/RRTConnect.cpp:225 - manipulator/manipulator: Insufficient states in sampleable goal region
[move_group-20] [WARN] [1776902536.738802590] [move_group.moveit.moveit.planners.ompl.planner_manager]: ./src/ompl/tools/multiplan/src/ParallelPlan.cpp:138 - ParallelPlan::solve(): Unable to find solution by any of the threads in 0.000162 seconds
[move_group-20] [ERROR] [1776902536.738878655] [move_group.moveit.moveit.planners.ompl.model_based_planning_context]: Unable to solve the planning problem
[move_group-20] [ERROR] [1776902536.738937126] [move_group]: Planner 'OMPL' failed with error code FAILURE
[move_group-20] [INFO] [1776902536.738970785] [move_group.moveit.moveit.ros.move_group.move_action]: FAILURE
[clear_table-13] [ERROR] [1776902536.744235859] [clear_table_node]: MoveGroup execution failed.
[clear_table-13]   error_code.val = 99999
[clear_table-13]   group_name      = manipulator
[clear_table-13]   num_attempts    = 10
[clear_table-13]   allowed_time    = 10.0
[clear_table-13]   vel_scale       = 0.25
[clear_table-13]   accel_scale     = 0.25
[clear_table-13] If this persists, check move_group / controller logs for the meaning of this code (often control abort, invalid start state, or planning pipeline failure).
[clear_table-13] [WARN] [1776902536.745007183] [clear_table_node]: _recover_after_failure(): MoveGroup error_code=99999
[adl_ui-15] 127.0.0.1 - - [22/Apr/2026 20:02:16] "GET /status_json HTTP/1.1" 200 -
[vision_apriltag-9] [INFO] [1776902536.911652997] [vision_apriltag_node]: Vision AprilTag: scene is locked; detection publishing is paused.
[wrist_camera_usb_publisher-8] [INFO] [1776902536.950266096] [wrist_camera_usb_publisher_node]: USB camera publisher heartbeat: publishing 1280x720 frames on /wrist_mounted_camera/image; camera_info fx=920.87, fy=921.57, cx=644.76, cy=343.15.
[ros2_control_node-1] [WARN] [1776902537.449176994] [controller_manager]: Overrun might occur, Total time : 3212.461 us (Expected < 1000.000 us) --> Read time : 41.460 us, Update time : 238.299 us, Write time : 2932.702 us
[ros2_control_node-1] [WARN] [1776902537.449244131] [controller_manager]: Overrun detected! The controller manager missed its desired rate of 1000 Hz. The loop took 3.302971 ms (missed cycles : 4).
[adl_ui-15] 127.0.0.1 - - [22/Apr/2026 20:02:17] "GET /status_json HTTP/1.1" 200 -
[clear_table-13] [INFO] [1776902537.949228205] [clear_table_node]: [Cube] Stage 6 nullspace candidate 4 result: FAILED.
[clear_table-13] [INFO] [1776902537.950045041] [clear_table_node]: [Cube] Stage 6 nullspace candidate 5/5: joint_2=-1.854 (delta=-0.250, tol=0.220), joint_4=-1.306 (delta=-0.450, tol=0.220)
[clear_table-13] [INFO] [1776902537.950566965] [clear_table_node]: go_to_pose: planning to pose at 0.760,0.225, 0.501
[move_group-20] [ERROR] [1776902537.951270787] [move_group.moveit.moveit.core.conversions]: Found empty JointState message
[clear_table-13] [INFO] [1776902537.955008950] [clear_table_node]: Start state: collision-valid — no collisions (not a joint-bounds check).
[move_group-20] [INFO] [1776902537.956625024] [move_group.moveit.moveit.ros.move_group.move_action]: MoveGroupMoveAction: Received request
[move_group-20] [INFO] [1776902537.956804389] [move_group.moveit.moveit.ros.move_group.move_action]: executing..
[move_group-20] [INFO] [1776902537.975097361] [move_group.moveit.moveit.ros.move_group.move_action]: Combined planning and execution request received for MoveGroup action. Forwarding to planning and execution pipeline.
[move_group-20] [WARN] [1776902537.975151886] [move_group.moveit.moveit.ros.move_group.capability]: Execution of motions should always start at the robot's current state. Ignoring the state supplied as start state in the motion planning request
[move_group-20] [WARN] [1776902537.975174944] [move_group.moveit.moveit.ros.move_group.capability]: Execution of motions should always start at the robot's current state. Ignoring the state supplied as difference in the planning scene diff
[move_group-20] [INFO] [1776902537.975187839] [move_group.moveit.moveit.ros.plan_execution]: Planning attempt 1 of at most 1
[move_group-20] [INFO] [1776902537.975512361] [move_group]: Calling PlanningRequestAdapter 'ResolveConstraintFrames'
[move_group-20] [INFO] [1776902537.975548883] [move_group]: Calling PlanningRequestAdapter 'ValidateWorkspaceBounds'
[move_group-20] [INFO] [1776902537.975569685] [move_group]: Calling PlanningRequestAdapter 'CheckStartStateBounds'
[move_group-20] [INFO] [1776902537.975607985] [move_group]: Calling PlanningRequestAdapter 'CheckStartStateCollision'
[move_group-20] [INFO] [1776902537.976103761] [move_group.moveit.moveit.planners.ompl.model_based_planning_context]: Planner configuration 'manipulator' will use planner 'geometric::RRTConnect'. Additional configuration parameters will be set when the planner is constructed.
[move_group-20] [INFO] [1776902537.976180827] [move_group]: Calling Planner 'OMPL'
[move_group-20] [WARN] [1776902537.986677072] [move_group.moveit.moveit.planners.ompl.constrained_goal_sampler]: More than 80% of the sampled goal states fail to satisfy the constraints imposed on the goal sampler. Is the constrained sampler working correctly?
[adl_ui-15] 127.0.0.1 - - [22/Apr/2026 20:02:18] "GET /status_json HTTP/1.1" 200 -
[ros2_control_node-1] [WARN] [1776902538.450800930] [controller_manager]: Overrun might occur, Total time : 2826.427 us (Expected < 1000.000 us) --> Read time : 54.881 us, Update time : 338.778 us, Write time : 2432.768 us
[ros2_control_node-1] [WARN] [1776902538.450859267] [controller_manager]: Overrun detected! The controller manager missed its desired rate of 1000 Hz. The loop took 2.917166 ms (missed cycles : 3).
[vision_apriltag-9] [INFO] [1776902538.911663857] [vision_apriltag_node]: Vision AprilTag: scene is locked; detection publishing is paused.
[adl_ui-15] 127.0.0.1 - - [22/Apr/2026 20:02:19] "GET /status_json HTTP/1.1" 200 -
[move_group-20] [INFO] [1776902539.302716401] [move_group.moveit.moveit.core.kinematic_constraints]: Constraint violated:: Joint name: 'joint_2', actual value: -1.086831, desired value: -1.853894, tolerance_above: 0.220000, tolerance_below: 0.220000
[move_group-20] [INFO] [1776902539.302753665] [move_group.moveit.moveit.core.kinematic_constraints]: Constraint violated:: Joint name: 'joint_4', actual value: 0.820550, desired value: -1.305675, tolerance_above: 0.220000, tolerance_below: 0.220000
[move_group-20] [INFO] [1776902539.302764586] [move_group.moveit.moveit.core.kinematic_constraints]: Position constraint satisfied on link 'end_effector_link'. Desired: 0.760300, 0.225000, 0.501000, current: 0.757540, 0.221518, 0.495591
[move_group-20] [INFO] [1776902539.302775895] [move_group.moveit.moveit.core.kinematic_constraints]: Differences 0.00275977 0.00348161 0.00540932
[move_group-20] [INFO] [1776902539.302785525] [move_group.moveit.moveit.core.kinematic_constraints]: Orientation constraint satisfied for link 'end_effector_link'. Quaternion desired: 0.507917 0.490920 0.509917 0.490920, quaternion actual: 0.546512 0.448854 0.492153 0.507583, error: x=0.001838, y=0.115205, z=0.046167, tolerance: x=0.140000, y=0.140000, z=0.250000
[ros2_control_node-1] [WARN] [1776902539.452632602] [controller_manager]: Overrun might occur, Total time : 2668.873 us (Expected < 1000.000 us) --> Read time : 40.197 us, Update time : 203.205 us, Write time : 2425.471 us
[ros2_control_node-1] [WARN] [1776902539.452698607] [controller_manager]: Overrun detected! The controller manager missed its desired rate of 1000 Hz. The loop took 2.756849 ms (missed cycles : 3).
[adl_ui-15] 127.0.0.1 - - [22/Apr/2026 20:02:19] "GET /status_json HTTP/1.1" 200 -
[ros2_control_node-1] [WARN] [1776902540.452792252] [controller_manager]: Overrun might occur, Total time : 2836.338 us (Expected < 1000.000 us) --> Read time : 21.227 us, Update time : 169.379 us, Write time : 2645.732 us
[ros2_control_node-1] [WARN] [1776902540.452856362] [controller_manager]: Overrun detected! The controller manager missed its desired rate of 1000 Hz. The loop took 2.915265 ms (missed cycles : 3).
[move_group-20] [ERROR] [1776902540.510038373] [move_group.moveit.moveit.planners.ompl.planner_manager]: ./src/ompl/geometric/planners/rrt/src/RRTConnect.cpp:265 - manipulator/manipulator: Unable to sample any valid states for goal tree
[move_group-20] [ERROR] [1776902540.513002507] [move_group.moveit.moveit.planners.ompl.planner_manager]: ./src/ompl/geometric/planners/rrt/src/RRTConnect.cpp:265 - manipulator/manipulator: Unable to sample any valid states for goal tree
[move_group-20] [ERROR] [1776902540.513748156] [move_group.moveit.moveit.planners.ompl.planner_manager]: ./src/ompl/geometric/planners/rrt/src/RRTConnect.cpp:265 - manipulator/manipulator: Unable to sample any valid states for goal tree
[move_group-20] [ERROR] [1776902540.513868100] [move_group.moveit.moveit.planners.ompl.planner_manager]: ./src/ompl/geometric/planners/rrt/src/RRTConnect.cpp:265 - manipulator/manipulator: Unable to sample any valid states for goal tree
[move_group-20] [WARN] [1776902540.513935976] [move_group.moveit.moveit.planners.ompl.planner_manager]: ./src/ompl/tools/multiplan/src/ParallelPlan.cpp:138 - ParallelPlan::solve(): Unable to find solution by any of the threads in 2.537697 seconds
[move_group-20] [ERROR] [1776902540.514157229] [move_group.moveit.moveit.planners.ompl.planner_manager]: ./src/ompl/geometric/planners/rrt/src/RRTConnect.cpp:225 - manipulator/manipulator: Insufficient states in sampleable goal region
[move_group-20] [ERROR] [1776902540.514225554] [move_group.moveit.moveit.planners.ompl.planner_manager]: ./src/ompl/geometric/planners/rrt/src/RRTConnect.cpp:225 - manipulator/manipulator: Insufficient states in sampleable goal region
[move_group-20] [ERROR] [1776902540.514291986] [move_group.moveit.moveit.planners.ompl.planner_manager]: ./src/ompl/geometric/planners/rrt/src/RRTConnect.cpp:225 - manipulator/manipulator: Insufficient states in sampleable goal region
[move_group-20] [ERROR] [1776902540.514332736] [move_group.moveit.moveit.planners.ompl.planner_manager]: ./src/ompl/geometric/planners/rrt/src/RRTConnect.cpp:225 - manipulator/manipulator: Insufficient states in sampleable goal region
[move_group-20] [WARN] [1776902540.514383253] [move_group.moveit.moveit.planners.ompl.planner_manager]: ./src/ompl/tools/multiplan/src/ParallelPlan.cpp:138 - ParallelPlan::solve(): Unable to find solution by any of the threads in 0.000351 seconds
[move_group-20] [ERROR] [1776902540.514482660] [move_group.moveit.moveit.planners.ompl.planner_manager]: ./src/ompl/geometric/planners/rrt/src/RRTConnect.cpp:225 - manipulator/manipulator: Insufficient states in sampleable goal region
[move_group-20] [ERROR] [1776902540.514542722] [move_group.moveit.moveit.planners.ompl.planner_manager]: ./src/ompl/geometric/planners/rrt/src/RRTConnect.cpp:225 - manipulator/manipulator: Insufficient states in sampleable goal region
[move_group-20] [WARN] [1776902540.514602387] [move_group.moveit.moveit.planners.ompl.planner_manager]: ./src/ompl/tools/multiplan/src/ParallelPlan.cpp:138 - ParallelPlan::solve(): Unable to find solution by any of the threads in 0.000165 seconds
[move_group-20] [ERROR] [1776902540.514661383] [move_group.moveit.moveit.planners.ompl.model_based_planning_context]: Unable to solve the planning problem
[move_group-20] [ERROR] [1776902540.514724869] [move_group]: Planner 'OMPL' failed with error code FAILURE
[move_group-20] [INFO] [1776902540.514760922] [move_group.moveit.moveit.ros.move_group.move_action]: FAILURE
[clear_table-13] [ERROR] [1776902540.520075931] [clear_table_node]: MoveGroup execution failed.
[clear_table-13]   error_code.val = 99999
[clear_table-13]   group_name      = manipulator
[clear_table-13]   num_attempts    = 10
[clear_table-13]   allowed_time    = 10.0
[clear_table-13]   vel_scale       = 0.25
[clear_table-13]   accel_scale     = 0.25
[clear_table-13] If this persists, check move_group / controller logs for the meaning of this code (often control abort, invalid start state, or planning pipeline failure).
[clear_table-13] [WARN] [1776902540.520779325] [clear_table_node]: _recover_after_failure(): MoveGroup error_code=99999
[adl_ui-15] 127.0.0.1 - - [22/Apr/2026 20:02:20] "GET /status_json HTTP/1.1" 200 -
[vision_apriltag-9] [INFO] [1776902540.914287073] [vision_apriltag_node]: Vision AprilTag: scene is locked; detection publishing is paused.
[adl_ui-15] 127.0.0.1 - - [22/Apr/2026 20:02:21] "GET /status_json HTTP/1.1" 200 -
[ros2_control_node-1] [WARN] [1776902541.453569208] [controller_manager]: Overrun might occur, Total time : 2555.794 us (Expected < 1000.000 us) --> Read time : 29.808 us, Update time : 190.078 us, Write time : 2335.908 us
[ros2_control_node-1] [WARN] [1776902541.453705739] [controller_manager]: Overrun detected! The controller manager missed its desired rate of 1000 Hz. The loop took 2.762913 ms (missed cycles : 3).
[clear_table-13] [INFO] [1776902541.726234947] [clear_table_node]: [Cube] Stage 6 nullspace candidate 5 result: FAILED.
[clear_table-13] [WARN] [1776902541.727338786] [clear_table_node]: [Cube] Stage 6 nullspace recovery could not find an accepted same-EEF branch.
[clear_table-13] [INFO] [1776902541.728710222] [clear_table_node]: [Cube] Stage 6 rescue: restoring the saved safe joint branch before re-entering the drop.
[clear_table-13] [INFO] [1776902541.729412666] [clear_table_node]: go_to_joint_positions: full-arm joint preset detected; using deterministic fixed-joint execution path first.
[move_group-20] [ERROR] [1776902541.730088176] [move_group.moveit.moveit.core.conversions]: Found empty JointState message
[clear_table-13] [INFO] [1776902541.733376756] [clear_table_node]: Start state: collision-valid — no collisions (not a joint-bounds check).
[move_group-20] [INFO] [1776902541.734455171] [move_group.moveit.moveit.ros.move_group.move_action]: MoveGroupMoveAction: Received request
[move_group-20] [INFO] [1776902541.734649504] [move_group.moveit.moveit.ros.move_group.move_action]: executing..
[move_group-20] [INFO] [1776902541.755010688] [move_group.moveit.moveit.ros.move_group.move_action]: Combined planning and execution request received for MoveGroup action. Forwarding to planning and execution pipeline.
[move_group-20] [WARN] [1776902541.755072193] [move_group.moveit.moveit.ros.move_group.capability]: Execution of motions should always start at the robot's current state. Ignoring the state supplied as start state in the motion planning request
[move_group-20] [WARN] [1776902541.755095765] [move_group.moveit.moveit.ros.move_group.capability]: Execution of motions should always start at the robot's current state. Ignoring the state supplied as difference in the planning scene diff
[move_group-20] [INFO] [1776902541.755123437] [move_group.moveit.moveit.ros.plan_execution]: Planning attempt 1 of at most 1
[move_group-20] [INFO] [1776902541.755430998] [move_group]: Calling PlanningRequestAdapter 'ResolveConstraintFrames'
[move_group-20] [INFO] [1776902541.755463039] [move_group]: Calling PlanningRequestAdapter 'ValidateWorkspaceBounds'
[move_group-20] [INFO] [1776902541.755481211] [move_group]: Calling PlanningRequestAdapter 'CheckStartStateBounds'
[move_group-20] [INFO] [1776902541.755518318] [move_group]: Calling PlanningRequestAdapter 'CheckStartStateCollision'
[move_group-20] [INFO] [1776902541.755989901] [move_group.moveit.moveit.planners.ompl.model_based_planning_context]: Planner configuration 'manipulator' will use planner 'geometric::RRTConnect'. Additional configuration parameters will be set when the planner is constructed.
[move_group-20] [INFO] [1776902541.756686899] [move_group]: Calling Planner 'OMPL'
[move_group-20] [INFO] [1776902541.787840229] [move_group]: Calling PlanningResponseAdapter 'AddTimeOptimalParameterization'
[move_group-20] [INFO] [1776902541.788207895] [move_group]: Calling PlanningResponseAdapter 'ValidateSolution'
[move_group-20] [INFO] [1776902541.788615119] [move_group]: Calling PlanningResponseAdapter 'DisplayMotionPath'
[move_group-20] [WARN] [1776902541.788718325] [move_group.moveit.moveit.ros.planning_pipeline]: The planner plugin did not fill out the 'planner_id' field of the MotionPlanResponse. Setting it to the planner ID name of the MotionPlanRequest assuming that the planner plugin does warn you if it does not use the requested planner.
[move_group-20] [INFO] [1776902541.788911243] [move_group.moveit.moveit.plugins.simple_controller_manager]: Returned 2 controllers in list
[move_group-20] [INFO] [1776902541.788946009] [move_group.moveit.moveit.plugins.simple_controller_manager]: Returned 2 controllers in list
[move_group-20] [INFO] [1776902541.788982820] [move_group.moveit.moveit.ros.trajectory_execution_manager]: Validating trajectory with allowed_start_tolerance 0.01
[move_group-20] [INFO] [1776902541.795774398] [move_group.moveit.moveit.ros.trajectory_execution_manager]: Starting trajectory execution ...
[move_group-20] [INFO] [1776902541.795843600] [move_group.moveit.moveit.plugins.simple_controller_manager]: Returned 2 controllers in list
[move_group-20] [INFO] [1776902541.795879038] [move_group.moveit.moveit.plugins.simple_controller_manager]: Returned 2 controllers in list
[move_group-20] [INFO] [1776902541.796237647] [moveit.simple_controller_manager.follow_joint_trajectory_controller_handle]: sending trajectory to joint_trajectory_controller
[ros2_control_node-1] [INFO] [1776902541.797092068] [joint_trajectory_controller]: Received new action goal
[ros2_control_node-1] [INFO] [1776902541.797155596] [joint_trajectory_controller]: Accepted new action goal
[move_group-20] [INFO] [1776902541.797471461] [moveit.simple_controller_manager.follow_joint_trajectory_controller_handle]: joint_trajectory_controller started execution
[move_group-20] [INFO] [1776902541.797487538] [moveit.simple_controller_manager.follow_joint_trajectory_controller_handle]: Goal request accepted!
[joint_state_sanitizer-3] [WARN] [1776902541.866535787] [joint_state_sanitizer_node]: [joint_state_sanitizer] Published sanitized joint state: joint_3:+3.134->+3.132
[wrist_camera_usb_publisher-8] [INFO] [1776902542.104963123] [wrist_camera_usb_publisher_node]: USB camera publisher heartbeat: publishing 1280x720 frames on /wrist_mounted_camera/image; camera_info fx=920.87, fy=921.57, cx=644.76, cy=343.15.
[adl_ui-15] 127.0.0.1 - - [22/Apr/2026 20:02:22] "GET /status_json HTTP/1.1" 200 -
[ros2_control_node-1] [INFO] [1776902542.234091775] [joint_trajectory_controller]: Goal reached, success!
[move_group-20] [INFO] [1776902542.297781019] [moveit.simple_controller_manager.follow_joint_trajectory_controller_handle]: Controller 'joint_trajectory_controller' successfully finished
[move_group-20] [INFO] [1776902542.354994806] [move_group.moveit.moveit.ros.trajectory_execution_manager]: Completed trajectory execution with status SUCCEEDED ...
[move_group-20] [INFO] [1776902542.355924099] [move_group.moveit.moveit.ros.move_group.move_action]: Solution was found and executed.
[ros2_control_node-1] [WARN] [1776902542.455588061] [controller_manager]: Overrun might occur, Total time : 2602.496 us (Expected < 1000.000 us) --> Read time : 30.983 us, Update time : 187.058 us, Write time : 2384.455 us
[ros2_control_node-1] [WARN] [1776902542.455655284] [controller_manager]: Overrun detected! The controller manager missed its desired rate of 1000 Hz. The loop took 2.713510 ms (missed cycles : 3).
[clear_table-13] [INFO] [1776902542.462976669] [clear_table_node]: [Cube] Stage 6 rescue joint-branch restore result: OK.
[clear_table-13] [INFO] [1776902542.469234797] [clear_table_node]: [Cube] Stage 6 restart (post-rescue): pos=(0.756, 0.239, 0.485), ori=(0.475, 0.518, 0.499, 0.507)
[clear_table-13] [INFO] [1776902542.470017398] [clear_table_node]: [Cube] Stage 6 drop target (vertical from live start): pos=(0.760, 0.225, 0.271), ori=(0.508, 0.491, 0.510, 0.491)
[clear_table-13] [INFO] [1776902542.470597443] [clear_table_node]: [Cube] Stage 6: trying the real-hardware short-motion servo path before segmented Cartesian planning.
[ros2_control_node-1] [INFO] [1776902542.478677043] [controller_manager]: Activating controllers: [ twist_controller ]
[ros2_control_node-1] [INFO] [1776902542.478722038] [controller_manager]: Deactivating controllers: [ joint_trajectory_controller ]
[ros2_control_node-1] [INFO] [1776902542.803141842] [controller_manager]: Successfully switched controllers!
[ros2_control_node-1] [WARN] [1776902542.854908846] [controller_manager]: Overrun might occur, Total time : 173942.431 us (Expected < 1000.000 us) --> Read time : 35.204 us, Update time : 122066.733 us (Switch time : 121853.482 us (Switch chained mode time : 1.064 us, perform mode change time : 121638.900 us, Activation time : 87.500 us, Deactivation time : 120.411 us)), Write time : 51840.494 us
[clear_table-13] [INFO] [1776902542.860383055] [clear_table_node]: [Cube] Stage 6 servo descend: using twist_controller for a 0.214 m short Cartesian move.
[adl_ui-15] 127.0.0.1 - - [22/Apr/2026 20:02:22] "GET /status_json HTTP/1.1" 200 -
[vision_apriltag-9] [INFO] [1776902542.912070658] [vision_apriltag_node]: Vision AprilTag: scene is locked; detection publishing is paused.
[ros2_control_node-1] [WARN] [1776902543.504192575] [controller_manager]: Overrun might occur, Total time : 49231.991 us (Expected < 1000.000 us) --> Read time : 27.124 us, Update time : 113.575 us, Write time : 49091.292 us
[ros2_control_node-1] [WARN] [1776902543.504266811] [controller_manager]: Overrun detected! The controller manager missed its desired rate of 1000 Hz. The loop took 49.324605 ms (missed cycles : 50).
[adl_ui-15] 127.0.0.1 - - [22/Apr/2026 20:02:23] "GET /status_json HTTP/1.1" 200 -
[clear_table-13] [WARN] [1776902543.892060972] [clear_table_node]: [Cube] Stage 6 servo descend: twist motion stopped making progress; falling back to MoveIt.
[ros2_control_node-1] [INFO] [1776902544.046084825] [controller_manager]: Activating controllers: [ joint_trajectory_controller ]
[ros2_control_node-1] [INFO] [1776902544.046123308] [controller_manager]: Deactivating controllers: [ twist_controller ]
[ros2_control_node-1] [INFO] [1776902544.366444480] [controller_manager]: Successfully switched controllers!
[ros2_control_node-1] [WARN] [1776902544.369189987] [controller_manager]: Overrun might occur, Total time : 120203.408 us (Expected < 1000.000 us) --> Read time : 33.786 us, Update time : 117344.929 us (Switch time : 117210.860 us (Switch chained mode time : 1.455 us, perform mode change time : 115929.258 us, Activation time : 1151.177 us, Deactivation time : 119.577 us)), Write time : 2824.693 us
[clear_table-13] [WARN] [1776902544.372717717] [clear_table_node]: [Cube] Stage 6: short-motion servo path did not complete cleanly. Falling back to segmented Cartesian planning.
[clear_table-13] [INFO] [1776902544.373197281] [clear_table_node]: [Cube] Stage 6 step 1 (dz=0.0100, sub=0/4): pos=(0.760, 0.225, 0.475), ori=(0.508, 0.491, 0.510, 0.491)
[move_group-20] [INFO] [1776902544.373809633] [move_group.moveit.moveit.ros.move_group.cartesian_path_service_capability]: Received request to compute Cartesian path
[move_group-20] [INFO] [1776902544.373953953] [move_group.moveit.moveit.ros.move_group.cartesian_path_service_capability]: Attempting to follow 1 waypoints for link 'end_effector_link' using a step of 0.005000 m and jump threshold 0.000000 (in global reference frame)
[move_group-20] [INFO] [1776902544.375862012] [move_group.moveit.moveit.ros.move_group.cartesian_path_service_capability]: Computed Cartesian path with 7 points (followed 100.000000% of requested trajectory)
[adl_ui-15] 127.0.0.1 - - [22/Apr/2026 20:02:24] "GET /status_json HTTP/1.1" 200 -
[clear_table-13] [INFO] [1776902544.380993316] [clear_table_node]: Cartesian path computed with 100.0% success.
[move_group-20] [INFO] [1776902544.381912831] [move_group.moveit.moveit.ros.move_group.clear_octomap_service]: Execution request received
[move_group-20] [INFO] [1776902544.381963984] [move_group.moveit.moveit.plugins.simple_controller_manager]: Returned 2 controllers in list
[move_group-20] [INFO] [1776902544.381993486] [move_group.moveit.moveit.plugins.simple_controller_manager]: Returned 2 controllers in list
[move_group-20] [INFO] [1776902544.382099217] [move_group.moveit.moveit.ros.trajectory_execution_manager]: Validating trajectory with allowed_start_tolerance 0.01
[move_group-20] [INFO] [1776902544.395113124] [move_group.moveit.moveit.ros.trajectory_execution_manager]: Starting trajectory execution ...
[move_group-20] [INFO] [1776902544.395184606] [move_group.moveit.moveit.plugins.simple_controller_manager]: Returned 2 controllers in list
[move_group-20] [INFO] [1776902544.395219207] [move_group.moveit.moveit.plugins.simple_controller_manager]: Returned 2 controllers in list
[move_group-20] [INFO] [1776902544.395471375] [moveit.simple_controller_manager.follow_joint_trajectory_controller_handle]: sending trajectory to joint_trajectory_controller
[ros2_control_node-1] [INFO] [1776902544.396641577] [joint_trajectory_controller]: Received new action goal
[ros2_control_node-1] [INFO] [1776902544.396694258] [joint_trajectory_controller]: Accepted new action goal
[move_group-20] [INFO] [1776902544.397324831] [moveit.simple_controller_manager.follow_joint_trajectory_controller_handle]: joint_trajectory_controller started execution
[move_group-20] [INFO] [1776902544.397342383] [moveit.simple_controller_manager.follow_joint_trajectory_controller_handle]: Goal request accepted!
[ros2_control_node-1] [WARN] [1776902544.505948379] [controller_manager]: Overrun might occur, Total time : 2986.867 us (Expected < 1000.000 us) --> Read time : 34.555 us, Update time : 254.051 us, Write time : 2698.261 us
[ros2_control_node-1] [WARN] [1776902544.506006735] [controller_manager]: Overrun detected! The controller manager missed its desired rate of 1000 Hz. The loop took 3.065196 ms (missed cycles : 4).
[vision_apriltag-9] [INFO] [1776902544.911985964] [vision_apriltag_node]: Vision AprilTag: scene is locked; detection publishing is paused.
[ros2_control_node-1] [INFO] [1776902544.942200754] [joint_trajectory_controller]: Goal reached, success!
[move_group-20] [INFO] [1776902544.997341932] [moveit.simple_controller_manager.follow_joint_trajectory_controller_handle]: Controller 'joint_trajectory_controller' successfully finished
[move_group-20] [INFO] [1776902545.055039455] [move_group.moveit.moveit.ros.trajectory_execution_manager]: Completed trajectory execution with status SUCCEEDED ...
[move_group-20] [INFO] [1776902545.055148433] [move_group.moveit.moveit.ros.move_group.clear_octomap_service]: Execution completed: SUCCEEDED
[adl_ui-15] 127.0.0.1 - - [22/Apr/2026 20:02:25] "GET /status_json HTTP/1.1" 200 -
[clear_table-13] [INFO] [1776902545.158859668] [clear_table_node]: [Cube] Stage 6 step 2 (dz=0.0100, sub=0/4): pos=(0.760, 0.225, 0.465), ori=(0.508, 0.491, 0.510, 0.491)
[move_group-20] [INFO] [1776902545.159642366] [move_group.moveit.moveit.ros.move_group.cartesian_path_service_capability]: Received request to compute Cartesian path
[move_group-20] [INFO] [1776902545.159795044] [move_group.moveit.moveit.ros.move_group.cartesian_path_service_capability]: Attempting to follow 1 waypoints for link 'end_effector_link' using a step of 0.005000 m and jump threshold 0.000000 (in global reference frame)
[move_group-20] [INFO] [1776902545.160549672] [move_group.moveit.moveit.ros.move_group.cartesian_path_service_capability]: Computed Cartesian path with 3 points (followed 100.000000% of requested trajectory)
[clear_table-13] [INFO] [1776902545.163861383] [clear_table_node]: Cartesian path computed with 100.0% success.
[move_group-20] [INFO] [1776902545.164565878] [move_group.moveit.moveit.ros.move_group.clear_octomap_service]: Execution request received
[move_group-20] [INFO] [1776902545.164622033] [move_group.moveit.moveit.plugins.simple_controller_manager]: Returned 2 controllers in list
[move_group-20] [INFO] [1776902545.164647752] [move_group.moveit.moveit.plugins.simple_controller_manager]: Returned 2 controllers in list
[move_group-20] [INFO] [1776902545.164722095] [move_group.moveit.moveit.ros.trajectory_execution_manager]: Validating trajectory with allowed_start_tolerance 0.01
[move_group-20] [INFO] [1776902545.175061414] [move_group.moveit.moveit.ros.trajectory_execution_manager]: Starting trajectory execution ...
[move_group-20] [INFO] [1776902545.175195476] [move_group.moveit.moveit.plugins.simple_controller_manager]: Returned 2 controllers in list
[move_group-20] [INFO] [1776902545.175241230] [move_group.moveit.moveit.plugins.simple_controller_manager]: Returned 2 controllers in list
[move_group-20] [INFO] [1776902545.175600862] [moveit.simple_controller_manager.follow_joint_trajectory_controller_handle]: sending trajectory to joint_trajectory_controller
[ros2_control_node-1] [INFO] [1776902545.176724950] [joint_trajectory_controller]: Received new action goal
[ros2_control_node-1] [INFO] [1776902545.176787269] [joint_trajectory_controller]: Accepted new action goal
[move_group-20] [INFO] [1776902545.177370113] [moveit.simple_controller_manager.follow_joint_trajectory_controller_handle]: joint_trajectory_controller started execution
[move_group-20] [INFO] [1776902545.177389559] [moveit.simple_controller_manager.follow_joint_trajectory_controller_handle]: Goal request accepted!
[ros2_control_node-1] [INFO] [1776902545.381092818] [joint_trajectory_controller]: Goal reached, success!
[move_group-20] [INFO] [1776902545.477443001] [moveit.simple_controller_manager.follow_joint_trajectory_controller_handle]: Controller 'joint_trajectory_controller' successfully finished
[ros2_control_node-1] [WARN] [1776902545.508535026] [controller_manager]: Overrun might occur, Total time : 2574.312 us (Expected < 1000.000 us) --> Read time : 30.238 us, Update time : 163.390 us, Write time : 2380.684 us
[ros2_control_node-1] [WARN] [1776902545.508595246] [controller_manager]: Overrun detected! The controller manager missed its desired rate of 1000 Hz. The loop took 2.653864 ms (missed cycles : 3).
[move_group-20] [INFO] [1776902545.534906322] [move_group.moveit.moveit.ros.trajectory_execution_manager]: Completed trajectory execution with status SUCCEEDED ...
[move_group-20] [INFO] [1776902545.535020621] [move_group.moveit.moveit.ros.move_group.clear_octomap_service]: Execution completed: SUCCEEDED
[clear_table-13] [INFO] [1776902545.638865343] [clear_table_node]: [Cube] Stage 6 step 3 (dz=0.0100, sub=0/4): pos=(0.760, 0.225, 0.455), ori=(0.508, 0.491, 0.510, 0.491)
[move_group-20] [INFO] [1776902545.639475021] [move_group.moveit.moveit.ros.move_group.cartesian_path_service_capability]: Received request to compute Cartesian path
[move_group-20] [INFO] [1776902545.639585652] [move_group.moveit.moveit.ros.move_group.cartesian_path_service_capability]: Attempting to follow 1 waypoints for link 'end_effector_link' using a step of 0.005000 m and jump threshold 0.000000 (in global reference frame)
[move_group-20] [INFO] [1776902545.640361685] [move_group.moveit.moveit.ros.move_group.cartesian_path_service_capability]: Computed Cartesian path with 3 points (followed 100.000000% of requested trajectory)
[clear_table-13] [INFO] [1776902545.645271794] [clear_table_node]: Cartesian path computed with 100.0% success.
[move_group-20] [INFO] [1776902545.646685337] [move_group.moveit.moveit.ros.move_group.clear_octomap_service]: Execution request received
[move_group-20] [INFO] [1776902545.646794307] [move_group.moveit.moveit.plugins.simple_controller_manager]: Returned 2 controllers in list
[move_group-20] [INFO] [1776902545.646848483] [move_group.moveit.moveit.plugins.simple_controller_manager]: Returned 2 controllers in list
[move_group-20] [INFO] [1776902545.646953190] [move_group.moveit.moveit.ros.trajectory_execution_manager]: Validating trajectory with allowed_start_tolerance 0.01
[move_group-20] [INFO] [1776902545.655272759] [move_group.moveit.moveit.ros.trajectory_execution_manager]: Starting trajectory execution ...
[move_group-20] [INFO] [1776902545.655347795] [move_group.moveit.moveit.plugins.simple_controller_manager]: Returned 2 controllers in list
[move_group-20] [INFO] [1776902545.655423653] [move_group.moveit.moveit.plugins.simple_controller_manager]: Returned 2 controllers in list
[move_group-20] [INFO] [1776902545.655624061] [moveit.simple_controller_manager.follow_joint_trajectory_controller_handle]: sending trajectory to joint_trajectory_controller
[ros2_control_node-1] [INFO] [1776902545.655946569] [joint_trajectory_controller]: Received new action goal
[ros2_control_node-1] [INFO] [1776902545.655997543] [joint_trajectory_controller]: Accepted new action goal
[move_group-20] [INFO] [1776902545.656163084] [moveit.simple_controller_manager.follow_joint_trajectory_controller_handle]: joint_trajectory_controller started execution
[move_group-20] [INFO] [1776902545.656175671] [moveit.simple_controller_manager.follow_joint_trajectory_controller_handle]: Goal request accepted!
[ros2_control_node-1] [INFO] [1776902545.856096706] [joint_trajectory_controller]: Goal reached, success!
[move_group-20] [INFO] [1776902545.856778510] [moveit.simple_controller_manager.follow_joint_trajectory_controller_handle]: Controller 'joint_trajectory_controller' successfully finished
[adl_ui-15] 127.0.0.1 - - [22/Apr/2026 20:02:25] "GET /status_json HTTP/1.1" 200 -
[move_group-20] [INFO] [1776902545.915113745] [move_group.moveit.moveit.ros.trajectory_execution_manager]: Completed trajectory execution with status SUCCEEDED ...
[move_group-20] [INFO] [1776902545.915228799] [move_group.moveit.moveit.ros.move_group.clear_octomap_service]: Execution completed: SUCCEEDED
[clear_table-13] [INFO] [1776902546.019384981] [clear_table_node]: [Cube] Stage 6 step 4 (dz=0.0100, sub=0/4): pos=(0.760, 0.225, 0.445), ori=(0.508, 0.491, 0.510, 0.491)
[move_group-20] [INFO] [1776902546.020046683] [move_group.moveit.moveit.ros.move_group.cartesian_path_service_capability]: Received request to compute Cartesian path
[move_group-20] [INFO] [1776902546.020174668] [move_group.moveit.moveit.ros.move_group.cartesian_path_service_capability]: Attempting to follow 1 waypoints for link 'end_effector_link' using a step of 0.005000 m and jump threshold 0.000000 (in global reference frame)
[move_group-20] [INFO] [1776902546.020859173] [move_group.moveit.moveit.ros.move_group.cartesian_path_service_capability]: Computed Cartesian path with 3 points (followed 100.000000% of requested trajectory)
[clear_table-13] [INFO] [1776902546.025192422] [clear_table_node]: Cartesian path computed with 100.0% success.
[move_group-20] [INFO] [1776902546.026006368] [move_group.moveit.moveit.ros.move_group.clear_octomap_service]: Execution request received
[move_group-20] [INFO] [1776902546.026061428] [move_group.moveit.moveit.plugins.simple_controller_manager]: Returned 2 controllers in list
[move_group-20] [INFO] [1776902546.026091270] [move_group.moveit.moveit.plugins.simple_controller_manager]: Returned 2 controllers in list
[move_group-20] [INFO] [1776902546.026173886] [move_group.moveit.moveit.ros.trajectory_execution_manager]: Validating trajectory with allowed_start_tolerance 0.01
[move_group-20] [INFO] [1776902546.035040344] [move_group.moveit.moveit.ros.trajectory_execution_manager]: Starting trajectory execution ...
[move_group-20] [INFO] [1776902546.035108204] [move_group.moveit.moveit.plugins.simple_controller_manager]: Returned 2 controllers in list
[move_group-20] [INFO] [1776902546.035144040] [move_group.moveit.moveit.plugins.simple_controller_manager]: Returned 2 controllers in list
[move_group-20] [INFO] [1776902546.035344054] [moveit.simple_controller_manager.follow_joint_trajectory_controller_handle]: sending trajectory to joint_trajectory_controller
[ros2_control_node-1] [INFO] [1776902546.035803474] [joint_trajectory_controller]: Received new action goal
[ros2_control_node-1] [INFO] [1776902546.036044262] [joint_trajectory_controller]: Accepted new action goal
[move_group-20] [INFO] [1776902546.036748180] [moveit.simple_controller_manager.follow_joint_trajectory_controller_handle]: joint_trajectory_controller started execution
[move_group-20] [INFO] [1776902546.036768279] [moveit.simple_controller_manager.follow_joint_trajectory_controller_handle]: Goal request accepted!
[ros2_control_node-1] [INFO] [1776902546.233110058] [joint_trajectory_controller]: Goal reached, success!
[move_group-20] [INFO] [1776902546.237193551] [moveit.simple_controller_manager.follow_joint_trajectory_controller_handle]: Controller 'joint_trajectory_controller' successfully finished
[move_group-20] [INFO] [1776902546.294980152] [move_group.moveit.moveit.ros.trajectory_execution_manager]: Completed trajectory execution with status SUCCEEDED ...
[move_group-20] [INFO] [1776902546.295085062] [move_group.moveit.moveit.ros.move_group.clear_octomap_service]: Execution completed: SUCCEEDED
[clear_table-13] [INFO] [1776902546.399834908] [clear_table_node]: [Cube] Stage 6 step 5 (dz=0.0100, sub=0/4): pos=(0.760, 0.225, 0.435), ori=(0.508, 0.491, 0.510, 0.491)
[move_group-20] [INFO] [1776902546.400472033] [move_group.moveit.moveit.ros.move_group.cartesian_path_service_capability]: Received request to compute Cartesian path
[move_group-20] [INFO] [1776902546.400602951] [move_group.moveit.moveit.ros.move_group.cartesian_path_service_capability]: Attempting to follow 1 waypoints for link 'end_effector_link' using a step of 0.005000 m and jump threshold 0.000000 (in global reference frame)
[move_group-20] [INFO] [1776902546.401390250] [move_group.moveit.moveit.ros.move_group.cartesian_path_service_capability]: Computed Cartesian path with 3 points (followed 100.000000% of requested trajectory)
[clear_table-13] [INFO] [1776902546.405244698] [clear_table_node]: Cartesian path computed with 100.0% success.
[move_group-20] [INFO] [1776902546.405897344] [move_group.moveit.moveit.ros.move_group.clear_octomap_service]: Execution request received
[move_group-20] [INFO] [1776902546.405963551] [move_group.moveit.moveit.plugins.simple_controller_manager]: Returned 2 controllers in list
[move_group-20] [INFO] [1776902546.405990245] [move_group.moveit.moveit.plugins.simple_controller_manager]: Returned 2 controllers in list
[move_group-20] [INFO] [1776902546.406096139] [move_group.moveit.moveit.ros.trajectory_execution_manager]: Validating trajectory with allowed_start_tolerance 0.01
[move_group-20] [INFO] [1776902546.415722998] [move_group.moveit.moveit.ros.trajectory_execution_manager]: Starting trajectory execution ...
[move_group-20] [INFO] [1776902546.415814136] [move_group.moveit.moveit.plugins.simple_controller_manager]: Returned 2 controllers in list
[move_group-20] [INFO] [1776902546.415856489] [move_group.moveit.moveit.plugins.simple_controller_manager]: Returned 2 controllers in list
[move_group-20] [INFO] [1776902546.416133027] [moveit.simple_controller_manager.follow_joint_trajectory_controller_handle]: sending trajectory to joint_trajectory_controller
[ros2_control_node-1] [INFO] [1776902546.416792814] [joint_trajectory_controller]: Received new action goal
[ros2_control_node-1] [INFO] [1776902546.416863860] [joint_trajectory_controller]: Accepted new action goal
[move_group-20] [INFO] [1776902546.417112802] [moveit.simple_controller_manager.follow_joint_trajectory_controller_handle]: joint_trajectory_controller started execution
[move_group-20] [INFO] [1776902546.417131509] [moveit.simple_controller_manager.follow_joint_trajectory_controller_handle]: Goal request accepted!
[ros2_control_node-1] [WARN] [1776902546.511560292] [controller_manager]: Overrun might occur, Total time : 2597.267 us (Expected < 1000.000 us) --> Read time : 37.882 us, Update time : 321.450 us, Write time : 2237.935 us
[ros2_control_node-1] [WARN] [1776902546.511622180] [controller_manager]: Overrun detected! The controller manager missed its desired rate of 1000 Hz. The loop took 2.680979 ms (missed cycles : 3).
[ros2_control_node-1] [INFO] [1776902546.610197877] [joint_trajectory_controller]: Goal reached, success!
[move_group-20] [INFO] [1776902546.617484945] [moveit.simple_controller_manager.follow_joint_trajectory_controller_handle]: Controller 'joint_trajectory_controller' successfully finished
[adl_ui-15] 127.0.0.1 - - [22/Apr/2026 20:02:26] "GET /status_json HTTP/1.1" 200 -
[move_group-20] [INFO] [1776902546.676071321] [move_group.moveit.moveit.ros.trajectory_execution_manager]: Completed trajectory execution with status SUCCEEDED ...
[move_group-20] [INFO] [1776902546.677027762] [move_group.moveit.moveit.ros.move_group.clear_octomap_service]: Execution completed: SUCCEEDED
[clear_table-13] [INFO] [1776902546.786171299] [clear_table_node]: [Cube] Stage 6 step 6 (dz=0.0100, sub=0/4): pos=(0.760, 0.225, 0.425), ori=(0.508, 0.491, 0.510, 0.491)
[move_group-20] [INFO] [1776902546.786828292] [move_group.moveit.moveit.ros.move_group.cartesian_path_service_capability]: Received request to compute Cartesian path
[move_group-20] [INFO] [1776902546.786928227] [move_group.moveit.moveit.ros.move_group.cartesian_path_service_capability]: Attempting to follow 1 waypoints for link 'end_effector_link' using a step of 0.005000 m and jump threshold 0.000000 (in global reference frame)
[move_group-20] [INFO] [1776902546.787471229] [move_group.moveit.moveit.ros.move_group.cartesian_path_service_capability]: Computed Cartesian path with 3 points (followed 100.000000% of requested trajectory)
[clear_table-13] [INFO] [1776902546.790610115] [clear_table_node]: Cartesian path computed with 100.0% success.
[clear_table-13] [ERROR] [1776902546.791533264] [clear_table_node]: Cartesian path point violates joint lock for joint_7: -1.938 vs lock at -1.837 with tol 0.100.
[clear_table-13] [WARN] [1776902546.792456638] [clear_table_node]: [Cube] Stage 6 step 6: lock failed, retrying unlocked.
[move_group-20] [INFO] [1776902546.793082308] [move_group.moveit.moveit.ros.move_group.cartesian_path_service_capability]: Received request to compute Cartesian path
[move_group-20] [INFO] [1776902546.793255742] [move_group.moveit.moveit.ros.move_group.cartesian_path_service_capability]: Attempting to follow 1 waypoints for link 'end_effector_link' using a step of 0.005000 m and jump threshold 0.000000 (in global reference frame)
[move_group-20] [INFO] [1776902546.793921792] [move_group.moveit.moveit.ros.move_group.cartesian_path_service_capability]: Computed Cartesian path with 3 points (followed 100.000000% of requested trajectory)
[clear_table-13] [INFO] [1776902546.799853203] [clear_table_node]: Cartesian path computed with 100.0% success.
[move_group-20] [INFO] [1776902546.800477850] [move_group.moveit.moveit.ros.move_group.clear_octomap_service]: Execution request received
[move_group-20] [INFO] [1776902546.800522862] [move_group.moveit.moveit.plugins.simple_controller_manager]: Returned 2 controllers in list
[move_group-20] [INFO] [1776902546.800548077] [move_group.moveit.moveit.plugins.simple_controller_manager]: Returned 2 controllers in list
[move_group-20] [INFO] [1776902546.800610982] [move_group.moveit.moveit.ros.trajectory_execution_manager]: Validating trajectory with allowed_start_tolerance 0.01
[move_group-20] [INFO] [1776902546.815069134] [move_group.moveit.moveit.ros.trajectory_execution_manager]: Starting trajectory execution ...
[move_group-20] [INFO] [1776902546.815140201] [move_group.moveit.moveit.plugins.simple_controller_manager]: Returned 2 controllers in list
[move_group-20] [INFO] [1776902546.815174697] [move_group.moveit.moveit.plugins.simple_controller_manager]: Returned 2 controllers in list
[move_group-20] [INFO] [1776902546.815368683] [moveit.simple_controller_manager.follow_joint_trajectory_controller_handle]: sending trajectory to joint_trajectory_controller
[ros2_control_node-1] [INFO] [1776902546.816617345] [joint_trajectory_controller]: Received new action goal
[ros2_control_node-1] [INFO] [1776902546.816659953] [joint_trajectory_controller]: Accepted new action goal
[move_group-20] [INFO] [1776902546.816841761] [moveit.simple_controller_manager.follow_joint_trajectory_controller_handle]: joint_trajectory_controller started execution
[move_group-20] [INFO] [1776902546.816876477] [moveit.simple_controller_manager.follow_joint_trajectory_controller_handle]: Goal request accepted!
[vision_apriltag-9] [INFO] [1776902546.911372944] [vision_apriltag_node]: Vision AprilTag: scene is locked; detection publishing is paused.
[ros2_control_node-1] [INFO] [1776902547.011097105] [joint_trajectory_controller]: Goal reached, success!
[move_group-20] [INFO] [1776902547.017466509] [moveit.simple_controller_manager.follow_joint_trajectory_controller_handle]: Controller 'joint_trajectory_controller' successfully finished
[move_group-20] [INFO] [1776902547.075195742] [move_group.moveit.moveit.ros.trajectory_execution_manager]: Completed trajectory execution with status SUCCEEDED ...
[move_group-20] [INFO] [1776902547.075315969] [move_group.moveit.moveit.ros.move_group.clear_octomap_service]: Execution completed: SUCCEEDED
[clear_table-13] [INFO] [1776902547.181457470] [clear_table_node]: [Cube] Stage 6 step 7 (dz=0.0100, sub=0/4): pos=(0.760, 0.225, 0.415), ori=(0.508, 0.491, 0.510, 0.491)
[move_group-20] [INFO] [1776902547.182479906] [move_group.moveit.moveit.ros.move_group.cartesian_path_service_capability]: Received request to compute Cartesian path
[move_group-20] [INFO] [1776902547.182690214] [move_group.moveit.moveit.ros.move_group.cartesian_path_service_capability]: Attempting to follow 1 waypoints for link 'end_effector_link' using a step of 0.005000 m and jump threshold 0.000000 (in global reference frame)
[move_group-20] [INFO] [1776902547.183584256] [move_group.moveit.moveit.ros.move_group.cartesian_path_service_capability]: Computed Cartesian path with 3 points (followed 100.000000% of requested trajectory)
[clear_table-13] [INFO] [1776902547.187095042] [clear_table_node]: Cartesian path computed with 100.0% success.
[clear_table-13] [ERROR] [1776902547.188171732] [clear_table_node]: Cartesian path point violates joint lock for joint_7: -1.940 vs lock at -1.837 with tol 0.100.
[clear_table-13] [WARN] [1776902547.189116386] [clear_table_node]: [Cube] Stage 6 step 7: lock failed, retrying unlocked.
[move_group-20] [INFO] [1776902547.189644113] [move_group.moveit.moveit.ros.move_group.cartesian_path_service_capability]: Received request to compute Cartesian path
[move_group-20] [INFO] [1776902547.189739400] [move_group.moveit.moveit.ros.move_group.cartesian_path_service_capability]: Attempting to follow 1 waypoints for link 'end_effector_link' using a step of 0.005000 m and jump threshold 0.000000 (in global reference frame)
[move_group-20] [INFO] [1776902547.190389022] [move_group.moveit.moveit.ros.move_group.cartesian_path_service_capability]: Computed Cartesian path with 3 points (followed 100.000000% of requested trajectory)
[clear_table-13] [INFO] [1776902547.194544277] [clear_table_node]: Cartesian path computed with 100.0% success.
[move_group-20] [INFO] [1776902547.195791667] [move_group.moveit.moveit.ros.move_group.clear_octomap_service]: Execution request received
[move_group-20] [INFO] [1776902547.195847204] [move_group.moveit.moveit.plugins.simple_controller_manager]: Returned 2 controllers in list
[move_group-20] [INFO] [1776902547.195870904] [move_group.moveit.moveit.plugins.simple_controller_manager]: Returned 2 controllers in list
[move_group-20] [INFO] [1776902547.195923379] [move_group.moveit.moveit.ros.trajectory_execution_manager]: Validating trajectory with allowed_start_tolerance 0.01
[move_group-20] [INFO] [1776902547.215738417] [move_group.moveit.moveit.ros.trajectory_execution_manager]: Starting trajectory execution ...
[move_group-20] [INFO] [1776902547.215823762] [move_group.moveit.moveit.plugins.simple_controller_manager]: Returned 2 controllers in list
[move_group-20] [INFO] [1776902547.215860203] [move_group.moveit.moveit.plugins.simple_controller_manager]: Returned 2 controllers in list
[move_group-20] [INFO] [1776902547.216073673] [moveit.simple_controller_manager.follow_joint_trajectory_controller_handle]: sending trajectory to joint_trajectory_controller
[ros2_control_node-1] [INFO] [1776902547.217050225] [joint_trajectory_controller]: Received new action goal
[ros2_control_node-1] [INFO] [1776902547.217110496] [joint_trajectory_controller]: Accepted new action goal
[move_group-20] [INFO] [1776902547.218176144] [moveit.simple_controller_manager.follow_joint_trajectory_controller_handle]: joint_trajectory_controller started execution
[move_group-20] [INFO] [1776902547.218206761] [moveit.simple_controller_manager.follow_joint_trajectory_controller_handle]: Goal request accepted!
[wrist_camera_usb_publisher-8] [INFO] [1776902547.265784094] [wrist_camera_usb_publisher_node]: USB camera publisher heartbeat: publishing 1280x720 frames on /wrist_mounted_camera/image; camera_info fx=920.87, fy=921.57, cx=644.76, cy=343.15.
[adl_ui-15] 127.0.0.1 - - [22/Apr/2026 20:02:27] "GET /status_json HTTP/1.1" 200 -
[ros2_control_node-1] [INFO] [1776902547.412131166] [joint_trajectory_controller]: Goal reached, success!
[move_group-20] [INFO] [1776902547.417969170] [moveit.simple_controller_manager.follow_joint_trajectory_controller_handle]: Controller 'joint_trajectory_controller' successfully finished
[move_group-20] [INFO] [1776902547.475116521] [move_group.moveit.moveit.ros.trajectory_execution_manager]: Completed trajectory execution with status SUCCEEDED ...
[move_group-20] [INFO] [1776902547.475323037] [move_group.moveit.moveit.ros.move_group.clear_octomap_service]: Execution completed: SUCCEEDED
[ros2_control_node-1] [WARN] [1776902547.513680644] [controller_manager]: Overrun might occur, Total time : 2717.137 us (Expected < 1000.000 us) --> Read time : 47.864 us, Update time : 231.538 us, Write time : 2437.735 us
[ros2_control_node-1] [WARN] [1776902547.513748480] [controller_manager]: Overrun detected! The controller manager missed its desired rate of 1000 Hz. The loop took 2.807394 ms (missed cycles : 3).
[clear_table-13] [INFO] [1776902547.582653419] [clear_table_node]: [Cube] Stage 6 step 8 (dz=0.0100, sub=0/4): pos=(0.760, 0.225, 0.405), ori=(0.508, 0.491, 0.510, 0.491)
[move_group-20] [INFO] [1776902547.583379180] [move_group.moveit.moveit.ros.move_group.cartesian_path_service_capability]: Received request to compute Cartesian path
[move_group-20] [INFO] [1776902547.583511629] [move_group.moveit.moveit.ros.move_group.cartesian_path_service_capability]: Attempting to follow 1 waypoints for link 'end_effector_link' using a step of 0.005000 m and jump threshold 0.000000 (in global reference frame)
[move_group-20] [INFO] [1776902547.584242099] [move_group.moveit.moveit.ros.move_group.cartesian_path_service_capability]: Computed Cartesian path with 3 points (followed 100.000000% of requested trajectory)
[clear_table-13] [INFO] [1776902547.587321860] [clear_table_node]: Cartesian path computed with 100.0% success.
[clear_table-13] [ERROR] [1776902547.588036160] [clear_table_node]: Cartesian path point violates joint lock for joint_7: -1.945 vs lock at -1.837 with tol 0.100.
[clear_table-13] [WARN] [1776902547.588793715] [clear_table_node]: [Cube] Stage 6 step 8: lock failed, retrying unlocked.
[move_group-20] [INFO] [1776902547.589356307] [move_group.moveit.moveit.ros.move_group.cartesian_path_service_capability]: Received request to compute Cartesian path
[move_group-20] [INFO] [1776902547.589452651] [move_group.moveit.moveit.ros.move_group.cartesian_path_service_capability]: Attempting to follow 1 waypoints for link 'end_effector_link' using a step of 0.005000 m and jump threshold 0.000000 (in global reference frame)
[move_group-20] [INFO] [1776902547.590175962] [move_group.moveit.moveit.ros.move_group.cartesian_path_service_capability]: Computed Cartesian path with 3 points (followed 100.000000% of requested trajectory)
[clear_table-13] [INFO] [1776902547.593678967] [clear_table_node]: Cartesian path computed with 100.0% success.
[move_group-20] [INFO] [1776902547.594429645] [move_group.moveit.moveit.ros.move_group.clear_octomap_service]: Execution request received
[move_group-20] [INFO] [1776902547.594493787] [move_group.moveit.moveit.plugins.simple_controller_manager]: Returned 2 controllers in list
[move_group-20] [INFO] [1776902547.595068118] [move_group.moveit.moveit.plugins.simple_controller_manager]: Returned 2 controllers in list
[move_group-20] [INFO] [1776902547.595447774] [move_group.moveit.moveit.ros.trajectory_execution_manager]: Validating trajectory with allowed_start_tolerance 0.01
[move_group-20] [INFO] [1776902547.597742915] [move_group.moveit.moveit.ros.trajectory_execution_manager]: Starting trajectory execution ...
[move_group-20] [INFO] [1776902547.597857450] [move_group.moveit.moveit.plugins.simple_controller_manager]: Returned 2 controllers in list
[move_group-20] [INFO] [1776902547.597894003] [move_group.moveit.moveit.plugins.simple_controller_manager]: Returned 2 controllers in list
[move_group-20] [INFO] [1776902547.598193685] [moveit.simple_controller_manager.follow_joint_trajectory_controller_handle]: sending trajectory to joint_trajectory_controller
[ros2_control_node-1] [INFO] [1776902547.600208665] [joint_trajectory_controller]: Received new action goal
[ros2_control_node-1] [INFO] [1776902547.600349602] [joint_trajectory_controller]: Accepted new action goal
[move_group-20] [INFO] [1776902547.601182033] [moveit.simple_controller_manager.follow_joint_trajectory_controller_handle]: joint_trajectory_controller started execution
[move_group-20] [INFO] [1776902547.601215589] [moveit.simple_controller_manager.follow_joint_trajectory_controller_handle]: Goal request accepted!
[ros2_control_node-1] [INFO] [1776902547.792121404] [joint_trajectory_controller]: Goal reached, success!
[move_group-20] [INFO] [1776902547.801300438] [moveit.simple_controller_manager.follow_joint_trajectory_controller_handle]: Controller 'joint_trajectory_controller' successfully finished
[move_group-20] [INFO] [1776902547.855293797] [move_group.moveit.moveit.ros.trajectory_execution_manager]: Completed trajectory execution with status SUCCEEDED ...
[move_group-20] [INFO] [1776902547.855496936] [move_group.moveit.moveit.ros.move_group.clear_octomap_service]: Execution completed: SUCCEEDED
[clear_table-13] [INFO] [1776902547.962552674] [clear_table_node]: [Cube] Stage 6 step 9 (dz=0.0100, sub=0/4): pos=(0.760, 0.225, 0.395), ori=(0.508, 0.491, 0.510, 0.491)
[move_group-20] [INFO] [1776902547.963272421] [move_group.moveit.moveit.ros.move_group.cartesian_path_service_capability]: Received request to compute Cartesian path
[move_group-20] [INFO] [1776902547.963422825] [move_group.moveit.moveit.ros.move_group.cartesian_path_service_capability]: Attempting to follow 1 waypoints for link 'end_effector_link' using a step of 0.005000 m and jump threshold 0.000000 (in global reference frame)
[move_group-20] [INFO] [1776902547.963874604] [move_group.moveit.moveit.ros.move_group.cartesian_path_service_capability]: Computed Cartesian path with 3 points (followed 100.000000% of requested trajectory)
[clear_table-13] [INFO] [1776902547.967935089] [clear_table_node]: Cartesian path computed with 100.0% success.
[clear_table-13] [ERROR] [1776902547.968991000] [clear_table_node]: Cartesian path point violates joint lock for joint_7: -1.950 vs lock at -1.837 with tol 0.100.
[clear_table-13] [WARN] [1776902547.970041556] [clear_table_node]: [Cube] Stage 6 step 9: lock failed, retrying unlocked.
[move_group-20] [INFO] [1776902547.970636352] [move_group.moveit.moveit.ros.move_group.cartesian_path_service_capability]: Received request to compute Cartesian path
[move_group-20] [INFO] [1776902547.970751215] [move_group.moveit.moveit.ros.move_group.cartesian_path_service_capability]: Attempting to follow 1 waypoints for link 'end_effector_link' using a step of 0.005000 m and jump threshold 0.000000 (in global reference frame)
[move_group-20] [INFO] [1776902547.971295868] [move_group.moveit.moveit.ros.move_group.cartesian_path_service_capability]: Computed Cartesian path with 3 points (followed 100.000000% of requested trajectory)
[clear_table-13] [INFO] [1776902547.977716609] [clear_table_node]: Cartesian path computed with 100.0% success.
[move_group-20] [INFO] [1776902547.978870243] [move_group.moveit.moveit.ros.move_group.clear_octomap_service]: Execution request received
[move_group-20] [INFO] [1776902547.978966400] [move_group.moveit.moveit.plugins.simple_controller_manager]: Returned 2 controllers in list
[move_group-20] [INFO] [1776902547.979004818] [move_group.moveit.moveit.plugins.simple_controller_manager]: Returned 2 controllers in list
[move_group-20] [INFO] [1776902547.979094758] [move_group.moveit.moveit.ros.trajectory_execution_manager]: Validating trajectory with allowed_start_tolerance 0.01
[move_group-20] [INFO] [1776902547.996415020] [move_group.moveit.moveit.ros.trajectory_execution_manager]: Starting trajectory execution ...
[move_group-20] [INFO] [1776902547.996494583] [move_group.moveit.moveit.plugins.simple_controller_manager]: Returned 2 controllers in list
[move_group-20] [INFO] [1776902547.996528123] [move_group.moveit.moveit.plugins.simple_controller_manager]: Returned 2 controllers in list
[move_group-20] [INFO] [1776902547.996726617] [moveit.simple_controller_manager.follow_joint_trajectory_controller_handle]: sending trajectory to joint_trajectory_controller
[ros2_control_node-1] [INFO] [1776902547.997047713] [joint_trajectory_controller]: Received new action goal
[ros2_control_node-1] [INFO] [1776902547.997113661] [joint_trajectory_controller]: Accepted new action goal
[move_group-20] [INFO] [1776902547.997582761] [moveit.simple_controller_manager.follow_joint_trajectory_controller_handle]: joint_trajectory_controller started execution
[move_group-20] [INFO] [1776902547.997597777] [moveit.simple_controller_manager.follow_joint_trajectory_controller_handle]: Goal request accepted!
[adl_ui-15] 127.0.0.1 - - [22/Apr/2026 20:02:28] "GET /status_json HTTP/1.1" 200 -
[ros2_control_node-1] [INFO] [1776902548.187090227] [joint_trajectory_controller]: Goal reached, success!
[move_group-20] [INFO] [1776902548.198111253] [moveit.simple_controller_manager.follow_joint_trajectory_controller_handle]: Controller 'joint_trajectory_controller' successfully finished
[move_group-20] [INFO] [1776902548.254995674] [move_group.moveit.moveit.ros.trajectory_execution_manager]: Completed trajectory execution with status SUCCEEDED ...
[move_group-20] [INFO] [1776902548.255096080] [move_group.moveit.moveit.ros.move_group.clear_octomap_service]: Execution completed: SUCCEEDED
[clear_table-13] [INFO] [1776902548.358710903] [clear_table_node]: [Cube] Stage 6 step 10 (dz=0.0100, sub=0/4): pos=(0.760, 0.225, 0.385), ori=(0.508, 0.491, 0.510, 0.491)
[move_group-20] [INFO] [1776902548.359246581] [move_group.moveit.moveit.ros.move_group.cartesian_path_service_capability]: Received request to compute Cartesian path
[move_group-20] [INFO] [1776902548.359371873] [move_group.moveit.moveit.ros.move_group.cartesian_path_service_capability]: Attempting to follow 1 waypoints for link 'end_effector_link' using a step of 0.005000 m and jump threshold 0.000000 (in global reference frame)
[move_group-20] [INFO] [1776902548.360607256] [move_group.moveit.moveit.ros.move_group.cartesian_path_service_capability]: Computed Cartesian path with 3 points (followed 100.000000% of requested trajectory)
[clear_table-13] [INFO] [1776902548.364386237] [clear_table_node]: Cartesian path computed with 100.0% success.
[clear_table-13] [ERROR] [1776902548.365515845] [clear_table_node]: Cartesian path point violates joint lock for joint_7: -1.955 vs lock at -1.837 with tol 0.100.
[clear_table-13] [WARN] [1776902548.366722207] [clear_table_node]: [Cube] Stage 6 step 10: lock failed, retrying unlocked.
[move_group-20] [INFO] [1776902548.367543169] [move_group.moveit.moveit.ros.move_group.cartesian_path_service_capability]: Received request to compute Cartesian path
[move_group-20] [INFO] [1776902548.367666961] [move_group.moveit.moveit.ros.move_group.cartesian_path_service_capability]: Attempting to follow 1 waypoints for link 'end_effector_link' using a step of 0.005000 m and jump threshold 0.000000 (in global reference frame)
[move_group-20] [INFO] [1776902548.368557339] [move_group.moveit.moveit.ros.move_group.cartesian_path_service_capability]: Computed Cartesian path with 3 points (followed 100.000000% of requested trajectory)
[clear_table-13] [INFO] [1776902548.372569748] [clear_table_node]: Cartesian path computed with 100.0% success.
[move_group-20] [INFO] [1776902548.373204341] [move_group.moveit.moveit.ros.move_group.clear_octomap_service]: Execution request received
[move_group-20] [INFO] [1776902548.373247251] [move_group.moveit.moveit.plugins.simple_controller_manager]: Returned 2 controllers in list
[move_group-20] [INFO] [1776902548.373273468] [move_group.moveit.moveit.plugins.simple_controller_manager]: Returned 2 controllers in list
[move_group-20] [INFO] [1776902548.373362042] [move_group.moveit.moveit.ros.trajectory_execution_manager]: Validating trajectory with allowed_start_tolerance 0.01
[move_group-20] [INFO] [1776902548.375357409] [move_group.moveit.moveit.ros.trajectory_execution_manager]: Starting trajectory execution ...
[move_group-20] [INFO] [1776902548.375424982] [move_group.moveit.moveit.plugins.simple_controller_manager]: Returned 2 controllers in list
[move_group-20] [INFO] [1776902548.375459392] [move_group.moveit.moveit.plugins.simple_controller_manager]: Returned 2 controllers in list
[move_group-20] [INFO] [1776902548.375663410] [moveit.simple_controller_manager.follow_joint_trajectory_controller_handle]: sending trajectory to joint_trajectory_controller
[ros2_control_node-1] [INFO] [1776902548.376207413] [joint_trajectory_controller]: Received new action goal
[ros2_control_node-1] [INFO] [1776902548.376254408] [joint_trajectory_controller]: Accepted new action goal
[move_group-20] [INFO] [1776902548.376619246] [moveit.simple_controller_manager.follow_joint_trajectory_controller_handle]: joint_trajectory_controller started execution
[move_group-20] [INFO] [1776902548.376632659] [moveit.simple_controller_manager.follow_joint_trajectory_controller_handle]: Goal request accepted!
[ros2_control_node-1] [WARN] [1776902548.514462882] [controller_manager]: Overrun might occur, Total time : 2498.923 us (Expected < 1000.000 us) --> Read time : 39.275 us, Update time : 276.904 us, Write time : 2182.744 us
[ros2_control_node-1] [WARN] [1776902548.514545021] [controller_manager]: Overrun detected! The controller manager missed its desired rate of 1000 Hz. The loop took 2.602907 ms (missed cycles : 3).
[ros2_control_node-1] [INFO] [1776902548.566177100] [joint_trajectory_controller]: Goal reached, success!
[move_group-20] [INFO] [1776902548.576904668] [moveit.simple_controller_manager.follow_joint_trajectory_controller_handle]: Controller 'joint_trajectory_controller' successfully finished
[move_group-20] [INFO] [1776902548.635005602] [move_group.moveit.moveit.ros.trajectory_execution_manager]: Completed trajectory execution with status SUCCEEDED ...
[move_group-20] [INFO] [1776902548.635140957] [move_group.moveit.moveit.ros.move_group.clear_octomap_service]: Execution completed: SUCCEEDED
[clear_table-13] [INFO] [1776902548.740719614] [clear_table_node]: [Cube] Stage 6 step 11 (dz=0.0100, sub=0/4): pos=(0.760, 0.225, 0.375), ori=(0.508, 0.491, 0.510, 0.491)
[move_group-20] [INFO] [1776902548.741470022] [move_group.moveit.moveit.ros.move_group.cartesian_path_service_capability]: Received request to compute Cartesian path
[move_group-20] [INFO] [1776902548.741608101] [move_group.moveit.moveit.ros.move_group.cartesian_path_service_capability]: Attempting to follow 1 waypoints for link 'end_effector_link' using a step of 0.005000 m and jump threshold 0.000000 (in global reference frame)
[move_group-20] [INFO] [1776902548.777607249] [move_group.moveit.moveit.ros.move_group.cartesian_path_service_capability]: Computed Cartesian path with 31 points (followed 50.000000% of requested trajectory)
[clear_table-13] [INFO] [1776902548.783942910] [clear_table_node]: Cartesian path computed with 50.0% success.
[clear_table-13] [ERROR] [1776902548.784757544] [clear_table_node]: Cartesian path only 50.0% complete — aborting.Last waypoint was (0.760, 0.225, 0.375).
[clear_table-13] [WARN] [1776902548.785715241] [clear_table_node]: [Cube] Stage 6 step 11: lock failed, retrying unlocked.
[move_group-20] [INFO] [1776902548.786422769] [move_group.moveit.moveit.ros.move_group.cartesian_path_service_capability]: Received request to compute Cartesian path
[move_group-20] [INFO] [1776902548.786575508] [move_group.moveit.moveit.ros.move_group.cartesian_path_service_capability]: Attempting to follow 1 waypoints for link 'end_effector_link' using a step of 0.005000 m and jump threshold 0.000000 (in global reference frame)
[move_group-20] [INFO] [1776902548.798078306] [move_group.moveit.moveit.ros.move_group.cartesian_path_service_capability]: Computed Cartesian path with 2 points (followed 50.000000% of requested trajectory)
[clear_table-13] [INFO] [1776902548.801939306] [clear_table_node]: Cartesian path computed with 50.0% success.
[clear_table-13] [ERROR] [1776902548.802856464] [clear_table_node]: Cartesian path only 50.0% complete — aborting.Last waypoint was (0.760, 0.225, 0.375).
[clear_table-13] [INFO] [1776902548.803607410] [clear_table_node]: [Cube] Stage 6 step 11 (dz=0.0050, sub=1/4): pos=(0.760, 0.225, 0.380), ori=(0.508, 0.491, 0.510, 0.491)
[move_group-20] [INFO] [1776902548.804149797] [move_group.moveit.moveit.ros.move_group.cartesian_path_service_capability]: Received request to compute Cartesian path
[move_group-20] [INFO] [1776902548.804262408] [move_group.moveit.moveit.ros.move_group.cartesian_path_service_capability]: Attempting to follow 1 waypoints for link 'end_effector_link' using a step of 0.005000 m and jump threshold 0.000000 (in global reference frame)
[move_group-20] [INFO] [1776902548.804642684] [move_group.moveit.moveit.ros.move_group.cartesian_path_service_capability]: Computed Cartesian path with 2 points (followed 100.000000% of requested trajectory)
[clear_table-13] [INFO] [1776902548.808096928] [clear_table_node]: Cartesian path computed with 100.0% success.
[clear_table-13] [ERROR] [1776902548.809237537] [clear_table_node]: Cartesian path point violates joint lock for joint_7: -1.961 vs lock at -1.837 with tol 0.100.
[clear_table-13] [WARN] [1776902548.810435300] [clear_table_node]: [Cube] Stage 6 step 11: lock failed, retrying unlocked.
[move_group-20] [INFO] [1776902548.811043823] [move_group.moveit.moveit.ros.move_group.cartesian_path_service_capability]: Received request to compute Cartesian path
[move_group-20] [INFO] [1776902548.811124953] [move_group.moveit.moveit.ros.move_group.cartesian_path_service_capability]: Attempting to follow 1 waypoints for link 'end_effector_link' using a step of 0.005000 m and jump threshold 0.000000 (in global reference frame)
[move_group-20] [INFO] [1776902548.811520522] [move_group.moveit.moveit.ros.move_group.cartesian_path_service_capability]: Computed Cartesian path with 2 points (followed 100.000000% of requested trajectory)
[clear_table-13] [INFO] [1776902548.819275890] [clear_table_node]: Cartesian path computed with 100.0% success.
[move_group-20] [INFO] [1776902548.820207043] [move_group.moveit.moveit.ros.move_group.clear_octomap_service]: Execution request received
[move_group-20] [INFO] [1776902548.820265696] [move_group.moveit.moveit.plugins.simple_controller_manager]: Returned 2 controllers in list
[move_group-20] [INFO] [1776902548.820299068] [move_group.moveit.moveit.plugins.simple_controller_manager]: Returned 2 controllers in list
[move_group-20] [INFO] [1776902548.820371925] [move_group.moveit.moveit.ros.trajectory_execution_manager]: Validating trajectory with allowed_start_tolerance 0.01
[move_group-20] [INFO] [1776902548.835158882] [move_group.moveit.moveit.ros.trajectory_execution_manager]: Starting trajectory execution ...
[move_group-20] [INFO] [1776902548.835229119] [move_group.moveit.moveit.plugins.simple_controller_manager]: Returned 2 controllers in list
[move_group-20] [INFO] [1776902548.835262481] [move_group.moveit.moveit.plugins.simple_controller_manager]: Returned 2 controllers in list
[move_group-20] [INFO] [1776902548.835477255] [moveit.simple_controller_manager.follow_joint_trajectory_controller_handle]: sending trajectory to joint_trajectory_controller
[ros2_control_node-1] [INFO] [1776902548.836015317] [joint_trajectory_controller]: Received new action goal
[ros2_control_node-1] [INFO] [1776902548.836058188] [joint_trajectory_controller]: Accepted new action goal
[move_group-20] [INFO] [1776902548.836672771] [moveit.simple_controller_manager.follow_joint_trajectory_controller_handle]: joint_trajectory_controller started execution
[move_group-20] [INFO] [1776902548.836693006] [moveit.simple_controller_manager.follow_joint_trajectory_controller_handle]: Goal request accepted!
[adl_ui-15] 127.0.0.1 - - [22/Apr/2026 20:02:28] "GET /status_json HTTP/1.1" 200 -
[vision_apriltag-9] [INFO] [1776902548.917024287] [vision_apriltag_node]: Vision AprilTag: scene is locked; detection publishing is paused.
[ros2_control_node-1] [INFO] [1776902548.967103050] [joint_trajectory_controller]: Goal reached, success!
[move_group-20] [INFO] [1776902549.037112441] [moveit.simple_controller_manager.follow_joint_trajectory_controller_handle]: Controller 'joint_trajectory_controller' successfully finished
[move_group-20] [INFO] [1776902549.096571662] [move_group.moveit.moveit.ros.trajectory_execution_manager]: Completed trajectory execution with status SUCCEEDED ...
[move_group-20] [INFO] [1776902549.097115084] [move_group.moveit.moveit.ros.move_group.clear_octomap_service]: Execution completed: SUCCEEDED
[clear_table-13] [INFO] [1776902549.201890306] [clear_table_node]: [Cube] Stage 6 step 12 (dz=0.0100, sub=0/4): pos=(0.760, 0.225, 0.370), ori=(0.508, 0.491, 0.510, 0.491)
[move_group-20] [INFO] [1776902549.202531423] [move_group.moveit.moveit.ros.move_group.cartesian_path_service_capability]: Received request to compute Cartesian path
[move_group-20] [INFO] [1776902549.202644164] [move_group.moveit.moveit.ros.move_group.cartesian_path_service_capability]: Attempting to follow 1 waypoints for link 'end_effector_link' using a step of 0.005000 m and jump threshold 0.000000 (in global reference frame)
[move_group-20] [INFO] [1776902549.231374323] [move_group.moveit.moveit.ros.move_group.cartesian_path_service_capability]: Computed Cartesian path with 1 points (followed 0.000000% of requested trajectory)
[clear_table-13] [INFO] [1776902549.236772925] [clear_table_node]: Cartesian path computed with 0.0% success.
[clear_table-13] [ERROR] [1776902549.238587020] [clear_table_node]: Cartesian path only 0.0% complete — aborting.Last waypoint was (0.760, 0.225, 0.370).
[clear_table-13] [WARN] [1776902549.240197377] [clear_table_node]: [Cube] Stage 6 step 12: lock failed, retrying unlocked.
[move_group-20] [INFO] [1776902549.240802682] [move_group.moveit.moveit.ros.move_group.cartesian_path_service_capability]: Received request to compute Cartesian path
[move_group-20] [INFO] [1776902549.240902908] [move_group.moveit.moveit.ros.move_group.cartesian_path_service_capability]: Attempting to follow 1 waypoints for link 'end_effector_link' using a step of 0.005000 m and jump threshold 0.000000 (in global reference frame)
[move_group-20] [INFO] [1776902549.257948243] [move_group.moveit.moveit.ros.move_group.cartesian_path_service_capability]: Computed Cartesian path with 1 points (followed 0.000000% of requested trajectory)
[clear_table-13] [INFO] [1776902549.261532993] [clear_table_node]: Cartesian path computed with 0.0% success.
[clear_table-13] [ERROR] [1776902549.262888300] [clear_table_node]: Cartesian path only 0.0% complete — aborting.Last waypoint was (0.760, 0.225, 0.370).
[clear_table-13] [INFO] [1776902549.265091802] [clear_table_node]: [Cube] Stage 6 step 12 (dz=0.0050, sub=1/4): pos=(0.760, 0.225, 0.375), ori=(0.508, 0.491, 0.510, 0.491)
[move_group-20] [INFO] [1776902549.266497474] [move_group.moveit.moveit.ros.move_group.cartesian_path_service_capability]: Received request to compute Cartesian path
[move_group-20] [INFO] [1776902549.266637308] [move_group.moveit.moveit.ros.move_group.cartesian_path_service_capability]: Attempting to follow 1 waypoints for link 'end_effector_link' using a step of 0.005000 m and jump threshold 0.000000 (in global reference frame)
[move_group-20] [INFO] [1776902549.273466289] [move_group.moveit.moveit.ros.move_group.cartesian_path_service_capability]: Computed Cartesian path with 16 points (followed 0.000000% of requested trajectory)
[clear_table-13] [INFO] [1776902549.278830165] [clear_table_node]: Cartesian path computed with 0.0% success.
[clear_table-13] [ERROR] [1776902549.280106014] [clear_table_node]: Cartesian path only 0.0% complete — aborting.Last waypoint was (0.760, 0.225, 0.375).
[clear_table-13] [WARN] [1776902549.281637467] [clear_table_node]: [Cube] Stage 6 step 12: lock failed, retrying unlocked.
[move_group-20] [INFO] [1776902549.282245023] [move_group.moveit.moveit.ros.move_group.cartesian_path_service_capability]: Received request to compute Cartesian path
[move_group-20] [INFO] [1776902549.282364465] [move_group.moveit.moveit.ros.move_group.cartesian_path_service_capability]: Attempting to follow 1 waypoints for link 'end_effector_link' using a step of 0.005000 m and jump threshold 0.000000 (in global reference frame)
[move_group-20] [ERROR] [1776902549.304168856] [move_group.moveit.moveit.core.time_optimal_trajectory_generation]: The path requires a 180 deg. turn, which is not supported by the current implementation.
[move_group-20] [ERROR] [1776902549.304230002] [move_group.moveit.moveit.core.time_optimal_trajectory_generation]: Invalid path.
[move_group-20] [INFO] [1776902549.304270723] [move_group.moveit.moveit.ros.move_group.cartesian_path_service_capability]: Computed Cartesian path with 129 points (followed 0.000000% of requested trajectory)
[clear_table-13] [INFO] [1776902549.309360738] [clear_table_node]: Cartesian path computed with 0.0% success.
[clear_table-13] [ERROR] [1776902549.310415646] [clear_table_node]: Cartesian path only 0.0% complete — aborting.Last waypoint was (0.760, 0.225, 0.375).
[clear_table-13] [INFO] [1776902549.311225731] [clear_table_node]: [Cube] Stage 6 step 12 (dz=0.0025, sub=2/4): pos=(0.760, 0.225, 0.377), ori=(0.508, 0.491, 0.510, 0.491)
[move_group-20] [INFO] [1776902549.312035587] [move_group.moveit.moveit.ros.move_group.cartesian_path_service_capability]: Received request to compute Cartesian path
[move_group-20] [INFO] [1776902549.312340433] [move_group.moveit.moveit.ros.move_group.cartesian_path_service_capability]: Attempting to follow 1 waypoints for link 'end_effector_link' using a step of 0.005000 m and jump threshold 0.000000 (in global reference frame)
[move_group-20] [INFO] [1776902549.319582964] [move_group.moveit.moveit.ros.move_group.cartesian_path_service_capability]: Computed Cartesian path with 9 points (followed 100.000000% of requested trajectory)
[clear_table-13] [INFO] [1776902549.323722381] [clear_table_node]: Cartesian path computed with 100.0% success.
[clear_table-13] [ERROR] [1776902549.325134221] [clear_table_node]: Cartesian path point violates joint lock for joint_7: -1.964 vs lock at -1.837 with tol 0.100.
[clear_table-13] [WARN] [1776902549.326748757] [clear_table_node]: [Cube] Stage 6 step 12: lock failed, retrying unlocked.
[move_group-20] [INFO] [1776902549.327426427] [move_group.moveit.moveit.ros.move_group.cartesian_path_service_capability]: Received request to compute Cartesian path
[move_group-20] [INFO] [1776902549.327525905] [move_group.moveit.moveit.ros.move_group.cartesian_path_service_capability]: Attempting to follow 1 waypoints for link 'end_effector_link' using a step of 0.005000 m and jump threshold 0.000000 (in global reference frame)
[move_group-20] [INFO] [1776902549.348514503] [move_group.moveit.moveit.ros.move_group.cartesian_path_service_capability]: Computed Cartesian path with 16 points (followed 0.000000% of requested trajectory)
[clear_table-13] [INFO] [1776902549.353374002] [clear_table_node]: Cartesian path computed with 0.0% success.
[clear_table-13] [ERROR] [1776902549.354489050] [clear_table_node]: Cartesian path only 0.0% complete — aborting.Last waypoint was (0.760, 0.225, 0.377).
[clear_table-13] [ERROR] [1776902549.356925323] [clear_table_node]: [Cube] Stage 6 failed at z=0.380; cannot find valid next descent step.
[clear_table-13] [WARN] [1776902549.359066913] [clear_table_node]: [Cube] Stage 6 descent dead-end joints: joint_1=+2.772, joint_2=-1.858, joint_3=+3.128, joint_4=-1.034, joint_5=+0.515, joint_6=+0.810, joint_7=-1.964.
[clear_table-13] [ERROR] [1776902549.365907893] [clear_table_node]: [Cube] Stage 6 cartesian drop failed during stepwise descent. Aborting.
[clear_table-13] [INFO] [1776902549.500610311] [clear_table_node]: open_gripper(): opening gripper fully...
[ros2_control_node-1] [INFO] [1776902549.501215996] [robotiq_gripper_controller]: Received & accepted new action goal
[ros2_control_node-1] [WARN] [1776902549.515907141] [controller_manager]: Overrun might occur, Total time : 2946.105 us (Expected < 1000.000 us) --> Read time : 38.933 us, Update time : 263.231 us, Write time : 2643.941 us
[ros2_control_node-1] [WARN] [1776902549.515965698] [controller_manager]: Overrun detected! The controller manager missed its desired rate of 1000 Hz. The loop took 3.023914 ms (missed cycles : 4).
[adl_ui-15] 127.0.0.1 - - [22/Apr/2026 20:02:29] "GET /status_json HTTP/1.1" 200 -
[clear_table-13] [INFO] [1776902549.857052941] [clear_table_node]: Gripper reached position=0.007 stalled=False reached_goal=True
[clear_table-13] [INFO] [1776902549.858015845] [clear_table_node]: Detached object obj_4 from end_effector_link.
[clear_table-13] [INFO] [1776902550.070022684] [clear_table_node]: Removed collision object obj_4 from planning scene.
[adl_ui-15] 127.0.0.1 - - [22/Apr/2026 20:02:30] "GET /status_json HTTP/1.1" 200 -
[ros2_control_node-1] [WARN] [1776902550.518969160] [controller_manager]: Overrun might occur, Total time : 3004.493 us (Expected < 1000.000 us) --> Read time : 43.303 us, Update time : 219.917 us, Write time : 2741.273 us
[ros2_control_node-1] [WARN] [1776902550.519022247] [controller_manager]: Overrun detected! The controller manager missed its desired rate of 1000 Hz. The loop took 3.081184 ms (missed cycles : 4).
[vision_apriltag-9] [INFO] [1776902550.911356941] [vision_apriltag_node]: Vision AprilTag: scene is locked; detection publishing is paused.
[adl_ui-15] 127.0.0.1 - - [22/Apr/2026 20:02:31] "GET /status_json HTTP/1.1" 200 -
[ros2_control_node-1] [WARN] [1776902551.519827163] [controller_manager]: Overrun might occur, Total time : 2868.611 us (Expected < 1000.000 us) --> Read time : 34.957 us, Update time : 219.143 us, Write time : 2614.511 us
[ros2_control_node-1] [WARN] [1776902551.519897211] [controller_manager]: Overrun detected! The controller manager missed its desired rate of 1000 Hz. The loop took 2.955445 ms (missed cycles : 3).
[clear_table-13] [WARN] [1776902551.521249916] [clear_table_node]: Recovering motion state. pick and place failure for Cube
[clear_table-13] [INFO] [1776902551.657935891] [clear_table_node]: Parking arm to retract pose (recovery: pick and place failure for Cube).
[clear_table-13] [INFO] [1776902551.797510816] [clear_table_node]: Parking prep: tucking gripper for travel at width=0.120rad.
[clear_table-13] [INFO] [1776902551.797968811] [clear_table_node]: close_gripper(): closing gripper to width=0.120rad, force=10.0N
[ros2_control_node-1] [INFO] [1776902551.798793418] [robotiq_gripper_controller]: Received & accepted new action goal
[adl_ui-15] 127.0.0.1 - - [22/Apr/2026 20:02:31] "GET /status_json HTTP/1.1" 200 -
[clear_table-13] [INFO] [1776902551.952972228] [clear_table_node]: Gripper reached position=0.110 stalled=False reached_goal=True
[clear_table-13] [INFO] [1776902551.953424033] [clear_table_node]: go_retract: planning to RETRACT_JOINTS...
[move_group-20] [ERROR] [1776902551.954324670] [move_group.moveit.moveit.core.conversions]: Found empty JointState message
[clear_table-13] [INFO] [1776902551.959387654] [clear_table_node]: Start state: collision-valid — no collisions (not a joint-bounds check).
[move_group-20] [INFO] [1776902551.960554706] [move_group.moveit.moveit.ros.move_group.move_action]: MoveGroupMoveAction: Received request
[move_group-20] [INFO] [1776902551.960742117] [move_group.moveit.moveit.ros.move_group.move_action]: executing..
[move_group-20] [INFO] [1776902551.974981806] [move_group.moveit.moveit.ros.move_group.move_action]: Combined planning and execution request received for MoveGroup action. Forwarding to planning and execution pipeline.
[move_group-20] [WARN] [1776902551.975045773] [move_group.moveit.moveit.ros.move_group.capability]: Execution of motions should always start at the robot's current state. Ignoring the state supplied as start state in the motion planning request
[move_group-20] [WARN] [1776902551.975067189] [move_group.moveit.moveit.ros.move_group.capability]: Execution of motions should always start at the robot's current state. Ignoring the state supplied as difference in the planning scene diff
[move_group-20] [INFO] [1776902551.975080094] [move_group.moveit.moveit.ros.plan_execution]: Planning attempt 1 of at most 1
[move_group-20] [INFO] [1776902551.975373775] [move_group]: Calling PlanningRequestAdapter 'ResolveConstraintFrames'
[move_group-20] [INFO] [1776902551.975416169] [move_group]: Calling PlanningRequestAdapter 'ValidateWorkspaceBounds'
[move_group-20] [INFO] [1776902551.975436865] [move_group]: Calling PlanningRequestAdapter 'CheckStartStateBounds'
[move_group-20] [INFO] [1776902551.975467026] [move_group]: Calling PlanningRequestAdapter 'CheckStartStateCollision'
[move_group-20] [INFO] [1776902551.975913629] [move_group.moveit.moveit.planners.ompl.model_based_planning_context]: Planner configuration 'manipulator' will use planner 'geometric::RRTConnect'. Additional configuration parameters will be set when the planner is constructed.
[move_group-20] [INFO] [1776902551.975979579] [move_group]: Calling Planner 'OMPL'
[move_group-20] [INFO] [1776902552.005183310] [move_group]: Calling PlanningResponseAdapter 'AddTimeOptimalParameterization'
[move_group-20] [INFO] [1776902552.036773987] [move_group]: Calling PlanningResponseAdapter 'ValidateSolution'
[move_group-20] [INFO] [1776902552.041422496] [move_group]: Calling PlanningResponseAdapter 'DisplayMotionPath'
[move_group-20] [WARN] [1776902552.041960390] [move_group.moveit.moveit.ros.planning_pipeline]: The planner plugin did not fill out the 'planner_id' field of the MotionPlanResponse. Setting it to the planner ID name of the MotionPlanRequest assuming that the planner plugin does warn you if it does not use the requested planner.
[move_group-20] [INFO] [1776902552.042650941] [move_group.moveit.moveit.plugins.simple_controller_manager]: Returned 2 controllers in list
[move_group-20] [INFO] [1776902552.042686967] [move_group.moveit.moveit.plugins.simple_controller_manager]: Returned 2 controllers in list
[move_group-20] [INFO] [1776902552.042815341] [move_group.moveit.moveit.ros.trajectory_execution_manager]: Validating trajectory with allowed_start_tolerance 0.01
[move_group-20] [INFO] [1776902552.055264737] [move_group.moveit.moveit.ros.trajectory_execution_manager]: Starting trajectory execution ...
[move_group-20] [INFO] [1776902552.055344053] [move_group.moveit.moveit.plugins.simple_controller_manager]: Returned 2 controllers in list
[move_group-20] [INFO] [1776902552.055368737] [move_group.moveit.moveit.plugins.simple_controller_manager]: Returned 2 controllers in list
[move_group-20] [INFO] [1776902552.055541603] [moveit.simple_controller_manager.follow_joint_trajectory_controller_handle]: sending trajectory to joint_trajectory_controller
[ros2_control_node-1] [INFO] [1776902552.056127952] [joint_trajectory_controller]: Received new action goal
[ros2_control_node-1] [INFO] [1776902552.056255484] [joint_trajectory_controller]: Accepted new action goal
[move_group-20] [INFO] [1776902552.056518788] [moveit.simple_controller_manager.follow_joint_trajectory_controller_handle]: joint_trajectory_controller started execution
[move_group-20] [INFO] [1776902552.056533231] [moveit.simple_controller_manager.follow_joint_trajectory_controller_handle]: Goal request accepted!
[wrist_camera_usb_publisher-8] [INFO] [1776902552.426786791] [wrist_camera_usb_publisher_node]: USB camera publisher heartbeat: publishing 1280x720 frames on /wrist_mounted_camera/image; camera_info fx=920.87, fy=921.57, cx=644.76, cy=343.15.
[ros2_control_node-1] [WARN] [1776902552.522870062] [controller_manager]: Overrun might occur, Total time : 2887.399 us (Expected < 1000.000 us) --> Read time : 29.429 us, Update time : 174.183 us, Write time : 2683.787 us
[ros2_control_node-1] [WARN] [1776902552.522936957] [controller_manager]: Overrun detected! The controller manager missed its desired rate of 1000 Hz. The loop took 2.995833 ms (missed cycles : 3).
[adl_ui-15] 127.0.0.1 - - [22/Apr/2026 20:02:32] "GET /status_json HTTP/1.1" 200 -
[vision_apriltag-9] [INFO] [1776902552.911982334] [vision_apriltag_node]: Vision AprilTag: scene is locked; detection publishing is paused.
[adl_ui-15] 127.0.0.1 - - [22/Apr/2026 20:02:33] "GET /status_json HTTP/1.1" 200 -
[ros2_control_node-1] [WARN] [1776902553.523961148] [controller_manager]: Overrun might occur, Total time : 2990.016 us (Expected < 1000.000 us) --> Read time : 53.537 us, Update time : 226.629 us, Write time : 2709.850 us
[ros2_control_node-1] [WARN] [1776902553.524041448] [controller_manager]: Overrun detected! The controller manager missed its desired rate of 1000 Hz. The loop took 3.100263 ms (missed cycles : 4).
[adl_ui-15] 127.0.0.1 - - [22/Apr/2026 20:02:34] "GET /status_json HTTP/1.1" 200 -
[joint_state_sanitizer-3] [WARN] [1776902554.312529321] [joint_state_sanitizer_node]: [joint_state_sanitizer] Published sanitized joint state: joint_1:+3.134->+3.132
[ros2_control_node-1] [WARN] [1776902554.524606752] [controller_manager]: Overrun might occur, Total time : 2644.372 us (Expected < 1000.000 us) --> Read time : 33.111 us, Update time : 262.067 us, Write time : 2349.194 us
[ros2_control_node-1] [WARN] [1776902554.524695702] [controller_manager]: Overrun detected! The controller manager missed its desired rate of 1000 Hz. The loop took 2.753995 ms (missed cycles : 3).
[adl_ui-15] 127.0.0.1 - - [22/Apr/2026 20:02:34] "GET /status_json HTTP/1.1" 200 -
[vision_apriltag-9] [INFO] [1776902554.911760807] [vision_apriltag_node]: Vision AprilTag: scene is locked; detection publishing is paused.
[ros2_control_node-1] [WARN] [1776902555.527387069] [controller_manager]: Overrun might occur, Total time : 3422.110 us (Expected < 1000.000 us) --> Read time : 38.681 us, Update time : 245.318 us, Write time : 3138.111 us
[ros2_control_node-1] [WARN] [1776902555.527462147] [controller_manager]: Overrun detected! The controller manager missed its desired rate of 1000 Hz. The loop took 3.518464 ms (missed cycles : 4).
[adl_ui-15] 127.0.0.1 - - [22/Apr/2026 20:02:35] "GET /status_json HTTP/1.1" 200 -
[adl_ui-15] 127.0.0.1 - - [22/Apr/2026 20:02:36] "GET /status_json HTTP/1.1" 200 -
[ros2_control_node-1] [WARN] [1776902556.527721328] [controller_manager]: Overrun might occur, Total time : 2735.673 us (Expected < 1000.000 us) --> Read time : 39.532 us, Update time : 222.358 us, Write time : 2473.783 us
[ros2_control_node-1] [WARN] [1776902556.527794673] [controller_manager]: Overrun detected! The controller manager missed its desired rate of 1000 Hz. The loop took 2.852941 ms (missed cycles : 3).
[vision_apriltag-9] [INFO] [1776902556.911854453] [vision_apriltag_node]: Vision AprilTag: scene is locked; detection publishing is paused.
[adl_ui-15] 127.0.0.1 - - [22/Apr/2026 20:02:37] "GET /status_json HTTP/1.1" 200 -
[ros2_control_node-1] [WARN] [1776902557.530018566] [controller_manager]: Overrun might occur, Total time : 3061.625 us (Expected < 1000.000 us) --> Read time : 32.231 us, Update time : 276.677 us, Write time : 2752.717 us
[ros2_control_node-1] [WARN] [1776902557.530066311] [controller_manager]: Overrun detected! The controller manager missed its desired rate of 1000 Hz. The loop took 3.125283 ms (missed cycles : 4).
[wrist_camera_usb_publisher-8] [INFO] [1776902557.589859149] [wrist_camera_usb_publisher_node]: USB camera publisher heartbeat: publishing 1280x720 frames on /wrist_mounted_camera/image; camera_info fx=920.87, fy=921.57, cx=644.76, cy=343.15.
[adl_ui-15] 127.0.0.1 - - [22/Apr/2026 20:02:37] "GET /status_json HTTP/1.1" 200 -
[ros2_control_node-1] [WARN] [1776902558.530647686] [controller_manager]: Overrun might occur, Total time : 2690.459 us (Expected < 1000.000 us) --> Read time : 24.576 us, Update time : 228.178 us, Write time : 2437.705 us
[ros2_control_node-1] [WARN] [1776902558.530733266] [controller_manager]: Overrun detected! The controller manager missed its desired rate of 1000 Hz. The loop took 2.791280 ms (missed cycles : 3).
[adl_ui-15] 127.0.0.1 - - [22/Apr/2026 20:02:38] "GET /status_json HTTP/1.1" 200 -
[vision_apriltag-9] [INFO] [1776902558.912690900] [vision_apriltag_node]: Vision AprilTag: scene is locked; detection publishing is paused.
[adl_ui-15] 127.0.0.1 - - [22/Apr/2026 20:02:39] "GET /status_json HTTP/1.1" 200 -
[ros2_control_node-1] [WARN] [1776902559.532322351] [controller_manager]: Overrun might occur, Total time : 2359.037 us (Expected < 1000.000 us) --> Read time : 21.156 us, Update time : 175.523 us, Write time : 2162.358 us
[ros2_control_node-1] [WARN] [1776902559.532388754] [controller_manager]: Overrun detected! The controller manager missed its desired rate of 1000 Hz. The loop took 2.447136 ms (missed cycles : 3).
[adl_ui-15] 127.0.0.1 - - [22/Apr/2026 20:02:40] "GET /status_json HTTP/1.1" 200 -
[ros2_control_node-1] [WARN] [1776902560.533506834] [controller_manager]: Overrun might occur, Total time : 2465.513 us (Expected < 1000.000 us) --> Read time : 46.506 us, Update time : 256.646 us, Write time : 2162.361 us
[ros2_control_node-1] [WARN] [1776902560.533572328] [controller_manager]: Overrun detected! The controller manager missed its desired rate of 1000 Hz. The loop took 2.630563 ms (missed cycles : 3).
[adl_ui-15] 127.0.0.1 - - [22/Apr/2026 20:02:40] "GET /status_json HTTP/1.1" 200 -
[vision_apriltag-9] [INFO] [1776902560.912087419] [vision_apriltag_node]: Vision AprilTag: scene is locked; detection publishing is paused.
[joint_state_sanitizer-3] [WARN] [1776902561.241664074] [joint_state_sanitizer_node]: [joint_state_sanitizer] Published sanitized joint state: joint_7:-3.134->-3.132
[ros2_control_node-1] [WARN] [1776902561.535039763] [controller_manager]: Overrun might occur, Total time : 3074.666 us (Expected < 1000.000 us) --> Read time : 35.332 us, Update time : 246.655 us, Write time : 2792.679 us
[ros2_control_node-1] [WARN] [1776902561.535112858] [controller_manager]: Overrun detected! The controller manager missed its desired rate of 1000 Hz. The loop took 3.170903 ms (missed cycles : 4).
[adl_ui-15] 127.0.0.1 - - [22/Apr/2026 20:02:41] "GET /status_json HTTP/1.1" 200 -
[adl_ui-15] 127.0.0.1 - - [22/Apr/2026 20:02:42] "GET /status_json HTTP/1.1" 200 -
[ros2_control_node-1] [WARN] [1776902562.535876365] [controller_manager]: Overrun might occur, Total time : 2880.354 us (Expected < 1000.000 us) --> Read time : 26.879 us, Update time : 179.611 us, Write time : 2673.864 us
[ros2_control_node-1] [WARN] [1776902562.535944631] [controller_manager]: Overrun detected! The controller manager missed its desired rate of 1000 Hz. The loop took 3.002540 ms (missed cycles : 4).
[wrist_camera_usb_publisher-8] [INFO] [1776902562.748294931] [wrist_camera_usb_publisher_node]: USB camera publisher heartbeat: publishing 1280x720 frames on /wrist_mounted_camera/image; camera_info fx=920.87, fy=921.57, cx=644.76, cy=343.15.
[vision_apriltag-9] [INFO] [1776902562.911378694] [vision_apriltag_node]: Vision AprilTag: scene is locked; detection publishing is paused.
[adl_ui-15] 127.0.0.1 - - [22/Apr/2026 20:02:43] "GET /status_json HTTP/1.1" 200 -
[ros2_control_node-1] [WARN] [1776902563.537652646] [controller_manager]: Overrun might occur, Total time : 2663.188 us (Expected < 1000.000 us) --> Read time : 119.974 us, Update time : 415.460 us, Write time : 2127.754 us
[ros2_control_node-1] [WARN] [1776902563.537747507] [controller_manager]: Overrun detected! The controller manager missed its desired rate of 1000 Hz. The loop took 2.805827 ms (missed cycles : 3).
[adl_ui-15] 127.0.0.1 - - [22/Apr/2026 20:02:43] "GET /status_json HTTP/1.1" 200 -
[ros2_control_node-1] [WARN] [1776902564.539531143] [controller_manager]: Overrun might occur, Total time : 2570.859 us (Expected < 1000.000 us) --> Read time : 34.361 us, Update time : 211.558 us, Write time : 2324.940 us
[ros2_control_node-1] [WARN] [1776902564.539587109] [controller_manager]: Overrun detected! The controller manager missed its desired rate of 1000 Hz. The loop took 2.645983 ms (missed cycles : 3).
[adl_ui-15] 127.0.0.1 - - [22/Apr/2026 20:02:44] "GET /status_json HTTP/1.1" 200 -
[vision_apriltag-9] [INFO] [1776902564.913376359] [vision_apriltag_node]: Vision AprilTag: scene is locked; detection publishing is paused.
[adl_ui-15] 127.0.0.1 - - [22/Apr/2026 20:02:45] "GET /status_json HTTP/1.1" 200 -
[ros2_control_node-1] [WARN] [1776902565.541470508] [controller_manager]: Overrun might occur, Total time : 2484.676 us (Expected < 1000.000 us) --> Read time : 31.808 us, Update time : 248.872 us, Write time : 2203.996 us
[ros2_control_node-1] [WARN] [1776902565.541546264] [controller_manager]: Overrun detected! The controller manager missed its desired rate of 1000 Hz. The loop took 2.603705 ms (missed cycles : 3).
[adl_ui-15] 127.0.0.1 - - [22/Apr/2026 20:02:46] "GET /status_json HTTP/1.1" 200 -
[ros2_control_node-1] [WARN] [1776902566.543942762] [controller_manager]: Overrun might occur, Total time : 2976.547 us (Expected < 1000.000 us) --> Read time : 41.310 us, Update time : 283.416 us, Write time : 2651.821 us
[ros2_control_node-1] [WARN] [1776902566.544076367] [controller_manager]: Overrun detected! The controller manager missed its desired rate of 1000 Hz. The loop took 3.133184 ms (missed cycles : 4).
[adl_ui-15] 127.0.0.1 - - [22/Apr/2026 20:02:46] "GET /status_json HTTP/1.1" 200 -
[vision_apriltag-9] [INFO] [1776902566.922394107] [vision_apriltag_node]: Vision AprilTag: scene is locked; detection publishing is paused.
[ros2_control_node-1] [WARN] [1776902567.544699932] [controller_manager]: Overrun might occur, Total time : 2740.321 us (Expected < 1000.000 us) --> Read time : 27.438 us, Update time : 197.349 us, Write time : 2515.534 us
[ros2_control_node-1] [WARN] [1776902567.544761120] [controller_manager]: Overrun detected! The controller manager missed its desired rate of 1000 Hz. The loop took 2.819658 ms (missed cycles : 3).
[adl_ui-15] 127.0.0.1 - - [22/Apr/2026 20:02:47] "GET /status_json HTTP/1.1" 200 -
[wrist_camera_usb_publisher-8] [INFO] [1776902567.909372440] [wrist_camera_usb_publisher_node]: USB camera publisher heartbeat: publishing 1280x720 frames on /wrist_mounted_camera/image; camera_info fx=920.87, fy=921.57, cx=644.76, cy=343.15.
[adl_ui-15] 127.0.0.1 - - [22/Apr/2026 20:02:48] "GET /status_json HTTP/1.1" 200 -
[ros2_control_node-1] [WARN] [1776902568.545276696] [controller_manager]: Overrun might occur, Total time : 2315.599 us (Expected < 1000.000 us) --> Read time : 29.120 us, Update time : 194.951 us, Write time : 2091.528 us
[ros2_control_node-1] [WARN] [1776902568.545363262] [controller_manager]: Overrun detected! The controller manager missed its desired rate of 1000 Hz. The loop took 2.421251 ms (missed cycles : 3).
[vision_apriltag-9] [INFO] [1776902568.919929429] [vision_apriltag_node]: Vision AprilTag: scene is locked; detection publishing is paused.
[adl_ui-15] 127.0.0.1 - - [22/Apr/2026 20:02:49] "GET /status_json HTTP/1.1" 200 -
[ros2_control_node-1] [WARN] [1776902569.547554377] [controller_manager]: Overrun might occur, Total time : 2592.763 us (Expected < 1000.000 us) --> Read time : 37.911 us, Update time : 275.746 us, Write time : 2279.106 us
[ros2_control_node-1] [WARN] [1776902569.547631018] [controller_manager]: Overrun detected! The controller manager missed its desired rate of 1000 Hz. The loop took 2.689693 ms (missed cycles : 3).
[adl_ui-15] 127.0.0.1 - - [22/Apr/2026 20:02:49] "GET /status_json HTTP/1.1" 200 -
[ros2_control_node-1] [WARN] [1776902570.547817287] [controller_manager]: Overrun might occur, Total time : 2847.049 us (Expected < 1000.000 us) --> Read time : 62.525 us, Update time : 220.642 us, Write time : 2563.882 us
[ros2_control_node-1] [WARN] [1776902570.547894537] [controller_manager]: Overrun detected! The controller manager missed its desired rate of 1000 Hz. The loop took 2.952575 ms (missed cycles : 3).
[adl_ui-15] 127.0.0.1 - - [22/Apr/2026 20:02:50] "GET /status_json HTTP/1.1" 200 -
[vision_apriltag-9] [INFO] [1776902570.911538321] [vision_apriltag_node]: Vision AprilTag: scene is locked; detection publishing is paused.
[adl_ui-15] 127.0.0.1 - - [22/Apr/2026 20:02:51] "GET /status_json HTTP/1.1" 200 -
[ros2_control_node-1] [WARN] [1776902571.549063948] [controller_manager]: Overrun might occur, Total time : 3086.397 us (Expected < 1000.000 us) --> Read time : 45.068 us, Update time : 329.716 us, Write time : 2711.613 us
[ros2_control_node-1] [WARN] [1776902571.549126970] [controller_manager]: Overrun detected! The controller manager missed its desired rate of 1000 Hz. The loop took 3.185179 ms (missed cycles : 4).
[adl_ui-15] 127.0.0.1 - - [22/Apr/2026 20:02:52] "GET /status_json HTTP/1.1" 200 -
[ros2_control_node-1] [WARN] [1776902572.550209286] [controller_manager]: Overrun might occur, Total time : 2224.248 us (Expected < 1000.000 us) --> Read time : 27.268 us, Update time : 188.679 us, Write time : 2008.301 us
[ros2_control_node-1] [WARN] [1776902572.550266425] [controller_manager]: Overrun detected! The controller manager missed its desired rate of 1000 Hz. The loop took 2.324931 ms (missed cycles : 3).
[vision_apriltag-9] [INFO] [1776902572.912091049] [vision_apriltag_node]: Vision AprilTag: scene is locked; detection publishing is paused.
[adl_ui-15] 127.0.0.1 - - [22/Apr/2026 20:02:52] "GET /status_json HTTP/1.1" 200 -
[wrist_camera_usb_publisher-8] [INFO] [1776902573.070013470] [wrist_camera_usb_publisher_node]: USB camera publisher heartbeat: publishing 1280x720 frames on /wrist_mounted_camera/image; camera_info fx=920.87, fy=921.57, cx=644.76, cy=343.15.
[ros2_control_node-1] [WARN] [1776902573.552076193] [controller_manager]: Overrun might occur, Total time : 3107.082 us (Expected < 1000.000 us) --> Read time : 40.699 us, Update time : 270.161 us, Write time : 2796.222 us
[ros2_control_node-1] [WARN] [1776902573.552152539] [controller_manager]: Overrun detected! The controller manager missed its desired rate of 1000 Hz. The loop took 3.210300 ms (missed cycles : 4).
[adl_ui-15] 127.0.0.1 - - [22/Apr/2026 20:02:53] "GET /status_json HTTP/1.1" 200 -
[ros2_control_node-1] [INFO] [1776902574.127242180] [joint_trajectory_controller]: Goal reached, success!
[move_group-20] [INFO] [1776902574.157048044] [moveit.simple_controller_manager.follow_joint_trajectory_controller_handle]: Controller 'joint_trajectory_controller' successfully finished
[move_group-20] [INFO] [1776902574.215008775] [move_group.moveit.moveit.ros.trajectory_execution_manager]: Completed trajectory execution with status SUCCEEDED ...
[move_group-20] [INFO] [1776902574.216150214] [move_group.moveit.moveit.ros.move_group.move_action]: Solution was found and executed.
[move_group-20] [WARN] [1776902574.325307381] [move_group.moveit.moveit.core.planning_scene]: Tried to remove world object 'clear_table_approach_table_top_keepout', but it does not exist in this scene.
[clear_table-13] [INFO] [1776902574.325936393] [clear_table_node]: Removed temporary table-top keepout 'clear_table_approach_table_top_keepout'.
[clear_table-13] [INFO] [1776902574.431064317] [clear_table_node]: Scene UNLOCKED.
[scene_from_vision-10] [INFO] [1776902574.442154634] [scene_from_vision_node]: Scene UNLOCKED - updates resuming.
[adl_ui-15] 127.0.0.1 - - [22/Apr/2026 20:02:54] "GET /status_json HTTP/1.1" 200 -
[ros2_control_node-1] [WARN] [1776902574.553953362] [controller_manager]: Overrun might occur, Total time : 2992.850 us (Expected < 1000.000 us) --> Read time : 49.245 us, Update time : 176.082 us, Write time : 2767.523 us
[ros2_control_node-1] [WARN] [1776902574.554005334] [controller_manager]: Overrun detected! The controller manager missed its desired rate of 1000 Hz. The loop took 3.063637 ms (missed cycles : 4).
[clear_table-13] [ERROR] [1776902574.583341910] [clear_table_node]: Failed to clear object Cube (ID 4) on attempt 1/1.
[clear_table-13] [INFO] [1776902574.721107814] [clear_table_node]: go_retract: planning to RETRACT_JOINTS...
[move_group-20] [ERROR] [1776902574.721883525] [move_group.moveit.moveit.core.conversions]: Found empty JointState message
[clear_table-13] [INFO] [1776902574.724514855] [clear_table_node]: Start state: collision-valid — no collisions (not a joint-bounds check).
[move_group-20] [INFO] [1776902574.725719478] [move_group.moveit.moveit.ros.move_group.move_action]: MoveGroupMoveAction: Received request
[move_group-20] [INFO] [1776902574.725911551] [move_group.moveit.moveit.ros.move_group.move_action]: executing..
[move_group-20] [INFO] [1776902574.735820792] [move_group.moveit.moveit.ros.move_group.move_action]: Combined planning and execution request received for MoveGroup action. Forwarding to planning and execution pipeline.
[move_group-20] [WARN] [1776902574.735927498] [move_group.moveit.moveit.ros.move_group.capability]: Execution of motions should always start at the robot's current state. Ignoring the state supplied as start state in the motion planning request
[move_group-20] [WARN] [1776902574.735956517] [move_group.moveit.moveit.ros.move_group.capability]: Execution of motions should always start at the robot's current state. Ignoring the state supplied as difference in the planning scene diff
[move_group-20] [INFO] [1776902574.735971933] [move_group.moveit.moveit.ros.plan_execution]: Planning attempt 1 of at most 1
[move_group-20] [INFO] [1776902574.736848300] [move_group]: Calling PlanningRequestAdapter 'ResolveConstraintFrames'
[move_group-20] [INFO] [1776902574.736959933] [move_group]: Calling PlanningRequestAdapter 'ValidateWorkspaceBounds'
[move_group-20] [INFO] [1776902574.736977270] [move_group]: Calling PlanningRequestAdapter 'CheckStartStateBounds'
[move_group-20] [INFO] [1776902574.737035319] [move_group]: Calling PlanningRequestAdapter 'CheckStartStateCollision'
[move_group-20] [INFO] [1776902574.737712138] [move_group.moveit.moveit.planners.ompl.model_based_planning_context]: Planner configuration 'manipulator' will use planner 'geometric::RRTConnect'. Additional configuration parameters will be set when the planner is constructed.
[move_group-20] [INFO] [1776902574.738041675] [move_group]: Calling Planner 'OMPL'
[move_group-20] [INFO] [1776902574.760560054] [move_group]: Calling PlanningResponseAdapter 'AddTimeOptimalParameterization'
[move_group-20] [INFO] [1776902574.760908183] [move_group]: Calling PlanningResponseAdapter 'ValidateSolution'
[move_group-20] [INFO] [1776902574.761225739] [move_group]: Calling PlanningResponseAdapter 'DisplayMotionPath'
[move_group-20] [WARN] [1776902574.761322845] [move_group.moveit.moveit.ros.planning_pipeline]: The planner plugin did not fill out the 'planner_id' field of the MotionPlanResponse. Setting it to the planner ID name of the MotionPlanRequest assuming that the planner plugin does warn you if it does not use the requested planner.
[move_group-20] [INFO] [1776902574.761457153] [move_group.moveit.moveit.plugins.simple_controller_manager]: Returned 2 controllers in list
[move_group-20] [INFO] [1776902574.761487875] [move_group.moveit.moveit.plugins.simple_controller_manager]: Returned 2 controllers in list
[move_group-20] [INFO] [1776902574.761552685] [move_group.moveit.moveit.ros.trajectory_execution_manager]: Validating trajectory with allowed_start_tolerance 0.01
[move_group-20] [INFO] [1776902574.775415649] [move_group.moveit.moveit.ros.trajectory_execution_manager]: Starting trajectory execution ...
[move_group-20] [INFO] [1776902574.775490813] [move_group.moveit.moveit.plugins.simple_controller_manager]: Returned 2 controllers in list
[move_group-20] [INFO] [1776902574.775526034] [move_group.moveit.moveit.plugins.simple_controller_manager]: Returned 2 controllers in list
[move_group-20] [INFO] [1776902574.775720416] [moveit.simple_controller_manager.follow_joint_trajectory_controller_handle]: sending trajectory to joint_trajectory_controller
[ros2_control_node-1] [INFO] [1776902574.776135116] [joint_trajectory_controller]: Received new action goal
[ros2_control_node-1] [INFO] [1776902574.776177780] [joint_trajectory_controller]: Accepted new action goal
[move_group-20] [INFO] [1776902574.776791864] [moveit.simple_controller_manager.follow_joint_trajectory_controller_handle]: joint_trajectory_controller started execution
[move_group-20] [INFO] [1776902574.776809091] [moveit.simple_controller_manager.follow_joint_trajectory_controller_handle]: Goal request accepted!
[vision_apriltag-9] [INFO] [1776902574.911730368] [vision_apriltag_node]: Vision AprilTag: images are arriving, but no AprilTag has been seen for 122.8s.
[vision_apriltag-9] [INFO] [1776902574.958016319] [vision_apriltag_node]: Vision AprilTag detection debug: no tags found after raw/CLAHE/sharp/adaptive/upscaled/tiled passes.
[ros2_control_node-1] [INFO] [1776902575.099078363] [joint_trajectory_controller]: Goal reached, success!
[move_group-20] [INFO] [1776902575.177204346] [moveit.simple_controller_manager.follow_joint_trajectory_controller_handle]: Controller 'joint_trajectory_controller' successfully finished
[adl_ui-15] 127.0.0.1 - - [22/Apr/2026 20:02:55] "GET /status_json HTTP/1.1" 200 -
[move_group-20] [INFO] [1776902575.236365227] [move_group.moveit.moveit.ros.trajectory_execution_manager]: Completed trajectory execution with status SUCCEEDED ...
[move_group-20] [INFO] [1776902575.245955364] [move_group.moveit.moveit.ros.move_group.move_action]: Solution was found and executed.
[clear_table-13] [INFO] [1776902575.353167760] [clear_table_node]: [Cube failed] transition reseed via retract: OK.
[clear_table-13] [ERROR] [1776902575.456473725] [clear_table_node]: Failed to clear object Cube (ID 4). Retry budget exhausted; skipping and continuing with next object.
[ros2_control_node-1] [WARN] [1776902575.554031766] [controller_manager]: Overrun might occur, Total time : 3069.722 us (Expected < 1000.000 us) --> Read time : 36.938 us, Update time : 207.606 us, Write time : 2825.178 us
[ros2_control_node-1] [WARN] [1776902575.554114447] [controller_manager]: Overrun detected! The controller manager missed its desired rate of 1000 Hz. The loop took 3.172098 ms (missed cycles : 4).
[clear_table-13] [INFO] [1776902575.814376341] [clear_table_node]: All objects processed. Waiting for shared controller to park to retract.
[clear_table-13] [INFO] [1776902575.820206869] [clear_table_node]: Clear table task completed: 0/1 objects cleared.
[clear_table-13] [WARN] [1776902575.828271960] [clear_table_node]: Objects skipped due to failures: [(4, 'Cube')]
[adl_controller-11] [WARN] [1776902575.831807356] [adl_controller_node]: clear_table reached terminal status (FAILED); skipping automatic retract so recovery motion does not stack onto a possibly unhealthy controller state.
[adl_ui-15] 127.0.0.1 - - [22/Apr/2026 20:02:55] "GET /status_json HTTP/1.1" 200 -
[ros2_control_node-1] [WARN] [1776902576.554665043] [controller_manager]: Overrun might occur, Total time : 2706.182 us (Expected < 1000.000 us) --> Read time : 36.325 us, Update time : 193.722 us, Write time : 2476.135 us
[ros2_control_node-1] [WARN] [1776902576.554744217] [controller_manager]: Overrun detected! The controller manager missed its desired rate of 1000 Hz. The loop took 2.802012 ms (missed cycles : 3).
[adl_ui-15] 127.0.0.1 - - [22/Apr/2026 20:02:56] "GET /status_json HTTP/1.1" 200 -
[vision_apriltag-9] [INFO] [1776902576.912232731] [vision_apriltag_node]: Vision AprilTag: images are arriving, but no AprilTag has been seen for 124.8s.
[adl_ui-15] 127.0.0.1 - - [22/Apr/2026 20:02:57] "GET /status_json HTTP/1.1" 200 -
[ros2_control_node-1] [WARN] [1776902577.555482333] [controller_manager]: Overrun might occur, Total time : 3493.816 us (Expected < 1000.000 us) --> Read time : 109.848 us, Update time : 413.760 us, Write time : 2970.208 us
[ros2_control_node-1] [WARN] [1776902577.555578571] [controller_manager]: Overrun detected! The controller manager missed its desired rate of 1000 Hz. The loop took 3.636228 ms (missed cycles : 4).
[adl_ui-15] 127.0.0.1 - - [22/Apr/2026 20:02:58] "GET /status_json HTTP/1.1" 200 -
[wrist_camera_usb_publisher-8] [INFO] [1776902578.231466804] [wrist_camera_usb_publisher_node]: USB camera publisher heartbeat: publishing 1280x720 frames on /wrist_mounted_camera/image; camera_info fx=920.87, fy=921.57, cx=644.76, cy=343.15.
[ros2_control_node-1] [WARN] [1776902578.557649777] [controller_manager]: Overrun might occur, Total time : 2652.526 us (Expected < 1000.000 us) --> Read time : 50.629 us, Update time : 320.777 us, Write time : 2281.120 us
[ros2_control_node-1] [WARN] [1776902578.557730215] [controller_manager]: Overrun detected! The controller manager missed its desired rate of 1000 Hz. The loop took 2.787684 ms (missed cycles : 3).
[vision_apriltag-9] [INFO] [1776902578.912008535] [vision_apriltag_node]: Vision AprilTag: images are arriving, but no AprilTag has been seen for 126.8s.
[adl_ui-15] 127.0.0.1 - - [22/Apr/2026 20:02:58] "GET /status_json HTTP/1.1" 200 -
[ros2_control_node-1] [WARN] [1776902579.558354042] [controller_manager]: Overrun might occur, Total time : 2385.315 us (Expected < 1000.000 us) --> Read time : 48.548 us, Update time : 233.542 us, Write time : 2103.225 us
[ros2_control_node-1] [WARN] [1776902579.558428493] [controller_manager]: Overrun detected! The controller manager missed its desired rate of 1000 Hz. The loop took 2.486239 ms (missed cycles : 3).
[adl_ui-15] 127.0.0.1 - - [22/Apr/2026 20:02:59] "GET /status_json HTTP/1.1" 200 -
[vision_apriltag-9] [INFO] [1776902580.186963692] [vision_apriltag_node]: Vision AprilTag detection debug: no tags found after raw/CLAHE/sharp/adaptive/upscaled/tiled passes.
[adl_ui-15] 127.0.0.1 - - [22/Apr/2026 20:03:00] "GET /status_json HTTP/1.1" 200 -
[ros2_control_node-1] [WARN] [1776902580.563188697] [controller_manager]: Overrun might occur, Total time : 6219.813 us (Expected < 1000.000 us) --> Read time : 52.087 us, Update time : 305.187 us, Write time : 5862.539 us
[ros2_control_node-1] [WARN] [1776902580.563266094] [controller_manager]: Overrun detected! The controller manager missed its desired rate of 1000 Hz. The loop took 6.323995 ms (missed cycles : 7).
[vision_apriltag-9] [INFO] [1776902580.913576139] [vision_apriltag_node]: Vision AprilTag: images are arriving, but no AprilTag has been seen for 128.8s.
[adl_ui-15] 127.0.0.1 - - [22/Apr/2026 20:03:01] "GET /status_json HTTP/1.1" 200 -
[ros2_control_node-1] [WARN] [1776902581.565378446] [controller_manager]: Overrun might occur, Total time : 2414.073 us (Expected < 1000.000 us) --> Read time : 34.156 us, Update time : 215.673 us, Write time : 2164.244 us
[ros2_control_node-1] [WARN] [1776902581.565456078] [controller_manager]: Overrun detected! The controller manager missed its desired rate of 1000 Hz. The loop took 2.514074 ms (missed cycles : 3).
[adl_ui-15] 127.0.0.1 - - [22/Apr/2026 20:03:01] "GET /status_json HTTP/1.1" 200 -
[ros2_control_node-1] [WARN] [1776902582.565442618] [controller_manager]: Overrun might occur, Total time : 3472.737 us (Expected < 1000.000 us) --> Read time : 49.159 us, Update time : 225.869 us, Write time : 3197.709 us
[ros2_control_node-1] [WARN] [1776902582.565514157] [controller_manager]: Overrun detected! The controller manager missed its desired rate of 1000 Hz. The loop took 3.572374 ms (missed cycles : 4).
[adl_ui-15] 127.0.0.1 - - [22/Apr/2026 20:03:02] "GET /status_json HTTP/1.1" 200 -
[vision_apriltag-9] [INFO] [1776902582.911828974] [vision_apriltag_node]: Vision AprilTag: images are arriving, but no AprilTag has been seen for 130.8s.
[wrist_camera_usb_publisher-8] [INFO] [1776902583.232479486] [wrist_camera_usb_publisher_node]: USB camera publisher heartbeat: publishing 1280x720 frames on /wrist_mounted_camera/image; camera_info fx=920.87, fy=921.57, cx=644.76, cy=343.15.
[adl_ui-15] 127.0.0.1 - - [22/Apr/2026 20:03:03] "GET /status_json HTTP/1.1" 200 -
[ros2_control_node-1] [WARN] [1776902583.566476752] [controller_manager]: Overrun might occur, Total time : 2499.863 us (Expected < 1000.000 us) --> Read time : 65.499 us, Update time : 300.580 us, Write time : 2133.784 us
[ros2_control_node-1] [WARN] [1776902583.566560065] [controller_manager]: Overrun detected! The controller manager missed its desired rate of 1000 Hz. The loop took 2.618164 ms (missed cycles : 3).
[adl_ui-15] 127.0.0.1 - - [22/Apr/2026 20:03:04] "GET /status_json HTTP/1.1" 200 -
[ros2_control_node-1] [WARN] [1776902584.567078519] [controller_manager]: Overrun might occur, Total time : 3051.204 us (Expected < 1000.000 us) --> Read time : 88.715 us, Update time : 237.074 us, Write time : 2725.415 us
[ros2_control_node-1] [WARN] [1776902584.567146007] [controller_manager]: Overrun detected! The controller manager missed its desired rate of 1000 Hz. The loop took 3.204338 ms (missed cycles : 4).
[vision_apriltag-9] [INFO] [1776902584.911715866] [vision_apriltag_node]: Vision AprilTag: images are arriving, but no AprilTag has been seen for 132.8s.
[adl_ui-15] 127.0.0.1 - - [22/Apr/2026 20:03:04] "GET /status_json HTTP/1.1" 200 -
[vision_apriltag-9] [INFO] [1776902585.197464493] [vision_apriltag_node]: Vision AprilTag detection debug: no tags found after raw/CLAHE/sharp/adaptive/upscaled/tiled passes.
[ros2_control_node-1] [WARN] [1776902585.567355744] [controller_manager]: Overrun might occur, Total time : 2393.431 us (Expected < 1000.000 us) --> Read time : 36.446 us, Update time : 210.720 us, Write time : 2146.265 us
[ros2_control_node-1] [WARN] [1776902585.567414876] [controller_manager]: Overrun detected! The controller manager missed its desired rate of 1000 Hz. The loop took 2.473505 ms (missed cycles : 3).
[adl_ui-15] 127.0.0.1 - - [22/Apr/2026 20:03:05] "GET /status_json HTTP/1.1" 200 -
[adl_ui-15] 127.0.0.1 - - [22/Apr/2026 20:03:06] "GET /status_json HTTP/1.1" 200 -
[ros2_control_node-1] [WARN] [1776902586.569976649] [controller_manager]: Overrun might occur, Total time : 3011.109 us (Expected < 1000.000 us) --> Read time : 43.246 us, Update time : 266.626 us, Write time : 2701.237 us
[ros2_control_node-1] [WARN] [1776902586.570074673] [controller_manager]: Overrun detected! The controller manager missed its desired rate of 1000 Hz. The loop took 3.132801 ms (missed cycles : 4).
[vision_apriltag-9] [INFO] [1776902586.912428772] [vision_apriltag_node]: Vision AprilTag: images are arriving, but no AprilTag has been seen for 134.8s.
[adl_ui-15] 127.0.0.1 - - [22/Apr/2026 20:03:07] "GET /status_json HTTP/1.1" 200 -
[ros2_control_node-1] [WARN] [1776902587.570085422] [controller_manager]: Overrun might occur, Total time : 3111.178 us (Expected < 1000.000 us) --> Read time : 50.335 us, Update time : 298.829 us, Write time : 2762.014 us
[ros2_control_node-1] [WARN] [1776902587.570168180] [controller_manager]: Overrun detected! The controller manager missed its desired rate of 1000 Hz. The loop took 3.226423 ms (missed cycles : 4).
[adl_ui-15] 127.0.0.1 - - [22/Apr/2026 20:03:07] "GET /status_json HTTP/1.1" 200 -
[wrist_camera_usb_publisher-8] [INFO] [1776902588.386641066] [wrist_camera_usb_publisher_node]: USB camera publisher heartbeat: publishing 1280x720 frames on /wrist_mounted_camera/image; camera_info fx=920.87, fy=921.57, cx=644.76, cy=343.15.
[ros2_control_node-1] [WARN] [1776902588.573147102] [controller_manager]: Overrun might occur, Total time : 3181.192 us (Expected < 1000.000 us) --> Read time : 43.034 us, Update time : 244.120 us, Write time : 2894.038 us
[ros2_control_node-1] [WARN] [1776902588.573219703] [controller_manager]: Overrun detected! The controller manager missed its desired rate of 1000 Hz. The loop took 3.277909 ms (missed cycles : 4).
[adl_ui-15] 127.0.0.1 - - [22/Apr/2026 20:03:08] "GET /status_json HTTP/1.1" 200 -
[vision_apriltag-9] [INFO] [1776902589.426079650] [vision_apriltag_node]: Vision AprilTag: images are arriving, but no AprilTag has been seen for 137.3s.
[adl_ui-15] 127.0.0.1 - - [22/Apr/2026 20:03:09] "GET /status_json HTTP/1.1" 200 -
[ros2_control_node-1] [WARN] [1776902589.573534060] [controller_manager]: Overrun might occur, Total time : 2570.741 us (Expected < 1000.000 us) --> Read time : 35.833 us, Update time : 208.725 us, Write time : 2326.183 us
[ros2_control_node-1] [WARN] [1776902589.573592628] [controller_manager]: Overrun detected! The controller manager missed its desired rate of 1000 Hz. The loop took 2.651577 ms (missed cycles : 3).
[adl_ui-15] 127.0.0.1 - - [22/Apr/2026 20:03:10] "GET /status_json HTTP/1.1" 200 -
[vision_apriltag-9] [INFO] [1776902590.545894717] [vision_apriltag_node]: Vision AprilTag detection debug: no tags found after raw/CLAHE/sharp/adaptive/upscaled/tiled passes.
[ros2_control_node-1] [WARN] [1776902590.575121168] [controller_manager]: Overrun might occur, Total time : 3159.430 us (Expected < 1000.000 us) --> Read time : 34.236 us, Update time : 185.760 us, Write time : 2939.434 us
[ros2_control_node-1] [WARN] [1776902590.575191724] [controller_manager]: Overrun detected! The controller manager missed its desired rate of 1000 Hz. The loop took 3.249820 ms (missed cycles : 4).
[adl_ui-15] 127.0.0.1 - - [22/Apr/2026 20:03:10] "GET /status_json HTTP/1.1" 200 -
[vision_apriltag-9] [INFO] [1776902591.323200401] [vision_apriltag_node]: Vision AprilTag: images are arriving, but no AprilTag has been seen for 139.2s.
[ros2_control_node-1] [WARN] [1776902591.577447054] [controller_manager]: Overrun might occur, Total time : 2485.822 us (Expected < 1000.000 us) --> Read time : 37.183 us, Update time : 228.181 us, Write time : 2220.458 us
[ros2_control_node-1] [WARN] [1776902591.577512007] [controller_manager]: Overrun detected! The controller manager missed its desired rate of 1000 Hz. The loop took 2.570407 ms (missed cycles : 3).
