
===== 2026-04-29T12:59:27-04:00 | T1_full =====
cwd=/home/carrt-cse-project/workspace/ros2_kortex_ws
cmd=ros2 launch adl_tasks adl_start.launch.py controller_update_rate:=1000 arm_use_fake_hardware:=false arm_robot_ip:=192.168.0.10 clear_table_top_only_scan:=true launch_rviz:=true 

[INFO] [launch]: All log files can be found below /home/carrt-cse-project/.ros/log/2026-04-29-12-59-27-421326-carrt-cse-project-OptiPlex-5050-101873
[INFO] [launch]: Default logging verbosity is set to INFO
[arm_start.launch] controller_update_rate was explicitly overridden above 125 Hz for real hardware (1000 Hz); honoring the override for operator tuning even though recent logs showed overruns at that rate.
[INFO] [launch.user]: [arm_start.launch] MoveIt current state source: /joint_states_sanitized. Use use_joint_state_sanitizer:=false for raw-state viewer debugging.
[INFO] [launch.user]: [arm_start.launch] Using ADL controller config (share/adl_tasks/config/ros2_controllers_vbox.yaml, update_rate:=1000 Hz).
[INFO] [ros2_control_node-1]: process started with pid [101877]
[INFO] [robot_state_publisher-2]: process started with pid [101878]
[INFO] [joint_state_sanitizer-3]: process started with pid [101879]
[INFO] [spawner-4]: process started with pid [101880]
[INFO] [static_transform_publisher-5]: process started with pid [101881]
[INFO] [static_transform_publisher-6]: process started with pid [101882]
[INFO] [scene_static-7]: process started with pid [101883]
[INFO] [wrist_camera_usb_publisher-8]: process started with pid [101884]
[INFO] [vision_apriltag-9]: process started with pid [101885]
[INFO] [scene_from_vision-10]: process started with pid [101886]
[INFO] [adl_controller-11]: process started with pid [101887]
[INFO] [pick_dropped_bottle-12]: process started with pid [101888]
[INFO] [clear_table-13]: process started with pid [101889]
[INFO] [give_medication-14]: process started with pid [101890]
[INFO] [adl_ui-15]: process started with pid [101891]
[robot_state_publisher-2] [INFO] [1777481967.690151143] [robot_state_publisher]: Robot initialized
[static_transform_publisher-5] [INFO] [1777481967.715300899] [static_transform_publisher]: Spinning until stopped - publishing transform
[static_transform_publisher-5] translation: ('0.000000', '0.000000', '0.000000')
[static_transform_publisher-5] rotation: ('0.000000', '0.000000', '0.000000', '1.000000')
[static_transform_publisher-5] from 'world' to 'base_link'
[static_transform_publisher-6] [INFO] [1777481967.729087040] [camera_color_optical_bridge_tf_pub]: Spinning until stopped - publishing transform
[static_transform_publisher-6] translation: ('0.000000', '0.000000', '0.000000')
[static_transform_publisher-6] rotation: ('0.000000', '0.000000', '0.000000', '1.000000')
[static_transform_publisher-6] from 'camera_color_frame' to 'wrist_mounted_camera_color_optical_frame'
[ros2_control_node-1] [INFO] [1777481967.856992582] [controller_manager]: Using Steady (Monotonic) clock for triggering controller manager cycles.
[ros2_control_node-1] [INFO] [1777481967.872218448] [controller_manager]: Subscribing to '/robot_description' topic for robot description.
[ros2_control_node-1] [INFO] [1777481967.883799463] [controller_manager]: update rate is 1000 Hz
[ros2_control_node-1] [INFO] [1777481967.884341259] [controller_manager]: Overruns handling is : enabled
[ros2_control_node-1] [INFO] [1777481967.884354795] [controller_manager]: Spawning controller_manager RT thread with scheduler priority: 50
[ros2_control_node-1] [INFO] [1777481967.884441897] [controller_manager]: Successful set up FIFO RT scheduling policy with priority 50.
[ros2_control_node-1] [INFO] [1777481967.997123985] [controller_manager]: Received robot description from topic.
[ros2_control_node-1] [INFO] [1777481967.997199759] [controller_manager]: Enforcing command limits is disabled. Command limits from URDF will be ignored.
[ros2_control_node-1] [INFO] [1777481968.029879275] [controller_manager]: Loading hardware 'KortexMultiInterfaceHardware' 
[ros2_control_node-1] [INFO] [1777481968.095228401] [KortexMultiInterfaceHardware]: Setting severity threshold to DEBUG
[ros2_control_node-1] [INFO] [1777481968.095507177] [controller_manager]: Loaded hardware 'KortexMultiInterfaceHardware' from plugin 'kortex_driver/KortexMultiInterfaceHardware'
[ros2_control_node-1] [INFO] [1777481968.098104856] [controller_manager]: Initialize hardware 'KortexMultiInterfaceHardware' 
[ros2_control_node-1] [INFO] [1777481968.152806282] [KortexMultiInterfaceHardware]: Configuring Hardware Interface
[ros2_control_node-1] [INFO] [1777481968.158125087] [KortexMultiInterfaceHardware]: Robot ip is '192.168.0.10'
[ros2_control_node-1] [INFO] [1777481968.158146481] [KortexMultiInterfaceHardware]: Username is 'admin'
[ros2_control_node-1] [INFO] [1777481968.158160350] [KortexMultiInterfaceHardware]: Port used '10000'
[ros2_control_node-1] [INFO] [1777481968.158166118] [KortexMultiInterfaceHardware]: Realtime port used '10001'
[ros2_control_node-1] [INFO] [1777481968.158171479] [KortexMultiInterfaceHardware]: Session inactivity timeout is '60000'
[ros2_control_node-1] [INFO] [1777481968.158177115] [KortexMultiInterfaceHardware]: Connection inactivity timeout is '2000'
[ros2_control_node-1] [INFO] [1777481968.158184193] [KortexMultiInterfaceHardware]: Gripper joint name is 'robotiq_85_left_knuckle_joint'
[ros2_control_node-1] [INFO] [1777481968.158217607] [KortexMultiInterfaceHardware]: Connecting to robot at 192.168.0.10
[ros2_control_node-1] [INFO] [1777481968.169669192] [KortexMultiInterfaceHardware]: Creating session for communication
[ros2_control_node-1] [INFO] [1777481968.204532874] [KortexMultiInterfaceHardware]: Session created
[joint_state_sanitizer-3] [INFO] [1777481968.514072245] [joint_state_sanitizer_node]: joint_state_sanitizer started. raw=/joint_states -> sanitized=/joint_states_sanitized
[spawner-4] [INFO] [1777481968.529250299] [spawner_joint_state_broadcaster]: waiting for service /controller_manager/list_controllers to become available...
[adl_ui-15] [INFO] [1777481968.764105542] [adl_ui_node]: ADL UI Node started.
[adl_ui-15] [INFO] [1777481968.765536980] [adl_ui_node]: Automatic retract on UI load is disabled; startup sends no motion.
[adl_ui-15] [INFO] [1777481968.767437896] [adl_ui_node]: Web UI available at http://localhost:5000
[adl_ui-15]  * Serving Flask app 'adl_tasks.adl_ui'
[adl_ui-15]  * Debug mode: off
[adl_ui-15] WARNING: This is a development server. Do not use it in a production deployment. Use a production WSGI server instead.
[adl_ui-15]  * Running on all addresses (0.0.0.0)
[adl_ui-15]  * Running on http://127.0.0.1:5000
[adl_ui-15]  * Running on http://192.168.0.231:5000
[adl_ui-15] Press CTRL+C to quit
[scene_static-7] [INFO] [1777481968.868897957] [scene_static_node]: Static Scene Node started.
[scene_static-7] [INFO] [1777481968.869871134] [scene_static_node]: WHEELCHAIR_BASE_HEIGHT = 0.36195m  |  Table surface at z = 0.098m | Table front-edge-from-base = 0.406m | Table center at x = 0.681m | table_edge_lip_margin=0.0127m | table_edge_lip_thickness=0.0127m | table_edge_lip_height=0.460m | include_wheelchair_wall=True | include_left_desk_wall=True | include_right_desk_wall=True | include_arm_base_under_block=True | include_arm_base_side_lips=True | include_arm_base_left_back_block=True | include_arm_base_right_back_half_block=True
[scene_static-7] [INFO] [1777481968.870801908] [scene_static_node]: Wheelchair wall geometry: center=(-0.465, 0.000, 0.482) size=(0.450, 0.700, 1.688)
[scene_static-7] [INFO] [1777481968.871895676] [scene_static_node]: Arm-base under-block geometry: center=(0.000, 0.000, -0.212) size=(0.302, 0.378, 0.300) | platform=(0.200, 0.200) | margins(front/back=0.051, left/right=0.089)
[scene_static-7] [INFO] [1777481968.873180521] [scene_static_node]: Arm-base side-lip geometry: left_y=0.198, right_y=-0.198, center_z=-0.047, size=(0.314, 0.006, 0.030) | x_offset=-0.076, outset=0.006, front/back_margin=0.006
[scene_static-7] [INFO] [1777481968.874619562] [scene_static_node]: Arm-base left-back block geometry: center=(-0.177, 0.312, 0.482) size=(0.100, 0.408, 1.688) | inner_faces(x=-0.127, y=0.108) | left_wall_inner_face_y=0.504 | into_left_wall=0.013
[scene_static-7] [INFO] [1777481968.876233367] [scene_static_node]: Arm-base right-back half block geometry: center=(-0.177, -0.312, 0.060) size=(0.100, 0.408, 0.844) | inner_faces(x=-0.127, y=-0.108) | right_wall_inner_face_y=-0.504 | into_right_wall=0.013
[ros2_control_node-1] [INFO] [1777481968.985679599] [KortexMultiInterfaceHardware]: Actuator count reported by robot is '7'
[ros2_control_node-1] [INFO] [1777481968.985896319] [KortexMultiInterfaceHardware]: Using internal bus communication for gripper!
[ros2_control_node-1] [INFO] [1777481968.985905245] [KortexMultiInterfaceHardware]: Hardware Interface successfully configured
[ros2_control_node-1] [INFO] [1777481968.985998828] [controller_manager]: Successful initialization of hardware 'KortexMultiInterfaceHardware'
[ros2_control_node-1] [DEBUG] [1777481968.986067587] [KortexMultiInterfaceHardware]: export_state_interfaces for joint: joint_1
[ros2_control_node-1] [DEBUG] [1777481968.986094099] [KortexMultiInterfaceHardware]: export_state_interfaces for joint: joint_2
[ros2_control_node-1] [DEBUG] [1777481968.986100047] [KortexMultiInterfaceHardware]: export_state_interfaces for joint: joint_3
[ros2_control_node-1] [DEBUG] [1777481968.986104107] [KortexMultiInterfaceHardware]: export_state_interfaces for joint: joint_4
[ros2_control_node-1] [DEBUG] [1777481968.986107882] [KortexMultiInterfaceHardware]: export_state_interfaces for joint: joint_5
[ros2_control_node-1] [DEBUG] [1777481968.986112015] [KortexMultiInterfaceHardware]: export_state_interfaces for joint: joint_6
[ros2_control_node-1] [DEBUG] [1777481968.986115980] [KortexMultiInterfaceHardware]: export_state_interfaces for joint: joint_7
[ros2_control_node-1] [DEBUG] [1777481968.986119457] [KortexMultiInterfaceHardware]: export_state_interfaces for joint: robotiq_85_left_knuckle_joint
[ros2_control_node-1] [INFO] [1777481968.988191047] [resource_manager]: 'configure' hardware 'KortexMultiInterfaceHardware' 
[ros2_control_node-1] [INFO] [1777481968.988234200] [resource_manager]: Successful 'configure' of hardware 'KortexMultiInterfaceHardware'
[ros2_control_node-1] [INFO] [1777481968.988302411] [resource_manager]: 'activate' hardware 'KortexMultiInterfaceHardware' 
[ros2_control_node-1] [INFO] [1777481968.988325135] [KortexMultiInterfaceHardware]: Activating KortexMultiInterfaceHardware...
[ros2_control_node-1] [INFO] [1777481968.994517014] [KortexMultiInterfaceHardware]: Gripper initial position is '56.331879'.
[ros2_control_node-1] [INFO] [1777481969.001668463] [KortexMultiInterfaceHardware]: KortexMultiInterfaceHardware successfully activated!
[ros2_control_node-1] [INFO] [1777481969.001718900] [resource_manager]: Successful 'activate' of hardware 'KortexMultiInterfaceHardware'
[ros2_control_node-1] [INFO] [1777481969.002024852] [controller_manager]: Registering statistics for : KortexMultiInterfaceHardware
[ros2_control_node-1] [INFO] [1777481969.002200294] [controller_manager]: Resource Manager has been successfully initialized. Starting Controller Manager services...
[ros2_control_node-1] [WARN] [1777481969.018400868] [controller_manager]: Overrun might occur, Total time : 15813.683 us (Expected < 1000.000 us) --> Read time : 6989.971 us, Update time : 39.869 us, Write time : 8783.843 us
[ros2_control_node-1] [WARN] [1777481969.018613183] [controller_manager]: Overrun detected! The controller manager missed its desired rate of 1000 Hz. The loop took 16.060873 ms (missed cycles : 17).
[adl_ui-15] 127.0.0.1 - - [29/Apr/2026 12:59:29] "GET /status_json HTTP/1.1" 200 -
[scene_from_vision-10] [INFO] [1777481969.300499346] [scene_from_vision_node]: Scene From Vision Node Started
[clear_table-13] [INFO] [1777481969.317585598] [clear_table_node]: Clear Table Node Started
[clear_table-13] [INFO] [1777481969.397803931] [clear_table_node]: MoveItHelper initialized. joint_state_topic=/joint_states_sanitized (sanitized_expected=True) real_hardware_mode=True short_cartesian_mode=hybrid
[clear_table-13] [INFO] [1777481969.398767179] [clear_table_node]: ADL_DIRECT_FIXED_JOINTS is unset; defaulting fixed-joint direct trajectories to disabled on real hardware (collision-aware MoveIt path first).
[clear_table-13] [INFO] [1777481969.407710150] [clear_table_node]: Vision Client initialized, waiting for service...
[vision_apriltag-9] [INFO] [1777481969.538133002] [vision_apriltag_node]: Vision AprilTag Node Started
[vision_apriltag-9] [INFO] [1777481969.539665071] [vision_apriltag_node]: Subscribing to camera topic: /wrist_mounted_camera/image
[vision_apriltag-9] [INFO] [1777481969.541115617] [vision_apriltag_node]: Subscribing to camera info topic: /wrist_mounted_camera/camera_info
[vision_apriltag-9] [INFO] [1777481969.542213532] [vision_apriltag_node]: Camera frame: wrist_mounted_camera_color_optical_frame | use_image_header_frame=True
[vision_apriltag-9] [INFO] [1777481969.543818981] [vision_apriltag_node]: Tag size: 0.025m | pose_cache_retention_s=20.0 | get_pose_wait_timeout_s=5.0 | max_returned_pose_age_s=20.0 | camera_params=[554.25, 554.25, 320.0, 240.0] | families=tag36h11 | quad_decimate=1.0 | requested_backend=opencv | backend=cv2.aruco | opencv_pose_solver=ippe_square | use_image_timestamp_for_tf=False
[vision_apriltag-9] [INFO] [1777481969.545888396] [vision_apriltag_node]: Top-tag known-plane projection: enabled=True, planes={3: 0.11995, 4: 0.154438}
[vision_apriltag-9] [INFO] [1777481969.547798954] [vision_apriltag_node]: pupil_apriltags tuning: nthreads=1, quad_sigma=0.0, refine_edges=1, decode_sharpening=0.25, debug=0, preprocess_variants=['raw', 'clahe', 'adaptive', 'clahe_sharp', 'clahe_up2', 'sharp_up2'], tile_search_if_empty=True, tile_search_grid=3x2, tile_search_scale=2.0, tile_search_overlap=0.25
[vision_apriltag-9] [WARN] [1777481969.549171944] [vision_apriltag_node]: pupil_apriltags is not importable by this node, so detection is using OpenCV fallback only. python=/usr/bin/python3, import_error=No module named 'pupil_apriltags'. If .venv contains pupil_apriltags, rebuild adl_tasks with that venv active or run the module with the venv Python.
[vision_apriltag-9] [INFO] [1777481969.550460149] [vision_apriltag_node]: Publishing AprilTag debug images on /vision_apriltag/debug_image at up to 1.0 Hz.
[pick_dropped_bottle-12] [INFO] [1777481969.577969350] [pick_dropped_bottle_node]: PickDroppedBottle starting...
[pick_dropped_bottle-12] [INFO] [1777481969.640675171] [pick_dropped_bottle_node]: MoveItHelper initialized. joint_state_topic=/joint_states_sanitized (sanitized_expected=True) real_hardware_mode=True short_cartesian_mode=hybrid
[pick_dropped_bottle-12] [INFO] [1777481969.641604520] [pick_dropped_bottle_node]: ADL_DIRECT_FIXED_JOINTS is unset; defaulting fixed-joint direct trajectories to disabled on real hardware (collision-aware MoveIt path first).
[pick_dropped_bottle-12] [INFO] [1777481969.649061685] [pick_dropped_bottle_node]: Vision Client initialized, waiting for service...
[scene_from_vision-10] [INFO] [1777481969.702001550] [scene_from_vision_node]: SceneFromVision: Updating planning scene. Tracking 5 object shape(s). memory_mode=True, scan_duration_s=5.0, scan_min_samples=3, scan_target_samples=8, scan_extend_step_s=1.5, scan_max_extensions=2, scan_prune_unseen_objects=False, continuous_scene_updates=False, latch_first_detection_updates=True, log_object_pose_debug=False, apply_planning_scene_service_updates=True, publish_monitored_planning_scene_updates=True, side_viewpoint=wrist_mounted_camera_color_optical_frame->base_link, reject_table_objects_outside_bounds=False.
[scene_from_vision-10] [INFO] [1777481969.703207472] [scene_from_vision_node]: SceneFromVision calibration: xy_offset=(0.000, 0.000), z_offset=0.000, yaw_deg=0.00, xy_scale=1.0000, clamp_table_objects_to_table_bounds=False, table_bounds_margin_m=0.030.
[scene_from_vision-10] [INFO] [1777481969.705231239] [scene_from_vision_node]: SceneFromVision object offsets: remote_axis=y, remote_tag_to_center_sign=-1.0, remote_tag_from_end_m=0.020, remote_world_offset=(-0.040, 0.000), cube_tag_to_center=(0.000, 0.000), cube_world_offset=(0.000, -0.006), cube_yaw_offset_deg=0.0, medication_world_offset=(-0.150, -0.030), medication_face_to_center_m=0.027, cup_world_offset=(-0.085, -0.040), cup_face_to_center_m=0.031.
[clear_table-13] [INFO] [1777481969.910251906] [clear_table_node]: Vision service is ready.
[clear_table-13] [INFO] [1777481969.934273120] [clear_table_node]: Clear Table Node ready. Waiting for command.
[clear_table-13] [INFO] [1777481969.936982096] [clear_table_node]: Startup motion disabled at node load; motion begins only after clear_table command.
[clear_table-13] [INFO] [1777481969.939569120] [clear_table_node]: clear_table scan flags: top_only_scan_mode=True (ADL_CLEAR_TABLE_TOP_ONLY_SCAN='true'), two_phase_require_side_sweep_before_priority_exit=True (ADL_CLEAR_TABLE_REQUIRE_SIDE_SWEEP='true'), two_phase_top_full_sweep_before_priority_exit=True.
[adl_ui-15] 127.0.0.1 - - [29/Apr/2026 12:59:30] "GET /status_json HTTP/1.1" 200 -
[ros2_control_node-1] [WARN] [1777481970.019111836] [controller_manager]: Overrun might occur, Total time : 4506.505 us (Expected < 1000.000 us) --> Read time : 66.871 us, Update time : 35.376 us, Write time : 4404.258 us
[ros2_control_node-1] [WARN] [1777481970.019273461] [controller_manager]: Overrun detected! The controller manager missed its desired rate of 1000 Hz. The loop took 4.719792 ms (missed cycles : 5).
[pick_dropped_bottle-12] [INFO] [1777481970.149933406] [pick_dropped_bottle_node]: Vision service is ready.
[adl_controller-11] [INFO] [1777481970.150712562] [adl_controller_node]: MoveItHelper initialized. joint_state_topic=/joint_states_sanitized (sanitized_expected=True) real_hardware_mode=True short_cartesian_mode=hybrid
[adl_controller-11] [INFO] [1777481970.151664548] [adl_controller_node]: ADL_DIRECT_FIXED_JOINTS is unset; defaulting fixed-joint direct trajectories to disabled on real hardware (collision-aware MoveIt path first).
[pick_dropped_bottle-12] [INFO] [1777481970.154100950] [pick_dropped_bottle_node]: PickDroppedBottle ready. Waiting for command.
[pick_dropped_bottle-12] [INFO] [1777481970.154673690] [pick_dropped_bottle_node]: Startup motion disabled at node load; motion begins only after pick_dropped_bottle command.
[adl_controller-11] [INFO] [1777481970.161912596] [adl_controller_node]: ADL controller ready. Waiting for UI/system commands.
[give_medication-14] [INFO] [1777481970.360319498] [give_medication_node]: give_medication starting...
[give_medication-14] [INFO] [1777481970.416848530] [give_medication_node]: MoveItHelper initialized. joint_state_topic=/joint_states_sanitized (sanitized_expected=True) real_hardware_mode=True short_cartesian_mode=hybrid
[give_medication-14] [INFO] [1777481970.417403483] [give_medication_node]: ADL_DIRECT_FIXED_JOINTS is unset; defaulting fixed-joint direct trajectories to disabled on real hardware (collision-aware MoveIt path first).
[give_medication-14] [INFO] [1777481970.428211039] [give_medication_node]: Vision Client initialized, waiting for service...
[give_medication-14] [INFO] [1777481970.428759979] [give_medication_node]: Vision service is ready.
[give_medication-14] [INFO] [1777481970.434523823] [give_medication_node]: give_medication ready.
[adl_ui-15] 127.0.0.1 - - [29/Apr/2026 12:59:30] "GET /status_json HTTP/1.1" 200 -
[ros2_control_node-1] [WARN] [1777481971.023622102] [controller_manager]: Overrun might occur, Total time : 4008.749 us (Expected < 1000.000 us) --> Read time : 71.888 us, Update time : 40.657 us, Write time : 3896.204 us
[ros2_control_node-1] [WARN] [1777481971.023804011] [controller_manager]: Overrun detected! The controller manager missed its desired rate of 1000 Hz. The loop took 4.249002 ms (missed cycles : 5).
[scene_static-7] [WARN] [1777481971.027258437] [scene_static_node]: Planning scene service not available, waiting...
[wrist_camera_usb_publisher-8] [INFO] [1777481971.069650689] [wrist_camera_usb_publisher_node]: USB camera publisher: trying camera source index 2.
[wrist_camera_usb_publisher-8] [INFO] [1777481971.178906855] [wrist_camera_usb_publisher_node]: USB camera publisher: opened camera source index 2.
[wrist_camera_usb_publisher-8] [INFO] [1777481971.182927516] [wrist_camera_usb_publisher_node]: Wrist Camera USB Publisher started.
[wrist_camera_usb_publisher-8] [INFO] [1777481971.187726281] [wrist_camera_usb_publisher_node]: Publishing USB camera frames on /wrist_mounted_camera/image with frame_id=wrist_mounted_camera_color_optical_frame.
[wrist_camera_usb_publisher-8] [INFO] [1777481971.191148645] [wrist_camera_usb_publisher_node]: Publishing camera info on /wrist_mounted_camera/camera_info from reference intrinsics [554.25, 554.25, 320.0, 240.0] @ 640x480.
[wrist_camera_usb_publisher-8] [INFO] [1777481971.195772360] [wrist_camera_usb_publisher_node]: Using explicit camera_matrix for CameraInfo. matrix_size=1280x720, K=[920.874267578125, 0.0, 644.7646484375, 0.0, 921.5654907226562, 343.1528625488281, 0.0, 0.0, 1.0], d=[0.0, 0.0, 0.0, 0.0, 0.0]
[wrist_camera_usb_publisher-8] [INFO] [1777481971.200795309] [wrist_camera_usb_publisher_node]: Requested source=2 size=1280x720 fps=10.0
[adl_ui-15] 127.0.0.1 - - [29/Apr/2026 12:59:31] "GET /status_json HTTP/1.1" 200 -
[vision_apriltag-9] [WARN] [1777481971.501221111] [vision_apriltag_node]: Vision AprilTag: no images received yet on /wrist_mounted_camera/image.
[wrist_camera_usb_publisher-8] [INFO] [1777481971.855506732] [wrist_camera_usb_publisher_node]: USB camera info active intrinsics: size=1280x720, fx=920.87, fy=921.57, cx=644.76, cy=343.15, d=array('d', [0.0, 0.0, 0.0, 0.0, 0.0])
[wrist_camera_usb_publisher-8] [INFO] [1777481971.859645091] [wrist_camera_usb_publisher_node]: USB camera publisher heartbeat: publishing 1280x720 frames on /wrist_mounted_camera/image; camera_info fx=920.87, fy=921.57, cx=644.76, cy=343.15.
[vision_apriltag-9] [INFO] [1777481971.869188847] [vision_apriltag_node]: Vision AprilTag camera model updated from CameraInfo: size=1280x720, fx=920.87, fy=921.57, cx=644.76, cy=343.15, d=[0.0, 0.0, 0.0, 0.0, 0.0]
[ros2_control_node-1] [WARN] [1777481972.024655323] [controller_manager]: Overrun might occur, Total time : 3045.677 us (Expected < 1000.000 us) --> Read time : 83.731 us, Update time : 40.620 us, Write time : 2921.326 us
[ros2_control_node-1] [WARN] [1777481972.024835356] [controller_manager]: Overrun detected! The controller manager missed its desired rate of 1000 Hz. The loop took 3.279860 ms (missed cycles : 4).
[ros2_control_node-1] [INFO] [1777481972.058496819] [controller_manager]: Loading controller : 'joint_state_broadcaster' of type 'joint_state_broadcaster/JointStateBroadcaster'
[ros2_control_node-1] [INFO] [1777481972.059291433] [controller_manager]: Loading controller 'joint_state_broadcaster'
[ros2_control_node-1] [INFO] [1777481972.081587051] [controller_manager]: Controller 'joint_state_broadcaster' node arguments: --ros-args --params-file /home/carrt-cse-project/workspace/ros2_kortex_ws/install/adl_tasks/share/adl_tasks/config/ros2_controllers_vbox.yaml --params-file /tmp/launch_params_9m7gyntq 
[spawner-4] [INFO] [1777481972.139597767] [spawner_joint_state_broadcaster]: Loaded joint_state_broadcaster
[ros2_control_node-1] [INFO] [1777481972.143520208] [controller_manager]: Configuring controller: 'joint_state_broadcaster'
[ros2_control_node-1] [INFO] [1777481972.143883483] [joint_state_broadcaster]: 'joints' or 'interfaces' parameter is empty. All available state interfaces will be published
[ros2_control_node-1] [INFO] [1777481972.173557348] [controller_manager]: Activating controllers: [ joint_state_broadcaster ]
[ros2_control_node-1] [INFO] [1777481972.176293007] [controller_manager]: Successfully switched controllers!
[ros2_control_node-1] [WARN] [1777481972.178934743] [controller_manager]: Overrun might occur, Total time : 4362.869 us (Expected < 1000.000 us) --> Read time : 30.977 us, Update time : 1580.746 us (Switch time : 1546.684 us (Switch chained mode time : 1.852 us, perform mode change time : 3.753 us, Activation time : 1527.215 us, Deactivation time : 1.660 us)), Write time : 2751.146 us
[spawner-4] [INFO] [1777481972.182678496] [spawner_joint_state_broadcaster]: Configured and activated joint_state_broadcaster
[adl_ui-15] 127.0.0.1 - - [29/Apr/2026 12:59:32] "GET /status_json HTTP/1.1" 200 -
[INFO] [spawner-4]: process has finished cleanly [pid 101880]
[vision_apriltag-9] [INFO] [1777481972.578542517] [vision_apriltag_node]: Vision AprilTag detection debug: no tags found after raw/CLAHE/sharp/adaptive/upscaled/tiled passes.
[INFO] [spawner-16]: process started with pid [102159]
[INFO] [spawner-17]: process started with pid [102160]
[INFO] [spawner-18]: process started with pid [102161]
[INFO] [spawner-19]: process started with pid [102162]
[adl_ui-15] 127.0.0.1 - - [29/Apr/2026 12:59:32] "GET /status_json HTTP/1.1" 200 -
[ros2_control_node-1] [WARN] [1777481973.025711587] [controller_manager]: Overrun might occur, Total time : 2135.606 us (Expected < 1000.000 us) --> Read time : 39.366 us, Update time : 86.198 us, Write time : 2010.042 us
[ros2_control_node-1] [WARN] [1777481973.025776732] [controller_manager]: Overrun detected! The controller manager missed its desired rate of 1000 Hz. The loop took 2.224875 ms (missed cycles : 3).
[scene_static-7] [WARN] [1777481973.032692978] [scene_static_node]: Planning scene service not available, waiting...
[spawner-17] [INFO] [1777481973.371276588] [spawner_twist_controller]: waiting for service /controller_manager/list_controllers to become available...
[vision_apriltag-9] [INFO] [1777481973.501465636] [vision_apriltag_node]: Vision AprilTag: images are arriving on /wrist_mounted_camera/image, but no AprilTags have been detected yet.
[adl_ui-15] 127.0.0.1 - - [29/Apr/2026 12:59:33] "GET /status_json HTTP/1.1" 200 -
[ros2_control_node-1] [WARN] [1777481974.025728641] [controller_manager]: Overrun might occur, Total time : 5141.395 us (Expected < 1000.000 us) --> Read time : 42.549 us, Update time : 113.361 us, Write time : 4985.485 us
[ros2_control_node-1] [WARN] [1777481974.025831445] [controller_manager]: Overrun detected! The controller manager missed its desired rate of 1000 Hz. The loop took 5.278498 ms (missed cycles : 6).
[adl_ui-15] 127.0.0.1 - - [29/Apr/2026 12:59:34] "GET /status_json HTTP/1.1" 200 -
[ros2_control_node-1] [INFO] [1777481974.628059727] [controller_manager]: Loading controller : 'twist_controller' of type 'picknik_twist_controller/PicknikTwistController'
[ros2_control_node-1] [INFO] [1777481974.628107874] [controller_manager]: Loading controller 'twist_controller'
[ros2_control_node-1] [INFO] [1777481974.633721896] [controller_manager]: Controller 'twist_controller' node arguments: --ros-args --params-file /home/carrt-cse-project/workspace/ros2_kortex_ws/install/adl_tasks/share/adl_tasks/config/ros2_controllers_vbox.yaml --params-file /tmp/launch_params_9m7gyntq 
[spawner-17] [INFO] [1777481974.662165167] [spawner_twist_controller]: Loaded twist_controller
[ros2_control_node-1] [INFO] [1777481974.745122331] [controller_manager]: Configuring controller: 'twist_controller'
[ros2_control_node-1] [INFO] [1777481974.748014468] [twist_controller]: configure successful
[spawner-18] [INFO] [1777481974.873581869] [spawner_robotiq_gripper_controller]: waiting for service /controller_manager/list_controllers to become available...
[INFO] [spawner-17]: process has finished cleanly [pid 102160]
[ros2_control_node-1] [WARN] [1777481975.027385708] [controller_manager]: Overrun might occur, Total time : 2789.373 us (Expected < 1000.000 us) --> Read time : 19.522 us, Update time : 51.248 us, Write time : 2718.603 us
[ros2_control_node-1] [WARN] [1777481975.027461868] [controller_manager]: Overrun detected! The controller manager missed its desired rate of 1000 Hz. The loop took 2.909902 ms (missed cycles : 3).
[scene_static-7] [WARN] [1777481975.037527461] [scene_static_node]: Planning scene service not available, waiting...
[adl_ui-15] 127.0.0.1 - - [29/Apr/2026 12:59:35] "GET /status_json HTTP/1.1" 200 -
[ros2_control_node-1] [INFO] [1777481975.376325911] [controller_manager]: Loading controller : 'robotiq_gripper_controller' of type 'position_controllers/GripperActionController'
[ros2_control_node-1] [INFO] [1777481975.376358260] [controller_manager]: Loading controller 'robotiq_gripper_controller'
[ros2_control_node-1] [INFO] [1777481975.379385415] [controller_manager]: Controller 'robotiq_gripper_controller' node arguments: --ros-args --params-file /home/carrt-cse-project/workspace/ros2_kortex_ws/install/adl_tasks/share/adl_tasks/config/ros2_controllers_vbox.yaml --params-file /tmp/launch_params_9m7gyntq 
[ros2_control_node-1] [WARN] [1777481975.401668256] [robotiq_gripper_controller]: [Deprecated]: the `position_controllers/GripperActionController` and `effort_controllers::GripperActionController` controllers are replaced by 'parallel_gripper_controllers/GripperActionController' controller
[spawner-18] [INFO] [1777481975.406026372] [spawner_robotiq_gripper_controller]: Loaded robotiq_gripper_controller
[ros2_control_node-1] [INFO] [1777481975.408206875] [controller_manager]: Configuring controller: 'robotiq_gripper_controller'
[ros2_control_node-1] [INFO] [1777481975.408326910] [robotiq_gripper_controller]: Action status changes will be monitored at 20.000000 Hz.
[ros2_control_node-1] [INFO] [1777481975.412105438] [controller_manager]: Activating controllers: [ robotiq_gripper_controller ]
[vision_apriltag-9] [INFO] [1777481975.500340645] [vision_apriltag_node]: Vision AprilTag: images are arriving on /wrist_mounted_camera/image, but no AprilTags have been detected yet.
[ros2_control_node-1] [INFO] [1777481975.618936482] [controller_manager]: Successfully switched controllers!
[ros2_control_node-1] [WARN] [1777481975.620701502] [controller_manager]: Overrun might occur, Total time : 8136.533 us (Expected < 1000.000 us) --> Read time : 14.192 us, Update time : 6322.036 us (Switch time : 6271.587 us (Switch chained mode time : 1.177 us, perform mode change time : 13.846 us, Activation time : 6251.654 us, Deactivation time : 0.490 us)), Write time : 1800.305 us
[spawner-18] [INFO] [1777481975.624015402] [spawner_robotiq_gripper_controller]: Configured and activated robotiq_gripper_controller
[spawner-19] [INFO] [1777481975.777266824] [spawner_fault_controller]: waiting for service /controller_manager/list_controllers to become available...
[INFO] [spawner-18]: process has finished cleanly [pid 102161]
[adl_ui-15] 127.0.0.1 - - [29/Apr/2026 12:59:35] "GET /status_json HTTP/1.1" 200 -
[ros2_control_node-1] [WARN] [1777481976.029589416] [controller_manager]: Overrun might occur, Total time : 2024.723 us (Expected < 1000.000 us) --> Read time : 21.928 us, Update time : 75.346 us, Write time : 1927.449 us
[ros2_control_node-1] [WARN] [1777481976.029641164] [controller_manager]: Overrun detected! The controller manager missed its desired rate of 1000 Hz. The loop took 2.090144 ms (missed cycles : 3).
[adl_ui-15] 127.0.0.1 - - [29/Apr/2026 12:59:36] "GET /status_json HTTP/1.1" 200 -
[wrist_camera_usb_publisher-8] [INFO] [1777481976.965497814] [wrist_camera_usb_publisher_node]: USB camera publisher heartbeat: publishing 1280x720 frames on /wrist_mounted_camera/image; camera_info fx=920.87, fy=921.57, cx=644.76, cy=343.15.
[ros2_control_node-1] [WARN] [1777481977.029881527] [controller_manager]: Overrun might occur, Total time : 2289.664 us (Expected < 1000.000 us) --> Read time : 28.483 us, Update time : 124.974 us, Write time : 2136.207 us
[ros2_control_node-1] [WARN] [1777481977.030019786] [controller_manager]: Overrun detected! The controller manager missed its desired rate of 1000 Hz. The loop took 2.466470 ms (missed cycles : 3).
[ros2_control_node-1] [INFO] [1777481977.030988262] [controller_manager]: Loading controller : 'fault_controller' of type 'picknik_reset_fault_controller/PicknikResetFaultController'
[ros2_control_node-1] [INFO] [1777481977.031051761] [controller_manager]: Loading controller 'fault_controller'
[ros2_control_node-1] [INFO] [1777481977.034377630] [controller_manager]: Controller 'fault_controller' node arguments: --ros-args --params-file /home/carrt-cse-project/workspace/ros2_kortex_ws/install/adl_tasks/share/adl_tasks/config/ros2_controllers_vbox.yaml --params-file /tmp/launch_params_9m7gyntq 
[scene_static-7] [WARN] [1777481977.046295081] [scene_static_node]: Planning scene service not available, waiting...
[spawner-19] [INFO] [1777481977.073715611] [spawner_fault_controller]: Loaded fault_controller
[ros2_control_node-1] [INFO] [1777481977.157485028] [controller_manager]: Configuring controller: 'fault_controller'
[ros2_control_node-1] [INFO] [1777481977.244286972] [controller_manager]: Activating controllers: [ fault_controller ]
[vision_apriltag-9] [INFO] [1777481977.357869552] [vision_apriltag_node]: Vision AprilTag detection debug: no tags found after raw/CLAHE/sharp/adaptive/upscaled/tiled passes.
[ros2_control_node-1] [INFO] [1777481977.451531124] [controller_manager]: Successfully switched controllers!
[ros2_control_node-1] [WARN] [1777481977.453815797] [controller_manager]: Overrun might occur, Total time : 7243.497 us (Expected < 1000.000 us) --> Read time : 24.297 us, Update time : 4909.310 us (Switch time : 4824.864 us (Switch chained mode time : 1.034 us, perform mode change time : 15.054 us, Activation time : 4803.251 us, Deactivation time : 0.824 us)), Write time : 2309.890 us
[spawner-19] [INFO] [1777481977.456783912] [spawner_fault_controller]: Configured and activated fault_controller
[adl_ui-15] 127.0.0.1 - - [29/Apr/2026 12:59:37] "GET /status_json HTTP/1.1" 200 -
[vision_apriltag-9] [INFO] [1777481977.500653560] [vision_apriltag_node]: Vision AprilTag: images are arriving on /wrist_mounted_camera/image, but no AprilTags have been detected yet.
[spawner-16] [INFO] [1777481977.589920376] [spawner_joint_trajectory_controller]: waiting for service /controller_manager/list_controllers to become available...
[INFO] [spawner-19]: process has finished cleanly [pid 102162]
[ros2_control_node-1] [WARN] [1777481978.031597814] [controller_manager]: Overrun might occur, Total time : 2019.200 us (Expected < 1000.000 us) --> Read time : 31.168 us, Update time : 108.120 us, Write time : 1879.912 us
[ros2_control_node-1] [WARN] [1777481978.031711114] [controller_manager]: Overrun detected! The controller manager missed its desired rate of 1000 Hz. The loop took 2.158970 ms (missed cycles : 3).
[adl_ui-15] 127.0.0.1 - - [29/Apr/2026 12:59:38] "GET /status_json HTTP/1.1" 200 -
[ros2_control_node-1] [INFO] [1777481978.344820076] [controller_manager]: Loading controller : 'joint_trajectory_controller' of type 'joint_trajectory_controller/JointTrajectoryController'
[ros2_control_node-1] [INFO] [1777481978.344915575] [controller_manager]: Loading controller 'joint_trajectory_controller'
[ros2_control_node-1] [INFO] [1777481978.353669994] [controller_manager]: Controller 'joint_trajectory_controller' node arguments: --ros-args --params-file /home/carrt-cse-project/workspace/ros2_kortex_ws/install/adl_tasks/share/adl_tasks/config/ros2_controllers_vbox.yaml --params-file /tmp/launch_params_9m7gyntq 
[spawner-16] [INFO] [1777481978.423006712] [spawner_joint_trajectory_controller]: Loaded joint_trajectory_controller
[ros2_control_node-1] [INFO] [1777481978.435246875] [controller_manager]: Configuring controller: 'joint_trajectory_controller'
[ros2_control_node-1] [INFO] [1777481978.436494272] [joint_trajectory_controller]: No specific joint names are used for command interfaces. Using 'joints' parameter.
[ros2_control_node-1] [INFO] [1777481978.436994597] [joint_trajectory_controller]: Command interfaces are [position] and state interfaces are [position velocity].
[ros2_control_node-1] [INFO] [1777481978.437245282] [joint_trajectory_controller]: Using 'splines' interpolation method.
[ros2_control_node-1] [INFO] [1777481978.443746511] [joint_trajectory_controller]: Action status changes will be monitored at 10.00 Hz.
[ros2_control_node-1] [INFO] [1777481978.462891389] [controller_manager]: Activating controllers: [ joint_trajectory_controller ]
[ros2_control_node-1] [INFO] [1777481978.690124265] [controller_manager]: Successfully switched controllers!
[ros2_control_node-1] [WARN] [1777481978.692708340] [controller_manager]: Overrun might occur, Total time : 28137.450 us (Expected < 1000.000 us) --> Read time : 28.801 us, Update time : 25488.921 us (Switch time : 25362.583 us (Switch chained mode time : 3.389 us, perform mode change time : 24227.296 us, Activation time : 1125.574 us, Deactivation time : 1.008 us)), Write time : 2619.728 us
[spawner-16] [INFO] [1777481978.839261036] [spawner_joint_trajectory_controller]: Configured and activated joint_trajectory_controller
[adl_ui-15] 127.0.0.1 - - [29/Apr/2026 12:59:39] "GET /status_json HTTP/1.1" 200 -
[INFO] [spawner-16]: process has finished cleanly [pid 102159]
[ros2_control_node-1] [WARN] [1777481979.032820106] [controller_manager]: Overrun might occur, Total time : 3250.926 us (Expected < 1000.000 us) --> Read time : 43.524 us, Update time : 228.251 us, Write time : 2979.151 us
[ros2_control_node-1] [WARN] [1777481979.032905852] [controller_manager]: Overrun detected! The controller manager missed its desired rate of 1000 Hz. The loop took 3.354428 ms (missed cycles : 4).
[scene_static-7] [WARN] [1777481979.049131998] [scene_static_node]: Planning scene service not available, waiting...
[adl_ui-15] 127.0.0.1 - - [29/Apr/2026 12:59:39] "GET /status_json HTTP/1.1" 200 -
[ros2_control_node-1] [WARN] [1777481980.033340441] [controller_manager]: Overrun might occur, Total time : 2772.832 us (Expected < 1000.000 us) --> Read time : 27.131 us, Update time : 184.026 us, Write time : 2561.675 us
[ros2_control_node-1] [WARN] [1777481980.033416246] [controller_manager]: Overrun detected! The controller manager missed its desired rate of 1000 Hz. The loop took 2.864871 ms (missed cycles : 3).
[vision_apriltag-9] [INFO] [1777481980.050712217] [vision_apriltag_node]: Vision AprilTag: images are arriving on /wrist_mounted_camera/image, but no AprilTags have been detected yet.
[adl_ui-15] 127.0.0.1 - - [29/Apr/2026 12:59:40] "GET /status_json HTTP/1.1" 200 -
[INFO] [move_group-20]: process started with pid [102240]
[INFO] [rviz2-21]: process started with pid [102241]
[move_group-20] [INFO] [1777481980.829182858] [move_group.moveit.moveit.ros.rdf_loader]: Loaded robot model in 0.00865637 seconds
[move_group-20] [INFO] [1777481980.829298808] [move_group.moveit.moveit.core.robot_model]: Loading robot model 'gen3'...
[move_group-20] [INFO] [1777481980.829337493] [move_group.moveit.moveit.core.robot_model]: No root/virtual joint specified in SRDF. Assuming fixed joint
[move_group-20] [INFO] [1777481980.985447085] [move_group.moveit.moveit.kinematics.kdl_kinematics_plugin]: Joint weights for group 'manipulator': 1 1 1 1 1 1 1
[ros2_control_node-1] [WARN] [1777481981.033399784] [controller_manager]: Overrun might occur, Total time : 2824.525 us (Expected < 1000.000 us) --> Read time : 34.060 us, Update time : 215.060 us, Write time : 2575.405 us
[ros2_control_node-1] [WARN] [1777481981.033485864] [controller_manager]: Overrun detected! The controller manager missed its desired rate of 1000 Hz. The loop took 2.934048 ms (missed cycles : 3).
[scene_static-7] [WARN] [1777481981.052709455] [scene_static_node]: Planning scene service not available, waiting...
[rviz2-21] [INFO] [1777481981.118028993] [rviz2]: Stereo is NOT SUPPORTED
[rviz2-21] [INFO] [1777481981.118200280] [rviz2]: OpenGl version: 4.6 (GLSL 4.6)
[rviz2-21] [INFO] [1777481981.147645357] [rviz2]: Stereo is NOT SUPPORTED
[adl_ui-15] 127.0.0.1 - - [29/Apr/2026 12:59:41] "GET /status_json HTTP/1.1" 200 -
[rviz2-21] Warning: class_loader.impl: SEVERE WARNING!!! A namespace collision has occurred with plugin factory for class rviz_default_plugins::displays::InteractiveMarkerDisplay. New factory will OVERWRITE existing one. This situation occurs when libraries containing plugins are directly linked against an executable (the one running right now generating this message). Please separate plugins out into their own library or just don't link against the library and use either class_loader::ClassLoader/MultiLibraryClassLoader to open.
[rviz2-21]          at line 321 in /opt/ros/jazzy/include/class_loader/class_loader/class_loader_core.hpp
[rviz2-21] [WARN] [1777481981.310818465] [rcl.logging_rosout]: Publisher already registered for node name: 'rviz2_moveit'. If this is due to multiple nodes with the same name then all logs for the logger named 'rviz2_moveit' will go out over the existing publisher. As soon as any node with that name is destructed it will unregister the publisher, preventing any further logs for that name from being published on the rosout topic.
[move_group-20] [INFO] [1777481981.415920899] [move_group.moveit.moveit.ros.planning_scene_monitor]: Publishing maintained planning scene on 'monitored_planning_scene'
[move_group-20] [INFO] [1777481981.416183350] [move_group.moveit.moveit.ros.moveit_cpp]: Listening to 'joint_states' for joint states
[move_group-20] [INFO] [1777481981.418671477] [move_group.moveit.moveit.ros.current_state_monitor]: Listening to joint states on topic 'joint_states'
[move_group-20] [INFO] [1777481981.420029417] [move_group.moveit.moveit.ros.planning_scene_monitor]: Listening to '/attached_collision_object' for attached collision objects
[move_group-20] [INFO] [1777481981.420066407] [move_group.moveit.moveit.ros.planning_scene_monitor]: Stopping existing planning scene publisher.
[move_group-20] [INFO] [1777481981.420228836] [move_group.moveit.moveit.ros.planning_scene_monitor]: Stopped publishing maintained planning scene.
[move_group-20] [INFO] [1777481981.421043471] [move_group.moveit.moveit.ros.planning_scene_monitor]: Publishing maintained planning scene on 'monitored_planning_scene'
[move_group-20] [INFO] [1777481981.421175618] [move_group.moveit.moveit.ros.planning_scene_monitor]: Starting planning scene monitor
[move_group-20] [INFO] [1777481981.421978371] [move_group.moveit.moveit.ros.planning_scene_monitor]: Listening to '/planning_scene'
[move_group-20] [INFO] [1777481981.422006460] [move_group.moveit.moveit.ros.planning_scene_monitor]: Starting world geometry update monitor for collision objects, attached objects, octomap updates.
[move_group-20] [INFO] [1777481981.423187124] [move_group.moveit.moveit.ros.planning_scene_monitor]: Listening to 'collision_object'
[move_group-20] [INFO] [1777481981.423884273] [move_group.moveit.moveit.ros.planning_scene_monitor]: Listening to 'planning_scene_world' for planning scene world geometry
[move_group-20] [WARN] [1777481981.425107459] [move_group.moveit.moveit.ros.occupancy_map_monitor]: Resolution not specified for Octomap. Assuming resolution = 0.1 instead
[move_group-20] [ERROR] [1777481981.425169733] [move_group.moveit.moveit.ros.occupancy_map_monitor]: No 3D sensor plugin(s) defined for octomap updates
[vision_apriltag-9] [INFO] [1777481981.501469517] [vision_apriltag_node]: Vision AprilTag: images are arriving on /wrist_mounted_camera/image, but no AprilTags have been detected yet.
[move_group-20] [INFO] [1777481981.698762133] [move_group.moveit.moveit.ros.planning_pipeline]: Successfully loaded planner 'OMPL'
[move_group-20] [INFO] [1777481981.703932381] [move_group]: Try loading adapter 'default_planning_request_adapters/ResolveConstraintFrames'
[move_group-20] [INFO] [1777481981.705824957] [move_group]: Loaded adapter 'default_planning_request_adapters/ResolveConstraintFrames'
[move_group-20] [INFO] [1777481981.705859004] [move_group]: Try loading adapter 'default_planning_request_adapters/ValidateWorkspaceBounds'
[move_group-20] [INFO] [1777481981.706503272] [move_group]: Loaded adapter 'default_planning_request_adapters/ValidateWorkspaceBounds'
[move_group-20] [INFO] [1777481981.706525230] [move_group]: Try loading adapter 'default_planning_request_adapters/CheckStartStateBounds'
[move_group-20] [INFO] [1777481981.706568789] [move_group]: Loaded adapter 'default_planning_request_adapters/CheckStartStateBounds'
[move_group-20] [INFO] [1777481981.706578130] [move_group]: Try loading adapter 'default_planning_request_adapters/CheckStartStateCollision'
[move_group-20] [INFO] [1777481981.706597187] [move_group]: Loaded adapter 'default_planning_request_adapters/CheckStartStateCollision'
[move_group-20] [INFO] [1777481981.711935525] [move_group]: Try loading adapter 'default_planning_response_adapters/AddTimeOptimalParameterization'
[move_group-20] [INFO] [1777481981.716141204] [move_group]: Loaded adapter 'default_planning_response_adapters/AddTimeOptimalParameterization'
[move_group-20] [INFO] [1777481981.716168470] [move_group]: Try loading adapter 'default_planning_response_adapters/ValidateSolution'
[move_group-20] [INFO] [1777481981.719508770] [move_group]: Loaded adapter 'default_planning_response_adapters/ValidateSolution'
[move_group-20] [INFO] [1777481981.719537589] [move_group]: Try loading adapter 'default_planning_response_adapters/DisplayMotionPath'
[move_group-20] [INFO] [1777481981.720276925] [move_group]: Loaded adapter 'default_planning_response_adapters/DisplayMotionPath'
[move_group-20] [INFO] [1777481981.779050759] [move_group.moveit.moveit.plugins.simple_controller_manager]: Added FollowJointTrajectory controller for joint_trajectory_controller
[move_group-20] [INFO] [1777481981.779122014] [move_group.moveit.moveit.plugins.simple_controller_manager]: robotiq_gripper_controller will command a max effort of: 0
[move_group-20] [INFO] [1777481981.784446765] [move_group.moveit.moveit.plugins.simple_controller_manager]: Added GripperCommand controller for robotiq_gripper_controller
[move_group-20] [INFO] [1777481981.785063841] [move_group.moveit.moveit.plugins.simple_controller_manager]: Returned 2 controllers in list
[move_group-20] [INFO] [1777481981.785115875] [move_group.moveit.moveit.plugins.simple_controller_manager]: Returned 2 controllers in list
[move_group-20] [INFO] [1777481981.786241236] [move_group.moveit.moveit.ros.trajectory_execution_manager]: Trajectory execution is managing controllers
[move_group-20] [INFO] [1777481981.786288109] [move_group]: MoveGroup debug mode is ON
[scene_static-7] [INFO] [1777481981.805562183] [scene_static_node]: Planning scene service available. Building static scene...
[move_group-20] [INFO] [1777481981.826909333] [move_group.moveit.moveit.ros.move_group.executable]: 
[move_group-20] 
[move_group-20] ********************************************************
[move_group-20] * MoveGroup using: 
[move_group-20] *     - apply_planning_scene_service
[move_group-20] *     - clear_octomap_service
[move_group-20] *     - get_group_urdf
[move_group-20] *     - load_geometry_from_file
[move_group-20] *     - CartesianPathService
[move_group-20] *     - execute_trajectory_action
[move_group-20] *     - get_planning_scene_service
[move_group-20] *     - kinematics_service
[move_group-20] *     - move_action
[move_group-20] *     - motion_plan_service
[move_group-20] *     - query_planners_service
[move_group-20] *     - state_validation_service
[move_group-20] *     - save_geometry_to_file
[move_group-20] ********************************************************
[move_group-20] 
[move_group-20] [INFO] [1777481981.827007141] [move_group.moveit.moveit.ros.move_group.context]: MoveGroup context using pipeline ompl
[move_group-20] [INFO] [1777481981.827029981] [move_group.moveit.moveit.ros.move_group.context]: MoveGroup context initialization complete
[move_group-20] [96mLoading 'move_group/ApplyPlanningSceneService'...[0m
[move_group-20] [96mLoading 'move_group/ClearOctomapService'...[0m
[move_group-20] [96mLoading 'move_group/GetUrdfService'...[0m
[move_group-20] [96mLoading 'move_group/LoadGeometryFromFileService'...[0m
[move_group-20] [96mLoading 'move_group/MoveGroupCartesianPathService'...[0m
[move_group-20] [96mLoading 'move_group/MoveGroupExecuteTrajectoryAction'...[0m
[move_group-20] [96mLoading 'move_group/MoveGroupGetPlanningSceneService'...[0m
[move_group-20] [96mLoading 'move_group/MoveGroupKinematicsService'...[0m
[move_group-20] [96mLoading 'move_group/MoveGroupMoveAction'...[0m
[move_group-20] [96mLoading 'move_group/MoveGroupPlanService'...[0m
[move_group-20] [96mLoading 'move_group/MoveGroupQueryPlannersService'...[0m
[move_group-20] [96mLoading 'move_group/MoveGroupStateValidationService'...[0m
[move_group-20] [96mLoading 'move_group/SaveGeometryToFileService'...[0m
[move_group-20] 
[move_group-20] [92mYou can start planning now![0m
[move_group-20] 
[scene_static-7] [INFO] [1777481981.833097595] [scene_static_node]: Static scene built: 25 objects added to MoveIt planning scene.
[adl_ui-15] 127.0.0.1 - - [29/Apr/2026 12:59:42] "GET /status_json HTTP/1.1" 200 -
[ros2_control_node-1] [WARN] [1777481982.034280784] [controller_manager]: Overrun might occur, Total time : 2709.762 us (Expected < 1000.000 us) --> Read time : 23.906 us, Update time : 169.983 us, Write time : 2515.873 us
[ros2_control_node-1] [WARN] [1777481982.034347887] [controller_manager]: Overrun detected! The controller manager missed its desired rate of 1000 Hz. The loop took 2.796464 ms (missed cycles : 3).
[wrist_camera_usb_publisher-8] [INFO] [1777481982.126221186] [wrist_camera_usb_publisher_node]: USB camera publisher heartbeat: publishing 1280x720 frames on /wrist_mounted_camera/image; camera_info fx=920.87, fy=921.57, cx=644.76, cy=343.15.
[vision_apriltag-9] [INFO] [1777481982.534726142] [vision_apriltag_node]: Vision AprilTag detection debug: no tags found after raw/CLAHE/sharp/adaptive/upscaled/tiled passes.
[adl_ui-15] 127.0.0.1 - - [29/Apr/2026 12:59:42] "GET /status_json HTTP/1.1" 200 -
[ros2_control_node-1] [WARN] [1777481983.036210286] [controller_manager]: Overrun might occur, Total time : 2643.626 us (Expected < 1000.000 us) --> Read time : 20.790 us, Update time : 167.617 us, Write time : 2455.219 us
[ros2_control_node-1] [WARN] [1777481983.036274811] [controller_manager]: Overrun detected! The controller manager missed its desired rate of 1000 Hz. The loop took 2.723173 ms (missed cycles : 3).
[vision_apriltag-9] [INFO] [1777481983.517953665] [vision_apriltag_node]: Vision AprilTag: images are arriving on /wrist_mounted_camera/image, but no AprilTags have been detected yet.
[adl_ui-15] 127.0.0.1 - - [29/Apr/2026 12:59:43] "GET /status_json HTTP/1.1" 200 -
[ros2_control_node-1] [INFO] [1777481983.666938170] [controller_manager]: Received robot description from topic.
[ros2_control_node-1] [WARN] [1777481983.666982754] [controller_manager]: ResourceManager has already loaded a urdf. Ignoring attempt to reload a robot description.
[ros2_control_node-1] [WARN] [1777481984.037387743] [controller_manager]: Overrun might occur, Total time : 2824.495 us (Expected < 1000.000 us) --> Read time : 17.958 us, Update time : 139.380 us, Write time : 2667.157 us
[ros2_control_node-1] [WARN] [1777481984.037452247] [controller_manager]: Overrun detected! The controller manager missed its desired rate of 1000 Hz. The loop took 2.900699 ms (missed cycles : 3).
[adl_ui-15] 127.0.0.1 - - [29/Apr/2026 12:59:44] "GET /status_json HTTP/1.1" 200 -
[rviz2-21] [ERROR] [1777481984.376329079] [rviz2_moveit.moveit.ros.motion_planning_frame]: Action server: /recognize_objects not available
[rviz2-21] [INFO] [1777481984.425160023] [rviz2_moveit.moveit.ros.motion_planning_frame]: MoveGroup namespace changed: / -> . Reloading params.
[rviz2-21] [INFO] [1777481984.519509997] [rviz2_moveit.moveit.ros.rdf_loader]: Loaded robot model in 0.0104243 seconds
[rviz2-21] [INFO] [1777481984.519617342] [rviz2_moveit.moveit.core.robot_model]: Loading robot model 'gen3'...
[rviz2-21] [INFO] [1777481984.519644551] [rviz2_moveit.moveit.core.robot_model]: No root/virtual joint specified in SRDF. Assuming fixed joint
[rviz2-21] [INFO] [1777481984.720635915] [rviz2_moveit.moveit.kinematics.kdl_kinematics_plugin]: Joint weights for group 'manipulator': 1 1 1 1 1 1 1
[adl_ui-15] 127.0.0.1 - - [29/Apr/2026 12:59:45] "GET /status_json HTTP/1.1" 200 -
[ros2_control_node-1] [WARN] [1777481985.037456335] [controller_manager]: Overrun might occur, Total time : 2893.060 us (Expected < 1000.000 us) --> Read time : 14.267 us, Update time : 113.948 us, Write time : 2764.845 us
[ros2_control_node-1] [WARN] [1777481985.037507970] [controller_manager]: Overrun detected! The controller manager missed its desired rate of 1000 Hz. The loop took 2.957224 ms (missed cycles : 3).
[rviz2-21] [INFO] [1777481985.088507471] [rviz2_moveit.moveit.ros.planning_scene_monitor]: Starting planning scene monitor
[rviz2-21] [INFO] [1777481985.089410047] [rviz2_moveit.moveit.ros.planning_scene_monitor]: Listening to '/monitored_planning_scene'
[rviz2-21] [INFO] [1777481985.379592370] [interactive_marker_display_98362931864496]: Connected on namespace: /rviz_moveit_motion_planning_display/robot_interaction_interactive_marker_topic
[rviz2-21] [INFO] [1777481985.387028303] [rviz2_moveit.moveit.ros.robot_interaction]: No active joints or end effectors found for group 'gripper'. Make sure that kinematics.yaml is loaded in this node's namespace.
[rviz2-21] [INFO] [1777481985.387782634] [rviz2_moveit.moveit.ros.robot_interaction]: No active joints or end effectors found for group 'gripper'. Make sure that kinematics.yaml is loaded in this node's namespace.
[rviz2-21] [INFO] [1777481985.409276674] [interactive_marker_display_98362931864496]: Sending request for interactive markers
[rviz2-21] [INFO] [1777481985.441770976] [interactive_marker_display_98362931864496]: Service response received for initialization
[rviz2-21] [INFO] [1777481985.475889280] [rviz2_moveit.moveit.ros.motion_planning_frame]: group gripper
[rviz2-21] [INFO] [1777481985.475940902] [rviz2_moveit.moveit.ros.motion_planning_frame]: Constructing new MoveGroup connection for group 'gripper' in namespace ''
[vision_apriltag-9] [INFO] [1777481985.503277699] [vision_apriltag_node]: Vision AprilTag: images are arriving on /wrist_mounted_camera/image, but no AprilTags have been detected yet.
[rviz2-21] [INFO] [1777481985.523307976] [rviz2_moveit.moveit.ros.move_group_interface]: Ready to take commands for planning group gripper.
[rviz2-21] [INFO] [1777481985.524744854] [rviz2_moveit.moveit.ros.motion_planning_frame]: group gripper
[adl_ui-15] 127.0.0.1 - - [29/Apr/2026 12:59:45] "GET /status_json HTTP/1.1" 200 -
[ros2_control_node-1] [WARN] [1777481986.038039504] [controller_manager]: Overrun might occur, Total time : 2468.862 us (Expected < 1000.000 us) --> Read time : 33.332 us, Update time : 197.938 us, Write time : 2237.592 us
[ros2_control_node-1] [WARN] [1777481986.038113107] [controller_manager]: Overrun detected! The controller manager missed its desired rate of 1000 Hz. The loop took 2.561495 ms (missed cycles : 3).
[adl_ui-15] 127.0.0.1 - - [29/Apr/2026 12:59:46] "GET /status_json HTTP/1.1" 200 -
[ros2_control_node-1] [WARN] [1777481987.038413283] [controller_manager]: Overrun might occur, Total time : 3844.701 us (Expected < 1000.000 us) --> Read time : 28.811 us, Update time : 225.638 us, Write time : 3590.252 us
[ros2_control_node-1] [WARN] [1777481987.038485452] [controller_manager]: Overrun detected! The controller manager missed its desired rate of 1000 Hz. The loop took 3.934100 ms (missed cycles : 4).
[adl_ui-15] 127.0.0.1 - - [29/Apr/2026 12:59:47] "GET /status_json HTTP/1.1" 200 -
[wrist_camera_usb_publisher-8] [INFO] [1777481987.287829574] [wrist_camera_usb_publisher_node]: USB camera publisher heartbeat: publishing 1280x720 frames on /wrist_mounted_camera/image; camera_info fx=920.87, fy=921.57, cx=644.76, cy=343.15.
[vision_apriltag-9] [INFO] [1777481987.500615960] [vision_apriltag_node]: Vision AprilTag: images are arriving on /wrist_mounted_camera/image, but no AprilTags have been detected yet.
[vision_apriltag-9] [INFO] [1777481987.586961135] [vision_apriltag_node]: Vision AprilTag detection debug: no tags found after raw/CLAHE/sharp/adaptive/upscaled/tiled passes.
[adl_ui-15] 127.0.0.1 - - [29/Apr/2026 12:59:48] "GET /status_json HTTP/1.1" 200 -
[ros2_control_node-1] [WARN] [1777481988.038598213] [controller_manager]: Overrun might occur, Total time : 3022.655 us (Expected < 1000.000 us) --> Read time : 22.062 us, Update time : 175.735 us, Write time : 2824.858 us
[ros2_control_node-1] [WARN] [1777481988.038743612] [controller_manager]: Overrun detected! The controller manager missed its desired rate of 1000 Hz. The loop took 3.189990 ms (missed cycles : 4).
[adl_ui-15] 127.0.0.1 - - [29/Apr/2026 12:59:48] "GET /status_json HTTP/1.1" 200 -
[ros2_control_node-1] [WARN] [1777481989.041511158] [controller_manager]: Overrun might occur, Total time : 2924.611 us (Expected < 1000.000 us) --> Read time : 38.409 us, Update time : 261.534 us, Write time : 2624.668 us
[ros2_control_node-1] [WARN] [1777481989.041589147] [controller_manager]: Overrun detected! The controller manager missed its desired rate of 1000 Hz. The loop took 3.037655 ms (missed cycles : 4).
[vision_apriltag-9] [INFO] [1777481989.501675179] [vision_apriltag_node]: Vision AprilTag: images are arriving on /wrist_mounted_camera/image, but no AprilTags have been detected yet.
[adl_ui-15] 127.0.0.1 - - [29/Apr/2026 12:59:49] "GET /status_json HTTP/1.1" 200 -
[ros2_control_node-1] [WARN] [1777481990.044795424] [controller_manager]: Overrun might occur, Total time : 3221.989 us (Expected < 1000.000 us) --> Read time : 41.609 us, Update time : 419.597 us, Write time : 2760.783 us
[ros2_control_node-1] [WARN] [1777481990.044893864] [controller_manager]: Overrun detected! The controller manager missed its desired rate of 1000 Hz. The loop took 3.340554 ms (missed cycles : 4).
[adl_ui-15] 127.0.0.1 - - [29/Apr/2026 12:59:50] "GET /status_json HTTP/1.1" 200 -
[adl_ui-15] 127.0.0.1 - - [29/Apr/2026 12:59:51] "GET /status_json HTTP/1.1" 200 -
[ros2_control_node-1] [WARN] [1777481991.046903123] [controller_manager]: Overrun might occur, Total time : 2333.803 us (Expected < 1000.000 us) --> Read time : 27.595 us, Update time : 291.402 us, Write time : 2014.806 us
[ros2_control_node-1] [WARN] [1777481991.046970436] [controller_manager]: Overrun detected! The controller manager missed its desired rate of 1000 Hz. The loop took 2.418438 ms (missed cycles : 3).
[vision_apriltag-9] [INFO] [1777481991.501305137] [vision_apriltag_node]: Vision AprilTag: images are arriving on /wrist_mounted_camera/image, but no AprilTags have been detected yet.
[adl_ui-15] 127.0.0.1 - - [29/Apr/2026 12:59:51] "GET /status_json HTTP/1.1" 200 -
[adl_ui-15] [INFO] [1777481991.830025563] [adl_ui_node]: UI command published: turn_off
[adl_ui-15] 127.0.0.1 - - [29/Apr/2026 12:59:51] "POST /command HTTP/1.1" 200 -
[adl_ui-15] 127.0.0.1 - - [29/Apr/2026 12:59:51] "GET /status_json HTTP/1.1" 200 -
[adl_controller-11] [INFO] [1777481991.974150953] [adl_controller_node]: close_gripper(): closing gripper to width=0.120rad, force=10.0N
[adl_controller-11] [INFO] [1777481991.974687878] [adl_controller_node]: _send_gripper_goal: request position=0.120, max_effort=10.0.
[ros2_control_node-1] [INFO] [1777481991.976602209] [robotiq_gripper_controller]: Received & accepted new action goal
[adl_controller-11] [INFO] [1777481991.980957479] [adl_controller_node]: _send_gripper_goal: gripper goal accepted.
[ros2_control_node-1] [WARN] [1777481992.047643291] [controller_manager]: Overrun might occur, Total time : 3068.434 us (Expected < 1000.000 us) --> Read time : 39.706 us, Update time : 247.196 us, Write time : 2781.532 us
[ros2_control_node-1] [WARN] [1777481992.047715341] [controller_manager]: Overrun detected! The controller manager missed its desired rate of 1000 Hz. The loop took 3.163606 ms (missed cycles : 4).
[adl_controller-11] [INFO] [1777481992.363550652] [adl_controller_node]: Gripper reached requested=0.120, actual=0.124, stalled=False, reached_goal=True
[adl_controller-11] [INFO] [1777481992.364364623] [adl_controller_node]: is_near_retract: current arm is not at target (worst=joint_4:3.023 rad > 0.100).
[adl_controller-11] [INFO] [1777481992.373883240] [adl_controller_node]: is_near_home: current arm is not at target (worst=joint_1:2.779 rad > 0.100).
[adl_controller-11] [INFO] [1777481992.374484797] [adl_controller_node]: go_retract: planning to RETRACT_JOINTS...
[adl_controller-11] [INFO] [1777481992.375264686] [adl_controller_node]: _send_goal: dispatching MoveGroup request group=manipulator, attempts=10, allowed_time=15.00s, vel_scale=0.250, accel_scale=0.250, gc1:joints(joint_1=+0.000+/-0.030, joint_2=-0.350+/-0.030, joint_3=+3.140+/-0.030, joint_4=-2.540+/-0.030, joint_5=+0.000+/-0.030, joint_6=-0.870+/-0.030, joint_7=+1.570+/-0.030)
[move_group-20] [ERROR] [1777481992.376029726] [move_group.moveit.moveit.core.conversions]: Found empty JointState message
[INFO] [launch.user]: [arm_start.launch] move_group reported an empty JointState while sanitizer mode is active. Keeping the launch alive, but this still indicates a planning-state problem. move_group output: [ERROR] [1777481992.376029726] [move_group.moveit.moveit.core.conversions]: Found empty JointState message
[adl_controller-11] [INFO] [1777481992.378516392] [adl_controller_node]: Start state: collision-valid — no collisions (not a joint-bounds check).
[move_group-20] [INFO] [1777481992.379908284] [move_group.moveit.moveit.ros.move_group.move_action]: MoveGroupMoveAction: Received request
[move_group-20] [INFO] [1777481992.380313891] [move_group.moveit.moveit.ros.move_group.move_action]: executing..
[adl_controller-11] [INFO] [1777481992.383313451] [adl_controller_node]: _send_goal: MoveGroup goal accepted.
[move_group-20] [INFO] [1777481992.385421459] [move_group.moveit.moveit.ros.move_group.move_action]: Combined planning and execution request received for MoveGroup action. Forwarding to planning and execution pipeline.
[move_group-20] [WARN] [1777481992.385507191] [move_group.moveit.moveit.ros.move_group.capability]: Execution of motions should always start at the robot's current state. Ignoring the state supplied as start state in the motion planning request
[move_group-20] [WARN] [1777481992.385533122] [move_group.moveit.moveit.ros.move_group.capability]: Execution of motions should always start at the robot's current state. Ignoring the state supplied as difference in the planning scene diff
[move_group-20] [INFO] [1777481992.385560207] [move_group.moveit.moveit.ros.plan_execution]: Planning attempt 1 of at most 1
[move_group-20] [INFO] [1777481992.386245304] [move_group]: Calling PlanningRequestAdapter 'ResolveConstraintFrames'
[move_group-20] [INFO] [1777481992.386303387] [move_group]: Calling PlanningRequestAdapter 'ValidateWorkspaceBounds'
[move_group-20] [INFO] [1777481992.386322336] [move_group]: Calling PlanningRequestAdapter 'CheckStartStateBounds'
[move_group-20] [INFO] [1777481992.386362622] [move_group]: Calling PlanningRequestAdapter 'CheckStartStateCollision'
[move_group-20] [INFO] [1777481992.387315345] [move_group.moveit.moveit.planners.ompl.model_based_planning_context]: Planner configuration 'manipulator' will use planner 'geometric::RRTConnect'. Additional configuration parameters will be set when the planner is constructed.
[move_group-20] [INFO] [1777481992.387545492] [move_group]: Calling Planner 'OMPL'
[move_group-20] [INFO] [1777481992.420110071] [move_group]: Calling PlanningResponseAdapter 'AddTimeOptimalParameterization'
[move_group-20] [INFO] [1777481992.433941045] [move_group]: Calling PlanningResponseAdapter 'ValidateSolution'
[move_group-20] [INFO] [1777481992.436301079] [move_group]: Calling PlanningResponseAdapter 'DisplayMotionPath'
[move_group-20] [WARN] [1777481992.436609946] [move_group.moveit.moveit.ros.planning_pipeline]: The planner plugin did not fill out the 'planner_id' field of the MotionPlanResponse. Setting it to the planner ID name of the MotionPlanRequest assuming that the planner plugin does warn you if it does not use the requested planner.
[move_group-20] [INFO] [1777481992.436951857] [move_group.moveit.moveit.plugins.simple_controller_manager]: Returned 2 controllers in list
[move_group-20] [INFO] [1777481992.436983621] [move_group.moveit.moveit.plugins.simple_controller_manager]: Returned 2 controllers in list
[move_group-20] [INFO] [1777481992.437090782] [move_group.moveit.moveit.ros.trajectory_execution_manager]: Validating trajectory with allowed_start_tolerance 0.01
[move_group-20] [INFO] [1777481992.446194226] [move_group.moveit.moveit.ros.trajectory_execution_manager]: Starting trajectory execution ...
[move_group-20] [INFO] [1777481992.446321644] [move_group.moveit.moveit.plugins.simple_controller_manager]: Returned 2 controllers in list
[move_group-20] [INFO] [1777481992.446359760] [move_group.moveit.moveit.plugins.simple_controller_manager]: Returned 2 controllers in list
[move_group-20] [INFO] [1777481992.446843494] [moveit.simple_controller_manager.follow_joint_trajectory_controller_handle]: sending trajectory to joint_trajectory_controller
[ros2_control_node-1] [INFO] [1777481992.448164418] [joint_trajectory_controller]: Received new action goal
[ros2_control_node-1] [INFO] [1777481992.448309459] [joint_trajectory_controller]: Accepted new action goal
[move_group-20] [INFO] [1777481992.448866864] [moveit.simple_controller_manager.follow_joint_trajectory_controller_handle]: joint_trajectory_controller started execution
[move_group-20] [INFO] [1777481992.448895139] [moveit.simple_controller_manager.follow_joint_trajectory_controller_handle]: Goal request accepted!
[wrist_camera_usb_publisher-8] [INFO] [1777481992.449316987] [wrist_camera_usb_publisher_node]: USB camera publisher heartbeat: publishing 1280x720 frames on /wrist_mounted_camera/image; camera_info fx=920.87, fy=921.57, cx=644.76, cy=343.15.
[adl_ui-15] 127.0.0.1 - - [29/Apr/2026 12:59:52] "GET /status_json HTTP/1.1" 200 -
[vision_apriltag-9] [INFO] [1777481992.620781012] [vision_apriltag_node]: Vision AprilTag detection debug: no tags found after raw/CLAHE/sharp/adaptive/upscaled/tiled passes.
[ros2_control_node-1] [WARN] [1777481993.050580861] [controller_manager]: Overrun might occur, Total time : 3007.939 us (Expected < 1000.000 us) --> Read time : 33.751 us, Update time : 249.930 us, Write time : 2724.258 us
[ros2_control_node-1] [WARN] [1777481993.050644648] [controller_manager]: Overrun detected! The controller manager missed its desired rate of 1000 Hz. The loop took 3.092515 ms (missed cycles : 4).
[adl_ui-15] 127.0.0.1 - - [29/Apr/2026 12:59:53] "GET /status_json HTTP/1.1" 200 -
[vision_apriltag-9] [INFO] [1777481993.500805740] [vision_apriltag_node]: Vision AprilTag: images are arriving on /wrist_mounted_camera/image, but no AprilTags have been detected yet.
[ros2_control_node-1] [WARN] [1777481994.053011823] [controller_manager]: Overrun might occur, Total time : 2443.596 us (Expected < 1000.000 us) --> Read time : 25.140 us, Update time : 188.839 us, Write time : 2229.617 us
[ros2_control_node-1] [WARN] [1777481994.053073485] [controller_manager]: Overrun detected! The controller manager missed its desired rate of 1000 Hz. The loop took 2.522046 ms (missed cycles : 3).
[adl_ui-15] 127.0.0.1 - - [29/Apr/2026 12:59:54] "GET /status_json HTTP/1.1" 200 -
[adl_ui-15] 127.0.0.1 - - [29/Apr/2026 12:59:54] "GET /status_json HTTP/1.1" 200 -
[ros2_control_node-1] [WARN] [1777481995.055858814] [controller_manager]: Overrun might occur, Total time : 3282.201 us (Expected < 1000.000 us) --> Read time : 33.414 us, Update time : 265.536 us, Write time : 2983.251 us
[ros2_control_node-1] [WARN] [1777481995.055974635] [controller_manager]: Overrun detected! The controller manager missed its desired rate of 1000 Hz. The loop took 3.421802 ms (missed cycles : 4).
[vision_apriltag-9] [INFO] [1777481995.505581066] [vision_apriltag_node]: Vision AprilTag: images are arriving on /wrist_mounted_camera/image, but no AprilTags have been detected yet.
[adl_ui-15] 127.0.0.1 - - [29/Apr/2026 12:59:55] "GET /status_json HTTP/1.1" 200 -
[ros2_control_node-1] [WARN] [1777481996.057365406] [controller_manager]: Overrun might occur, Total time : 2793.043 us (Expected < 1000.000 us) --> Read time : 35.651 us, Update time : 253.835 us, Write time : 2503.557 us
[ros2_control_node-1] [WARN] [1777481996.057435788] [controller_manager]: Overrun detected! The controller manager missed its desired rate of 1000 Hz. The loop took 2.884400 ms (missed cycles : 3).
[adl_ui-15] 127.0.0.1 - - [29/Apr/2026 12:59:56] "GET /status_json HTTP/1.1" 200 -
[ros2_control_node-1] [WARN] [1777481997.058433370] [controller_manager]: Overrun might occur, Total time : 2863.609 us (Expected < 1000.000 us) --> Read time : 34.598 us, Update time : 256.465 us, Write time : 2572.546 us
[ros2_control_node-1] [WARN] [1777481997.058499652] [controller_manager]: Overrun detected! The controller manager missed its desired rate of 1000 Hz. The loop took 2.947521 ms (missed cycles : 3).
[adl_ui-15] 127.0.0.1 - - [29/Apr/2026 12:59:57] "GET /status_json HTTP/1.1" 200 -
[wrist_camera_usb_publisher-8] [INFO] [1777481997.616545860] [wrist_camera_usb_publisher_node]: USB camera publisher heartbeat: publishing 1280x720 frames on /wrist_mounted_camera/image; camera_info fx=920.87, fy=921.57, cx=644.76, cy=343.15.
[adl_ui-15] 127.0.0.1 - - [29/Apr/2026 12:59:57] "GET /status_json HTTP/1.1" 200 -
[ros2_control_node-1] [WARN] [1777481998.059801303] [controller_manager]: Overrun might occur, Total time : 3219.310 us (Expected < 1000.000 us) --> Read time : 57.068 us, Update time : 503.085 us, Write time : 2659.157 us
[ros2_control_node-1] [WARN] [1777481998.059912728] [controller_manager]: Overrun detected! The controller manager missed its desired rate of 1000 Hz. The loop took 3.360498 ms (missed cycles : 4).
[vision_apriltag-9] [INFO] [1777481998.079518189] [vision_apriltag_node]: Vision AprilTag detection debug: no tags found after raw/CLAHE/sharp/adaptive/upscaled/tiled passes.
[vision_apriltag-9] [INFO] [1777481998.087918229] [vision_apriltag_node]: Vision AprilTag: images are arriving on /wrist_mounted_camera/image, but no AprilTags have been detected yet.
[adl_ui-15] 127.0.0.1 - - [29/Apr/2026 12:59:58] "GET /status_json HTTP/1.1" 200 -
[ros2_control_node-1] [WARN] [1777481999.061400861] [controller_manager]: Overrun might occur, Total time : 2838.037 us (Expected < 1000.000 us) --> Read time : 16.144 us, Update time : 138.531 us, Write time : 2683.362 us
[ros2_control_node-1] [WARN] [1777481999.061454850] [controller_manager]: Overrun detected! The controller manager missed its desired rate of 1000 Hz. The loop took 2.903466 ms (missed cycles : 3).
[adl_ui-15] 127.0.0.1 - - [29/Apr/2026 12:59:59] "GET /status_json HTTP/1.1" 200 -
[vision_apriltag-9] [INFO] [1777481999.882981990] [vision_apriltag_node]: Vision AprilTag: images are arriving on /wrist_mounted_camera/image, but no AprilTags have been detected yet.
[vision_apriltag-9] [INFO] [1777481999.890071381] [vision_apriltag_node]: Vision AprilTag visible IDs: [4]
[ros2_control_node-1] [WARN] [1777482000.064381607] [controller_manager]: Overrun might occur, Total time : 2814.794 us (Expected < 1000.000 us) --> Read time : 23.680 us, Update time : 197.224 us, Write time : 2593.890 us
[ros2_control_node-1] [WARN] [1777482000.064442521] [controller_manager]: Overrun detected! The controller manager missed its desired rate of 1000 Hz. The loop took 2.891008 ms (missed cycles : 3).
[adl_ui-15] 127.0.0.1 - - [29/Apr/2026 13:00:00] "GET /status_json HTTP/1.1" 200 -
[vision_apriltag-9] [INFO] [1777482000.518511297] [vision_apriltag_node]: Vision AprilTag visible IDs: [3]
[vision_apriltag-9] [INFO] [1777482000.704927084] [vision_apriltag_node]: Service: Tag 3 found and base-frame pose returned.
[vision_apriltag-9] [INFO] [1777482000.706691032] [vision_apriltag_node]: Service: Tag 4 found and base-frame pose returned.
[scene_from_vision-10] [INFO] [1777482000.710427896] [scene_from_vision_node]: Latched first detection for tag ID 3 into scene memory.
[scene_from_vision-10] [INFO] [1777482000.715603842] [scene_from_vision_node]: Latched first detection for tag ID 4 into scene memory.
[vision_apriltag-9] [INFO] [1777482000.752320835] [vision_apriltag_node]: Vision AprilTag visible IDs: [0, 3]
[vision_apriltag-9] [INFO] [1777482000.908090418] [vision_apriltag_node]: Vision AprilTag visible IDs: [3]
[adl_ui-15] 127.0.0.1 - - [29/Apr/2026 13:00:00] "GET /status_json HTTP/1.1" 200 -
[ros2_control_node-1] [WARN] [1777482001.064586624] [controller_manager]: Overrun might occur, Total time : 2995.365 us (Expected < 1000.000 us) --> Read time : 44.433 us, Update time : 301.434 us, Write time : 2649.498 us
[ros2_control_node-1] [WARN] [1777482001.064753673] [controller_manager]: Overrun detected! The controller manager missed its desired rate of 1000 Hz. The loop took 3.199998 ms (missed cycles : 4).
[joint_state_sanitizer-3] [WARN] [1777482001.103351038] [joint_state_sanitizer_node]: [joint_state_sanitizer] Published sanitized joint state: joint_3:-3.134->-3.132
[scene_from_vision-10] [INFO] [1777482001.202967497] [scene_from_vision_node]: Published obj_3 (new) at x=0.298, y=0.004, z=0.109, yaw=-163.0deg
[scene_from_vision-10] [INFO] [1777482001.204909764] [scene_from_vision_node]: Published obj_4 (new) at x=1.183, y=0.198, z=0.126, yaw=+12.3deg
[scene_from_vision-10] [INFO] [1777482001.211787977] [scene_from_vision_node]: /apply_planning_scene accepted dynamic scene updates; MoveIt should mirror these objects to RViz.
[ros2_control_node-1] [INFO] [1777482001.254847336] [joint_trajectory_controller]: Goal reached, success!
[move_group-20] [INFO] [1777482001.352230582] [moveit.simple_controller_manager.follow_joint_trajectory_controller_handle]: Controller 'joint_trajectory_controller' successfully finished
[move_group-20] [INFO] [1777482001.405031231] [move_group.moveit.moveit.ros.trajectory_execution_manager]: Completed trajectory execution with status SUCCEEDED ...
[move_group-20] [INFO] [1777482001.406243399] [move_group.moveit.moveit.ros.move_group.move_action]: Solution was found and executed.
[adl_controller-11] [INFO] [1777482001.413520935] [adl_controller_node]: _send_goal: MoveGroup execution completed successfully.
[adl_controller-11] [INFO] [1777482001.520529837] [adl_controller_node]: _send_goal: settled live EE pose pos=(0.126, 0.005, 0.335), ori=(0.683, 0.728, 0.034, 0.045)
[adl_ui-15] 127.0.0.1 - - [29/Apr/2026 13:00:01] "GET /status_json HTTP/1.1" 200 -
[vision_apriltag-9] [INFO] [1777482001.705570362] [vision_apriltag_node]: Service: Tag 0 found and base-frame pose returned.
[scene_from_vision-10] [INFO] [1777482001.709243311] [scene_from_vision_node]: Latched first detection for tag ID 0 into scene memory.
[ros2_control_node-1] [WARN] [1777482002.067892352] [controller_manager]: Overrun might occur, Total time : 3320.587 us (Expected < 1000.000 us) --> Read time : 38.365 us, Update time : 237.753 us, Write time : 3044.469 us
[ros2_control_node-1] [WARN] [1777482002.067964682] [controller_manager]: Overrun detected! The controller manager missed its desired rate of 1000 Hz. The loop took 3.412877 ms (missed cycles : 4).
[scene_from_vision-10] [INFO] [1777482002.202784157] [scene_from_vision_node]: Published obj_0 (new) at x=0.164, y=-0.116, z=-0.332, yaw=+0.0deg
[adl_ui-15] 127.0.0.1 - - [29/Apr/2026 13:00:02] "GET /status_json HTTP/1.1" 200 -
[wrist_camera_usb_publisher-8] [INFO] [1777482002.773674125] [wrist_camera_usb_publisher_node]: USB camera publisher heartbeat: publishing 1280x720 frames on /wrist_mounted_camera/image; camera_info fx=920.87, fy=921.57, cx=644.76, cy=343.15.
[ros2_control_node-1] [WARN] [1777482003.068344464] [controller_manager]: Overrun might occur, Total time : 2768.827 us (Expected < 1000.000 us) --> Read time : 38.757 us, Update time : 221.597 us, Write time : 2508.473 us
[ros2_control_node-1] [WARN] [1777482003.068418785] [controller_manager]: Overrun detected! The controller manager missed its desired rate of 1000 Hz. The loop took 2.866723 ms (missed cycles : 3).
[vision_apriltag-9] [INFO] [1777482003.085784226] [vision_apriltag_node]: Vision AprilTag detection debug: no tags found after raw/CLAHE/sharp/adaptive/upscaled/tiled passes.
[adl_ui-15] 127.0.0.1 - - [29/Apr/2026 13:00:03] "GET /status_json HTTP/1.1" 200 -
[scene_from_vision-10] [INFO] [1777482003.705005621] [scene_from_vision_node]: Published obj_3 (heartbeat) at x=0.298, y=0.004, z=0.109, yaw=-163.0deg
[scene_from_vision-10] [INFO] [1777482003.706660019] [scene_from_vision_node]: Published obj_4 (heartbeat) at x=1.183, y=0.198, z=0.126, yaw=+12.3deg
[adl_ui-15] 127.0.0.1 - - [29/Apr/2026 13:00:03] "GET /status_json HTTP/1.1" 200 -
[vision_apriltag-9] [INFO] [1777482003.935530764] [vision_apriltag_node]: Vision AprilTag: images are arriving, but no AprilTag has been seen for 3.0s.
[ros2_control_node-1] [WARN] [1777482004.070378036] [controller_manager]: Overrun might occur, Total time : 2793.357 us (Expected < 1000.000 us) --> Read time : 41.041 us, Update time : 236.943 us, Write time : 2515.373 us
[ros2_control_node-1] [WARN] [1777482004.070490676] [controller_manager]: Overrun detected! The controller manager missed its desired rate of 1000 Hz. The loop took 2.937661 ms (missed cycles : 3).
[scene_from_vision-10] [INFO] [1777482004.205084968] [scene_from_vision_node]: Published obj_0 (heartbeat) at x=0.164, y=-0.116, z=-0.332, yaw=+0.0deg
[adl_ui-15] 127.0.0.1 - - [29/Apr/2026 13:00:04] "GET /status_json HTTP/1.1" 200 -
[ros2_control_node-1] [WARN] [1777482005.070396517] [controller_manager]: Overrun might occur, Total time : 2813.215 us (Expected < 1000.000 us) --> Read time : 43.550 us, Update time : 282.261 us, Write time : 2487.404 us
[ros2_control_node-1] [WARN] [1777482005.073639532] [controller_manager]: Overrun detected! The controller manager missed its desired rate of 1000 Hz. The loop took 3.087994 ms (missed cycles : 4).
[adl_ui-15] 127.0.0.1 - - [29/Apr/2026 13:00:05] "GET /status_json HTTP/1.1" 200 -
[vision_apriltag-9] [INFO] [1777482005.501270722] [vision_apriltag_node]: Vision AprilTag: images are arriving, but no AprilTag has been seen for 4.6s.
[scene_from_vision-10] [INFO] [1777482005.711332416] [scene_from_vision_node]: Published obj_3 (heartbeat) at x=0.298, y=0.004, z=0.109, yaw=-163.0deg
[scene_from_vision-10] [INFO] [1777482005.713049446] [scene_from_vision_node]: Published obj_4 (heartbeat) at x=1.183, y=0.198, z=0.126, yaw=+12.3deg
[ros2_control_node-1] [WARN] [1777482006.070716711] [controller_manager]: Overrun might occur, Total time : 3129.269 us (Expected < 1000.000 us) --> Read time : 77.076 us, Update time : 421.267 us, Write time : 2630.926 us
[ros2_control_node-1] [WARN] [1777482006.074375694] [controller_manager]: Overrun detected! The controller manager missed its desired rate of 1000 Hz. The loop took 2.824450 ms (missed cycles : 3).
[adl_ui-15] 127.0.0.1 - - [29/Apr/2026 13:00:06] "GET /status_json HTTP/1.1" 200 -
[scene_from_vision-10] [INFO] [1777482006.704283426] [scene_from_vision_node]: Published obj_0 (heartbeat) at x=0.164, y=-0.116, z=-0.332, yaw=+0.0deg
[adl_ui-15] 127.0.0.1 - - [29/Apr/2026 13:00:06] "GET /status_json HTTP/1.1" 200 -
[ros2_control_node-1] [WARN] [1777482007.074417513] [controller_manager]: Overrun might occur, Total time : 2850.207 us (Expected < 1000.000 us) --> Read time : 29.267 us, Update time : 237.755 us, Write time : 2583.185 us
[ros2_control_node-1] [WARN] [1777482007.074474970] [controller_manager]: Overrun detected! The controller manager missed its desired rate of 1000 Hz. The loop took 2.924060 ms (missed cycles : 3).
[adl_ui-15] 127.0.0.1 - - [29/Apr/2026 13:00:07] "GET /status_json HTTP/1.1" 200 -
[vision_apriltag-9] [INFO] [1777482007.915945583] [vision_apriltag_node]: Vision AprilTag: images are arriving, but no AprilTag has been seen for 7.0s.
[wrist_camera_usb_publisher-8] [INFO] [1777482007.930579933] [wrist_camera_usb_publisher_node]: USB camera publisher heartbeat: publishing 1280x720 frames on /wrist_mounted_camera/image; camera_info fx=920.87, fy=921.57, cx=644.76, cy=343.15.
[ros2_control_node-1] [WARN] [1777482008.075311888] [controller_manager]: Overrun might occur, Total time : 3724.023 us (Expected < 1000.000 us) --> Read time : 87.442 us, Update time : 314.932 us, Write time : 3321.649 us
[ros2_control_node-1] [WARN] [1777482008.075432569] [controller_manager]: Overrun detected! The controller manager missed its desired rate of 1000 Hz. The loop took 3.880434 ms (missed cycles : 4).
[scene_from_vision-10] [INFO] [1777482008.204745839] [scene_from_vision_node]: Published obj_3 (heartbeat) at x=0.298, y=0.004, z=0.109, yaw=-163.0deg
[scene_from_vision-10] [INFO] [1777482008.207231173] [scene_from_vision_node]: Published obj_4 (heartbeat) at x=1.183, y=0.198, z=0.126, yaw=+12.3deg
[adl_ui-15] 127.0.0.1 - - [29/Apr/2026 13:00:08] "GET /status_json HTTP/1.1" 200 -
[vision_apriltag-9] [INFO] [1777482008.520815728] [vision_apriltag_node]: Vision AprilTag detection debug: no tags found after raw/CLAHE/sharp/adaptive/upscaled/tiled passes.
[scene_from_vision-10] [INFO] [1777482008.707631581] [scene_from_vision_node]: Published obj_0 (heartbeat) at x=0.164, y=-0.116, z=-0.332, yaw=+0.0deg
[ros2_control_node-1] [WARN] [1777482009.077822720] [controller_manager]: Overrun might occur, Total time : 2256.970 us (Expected < 1000.000 us) --> Read time : 26.528 us, Update time : 189.944 us, Write time : 2040.498 us
[ros2_control_node-1] [WARN] [1777482009.077879040] [controller_manager]: Overrun detected! The controller manager missed its desired rate of 1000 Hz. The loop took 2.327830 ms (missed cycles : 3).
[adl_ui-15] 127.0.0.1 - - [29/Apr/2026 13:00:09] "GET /status_json HTTP/1.1" 200 -
[vision_apriltag-9] [INFO] [1777482009.522828798] [vision_apriltag_node]: Vision AprilTag: images are arriving, but no AprilTag has been seen for 8.6s.
[adl_ui-15] 127.0.0.1 - - [29/Apr/2026 13:00:09] "GET /status_json HTTP/1.1" 200 -
[ros2_control_node-1] [WARN] [1777482010.080288659] [controller_manager]: Overrun might occur, Total time : 2723.732 us (Expected < 1000.000 us) --> Read time : 25.823 us, Update time : 218.430 us, Write time : 2479.479 us
[ros2_control_node-1] [WARN] [1777482010.080355933] [controller_manager]: Overrun detected! The controller manager missed its desired rate of 1000 Hz. The loop took 2.804728 ms (missed cycles : 3).
[scene_from_vision-10] [INFO] [1777482010.209995694] [scene_from_vision_node]: Published obj_3 (heartbeat) at x=0.298, y=0.004, z=0.109, yaw=-163.0deg
[scene_from_vision-10] [INFO] [1777482010.211629788] [scene_from_vision_node]: Published obj_4 (heartbeat) at x=1.183, y=0.198, z=0.126, yaw=+12.3deg
[adl_ui-15] 127.0.0.1 - - [29/Apr/2026 13:00:10] "GET /status_json HTTP/1.1" 200 -
[ros2_control_node-1] [WARN] [1777482011.084196502] [controller_manager]: Overrun might occur, Total time : 3619.430 us (Expected < 1000.000 us) --> Read time : 27.155 us, Update time : 174.048 us, Write time : 3418.227 us
[ros2_control_node-1] [WARN] [1777482011.084322001] [controller_manager]: Overrun detected! The controller manager missed its desired rate of 1000 Hz. The loop took 3.770061 ms (missed cycles : 4).
[scene_from_vision-10] [INFO] [1777482011.203176822] [scene_from_vision_node]: Published obj_0 (heartbeat) at x=0.164, y=-0.116, z=-0.332, yaw=+0.0deg
[adl_ui-15] 127.0.0.1 - - [29/Apr/2026 13:00:11] "GET /status_json HTTP/1.1" 200 -
[vision_apriltag-9] [INFO] [1777482011.986874766] [vision_apriltag_node]: Vision AprilTag: images are arriving, but no AprilTag has been seen for 11.1s.
[ros2_control_node-1] [WARN] [1777482012.088747763] [controller_manager]: Overrun might occur, Total time : 5168.079 us (Expected < 1000.000 us) --> Read time : 46.879 us, Update time : 287.280 us, Write time : 4833.920 us
[ros2_control_node-1] [WARN] [1777482012.088825696] [controller_manager]: Overrun detected! The controller manager missed its desired rate of 1000 Hz. The loop took 5.273869 ms (missed cycles : 6).
[adl_ui-15] 127.0.0.1 - - [29/Apr/2026 13:00:12] "GET /status_json HTTP/1.1" 200 -
[scene_from_vision-10] [INFO] [1777482012.703680262] [scene_from_vision_node]: Published obj_3 (heartbeat) at x=0.298, y=0.004, z=0.109, yaw=-163.0deg
[scene_from_vision-10] [INFO] [1777482012.704820710] [scene_from_vision_node]: Published obj_4 (heartbeat) at x=1.183, y=0.198, z=0.126, yaw=+12.3deg
[adl_ui-15] 127.0.0.1 - - [29/Apr/2026 13:00:12] "GET /status_json HTTP/1.1" 200 -
[ros2_control_node-1] [WARN] [1777482013.089745192] [controller_manager]: Overrun might occur, Total time : 3159.519 us (Expected < 1000.000 us) --> Read time : 62.092 us, Update time : 330.166 us, Write time : 2767.261 us
[ros2_control_node-1] [WARN] [1777482013.089827225] [controller_manager]: Overrun detected! The controller manager missed its desired rate of 1000 Hz. The loop took 3.275519 ms (missed cycles : 4).
[wrist_camera_usb_publisher-8] [INFO] [1777482013.090928923] [wrist_camera_usb_publisher_node]: USB camera publisher heartbeat: publishing 1280x720 frames on /wrist_mounted_camera/image; camera_info fx=920.87, fy=921.57, cx=644.76, cy=343.15.
[scene_from_vision-10] [INFO] [1777482013.202886376] [scene_from_vision_node]: Published obj_0 (heartbeat) at x=0.164, y=-0.116, z=-0.332, yaw=+0.0deg
[vision_apriltag-9] [INFO] [1777482013.614388831] [vision_apriltag_node]: Vision AprilTag detection debug: no tags found after raw/CLAHE/sharp/adaptive/upscaled/tiled passes.
[vision_apriltag-9] [INFO] [1777482013.616504825] [vision_apriltag_node]: Vision AprilTag: images are arriving, but no AprilTag has been seen for 12.7s.
[adl_ui-15] 127.0.0.1 - - [29/Apr/2026 13:00:13] "GET /status_json HTTP/1.1" 200 -
[ros2_control_node-1] [WARN] [1777482014.090934861] [controller_manager]: Overrun might occur, Total time : 4341.374 us (Expected < 1000.000 us) --> Read time : 44.950 us, Update time : 226.119 us, Write time : 4070.305 us
[ros2_control_node-1] [WARN] [1777482014.091156033] [controller_manager]: Overrun detected! The controller manager missed its desired rate of 1000 Hz. The loop took 4.602455 ms (missed cycles : 5).
[adl_ui-15] 127.0.0.1 - - [29/Apr/2026 13:00:14] "GET /status_json HTTP/1.1" 200 -
[scene_from_vision-10] [INFO] [1777482014.705187774] [scene_from_vision_node]: Published obj_3 (heartbeat) at x=0.298, y=0.004, z=0.109, yaw=-163.0deg
[scene_from_vision-10] [INFO] [1777482014.707961097] [scene_from_vision_node]: Published obj_4 (heartbeat) at x=1.183, y=0.198, z=0.126, yaw=+12.3deg
[ros2_control_node-1] [WARN] [1777482015.092455144] [controller_manager]: Overrun might occur, Total time : 4861.411 us (Expected < 1000.000 us) --> Read time : 72.253 us, Update time : 350.594 us, Write time : 4438.564 us
[ros2_control_node-1] [WARN] [1777482015.092573275] [controller_manager]: Overrun detected! The controller manager missed its desired rate of 1000 Hz. The loop took 5.020426 ms (missed cycles : 6).
[adl_ui-15] 127.0.0.1 - - [29/Apr/2026 13:00:15] "GET /status_json HTTP/1.1" 200 -
[scene_from_vision-10] [INFO] [1777482015.702873634] [scene_from_vision_node]: Published obj_0 (heartbeat) at x=0.164, y=-0.116, z=-0.332, yaw=+0.0deg
[vision_apriltag-9] [INFO] [1777482015.911533956] [vision_apriltag_node]: Vision AprilTag: images are arriving, but no AprilTag has been seen for 15.0s.
[adl_ui-15] 127.0.0.1 - - [29/Apr/2026 13:00:16] "GET /status_json HTTP/1.1" 200 -
[ros2_control_node-1] [WARN] [1777482016.095472269] [controller_manager]: Overrun might occur, Total time : 2899.578 us (Expected < 1000.000 us) --> Read time : 38.235 us, Update time : 210.744 us, Write time : 2650.599 us
[ros2_control_node-1] [WARN] [1777482016.095539980] [controller_manager]: Overrun detected! The controller manager missed its desired rate of 1000 Hz. The loop took 2.988083 ms (missed cycles : 3).
[adl_ui-15] 127.0.0.1 - - [29/Apr/2026 13:00:16] "GET /status_json HTTP/1.1" 200 -
[ros2_control_node-1] [WARN] [1777482017.097936811] [controller_manager]: Overrun might occur, Total time : 2362.279 us (Expected < 1000.000 us) --> Read time : 38.727 us, Update time : 213.551 us, Write time : 2110.001 us
[ros2_control_node-1] [WARN] [1777482017.098021080] [controller_manager]: Overrun detected! The controller manager missed its desired rate of 1000 Hz. The loop took 2.469080 ms (missed cycles : 3).
[scene_from_vision-10] [INFO] [1777482017.206606728] [scene_from_vision_node]: Published obj_3 (heartbeat) at x=0.298, y=0.004, z=0.109, yaw=-163.0deg
[scene_from_vision-10] [INFO] [1777482017.208358420] [scene_from_vision_node]: Published obj_4 (heartbeat) at x=1.183, y=0.198, z=0.126, yaw=+12.3deg
[adl_ui-15] 127.0.0.1 - - [29/Apr/2026 13:00:17] "GET /status_json HTTP/1.1" 200 -
[scene_from_vision-10] [INFO] [1777482017.704555421] [scene_from_vision_node]: Published obj_0 (heartbeat) at x=0.164, y=-0.116, z=-0.332, yaw=+0.0deg
[ros2_control_node-1] [WARN] [1777482018.098560567] [controller_manager]: Overrun might occur, Total time : 2985.691 us (Expected < 1000.000 us) --> Read time : 48.110 us, Update time : 258.451 us, Write time : 2679.130 us
[ros2_control_node-1] [WARN] [1777482018.098629606] [controller_manager]: Overrun detected! The controller manager missed its desired rate of 1000 Hz. The loop took 3.078036 ms (missed cycles : 4).
[wrist_camera_usb_publisher-8] [INFO] [1777482018.258059322] [wrist_camera_usb_publisher_node]: USB camera publisher heartbeat: publishing 1280x720 frames on /wrist_mounted_camera/image; camera_info fx=920.87, fy=921.57, cx=644.76, cy=343.15.
[adl_ui-15] 127.0.0.1 - - [29/Apr/2026 13:00:18] "GET /status_json HTTP/1.1" 200 -
[vision_apriltag-9] [INFO] [1777482018.537554174] [vision_apriltag_node]: Vision AprilTag: images are arriving, but no AprilTag has been seen for 17.6s.
[vision_apriltag-9] [INFO] [1777482018.823297613] [vision_apriltag_node]: Vision AprilTag detection debug: no tags found after raw/CLAHE/sharp/adaptive/upscaled/tiled passes.
[adl_ui-15] 127.0.0.1 - - [29/Apr/2026 13:00:19] "GET /status_json HTTP/1.1" 200 -
[ros2_control_node-1] [WARN] [1777482019.101362220] [controller_manager]: Overrun might occur, Total time : 2792.927 us (Expected < 1000.000 us) --> Read time : 35.109 us, Update time : 239.322 us, Write time : 2518.496 us
[ros2_control_node-1] [WARN] [1777482019.101435235] [controller_manager]: Overrun detected! The controller manager missed its desired rate of 1000 Hz. The loop took 2.883634 ms (missed cycles : 3).
[vision_apriltag-9] [INFO] [1777482019.666801951] [vision_apriltag_node]: Vision AprilTag: images are arriving, but no AprilTag has been seen for 18.7s.
[scene_from_vision-10] [INFO] [1777482019.704106898] [scene_from_vision_node]: Published obj_3 (heartbeat) at x=0.298, y=0.004, z=0.109, yaw=-163.0deg
[scene_from_vision-10] [INFO] [1777482019.707563077] [scene_from_vision_node]: Published obj_4 (heartbeat) at x=1.183, y=0.198, z=0.126, yaw=+12.3deg
[adl_ui-15] 127.0.0.1 - - [29/Apr/2026 13:00:19] "GET /status_json HTTP/1.1" 200 -
[vision_apriltag-9] [INFO] [1777482019.900158131] [vision_apriltag_node]: Removed stale tag ID 4 from detected tags
[ros2_control_node-1] [WARN] [1777482020.102406618] [controller_manager]: Overrun might occur, Total time : 2833.642 us (Expected < 1000.000 us) --> Read time : 18.682 us, Update time : 127.399 us, Write time : 2687.561 us
[ros2_control_node-1] [WARN] [1777482020.102486588] [controller_manager]: Overrun detected! The controller manager missed its desired rate of 1000 Hz. The loop took 2.934958 ms (missed cycles : 3).
[scene_from_vision-10] [INFO] [1777482020.207228224] [scene_from_vision_node]: Published obj_0 (heartbeat) at x=0.164, y=-0.116, z=-0.332, yaw=+0.0deg
[adl_ui-15] 127.0.0.1 - - [29/Apr/2026 13:00:20] "GET /status_json HTTP/1.1" 200 -
[vision_apriltag-9] [INFO] [1777482020.800773398] [vision_apriltag_node]: Removed stale tag ID 0 from detected tags
[vision_apriltag-9] [INFO] [1777482021.011104789] [vision_apriltag_node]: Removed stale tag ID 3 from detected tags
[ros2_control_node-1] [WARN] [1777482021.103240214] [controller_manager]: Overrun might occur, Total time : 2668.454 us (Expected < 1000.000 us) --> Read time : 34.031 us, Update time : 236.895 us, Write time : 2397.528 us
[ros2_control_node-1] [WARN] [1777482021.103315519] [controller_manager]: Overrun detected! The controller manager missed its desired rate of 1000 Hz. The loop took 2.763909 ms (missed cycles : 3).
[adl_ui-15] 127.0.0.1 - - [29/Apr/2026 13:00:21] "GET /status_json HTTP/1.1" 200 -
[vision_apriltag-9] [INFO] [1777482021.501672331] [vision_apriltag_node]: Vision AprilTag: images are arriving, but no AprilTag has been seen for 20.6s.
[scene_from_vision-10] [INFO] [1777482021.703935610] [scene_from_vision_node]: Published obj_3 (heartbeat) at x=0.298, y=0.004, z=0.109, yaw=-163.0deg
[scene_from_vision-10] [INFO] [1777482021.706701615] [scene_from_vision_node]: Published obj_4 (heartbeat) at x=1.183, y=0.198, z=0.126, yaw=+12.3deg
[adl_ui-15] 127.0.0.1 - - [29/Apr/2026 13:00:22] "GET /status_json HTTP/1.1" 200 -
[ros2_control_node-1] [WARN] [1777482022.103480711] [controller_manager]: Overrun might occur, Total time : 2899.448 us (Expected < 1000.000 us) --> Read time : 47.232 us, Update time : 270.040 us, Write time : 2582.176 us
[ros2_control_node-1] [WARN] [1777482022.103557854] [controller_manager]: Overrun detected! The controller manager missed its desired rate of 1000 Hz. The loop took 3.006513 ms (missed cycles : 4).
[adl_ui-15] [INFO] [1777482022.197410553] [adl_ui_node]: UI command published: clear_table
[clear_table-13] [INFO] [1777482022.199651029] [clear_table_node]: Received clear_table command. Starting task execution.
[clear_table-13] [INFO] [1777482022.201539675] [clear_table_node]: Starting Clear Table Task...
[adl_ui-15] 127.0.0.1 - - [29/Apr/2026 13:00:22] "POST /command HTTP/1.1" 200 -
[scene_from_vision-10] [INFO] [1777482022.206251057] [scene_from_vision_node]: Scene memory cleared. Removed remembered IDs: [0, 3, 4]
[move_group-20] [WARN] [1777482022.208545120] [move_group.moveit.moveit.core.planning_scene]: Tried to remove world object 'obj_0', but it does not exist in this scene.
[move_group-20] [WARN] [1777482022.208618024] [move_group.moveit.moveit.core.planning_scene]: Tried to remove world object 'obj_3', but it does not exist in this scene.
[move_group-20] [WARN] [1777482022.208639795] [move_group.moveit.moveit.core.planning_scene]: Tried to remove world object 'obj_4', but it does not exist in this scene.
[scene_from_vision-10] [WARN] [1777482022.214059068] [scene_from_vision_node]: /apply_planning_scene rejected scene clear.
[rviz2-21] [WARN] [1777482022.256728462] [rviz2_moveit.moveit.core.planning_scene]: Tried to remove world object 'obj_0', but it does not exist in this scene.
[rviz2-21] [WARN] [1777482022.256814593] [rviz2_moveit.moveit.core.planning_scene]: Tried to remove world object 'obj_3', but it does not exist in this scene.
[rviz2-21] [WARN] [1777482022.256842852] [rviz2_moveit.moveit.core.planning_scene]: Tried to remove world object 'obj_4', but it does not exist in this scene.
[clear_table-13] [INFO] [1777482022.258466710] [clear_table_node]: Scene memory cleared. Removed remembered IDs: [0, 3, 4]
[clear_table-13] [INFO] [1777482022.260408075] [clear_table_node]: [Layout] BIN preset alignment: preset=(0.891, 0.000) vs center=(0.891, 0.000) (dx_center=+0.000, dy=+0.000), dx_from_drop_target=+0.000.
[adl_ui-15] 127.0.0.1 - - [29/Apr/2026 13:00:22] "GET /status_json HTTP/1.1" 200 -
[clear_table-13] [INFO] [1777482022.261687385] [clear_table_node]: [Layout] SHELF preset alignment: left=(0.760, 0.115), right=(0.760, 0.235), shelf_center_x=0.881, shelf_drop_x=0.760, dx_center(left/right)=(-0.121/-0.121), dx_drop(left/right)=(+0.000/+0.000).
[clear_table-13] [INFO] [1777482022.274817265] [clear_table_node]: Added temporary table guard ring 'clear_table_startup_guard' (margin=0.0127m, height=0.200m, thickness=0.0127m).
[clear_table-13] [INFO] [1777482022.477497638] [clear_table_node]: Scene LOCKED.
[scene_from_vision-10] [INFO] [1777482022.484594088] [scene_from_vision_node]: Scene LOCKED - updates paused.
[clear_table-13] [INFO] [1777482022.633417173] [clear_table_node]: Moving to perform the initial scene scan for clear table task...
[clear_table-13] [INFO] [1777482022.636213407] [clear_table_node]: is_near_look_at_table: current arm is not at target (worst=joint_4:0.520 rad > 0.080).
[clear_table-13] [INFO] [1777482022.636978654] [clear_table_node]: look_at_table: planning to LOOK_AT_TABLE_JOINTS.
[clear_table-13] [INFO] [1777482022.638197950] [clear_table_node]: _send_goal: dispatching MoveGroup request group=manipulator, attempts=10, allowed_time=15.00s, vel_scale=0.250, accel_scale=0.250, gc1:joints(joint_1=-0.027+/-0.030, joint_2=-0.452+/-0.030, joint_3=-3.073+/-0.030, joint_4=-2.014+/-0.030, joint_5=-0.006+/-0.030, joint_6=-0.888+/-0.030, joint_7=+1.636+/-0.030)
[move_group-20] [ERROR] [1777482022.639144845] [move_group.moveit.moveit.core.conversions]: Found empty JointState message
[clear_table-13] [INFO] [1777482022.643588543] [clear_table_node]: Start state: collision-valid — no collisions (not a joint-bounds check).
[move_group-20] [INFO] [1777482022.645693234] [move_group.moveit.moveit.ros.move_group.move_action]: MoveGroupMoveAction: Received request
[move_group-20] [INFO] [1777482022.645950249] [move_group.moveit.moveit.ros.move_group.move_action]: executing..
[clear_table-13] [INFO] [1777482022.650750699] [clear_table_node]: _send_goal: MoveGroup goal accepted.
[move_group-20] [INFO] [1777482022.665810219] [move_group.moveit.moveit.ros.move_group.move_action]: Combined planning and execution request received for MoveGroup action. Forwarding to planning and execution pipeline.
[move_group-20] [WARN] [1777482022.665951989] [move_group.moveit.moveit.ros.move_group.capability]: Execution of motions should always start at the robot's current state. Ignoring the state supplied as start state in the motion planning request
[move_group-20] [WARN] [1777482022.665987501] [move_group.moveit.moveit.ros.move_group.capability]: Execution of motions should always start at the robot's current state. Ignoring the state supplied as difference in the planning scene diff
[move_group-20] [INFO] [1777482022.666004022] [move_group.moveit.moveit.ros.plan_execution]: Planning attempt 1 of at most 1
[move_group-20] [INFO] [1777482022.666466558] [move_group]: Calling PlanningRequestAdapter 'ResolveConstraintFrames'
[move_group-20] [INFO] [1777482022.666527683] [move_group]: Calling PlanningRequestAdapter 'ValidateWorkspaceBounds'
[move_group-20] [INFO] [1777482022.666548486] [move_group]: Calling PlanningRequestAdapter 'CheckStartStateBounds'
[move_group-20] [INFO] [1777482022.666596802] [move_group]: Calling PlanningRequestAdapter 'CheckStartStateCollision'
[move_group-20] [INFO] [1777482022.667357539] [move_group.moveit.moveit.planners.ompl.model_based_planning_context]: Planner configuration 'manipulator' will use planner 'geometric::RRTConnect'. Additional configuration parameters will be set when the planner is constructed.
[move_group-20] [INFO] [1777482022.667469855] [move_group]: Calling Planner 'OMPL'
[move_group-20] [INFO] [1777482022.697905536] [move_group]: Calling PlanningResponseAdapter 'AddTimeOptimalParameterization'
[move_group-20] [INFO] [1777482022.700111212] [move_group]: Calling PlanningResponseAdapter 'ValidateSolution'
[move_group-20] [INFO] [1777482022.701128390] [move_group]: Calling PlanningResponseAdapter 'DisplayMotionPath'
[move_group-20] [WARN] [1777482022.701279279] [move_group.moveit.moveit.ros.planning_pipeline]: The planner plugin did not fill out the 'planner_id' field of the MotionPlanResponse. Setting it to the planner ID name of the MotionPlanRequest assuming that the planner plugin does warn you if it does not use the requested planner.
[move_group-20] [INFO] [1777482022.702094340] [move_group.moveit.moveit.plugins.simple_controller_manager]: Returned 2 controllers in list
[move_group-20] [INFO] [1777482022.702137632] [move_group.moveit.moveit.plugins.simple_controller_manager]: Returned 2 controllers in list
[move_group-20] [INFO] [1777482022.702265977] [move_group.moveit.moveit.ros.trajectory_execution_manager]: Validating trajectory with allowed_start_tolerance 0.01
[move_group-20] [INFO] [1777482022.705044843] [move_group.moveit.moveit.ros.trajectory_execution_manager]: Starting trajectory execution ...
[move_group-20] [INFO] [1777482022.705114497] [move_group.moveit.moveit.plugins.simple_controller_manager]: Returned 2 controllers in list
[move_group-20] [INFO] [1777482022.705152887] [move_group.moveit.moveit.plugins.simple_controller_manager]: Returned 2 controllers in list
[move_group-20] [INFO] [1777482022.705323385] [moveit.simple_controller_manager.follow_joint_trajectory_controller_handle]: sending trajectory to joint_trajectory_controller
[ros2_control_node-1] [INFO] [1777482022.706437523] [joint_trajectory_controller]: Received new action goal
[ros2_control_node-1] [INFO] [1777482022.706988664] [joint_trajectory_controller]: Accepted new action goal
[move_group-20] [INFO] [1777482022.707645688] [moveit.simple_controller_manager.follow_joint_trajectory_controller_handle]: joint_trajectory_controller started execution
[move_group-20] [INFO] [1777482022.707663206] [moveit.simple_controller_manager.follow_joint_trajectory_controller_handle]: Goal request accepted!
[joint_state_sanitizer-3] [WARN] [1777482022.947352543] [joint_state_sanitizer_node]: [joint_state_sanitizer] Published sanitized joint state: joint_3:+3.134->+3.132
[adl_ui-15] 127.0.0.1 - - [29/Apr/2026 13:00:22] "GET /status_json HTTP/1.1" 200 -
[ros2_control_node-1] [WARN] [1777482023.105705810] [controller_manager]: Overrun might occur, Total time : 3111.048 us (Expected < 1000.000 us) --> Read time : 50.518 us, Update time : 459.470 us, Write time : 2601.060 us
[ros2_control_node-1] [WARN] [1777482023.105884704] [controller_manager]: Overrun detected! The controller manager missed its desired rate of 1000 Hz. The loop took 3.329038 ms (missed cycles : 4).
[wrist_camera_usb_publisher-8] [INFO] [1777482023.418630974] [wrist_camera_usb_publisher_node]: USB camera publisher heartbeat: publishing 1280x720 frames on /wrist_mounted_camera/image; camera_info fx=920.87, fy=921.57, cx=644.76, cy=343.15.
[vision_apriltag-9] [INFO] [1777482023.504136514] [vision_apriltag_node]: Vision AprilTag: scene is locked; detection publishing is paused.
[adl_ui-15] 127.0.0.1 - - [29/Apr/2026 13:00:23] "GET /status_json HTTP/1.1" 200 -
[ros2_control_node-1] [WARN] [1777482024.106072206] [controller_manager]: Overrun might occur, Total time : 3471.569 us (Expected < 1000.000 us) --> Read time : 46.751 us, Update time : 329.416 us, Write time : 3095.402 us
[ros2_control_node-1] [WARN] [1777482024.106237348] [controller_manager]: Overrun detected! The controller manager missed its desired rate of 1000 Hz. The loop took 3.682327 ms (missed cycles : 4).
[ros2_control_node-1] [INFO] [1777482024.436895966] [joint_trajectory_controller]: Goal reached, success!
[move_group-20] [INFO] [1777482024.508145922] [moveit.simple_controller_manager.follow_joint_trajectory_controller_handle]: Controller 'joint_trajectory_controller' successfully finished
[adl_ui-15] 127.0.0.1 - - [29/Apr/2026 13:00:24] "GET /status_json HTTP/1.1" 200 -
[move_group-20] [INFO] [1777482024.565541035] [move_group.moveit.moveit.ros.trajectory_execution_manager]: Completed trajectory execution with status SUCCEEDED ...
[move_group-20] [INFO] [1777482024.575326661] [move_group.moveit.moveit.ros.move_group.move_action]: Solution was found and executed.
[clear_table-13] [INFO] [1777482024.598473496] [clear_table_node]: _send_goal: MoveGroup execution completed successfully.
[clear_table-13] [INFO] [1777482024.712587994] [clear_table_node]: _send_goal: settled live EE pose pos=(0.243, -0.012, 0.542), ori=(0.673, 0.661, 0.247, 0.220)
[clear_table-13] [INFO] [1777482024.716232676] [clear_table_node]: Scene UNLOCKED.
[scene_from_vision-10] [INFO] [1777482024.718548551] [scene_from_vision_node]: Scene UNLOCKED - updates resuming.
[ros2_control_node-1] [WARN] [1777482025.107111525] [controller_manager]: Overrun might occur, Total time : 3508.308 us (Expected < 1000.000 us) --> Read time : 73.180 us, Update time : 515.372 us, Write time : 2919.756 us
[ros2_control_node-1] [WARN] [1777482025.107239727] [controller_manager]: Overrun detected! The controller manager missed its desired rate of 1000 Hz. The loop took 3.685560 ms (missed cycles : 4).
[adl_ui-15] 127.0.0.1 - - [29/Apr/2026 13:00:25] "GET /status_json HTTP/1.1" 200 -
[vision_apriltag-9] [INFO] [1777482025.335182706] [vision_apriltag_node]: Vision AprilTag detection debug: 3:cv2.solvePnP_ippe_square:raw@(729,476), 4:cv2.solvePnP_ippe_square:raw@(606,280)
[vision_apriltag-9] [INFO] [1777482025.339311136] [vision_apriltag_node]: Vision AprilTag visible IDs: [3, 4]
[vision_apriltag-9] [INFO] [1777482025.649687781] [vision_apriltag_node]: Vision AprilTag visible IDs: [4]
[vision_apriltag-9] [INFO] [1777482025.709828727] [vision_apriltag_node]: Service: Tag 4 found and base-frame pose returned.
[vision_apriltag-9] [INFO] [1777482025.711771945] [vision_apriltag_node]: Service: Tag 3 found and base-frame pose returned.
[adl_ui-15] 127.0.0.1 - - [29/Apr/2026 13:00:26] "GET /status_json HTTP/1.1" 200 -
[ros2_control_node-1] [WARN] [1777482026.109518787] [controller_manager]: Overrun might occur, Total time : 3946.542 us (Expected < 1000.000 us) --> Read time : 31.297 us, Update time : 213.308 us, Write time : 3701.937 us
[ros2_control_node-1] [WARN] [1777482026.109601556] [controller_manager]: Overrun detected! The controller manager missed its desired rate of 1000 Hz. The loop took 4.048538 ms (missed cycles : 5).
[clear_table-13] [INFO] [1777482026.117794829] [clear_table_node]: Initial top scan pose reached. Deterministic two-phase scan will collect top then side targets.
[clear_table-13] [INFO] [1777482026.118472330] [clear_table_node]: Scene UNLOCKED.
[scene_from_vision-10] [INFO] [1777482026.122860142] [scene_from_vision_node]: Scene UNLOCKED - updates resuming.
[vision_apriltag-9] [INFO] [1777482026.163170741] [vision_apriltag_node]: Vision AprilTag visible IDs: [3, 4]
[clear_table-13] [INFO] [1777482026.269348692] [clear_table_node]: Vision ENABLED.
[clear_table-13] [INFO] [1777482026.270345424] [clear_table_node]: Running deterministic clear_table startup scan: top sweep only.
[clear_table-13] [INFO] [1777482026.271126744] [clear_table_node]: Startup scan is deferring side-grasp IDs [2] until the side-grasp phase.
[clear_table-13] [INFO] [1777482026.272493526] [clear_table_node]: Scene LOCKED.
[scene_from_vision-10] [INFO] [1777482026.273699614] [scene_from_vision_node]: Scene LOCKED - updates paused.
[vision_apriltag-9] [INFO] [1777482026.352521694] [vision_apriltag_node]: Vision AprilTag visible IDs: [3]
[clear_table-13] [INFO] [1777482026.423406795] [clear_table_node]: look_at_table: already near fixed lab scan joint pose; skipping motion.
[clear_table-13] [INFO] [1777482026.424404424] [clear_table_node]: Scene UNLOCKED.
[scene_from_vision-10] [INFO] [1777482026.425336522] [scene_from_vision_node]: Scene UNLOCKED - updates resuming.
[vision_apriltag-9] [INFO] [1777482026.703567674] [vision_apriltag_node]: Service: Tag 3 found and base-frame pose returned.
[vision_apriltag-9] [INFO] [1777482026.704716343] [vision_apriltag_node]: Service: Tag 4 found and base-frame pose returned.
[adl_ui-15] 127.0.0.1 - - [29/Apr/2026 13:00:26] "GET /status_json HTTP/1.1" 200 -
[vision_apriltag-9] [INFO] [1777482026.809769150] [vision_apriltag_node]: Vision AprilTag visible IDs: [4]
[clear_table-13] [INFO] [1777482026.931680748] [clear_table_node]: Two-phase top scan 'top_center': using per-pose scan timeout 3.00s.
[scene_from_vision-10] [INFO] [1777482026.934700807] [scene_from_vision_node]: Scene scan started for 5.0s. Visible detections will be sampled, filtered, and committed at scan end.
[vision_apriltag-9] [INFO] [1777482026.943965995] [vision_apriltag_node]: Service: Tag 4 found and base-frame pose returned.
[vision_apriltag-9] [INFO] [1777482026.945921106] [vision_apriltag_node]: Service: Tag 3 found and base-frame pose returned.
[vision_apriltag-9] [INFO] [1777482027.039214892] [vision_apriltag_node]: Service: Tag 4 found and base-frame pose returned.
[vision_apriltag-9] [INFO] [1777482027.040601902] [vision_apriltag_node]: Service: Tag 3 found and base-frame pose returned.
[ros2_control_node-1] [WARN] [1777482027.111973327] [controller_manager]: Overrun might occur, Total time : 3386.580 us (Expected < 1000.000 us) --> Read time : 26.393 us, Update time : 213.911 us, Write time : 3146.276 us
[ros2_control_node-1] [WARN] [1777482027.112115440] [controller_manager]: Overrun detected! The controller manager missed its desired rate of 1000 Hz. The loop took 3.562038 ms (missed cycles : 4).
[vision_apriltag-9] [INFO] [1777482027.138825977] [vision_apriltag_node]: Service: Tag 3 found and base-frame pose returned.
[vision_apriltag-9] [INFO] [1777482027.139551518] [vision_apriltag_node]: Vision AprilTag visible IDs: [3, 4]
[vision_apriltag-9] [INFO] [1777482027.140705614] [vision_apriltag_node]: Service: Tag 4 found and base-frame pose returned.
[vision_apriltag-9] [INFO] [1777482027.242489377] [vision_apriltag_node]: Service: Tag 4 found and base-frame pose returned.
[vision_apriltag-9] [INFO] [1777482027.248066551] [vision_apriltag_node]: Service: Tag 3 found and base-frame pose returned.
[vision_apriltag-9] [INFO] [1777482027.345268664] [vision_apriltag_node]: Service: Tag 3 found and base-frame pose returned.
[vision_apriltag-9] [INFO] [1777482027.346814153] [vision_apriltag_node]: Service: Tag 4 found and base-frame pose returned.
[vision_apriltag-9] [INFO] [1777482027.439870034] [vision_apriltag_node]: Service: Tag 3 found and base-frame pose returned.
[vision_apriltag-9] [INFO] [1777482027.442468437] [vision_apriltag_node]: Service: Tag 4 found and base-frame pose returned.
[vision_apriltag-9] [INFO] [1777482027.541780171] [vision_apriltag_node]: Service: Tag 3 found and base-frame pose returned.
[vision_apriltag-9] [INFO] [1777482027.542633597] [vision_apriltag_node]: Service: Tag 4 found and base-frame pose returned.
[adl_ui-15] 127.0.0.1 - - [29/Apr/2026 13:00:27] "GET /status_json HTTP/1.1" 200 -
[vision_apriltag-9] [INFO] [1777482027.641892974] [vision_apriltag_node]: Service: Tag 3 found and base-frame pose returned.
[vision_apriltag-9] [INFO] [1777482027.644621266] [vision_apriltag_node]: Service: Tag 4 found and base-frame pose returned.
[vision_apriltag-9] [INFO] [1777482027.704345916] [vision_apriltag_node]: Service: Tag 4 found and base-frame pose returned.
[vision_apriltag-9] [INFO] [1777482027.705094705] [vision_apriltag_node]: Service: Tag 3 found and base-frame pose returned.
[vision_apriltag-9] [INFO] [1777482027.747813582] [vision_apriltag_node]: Service: Tag 4 found and base-frame pose returned.
[vision_apriltag-9] [INFO] [1777482027.752465615] [vision_apriltag_node]: Service: Tag 3 found and base-frame pose returned.
[vision_apriltag-9] [INFO] [1777482027.843507658] [vision_apriltag_node]: Service: Tag 3 found and base-frame pose returned.
[vision_apriltag-9] [INFO] [1777482027.845267515] [vision_apriltag_node]: Service: Tag 4 found and base-frame pose returned.
[vision_apriltag-9] [INFO] [1777482027.943868780] [vision_apriltag_node]: Service: Tag 4 found and base-frame pose returned.
[vision_apriltag-9] [INFO] [1777482027.945724191] [vision_apriltag_node]: Service: Tag 3 found and base-frame pose returned.
[vision_apriltag-9] [INFO] [1777482027.956531891] [vision_apriltag_node]: Vision AprilTag visible IDs: [3]
[vision_apriltag-9] [INFO] [1777482028.044657394] [vision_apriltag_node]: Service: Tag 3 found and base-frame pose returned.
[vision_apriltag-9] [INFO] [1777482028.045937336] [vision_apriltag_node]: Service: Tag 4 found and base-frame pose returned.
[ros2_control_node-1] [WARN] [1777482028.113724020] [controller_manager]: Overrun might occur, Total time : 3148.728 us (Expected < 1000.000 us) --> Read time : 39.125 us, Update time : 280.114 us, Write time : 2829.489 us
[ros2_control_node-1] [WARN] [1777482028.113808120] [controller_manager]: Overrun detected! The controller manager missed its desired rate of 1000 Hz. The loop took 3.255824 ms (missed cycles : 4).
[vision_apriltag-9] [INFO] [1777482028.145704890] [vision_apriltag_node]: Service: Tag 3 found and base-frame pose returned.
[vision_apriltag-9] [INFO] [1777482028.147406488] [vision_apriltag_node]: Service: Tag 4 found and base-frame pose returned.
[vision_apriltag-9] [INFO] [1777482028.244999774] [vision_apriltag_node]: Service: Tag 3 found and base-frame pose returned.
[vision_apriltag-9] [INFO] [1777482028.246732603] [vision_apriltag_node]: Service: Tag 4 found and base-frame pose returned.
[adl_ui-15] 127.0.0.1 - - [29/Apr/2026 13:00:28] "GET /status_json HTTP/1.1" 200 -
[vision_apriltag-9] [INFO] [1777482028.299742869] [vision_apriltag_node]: Vision AprilTag visible IDs: [4]
[vision_apriltag-9] [INFO] [1777482028.347119925] [vision_apriltag_node]: Service: Tag 4 found and base-frame pose returned.
[vision_apriltag-9] [INFO] [1777482028.347507109] [vision_apriltag_node]: Service: Tag 3 found and base-frame pose returned.
[vision_apriltag-9] [INFO] [1777482028.450488900] [vision_apriltag_node]: Service: Tag 4 found and base-frame pose returned.
[vision_apriltag-9] [INFO] [1777482028.451605088] [vision_apriltag_node]: Service: Tag 3 found and base-frame pose returned.
[vision_apriltag-9] [INFO] [1777482028.553154236] [vision_apriltag_node]: Service: Tag 3 found and base-frame pose returned.
[vision_apriltag-9] [INFO] [1777482028.554021516] [vision_apriltag_node]: Service: Tag 4 found and base-frame pose returned.
[wrist_camera_usb_publisher-8] [INFO] [1777482028.575207783] [wrist_camera_usb_publisher_node]: USB camera publisher heartbeat: publishing 1280x720 frames on /wrist_mounted_camera/image; camera_info fx=920.87, fy=921.57, cx=644.76, cy=343.15.
[vision_apriltag-9] [INFO] [1777482028.652173686] [vision_apriltag_node]: Service: Tag 3 found and base-frame pose returned.
[vision_apriltag-9] [INFO] [1777482028.655344149] [vision_apriltag_node]: Service: Tag 4 found and base-frame pose returned.
[vision_apriltag-9] [INFO] [1777482028.711146297] [vision_apriltag_node]: Service: Tag 4 found and base-frame pose returned.
[vision_apriltag-9] [INFO] [1777482028.713600832] [vision_apriltag_node]: Service: Tag 3 found and base-frame pose returned.
[vision_apriltag-9] [INFO] [1777482028.762791799] [vision_apriltag_node]: Service: Tag 4 found and base-frame pose returned.
[vision_apriltag-9] [INFO] [1777482028.764809922] [vision_apriltag_node]: Service: Tag 3 found and base-frame pose returned.
[vision_apriltag-9] [INFO] [1777482028.850272024] [vision_apriltag_node]: Service: Tag 3 found and base-frame pose returned.
[vision_apriltag-9] [INFO] [1777482028.850773369] [vision_apriltag_node]: Service: Tag 4 found and base-frame pose returned.
[vision_apriltag-9] [INFO] [1777482028.949874553] [vision_apriltag_node]: Service: Tag 3 found and base-frame pose returned.
[vision_apriltag-9] [INFO] [1777482028.951471579] [vision_apriltag_node]: Service: Tag 4 found and base-frame pose returned.
[adl_ui-15] 127.0.0.1 - - [29/Apr/2026 13:00:29] "GET /status_json HTTP/1.1" 200 -
[vision_apriltag-9] [INFO] [1777482029.051892557] [vision_apriltag_node]: Service: Tag 3 found and base-frame pose returned.
[vision_apriltag-9] [INFO] [1777482029.053821408] [vision_apriltag_node]: Service: Tag 4 found and base-frame pose returned.
[ros2_control_node-1] [WARN] [1777482029.115164915] [controller_manager]: Overrun might occur, Total time : 2596.304 us (Expected < 1000.000 us) --> Read time : 32.817 us, Update time : 209.874 us, Write time : 2353.613 us
[ros2_control_node-1] [WARN] [1777482029.115224262] [controller_manager]: Overrun detected! The controller manager missed its desired rate of 1000 Hz. The loop took 2.672364 ms (missed cycles : 3).
[vision_apriltag-9] [INFO] [1777482029.152156577] [vision_apriltag_node]: Service: Tag 3 found and base-frame pose returned.
[vision_apriltag-9] [INFO] [1777482029.153121030] [vision_apriltag_node]: Service: Tag 4 found and base-frame pose returned.
[vision_apriltag-9] [INFO] [1777482029.166286149] [vision_apriltag_node]: Vision AprilTag visible IDs: [3]
[vision_apriltag-9] [INFO] [1777482029.253246521] [vision_apriltag_node]: Service: Tag 3 found and base-frame pose returned.
[vision_apriltag-9] [INFO] [1777482029.254917007] [vision_apriltag_node]: Service: Tag 4 found and base-frame pose returned.
[vision_apriltag-9] [INFO] [1777482029.355485671] [vision_apriltag_node]: Service: Tag 3 found and base-frame pose returned.
[vision_apriltag-9] [INFO] [1777482029.360231668] [vision_apriltag_node]: Service: Tag 4 found and base-frame pose returned.
[vision_apriltag-9] [INFO] [1777482029.361038960] [vision_apriltag_node]: Vision AprilTag visible IDs: [4]
[vision_apriltag-9] [INFO] [1777482029.457160567] [vision_apriltag_node]: Service: Tag 4 found and base-frame pose returned.
[vision_apriltag-9] [INFO] [1777482029.457545862] [vision_apriltag_node]: Service: Tag 3 found and base-frame pose returned.
[vision_apriltag-9] [INFO] [1777482029.503827084] [vision_apriltag_node]: Vision AprilTag visible IDs: [3, 4]
[vision_apriltag-9] [INFO] [1777482029.557001052] [vision_apriltag_node]: Service: Tag 4 found and base-frame pose returned.
[vision_apriltag-9] [INFO] [1777482029.557599033] [vision_apriltag_node]: Service: Tag 3 found and base-frame pose returned.
[vision_apriltag-9] [INFO] [1777482029.658504147] [vision_apriltag_node]: Service: Tag 3 found and base-frame pose returned.
[vision_apriltag-9] [INFO] [1777482029.659399372] [vision_apriltag_node]: Service: Tag 4 found and base-frame pose returned.
[vision_apriltag-9] [INFO] [1777482029.708816358] [vision_apriltag_node]: Service: Tag 4 found and base-frame pose returned.
[vision_apriltag-9] [INFO] [1777482029.710863221] [vision_apriltag_node]: Service: Tag 3 found and base-frame pose returned.
[vision_apriltag-9] [INFO] [1777482029.756684939] [vision_apriltag_node]: Service: Tag 3 found and base-frame pose returned.
[vision_apriltag-9] [INFO] [1777482029.758770091] [vision_apriltag_node]: Service: Tag 4 found and base-frame pose returned.
[adl_ui-15] 127.0.0.1 - - [29/Apr/2026 13:00:29] "GET /status_json HTTP/1.1" 200 -
[vision_apriltag-9] [INFO] [1777482029.858560191] [vision_apriltag_node]: Service: Tag 3 found and base-frame pose returned.
[vision_apriltag-9] [INFO] [1777482029.859761732] [vision_apriltag_node]: Service: Tag 4 found and base-frame pose returned.
[clear_table-13] [WARN] [1777482029.943514127] [clear_table_node]: scan_scene timed out after 3.0s; using current remembered IDs.
[clear_table-13] [WARN] [1777482029.954574346] [clear_table_node]: Scene memory pose for tag ID 3 unavailable. Response: Tag ID 3 is not in scene memory.. Falling back to live vision.
[vision_apriltag-9] [INFO] [1777482029.958460558] [vision_apriltag_node]: Service: Tag 3 found and base-frame pose returned.
[vision_apriltag-9] [INFO] [1777482029.959632236] [vision_apriltag_node]: Service: Tag 3 found and base-frame pose returned.
[vision_apriltag-9] [INFO] [1777482029.961357519] [vision_apriltag_node]: Service: Tag 4 found and base-frame pose returned.
[clear_table-13] [WARN] [1777482029.976115282] [clear_table_node]: Scene memory pose for tag ID 4 unavailable. Response: Tag ID 4 is not in scene memory.. Falling back to live vision.
[vision_apriltag-9] [INFO] [1777482029.977584405] [vision_apriltag_node]: Service: Tag 4 found and base-frame pose returned.
[vision_apriltag-9] [INFO] [1777482029.987940241] [vision_apriltag_node]: Service: Tag 3 found and base-frame pose returned.
[clear_table-13] [INFO] [1777482029.997312370] [clear_table_node]: Two-phase top-pose freeze latched ID 3 from two-phase top scan 'top_center'.
[vision_apriltag-9] [INFO] [1777482029.998639426] [vision_apriltag_node]: Service: Tag 4 found and base-frame pose returned.
[clear_table-13] [INFO] [1777482030.008095604] [clear_table_node]: Two-phase top-pose freeze latched ID 4 from two-phase top scan 'top_center'.
[clear_table-13] [INFO] [1777482030.009102798] [clear_table_node]: Two-phase top scan 'top_center' detected top-grasp IDs [3, 4].
[clear_table-13] [INFO] [1777482030.009805989] [clear_table_node]: Scene LOCKED.
[scene_from_vision-10] [INFO] [1777482030.010821644] [scene_from_vision_node]: Scene LOCKED - updates paused.
[ros2_control_node-1] [WARN] [1777482030.116415405] [controller_manager]: Overrun might occur, Total time : 2839.411 us (Expected < 1000.000 us) --> Read time : 38.961 us, Update time : 199.933 us, Write time : 2600.517 us
[ros2_control_node-1] [WARN] [1777482030.116504465] [controller_manager]: Overrun detected! The controller manager missed its desired rate of 1000 Hz. The loop took 2.951767 ms (missed cycles : 3).
[clear_table-13] [INFO] [1777482030.161401668] [clear_table_node]: look_at_table_retry_scan: moving to inward recovery scan pose.
[clear_table-13] [INFO] [1777482030.215612676] [clear_table_node]: _send_goal: dispatching MoveGroup request group=manipulator, attempts=10, allowed_time=10.00s, vel_scale=0.250, accel_scale=0.250, gc1:pos(frame=base_link, link=end_effector_link, tol=0.020, pos=(0.285, -0.010, 0.515), ori=(0.659, 0.671, 0.240, 0.240)); gc1:ori(frame=base_link, link=end_effector_link, tol_xy=0.350, tol_z=0.600, ori=(+0.659, +0.671, +0.240, +0.240))
[move_group-20] [ERROR] [1777482030.216791435] [move_group.moveit.moveit.core.conversions]: Found empty JointState message
[clear_table-13] [INFO] [1777482030.225186093] [clear_table_node]: Start state: collision-valid — no collisions (not a joint-bounds check).
[move_group-20] [INFO] [1777482030.228074235] [move_group.moveit.moveit.ros.move_group.move_action]: MoveGroupMoveAction: Received request
[move_group-20] [INFO] [1777482030.228550482] [move_group.moveit.moveit.ros.move_group.move_action]: executing..
[clear_table-13] [INFO] [1777482030.240759635] [clear_table_node]: _send_goal: MoveGroup goal accepted.
[move_group-20] [INFO] [1777482030.245918593] [move_group.moveit.moveit.ros.move_group.move_action]: Combined planning and execution request received for MoveGroup action. Forwarding to planning and execution pipeline.
[move_group-20] [WARN] [1777482030.246069372] [move_group.moveit.moveit.ros.move_group.capability]: Execution of motions should always start at the robot's current state. Ignoring the state supplied as start state in the motion planning request
[move_group-20] [WARN] [1777482030.246136575] [move_group.moveit.moveit.ros.move_group.capability]: Execution of motions should always start at the robot's current state. Ignoring the state supplied as difference in the planning scene diff
[move_group-20] [INFO] [1777482030.246173003] [move_group.moveit.moveit.ros.plan_execution]: Planning attempt 1 of at most 1
[move_group-20] [INFO] [1777482030.247095490] [move_group]: Calling PlanningRequestAdapter 'ResolveConstraintFrames'
[move_group-20] [INFO] [1777482030.247206840] [move_group]: Calling PlanningRequestAdapter 'ValidateWorkspaceBounds'
[move_group-20] [INFO] [1777482030.247262311] [move_group]: Calling PlanningRequestAdapter 'CheckStartStateBounds'
[move_group-20] [INFO] [1777482030.247348192] [move_group]: Calling PlanningRequestAdapter 'CheckStartStateCollision'
[move_group-20] [INFO] [1777482030.248839917] [move_group.moveit.moveit.planners.ompl.model_based_planning_context]: Planner configuration 'manipulator' will use planner 'geometric::RRTConnect'. Additional configuration parameters will be set when the planner is constructed.
[move_group-20] [INFO] [1777482030.251986674] [move_group]: Calling Planner 'OMPL'
[move_group-20] [INFO] [1777482030.281499415] [move_group]: Calling PlanningResponseAdapter 'AddTimeOptimalParameterization'
[move_group-20] [INFO] [1777482030.285888124] [move_group]: Calling PlanningResponseAdapter 'ValidateSolution'
[move_group-20] [INFO] [1777482030.289000152] [move_group]: Calling PlanningResponseAdapter 'DisplayMotionPath'
[move_group-20] [WARN] [1777482030.290575313] [move_group.moveit.moveit.ros.planning_pipeline]: The planner plugin did not fill out the 'planner_id' field of the MotionPlanResponse. Setting it to the planner ID name of the MotionPlanRequest assuming that the planner plugin does warn you if it does not use the requested planner.
[move_group-20] [INFO] [1777482030.290953501] [move_group.moveit.moveit.plugins.simple_controller_manager]: Returned 2 controllers in list
[move_group-20] [INFO] [1777482030.291033798] [move_group.moveit.moveit.plugins.simple_controller_manager]: Returned 2 controllers in list
[move_group-20] [INFO] [1777482030.291231807] [move_group.moveit.moveit.ros.trajectory_execution_manager]: Validating trajectory with allowed_start_tolerance 0.01
[move_group-20] [INFO] [1777482030.307862997] [move_group.moveit.moveit.ros.trajectory_execution_manager]: Starting trajectory execution ...
[move_group-20] [INFO] [1777482030.307983024] [move_group.moveit.moveit.plugins.simple_controller_manager]: Returned 2 controllers in list
[move_group-20] [INFO] [1777482030.308060321] [move_group.moveit.moveit.plugins.simple_controller_manager]: Returned 2 controllers in list
[move_group-20] [INFO] [1777482030.308325796] [moveit.simple_controller_manager.follow_joint_trajectory_controller_handle]: sending trajectory to joint_trajectory_controller
[ros2_control_node-1] [INFO] [1777482030.309599503] [joint_trajectory_controller]: Received new action goal
[ros2_control_node-1] [INFO] [1777482030.309706266] [joint_trajectory_controller]: Accepted new action goal
[move_group-20] [INFO] [1777482030.314130307] [moveit.simple_controller_manager.follow_joint_trajectory_controller_handle]: joint_trajectory_controller started execution
[move_group-20] [INFO] [1777482030.314162429] [moveit.simple_controller_manager.follow_joint_trajectory_controller_handle]: Goal request accepted!
[adl_ui-15] 127.0.0.1 - - [29/Apr/2026 13:00:30] "GET /status_json HTTP/1.1" 200 -
[ros2_control_node-1] [WARN] [1777482031.117815290] [controller_manager]: Overrun might occur, Total time : 3204.060 us (Expected < 1000.000 us) --> Read time : 111.845 us, Update time : 503.667 us, Write time : 2588.548 us
[ros2_control_node-1] [WARN] [1777482031.117916916] [controller_manager]: Overrun detected! The controller manager missed its desired rate of 1000 Hz. The loop took 3.364945 ms (missed cycles : 4).
[adl_ui-15] 127.0.0.1 - - [29/Apr/2026 13:00:31] "GET /status_json HTTP/1.1" 200 -
[vision_apriltag-9] [INFO] [1777482031.502552083] [vision_apriltag_node]: Vision AprilTag: scene is locked; detection publishing is paused.
[ros2_control_node-1] [INFO] [1777482031.719729331] [joint_trajectory_controller]: Goal reached, success!
[move_group-20] [INFO] [1777482031.810758676] [moveit.simple_controller_manager.follow_joint_trajectory_controller_handle]: Controller 'joint_trajectory_controller' successfully finished
[move_group-20] [INFO] [1777482031.865228663] [move_group.moveit.moveit.ros.trajectory_execution_manager]: Completed trajectory execution with status SUCCEEDED ...
[move_group-20] [INFO] [1777482031.868666598] [move_group.moveit.moveit.ros.move_group.move_action]: Solution was found and executed.
[clear_table-13] [INFO] [1777482031.877240045] [clear_table_node]: _send_goal: MoveGroup execution completed successfully.
[scene_from_vision-10] [INFO] [1777482031.966763079] [scene_from_vision_node]: Scan committed tag 3: raw=34, accepted=34, rejected=0, median tag pose x=0.553, y=-0.044, z=0.120. object center x=0.505, y=0.021, z=0.109, yaw=-172.8deg. table_delta x=-0.176, y=+0.021.
[scene_from_vision-10] [INFO] [1777482031.971009946] [scene_from_vision_node]: Scan committed tag 4: raw=34, accepted=34, rejected=0, median tag pose x=0.676, y=0.026, z=0.154. object center x=0.676, y=0.020, z=0.126, yaw=+11.4deg. table_delta x=-0.006, y=+0.020.
[scene_from_vision-10] [INFO] [1777482031.974078118] [scene_from_vision_node]: Scene scan complete. Remembered object IDs: [3, 4]
[clear_table-13] [INFO] [1777482031.993328818] [clear_table_node]: _send_goal: settled live EE pose pos=(0.271, -0.014, 0.503), ori=(0.527, 0.803, 0.160, 0.227)
[clear_table-13] [INFO] [1777482031.995415451] [clear_table_node]: Scene UNLOCKED.
[scene_from_vision-10] [INFO] [1777482031.996998276] [scene_from_vision_node]: Scene UNLOCKED - updates resuming.
[adl_ui-15] 127.0.0.1 - - [29/Apr/2026 13:00:32] "GET /status_json HTTP/1.1" 200 -
[ros2_control_node-1] [WARN] [1777482032.120327558] [controller_manager]: Overrun might occur, Total time : 2746.624 us (Expected < 1000.000 us) --> Read time : 47.362 us, Update time : 318.740 us, Write time : 2380.522 us
[ros2_control_node-1] [WARN] [1777482032.120427410] [controller_manager]: Overrun detected! The controller manager missed its desired rate of 1000 Hz. The loop took 2.874859 ms (missed cycles : 3).
[scene_from_vision-10] [INFO] [1777482032.205206558] [scene_from_vision_node]: Published obj_3 (new) at x=0.505, y=0.021, z=0.109, yaw=-172.8deg
[scene_from_vision-10] [INFO] [1777482032.207241116] [scene_from_vision_node]: Published obj_4 (new) at x=0.676, y=0.020, z=0.126, yaw=+11.4deg
[vision_apriltag-9] [INFO] [1777482032.310043070] [vision_apriltag_node]: Vision AprilTag detection debug: 3:cv2.solvePnP_ippe_square:raw@(720,431), 4:cv2.solvePnP_ippe_square:raw@(684,174)
[vision_apriltag-9] [INFO] [1777482032.472823849] [vision_apriltag_node]: Vision AprilTag visible IDs: [3]
[clear_table-13] [INFO] [1777482032.496547190] [clear_table_node]: Two-phase top scan 'top_retry': using per-pose scan timeout 3.00s.
[scene_from_vision-10] [INFO] [1777482032.498016990] [scene_from_vision_node]: Scene scan started for 5.0s. Visible detections will be sampled, filtered, and committed at scan end.
[vision_apriltag-9] [INFO] [1777482032.501100191] [vision_apriltag_node]: Service: Tag 3 found and base-frame pose returned.
[vision_apriltag-9] [INFO] [1777482032.502607354] [vision_apriltag_node]: Service: Tag 4 found and base-frame pose returned.
[vision_apriltag-9] [INFO] [1777482032.611086723] [vision_apriltag_node]: Service: Tag 3 found and base-frame pose returned.
[vision_apriltag-9] [INFO] [1777482032.630262003] [vision_apriltag_node]: Service: Tag 4 found and base-frame pose returned.
[vision_apriltag-9] [INFO] [1777482032.708713630] [vision_apriltag_node]: Service: Tag 3 found and base-frame pose returned.
[vision_apriltag-9] [INFO] [1777482032.711744202] [vision_apriltag_node]: Service: Tag 4 found and base-frame pose returned.
[adl_ui-15] 127.0.0.1 - - [29/Apr/2026 13:00:32] "GET /status_json HTTP/1.1" 200 -
[vision_apriltag-9] [INFO] [1777482032.833437734] [vision_apriltag_node]: Service: Tag 4 found and base-frame pose returned.
[vision_apriltag-9] [INFO] [1777482032.836016549] [vision_apriltag_node]: Service: Tag 3 found and base-frame pose returned.
[vision_apriltag-9] [INFO] [1777482032.914324566] [vision_apriltag_node]: Service: Tag 3 found and base-frame pose returned.
[vision_apriltag-9] [INFO] [1777482032.915379478] [vision_apriltag_node]: Service: Tag 4 found and base-frame pose returned.
[vision_apriltag-9] [INFO] [1777482032.987260535] [vision_apriltag_node]: Vision AprilTag visible IDs: [4]
[vision_apriltag-9] [INFO] [1777482033.013918790] [vision_apriltag_node]: Service: Tag 3 found and base-frame pose returned.
[vision_apriltag-9] [INFO] [1777482033.015349619] [vision_apriltag_node]: Service: Tag 4 found and base-frame pose returned.
[vision_apriltag-9] [INFO] [1777482033.115651441] [vision_apriltag_node]: Service: Tag 4 found and base-frame pose returned.
[vision_apriltag-9] [INFO] [1777482033.116484350] [vision_apriltag_node]: Service: Tag 3 found and base-frame pose returned.
[ros2_control_node-1] [WARN] [1777482033.121449329] [controller_manager]: Overrun might occur, Total time : 2871.616 us (Expected < 1000.000 us) --> Read time : 35.533 us, Update time : 216.666 us, Write time : 2619.417 us
[ros2_control_node-1] [WARN] [1777482033.121559778] [controller_manager]: Overrun detected! The controller manager missed its desired rate of 1000 Hz. The loop took 3.007136 ms (missed cycles : 4).
[vision_apriltag-9] [INFO] [1777482033.215765448] [vision_apriltag_node]: Service: Tag 3 found and base-frame pose returned.
[vision_apriltag-9] [INFO] [1777482033.217353184] [vision_apriltag_node]: Service: Tag 4 found and base-frame pose returned.
[vision_apriltag-9] [INFO] [1777482033.275922487] [vision_apriltag_node]: Vision AprilTag visible IDs: [3]
[vision_apriltag-9] [INFO] [1777482033.317019653] [vision_apriltag_node]: Service: Tag 3 found and base-frame pose returned.
[vision_apriltag-9] [INFO] [1777482033.318088159] [vision_apriltag_node]: Service: Tag 4 found and base-frame pose returned.
[vision_apriltag-9] [INFO] [1777482033.423223535] [vision_apriltag_node]: Service: Tag 3 found and base-frame pose returned.
[vision_apriltag-9] [INFO] [1777482033.425835178] [vision_apriltag_node]: Service: Tag 4 found and base-frame pose returned.
[vision_apriltag-9] [INFO] [1777482033.523333175] [vision_apriltag_node]: Service: Tag 4 found and base-frame pose returned.
[vision_apriltag-9] [INFO] [1777482033.524140746] [vision_apriltag_node]: Service: Tag 3 found and base-frame pose returned.
[adl_ui-15] 127.0.0.1 - - [29/Apr/2026 13:00:33] "GET /status_json HTTP/1.1" 200 -
[vision_apriltag-9] [INFO] [1777482033.620198400] [vision_apriltag_node]: Service: Tag 3 found and base-frame pose returned.
[vision_apriltag-9] [INFO] [1777482033.620969148] [vision_apriltag_node]: Service: Tag 4 found and base-frame pose returned.
[vision_apriltag-9] [INFO] [1777482033.703975501] [vision_apriltag_node]: Service: Tag 4 found and base-frame pose returned.
[vision_apriltag-9] [INFO] [1777482033.705306294] [vision_apriltag_node]: Service: Tag 3 found and base-frame pose returned.
[vision_apriltag-9] [INFO] [1777482033.720721568] [vision_apriltag_node]: Service: Tag 4 found and base-frame pose returned.
[vision_apriltag-9] [INFO] [1777482033.721413590] [vision_apriltag_node]: Service: Tag 3 found and base-frame pose returned.
[wrist_camera_usb_publisher-8] [INFO] [1777482033.734027378] [wrist_camera_usb_publisher_node]: USB camera publisher heartbeat: publishing 1280x720 frames on /wrist_mounted_camera/image; camera_info fx=920.87, fy=921.57, cx=644.76, cy=343.15.
[vision_apriltag-9] [INFO] [1777482033.821374720] [vision_apriltag_node]: Service: Tag 3 found and base-frame pose returned.
[vision_apriltag-9] [INFO] [1777482033.822182713] [vision_apriltag_node]: Service: Tag 4 found and base-frame pose returned.
[vision_apriltag-9] [INFO] [1777482033.920619109] [vision_apriltag_node]: Service: Tag 3 found and base-frame pose returned.
[vision_apriltag-9] [INFO] [1777482033.922048078] [vision_apriltag_node]: Service: Tag 4 found and base-frame pose returned.
[vision_apriltag-9] [INFO] [1777482034.022396877] [vision_apriltag_node]: Service: Tag 3 found and base-frame pose returned.
[vision_apriltag-9] [INFO] [1777482034.024507661] [vision_apriltag_node]: Service: Tag 4 found and base-frame pose returned.
[vision_apriltag-9] [INFO] [1777482034.104524399] [vision_apriltag_node]: Vision AprilTag visible IDs: [3, 4]
[ros2_control_node-1] [WARN] [1777482034.123131393] [controller_manager]: Overrun might occur, Total time : 3541.767 us (Expected < 1000.000 us) --> Read time : 70.733 us, Update time : 318.412 us, Write time : 3152.622 us
[ros2_control_node-1] [WARN] [1777482034.123194349] [controller_manager]: Overrun detected! The controller manager missed its desired rate of 1000 Hz. The loop took 3.642972 ms (missed cycles : 4).
[vision_apriltag-9] [INFO] [1777482034.123231099] [vision_apriltag_node]: Service: Tag 3 found and base-frame pose returned.
[vision_apriltag-9] [INFO] [1777482034.124179626] [vision_apriltag_node]: Service: Tag 4 found and base-frame pose returned.
[scene_from_vision-10] [INFO] [1777482034.224173687] [scene_from_vision_node]: Published obj_3 (heartbeat) at x=0.505, y=0.021, z=0.109, yaw=-172.8deg
[scene_from_vision-10] [INFO] [1777482034.226873639] [scene_from_vision_node]: Published obj_4 (heartbeat) at x=0.676, y=0.020, z=0.126, yaw=+11.4deg
[vision_apriltag-9] [INFO] [1777482034.227183753] [vision_apriltag_node]: Service: Tag 3 found and base-frame pose returned.
[vision_apriltag-9] [INFO] [1777482034.228429624] [vision_apriltag_node]: Service: Tag 4 found and base-frame pose returned.
[adl_ui-15] 127.0.0.1 - - [29/Apr/2026 13:00:34] "GET /status_json HTTP/1.1" 200 -
[vision_apriltag-9] [INFO] [1777482034.333970404] [vision_apriltag_node]: Service: Tag 4 found and base-frame pose returned.
[vision_apriltag-9] [INFO] [1777482034.335879106] [vision_apriltag_node]: Service: Tag 3 found and base-frame pose returned.
[vision_apriltag-9] [INFO] [1777482034.435486131] [vision_apriltag_node]: Service: Tag 4 found and base-frame pose returned.
[vision_apriltag-9] [INFO] [1777482034.436333900] [vision_apriltag_node]: Service: Tag 3 found and base-frame pose returned.
[vision_apriltag-9] [INFO] [1777482034.536902702] [vision_apriltag_node]: Service: Tag 4 found and base-frame pose returned.
[vision_apriltag-9] [INFO] [1777482034.537440970] [vision_apriltag_node]: Service: Tag 3 found and base-frame pose returned.
[vision_apriltag-9] [INFO] [1777482034.639850480] [vision_apriltag_node]: Service: Tag 3 found and base-frame pose returned.
[vision_apriltag-9] [INFO] [1777482034.642776969] [vision_apriltag_node]: Service: Tag 4 found and base-frame pose returned.
[vision_apriltag-9] [INFO] [1777482034.706164757] [vision_apriltag_node]: Service: Tag 4 found and base-frame pose returned.
[vision_apriltag-9] [INFO] [1777482034.707209580] [vision_apriltag_node]: Service: Tag 3 found and base-frame pose returned.
[vision_apriltag-9] [INFO] [1777482034.742042662] [vision_apriltag_node]: Service: Tag 3 found and base-frame pose returned.
[vision_apriltag-9] [INFO] [1777482034.752268955] [vision_apriltag_node]: Service: Tag 4 found and base-frame pose returned.
[vision_apriltag-9] [INFO] [1777482034.844689935] [vision_apriltag_node]: Service: Tag 4 found and base-frame pose returned.
[vision_apriltag-9] [INFO] [1777482034.846691706] [vision_apriltag_node]: Service: Tag 3 found and base-frame pose returned.
[vision_apriltag-9] [INFO] [1777482034.852621718] [vision_apriltag_node]: Vision AprilTag visible IDs: [3]
[vision_apriltag-9] [INFO] [1777482034.953671612] [vision_apriltag_node]: Service: Tag 3 found and base-frame pose returned.
[vision_apriltag-9] [INFO] [1777482034.957234887] [vision_apriltag_node]: Service: Tag 4 found and base-frame pose returned.
[vision_apriltag-9] [INFO] [1777482035.052356789] [vision_apriltag_node]: Service: Tag 3 found and base-frame pose returned.
[vision_apriltag-9] [INFO] [1777482035.062705858] [vision_apriltag_node]: Service: Tag 4 found and base-frame pose returned.
[adl_ui-15] 127.0.0.1 - - [29/Apr/2026 13:00:35] "GET /status_json HTTP/1.1" 200 -
[ros2_control_node-1] [WARN] [1777482035.124180961] [controller_manager]: Overrun might occur, Total time : 2605.215 us (Expected < 1000.000 us) --> Read time : 50.659 us, Update time : 208.471 us, Write time : 2346.085 us
[ros2_control_node-1] [WARN] [1777482035.124256515] [controller_manager]: Overrun detected! The controller manager missed its desired rate of 1000 Hz. The loop took 2.704540 ms (missed cycles : 3).
[vision_apriltag-9] [INFO] [1777482035.150341023] [vision_apriltag_node]: Service: Tag 3 found and base-frame pose returned.
[vision_apriltag-9] [INFO] [1777482035.154114997] [vision_apriltag_node]: Service: Tag 4 found and base-frame pose returned.
[vision_apriltag-9] [INFO] [1777482035.249966976] [vision_apriltag_node]: Service: Tag 3 found and base-frame pose returned.
[vision_apriltag-9] [INFO] [1777482035.251580320] [vision_apriltag_node]: Service: Tag 4 found and base-frame pose returned.
[vision_apriltag-9] [INFO] [1777482035.353260387] [vision_apriltag_node]: Service: Tag 3 found and base-frame pose returned.
[vision_apriltag-9] [INFO] [1777482035.366186696] [vision_apriltag_node]: Service: Tag 4 found and base-frame pose returned.
[vision_apriltag-9] [INFO] [1777482035.370648404] [vision_apriltag_node]: Vision AprilTag visible IDs: [3, 4]
[vision_apriltag-9] [INFO] [1777482035.452620519] [vision_apriltag_node]: Service: Tag 4 found and base-frame pose returned.
[vision_apriltag-9] [INFO] [1777482035.453999863] [vision_apriltag_node]: Service: Tag 3 found and base-frame pose returned.
[clear_table-13] [WARN] [1777482035.531947762] [clear_table_node]: scan_scene timed out after 3.0s; using current remembered IDs.
[vision_apriltag-9] [INFO] [1777482035.534451485] [vision_apriltag_node]: Service: Tag 3 found and base-frame pose returned.
[clear_table-13] [INFO] [1777482035.543571442] [clear_table_node]: Two-phase top-pose freeze updated ID 3 from two-phase top scan 'top_retry'.
[clear_table-13] [INFO] [1777482035.544261100] [clear_table_node]: Two-phase top-pose freeze keeping existing pose for ID 4; skipping overwrite from two-phase top scan 'top_retry'.
[clear_table-13] [INFO] [1777482035.547610378] [clear_table_node]: Two-phase top scan 'top_retry' detected top-grasp IDs [3, 4].
[clear_table-13] [INFO] [1777482035.549067675] [clear_table_node]: Two-phase scan: priority top target(s) detected [3, 4] after completing the configured top sweep.
[clear_table-13] [INFO] [1777482035.549879141] [clear_table_node]: Removing startup table guard ring before ending startup scan phase.
[clear_table-13] [INFO] [1777482035.551072786] [clear_table_node]: Removed temporary table guard ring 'clear_table_startup_guard'.
[vision_apriltag-9] [INFO] [1777482035.554128343] [vision_apriltag_node]: Vision AprilTag visible IDs: [3]
[vision_apriltag-9] [INFO] [1777482035.555419981] [vision_apriltag_node]: Service: Tag 4 found and base-frame pose returned.
[vision_apriltag-9] [INFO] [1777482035.556283157] [vision_apriltag_node]: Service: Tag 3 found and base-frame pose returned.
[clear_table-13] [INFO] [1777482035.658433352] [clear_table_node]: Detected 2 objects to clear (IDs, sorted by distance): [3, 4]
[clear_table-13] [INFO] [1777482035.662489417] [clear_table_node]: Pick phase selection: overhead_first=[(3, 'TV Remote'), (4, 'Cube')], deferred_to_side=[].
[vision_apriltag-9] [INFO] [1777482035.669339457] [vision_apriltag_node]: Service: Tag 3 found and base-frame pose returned.
[vision_apriltag-9] [INFO] [1777482035.670537540] [vision_apriltag_node]: Service: Tag 4 found and base-frame pose returned.
[clear_table-13] [INFO] [1777482035.680266329] [clear_table_node]: Starting overhead pick phase with objects [(3, 'TV Remote'), (4, 'Cube')].
[clear_table-13] [INFO] [1777482035.683595847] [clear_table_node]: Scene LOCKED.
[scene_from_vision-10] [INFO] [1777482035.685064200] [scene_from_vision_node]: Scene LOCKED - updates paused.
[clear_table-13] [INFO] [1777482035.834601920] [clear_table_node]: [Overhead] Attempting TV Remote (ID 3) attempt 1/1. 2 object(s) left in this phase.
[clear_table-13] [INFO] [1777482035.836029366] [clear_table_node]: [TV Remote] Pre-attempt (overhead phase) joints: joint_1=-0.127, joint_2=-0.322, joint_3=-2.995, joint_4=-2.018, joint_5=+0.018, joint_6=-0.880, joint_7=+1.999
[clear_table-13] [INFO] [1777482035.840004196] [clear_table_node]: [TV Remote] Pre-attempt (overhead phase) ee: pos=(0.271, -0.014, 0.503), ori=(0.527, 0.803, 0.160, 0.227)
[clear_table-13] [INFO] [1777482035.841450987] [clear_table_node]: Scene LOCKED.
[scene_from_vision-10] [INFO] [1777482035.844223077] [scene_from_vision_node]: Scene LOCKED - updates paused.
[adl_ui-15] 127.0.0.1 - - [29/Apr/2026 13:00:35] "GET /status_json HTTP/1.1" 200 -
[clear_table-13] [INFO] [1777482035.992511921] [clear_table_node]: [TV Remote] Starting locked pick/place pipeline for tag_id=3.
[clear_table-13] [INFO] [1777482035.993609394] [clear_table_node]: Scene object hold enabled for ID 3. Active held IDs: array('i', [3])
[move_group-20] [WARN] [1777482035.996771002] [move_group.moveit.moveit.core.planning_scene]: Tried to remove world object 'obj_3', but it does not exist in this scene.
[scene_from_vision-10] [INFO] [1777482036.000430858] [scene_from_vision_node]: Scene hold IDs updated: [3]. Held IDs keep scan-memory poses but suppress automatic planning-scene republish.
[scene_from_vision-10] [WARN] [1777482036.001642522] [scene_from_vision_node]: /apply_planning_scene rejected hold cleanup for tags [3].
[rviz2-21] [WARN] [1777482036.019968109] [rviz2_moveit.moveit.core.planning_scene]: Tried to remove world object 'obj_3', but it does not exist in this scene.
[ros2_control_node-1] [WARN] [1777482036.124625545] [controller_manager]: Overrun might occur, Total time : 3052.539 us (Expected < 1000.000 us) --> Read time : 26.148 us, Update time : 301.030 us, Write time : 2725.361 us
[ros2_control_node-1] [WARN] [1777482036.124696052] [controller_manager]: Overrun detected! The controller manager missed its desired rate of 1000 Hz. The loop took 3.144646 ms (missed cycles : 4).
[clear_table-13] [INFO] [1777482036.144835445] [clear_table_node]: [TV Remote] Pick pipeline start: tag_id=3, configured_approach_type='top', gripper_width=0.438rad, gripper_force=13.0N.
[clear_table-13] [INFO] [1777482036.150223555] [clear_table_node]: [TV Remote] Source tag pose (latest vision): pos=(0.543, -0.037, 0.120), ori=(0.000, 0.000, 0.998, -0.070)
[clear_table-13] [INFO] [1777482036.151478270] [clear_table_node]: [TV Remote] Pick policy: grasp_mode=top, is_top_grasp=True, is_side_grasp=False, side_front_entry=False, use_direct_side_entry_from_sweep=False, top_pick_pose_source=frozen_top_scan.
[clear_table-13] [WARN] [1777482036.177648664] [clear_table_node]: [TV Remote] Generic grasp helper preview failed before live pipeline setup: name 'compute_task_pick_poses' is not defined
[clear_table-13] [INFO] [1777482036.181158326] [clear_table_node]: [TV Remote] Planned grasp pose (initial): pos=(0.532, 0.038, 0.226), ori=(0.998, 0.070, 0.000, 0.000)
[clear_table-13] [INFO] [1777482036.181893432] [clear_table_node]: [TV Remote] Planned approach pose (initial): pos=(0.532, 0.038, 0.376), ori=(0.998, 0.070, 0.000, 0.000)
[clear_table-13] [INFO] [1777482036.182752103] [clear_table_node]: [TV Remote] Planned destination pose: pos=(0.891, 0.000, 0.239), ori=(0.707, 0.000, 0.000, 0.707)
[clear_table-13] [INFO] [1777482036.189631383] [clear_table_node]: [TV Remote] Planned pose deltas: tag->grasp=(-0.011, +0.075, +0.106), approach->grasp=(+0.000, +0.000, -0.150).
[clear_table-13] [WARN] [1777482036.202297267] [clear_table_node]: [TV Remote] Initial target: top grasp Z 0.226 is below the tool-clearance floor 0.260; raising grasp and approach by 0.034m.
[clear_table-13] [INFO] [1777482036.209110651] [clear_table_node]: [TV Remote] stage1_ori_xy=0.300, stage1_ori_z=0.220, retry_ori_xy=0.400, retry_ori_z=0.300, stage1_live_ori=0.450, stage2_prealign=0.450, soft_fail=False, primary_pos_fallback=False, retry_pos_fallback=False, staged_pos_fallback=False, retry_table_reseed=False, ori_mode=full, plan_s=(12.0/14.0).
[clear_table-13] [INFO] [1777482036.217095751] [clear_table_node]: [TV Remote] Stage 1: approach (0.532, 0.038, 0.410)
[clear_table-13] [INFO] [1777482036.217987807] [clear_table_node]: Stage 1 Approach Target: pos=(0.532, 0.038, 0.410), ori=(0.998, 0.070, 0.000, 0.000)
[clear_table-13] [INFO] [1777482036.218684709] [clear_table_node]: open_gripper(): opening gripper fully...
[clear_table-13] [INFO] [1777482036.219502539] [clear_table_node]: _send_gripper_goal: request position=0.000, max_effort=20.0.
[ros2_control_node-1] [INFO] [1777482036.220432893] [robotiq_gripper_controller]: Received & accepted new action goal
[clear_table-13] [INFO] [1777482036.225312290] [clear_table_node]: _send_gripper_goal: gripper goal accepted.
[clear_table-13] [INFO] [1777482036.430765393] [clear_table_node]: Gripper reached requested=0.000, actual=0.007, stalled=False, reached_goal=True
[clear_table-13] [INFO] [1777482036.432929056] [clear_table_node]: Added temporary table guard ring 'clear_table_approach_table_guard' (margin=0.0127m, height=0.055m, thickness=0.0089m).
[adl_ui-15] 127.0.0.1 - - [29/Apr/2026 13:00:36] "GET /status_json HTTP/1.1" 200 -
[clear_table-13] [INFO] [1777482036.639750700] [clear_table_node]: go_to_pose: planning request frame_id=base_link, orientation_required=True, tol_pos=0.050, tol_ori_xy=0.300, tol_ori_z=0.220, target=pos=(0.532, 0.038, 0.410), ori=(0.998, 0.070, 0.000, 0.000)
[clear_table-13] [INFO] [1777482036.641116717] [clear_table_node]: _send_goal: dispatching MoveGroup request group=manipulator, attempts=10, allowed_time=12.00s, vel_scale=0.250, accel_scale=0.250, gc1:pos(frame=base_link, link=end_effector_link, tol=0.050, pos=(0.532, 0.038, 0.410), ori=(0.998, 0.070, 0.000, 0.000)); gc1:ori(frame=base_link, link=end_effector_link, tol_xy=0.300, tol_z=0.220, ori=(+0.998, +0.070, +0.000, +0.000))
[move_group-20] [ERROR] [1777482036.642058013] [move_group.moveit.moveit.core.conversions]: Found empty JointState message
[clear_table-13] [INFO] [1777482036.652930364] [clear_table_node]: Start state: collision-valid — no collisions (not a joint-bounds check).
[move_group-20] [INFO] [1777482036.655008435] [move_group.moveit.moveit.ros.move_group.move_action]: MoveGroupMoveAction: Received request
[move_group-20] [INFO] [1777482036.655285138] [move_group.moveit.moveit.ros.move_group.move_action]: executing..
[clear_table-13] [INFO] [1777482036.662838061] [clear_table_node]: _send_goal: MoveGroup goal accepted.
[move_group-20] [INFO] [1777482036.664875581] [move_group.moveit.moveit.ros.move_group.move_action]: Combined planning and execution request received for MoveGroup action. Forwarding to planning and execution pipeline.
[move_group-20] [WARN] [1777482036.664963105] [move_group.moveit.moveit.ros.move_group.capability]: Execution of motions should always start at the robot's current state. Ignoring the state supplied as start state in the motion planning request
[move_group-20] [WARN] [1777482036.665004376] [move_group.moveit.moveit.ros.move_group.capability]: Execution of motions should always start at the robot's current state. Ignoring the state supplied as difference in the planning scene diff
[move_group-20] [INFO] [1777482036.665027120] [move_group.moveit.moveit.ros.plan_execution]: Planning attempt 1 of at most 1
[move_group-20] [INFO] [1777482036.665492582] [move_group]: Calling PlanningRequestAdapter 'ResolveConstraintFrames'
[move_group-20] [INFO] [1777482036.665554706] [move_group]: Calling PlanningRequestAdapter 'ValidateWorkspaceBounds'
[move_group-20] [INFO] [1777482036.665841467] [move_group]: Calling PlanningRequestAdapter 'CheckStartStateBounds'
[move_group-20] [INFO] [1777482036.665913260] [move_group]: Calling PlanningRequestAdapter 'CheckStartStateCollision'
[move_group-20] [INFO] [1777482036.666739981] [move_group.moveit.moveit.planners.ompl.model_based_planning_context]: Planner configuration 'manipulator' will use planner 'geometric::RRTConnect'. Additional configuration parameters will be set when the planner is constructed.
[move_group-20] [INFO] [1777482036.666853580] [move_group]: Calling Planner 'OMPL'
[move_group-20] [INFO] [1777482036.701242603] [move_group]: Calling PlanningResponseAdapter 'AddTimeOptimalParameterization'
[move_group-20] [INFO] [1777482036.712439955] [move_group]: Calling PlanningResponseAdapter 'ValidateSolution'
[move_group-20] [INFO] [1777482036.715383370] [move_group]: Calling PlanningResponseAdapter 'DisplayMotionPath'
[move_group-20] [WARN] [1777482036.715668659] [move_group.moveit.moveit.ros.planning_pipeline]: The planner plugin did not fill out the 'planner_id' field of the MotionPlanResponse. Setting it to the planner ID name of the MotionPlanRequest assuming that the planner plugin does warn you if it does not use the requested planner.
[move_group-20] [INFO] [1777482036.716104805] [move_group.moveit.moveit.plugins.simple_controller_manager]: Returned 2 controllers in list
[move_group-20] [INFO] [1777482036.716154124] [move_group.moveit.moveit.plugins.simple_controller_manager]: Returned 2 controllers in list
[move_group-20] [INFO] [1777482036.716285734] [move_group.moveit.moveit.ros.trajectory_execution_manager]: Validating trajectory with allowed_start_tolerance 0.01
[move_group-20] [INFO] [1777482036.725691664] [move_group.moveit.moveit.ros.trajectory_execution_manager]: Starting trajectory execution ...
[move_group-20] [INFO] [1777482036.725789928] [move_group.moveit.moveit.plugins.simple_controller_manager]: Returned 2 controllers in list
[move_group-20] [INFO] [1777482036.725846693] [move_group.moveit.moveit.plugins.simple_controller_manager]: Returned 2 controllers in list
[move_group-20] [INFO] [1777482036.726083153] [moveit.simple_controller_manager.follow_joint_trajectory_controller_handle]: sending trajectory to joint_trajectory_controller
[ros2_control_node-1] [INFO] [1777482036.726609880] [joint_trajectory_controller]: Received new action goal
[ros2_control_node-1] [INFO] [1777482036.726715867] [joint_trajectory_controller]: Accepted new action goal
[move_group-20] [INFO] [1777482036.728447306] [moveit.simple_controller_manager.follow_joint_trajectory_controller_handle]: joint_trajectory_controller started execution
[move_group-20] [INFO] [1777482036.728483794] [moveit.simple_controller_manager.follow_joint_trajectory_controller_handle]: Goal request accepted!
[ros2_control_node-1] [WARN] [1777482037.125367597] [controller_manager]: Overrun might occur, Total time : 2791.059 us (Expected < 1000.000 us) --> Read time : 46.271 us, Update time : 257.098 us, Write time : 2487.690 us
[ros2_control_node-1] [WARN] [1777482037.125462348] [controller_manager]: Overrun detected! The controller manager missed its desired rate of 1000 Hz. The loop took 2.909370 ms (missed cycles : 3).
[adl_ui-15] 127.0.0.1 - - [29/Apr/2026 13:00:37] "GET /status_json HTTP/1.1" 200 -
[vision_apriltag-9] [INFO] [1777482037.501101352] [vision_apriltag_node]: Vision AprilTag: scene is locked; detection publishing is paused.
[scene_from_vision-10] [INFO] [1777482037.569407596] [scene_from_vision_node]: Scan committed tag 3: raw=34, accepted=34, rejected=0, median tag pose x=0.543, y=-0.037, z=0.120. object center x=0.493, y=0.029, z=0.109, yaw=-171.1deg. table_delta x=-0.189, y=+0.029.
[scene_from_vision-10] [INFO] [1777482037.572469049] [scene_from_vision_node]: Scan committed tag 4: raw=34, accepted=34, rejected=0, median tag pose x=0.664, y=0.034, z=0.154. object center x=0.664, y=0.027, z=0.126, yaw=+11.5deg. table_delta x=-0.017, y=+0.027.
[scene_from_vision-10] [INFO] [1777482037.574912170] [scene_from_vision_node]: Scene scan complete. Remembered object IDs: [3, 4]
[ros2_control_node-1] [WARN] [1777482038.126365333] [controller_manager]: Overrun might occur, Total time : 2789.812 us (Expected < 1000.000 us) --> Read time : 33.670 us, Update time : 278.054 us, Write time : 2478.088 us
[ros2_control_node-1] [WARN] [1777482038.126465099] [controller_manager]: Overrun detected! The controller manager missed its desired rate of 1000 Hz. The loop took 2.912955 ms (missed cycles : 3).
[adl_ui-15] 127.0.0.1 - - [29/Apr/2026 13:00:38] "GET /status_json HTTP/1.1" 200 -
[adl_ui-15] 127.0.0.1 - - [29/Apr/2026 13:00:38] "GET /status_json HTTP/1.1" 200 -
[wrist_camera_usb_publisher-8] [INFO] [1777482038.897045233] [wrist_camera_usb_publisher_node]: USB camera publisher heartbeat: publishing 1280x720 frames on /wrist_mounted_camera/image; camera_info fx=920.87, fy=921.57, cx=644.76, cy=343.15.
[ros2_control_node-1] [WARN] [1777482039.128451724] [controller_manager]: Overrun might occur, Total time : 2868.360 us (Expected < 1000.000 us) --> Read time : 42.104 us, Update time : 322.101 us, Write time : 2504.155 us
[ros2_control_node-1] [WARN] [1777482039.128533665] [controller_manager]: Overrun detected! The controller manager missed its desired rate of 1000 Hz. The loop took 2.981219 ms (missed cycles : 3).
[vision_apriltag-9] [INFO] [1777482039.501449912] [vision_apriltag_node]: Vision AprilTag: scene is locked; detection publishing is paused.
[adl_ui-15] 127.0.0.1 - - [29/Apr/2026 13:00:39] "GET /status_json HTTP/1.1" 200 -
[ros2_control_node-1] [WARN] [1777482040.129409285] [controller_manager]: Overrun might occur, Total time : 2820.015 us (Expected < 1000.000 us) --> Read time : 52.247 us, Update time : 461.980 us, Write time : 2305.788 us
[ros2_control_node-1] [WARN] [1777482040.129519743] [controller_manager]: Overrun detected! The controller manager missed its desired rate of 1000 Hz. The loop took 2.966440 ms (missed cycles : 3).
[adl_ui-15] 127.0.0.1 - - [29/Apr/2026 13:00:40] "GET /status_json HTTP/1.1" 200 -
[ros2_control_node-1] [WARN] [1777482041.132566666] [controller_manager]: Overrun might occur, Total time : 2960.441 us (Expected < 1000.000 us) --> Read time : 68.204 us, Update time : 494.051 us, Write time : 2398.186 us
[ros2_control_node-1] [WARN] [1777482041.132709794] [controller_manager]: Overrun detected! The controller manager missed its desired rate of 1000 Hz. The loop took 3.156438 ms (missed cycles : 4).
[adl_ui-15] 127.0.0.1 - - [29/Apr/2026 13:00:41] "GET /status_json HTTP/1.1" 200 -
[vision_apriltag-9] [INFO] [1777482041.503508321] [vision_apriltag_node]: Vision AprilTag: scene is locked; detection publishing is paused.
[adl_ui-15] 127.0.0.1 - - [29/Apr/2026 13:00:41] "GET /status_json HTTP/1.1" 200 -
[ros2_control_node-1] [WARN] [1777482042.134762878] [controller_manager]: Overrun might occur, Total time : 3155.950 us (Expected < 1000.000 us) --> Read time : 64.289 us, Update time : 456.187 us, Write time : 2635.474 us
[ros2_control_node-1] [WARN] [1777482042.134865896] [controller_manager]: Overrun detected! The controller manager missed its desired rate of 1000 Hz. The loop took 3.313139 ms (missed cycles : 4).
[adl_ui-15] 127.0.0.1 - - [29/Apr/2026 13:00:42] "GET /status_json HTTP/1.1" 200 -
[ros2_control_node-1] [INFO] [1777482042.774933922] [joint_trajectory_controller]: Goal reached, success!
[move_group-20] [INFO] [1777482042.829719325] [moveit.simple_controller_manager.follow_joint_trajectory_controller_handle]: Controller 'joint_trajectory_controller' successfully finished
[move_group-20] [INFO] [1777482042.885387967] [move_group.moveit.moveit.ros.trajectory_execution_manager]: Completed trajectory execution with status SUCCEEDED ...
[move_group-20] [INFO] [1777482042.888721163] [move_group.moveit.moveit.ros.move_group.move_action]: Solution was found and executed.
[clear_table-13] [INFO] [1777482042.907032799] [clear_table_node]: _send_goal: MoveGroup execution completed successfully.
[clear_table-13] [INFO] [1777482043.021956017] [clear_table_node]: _send_goal: settled live EE pose pos=(0.522, 0.028, 0.450), ori=(0.986, 0.108, -0.109, 0.061)
[clear_table-13] [INFO] [1777482043.133830720] [clear_table_node]: [TV Remote] Stage 1 primary pre-refine check: live pose error pos=0.043 m (dx=-0.010, dy=-0.011, dz=+0.040) (limit=0.040), ori=0.262 rad (limit=0.450, mode=full).
[clear_table-13] [INFO] [1777482043.135702816] [clear_table_node]: go_to_pose: planning request frame_id=base_link, orientation_required=True, tol_pos=0.040, tol_ori_xy=0.300, tol_ori_z=0.220, target=pos=(0.532, 0.038, 0.410), ori=(0.998, 0.070, 0.000, 0.000)
[ros2_control_node-1] [WARN] [1777482043.136472441] [controller_manager]: Overrun might occur, Total time : 3880.272 us (Expected < 1000.000 us) --> Read time : 63.112 us, Update time : 299.340 us, Write time : 3517.820 us
[ros2_control_node-1] [WARN] [1777482043.136576497] [controller_manager]: Overrun detected! The controller manager missed its desired rate of 1000 Hz. The loop took 4.023848 ms (missed cycles : 5).
[clear_table-13] [INFO] [1777482043.138273514] [clear_table_node]: _send_goal: dispatching MoveGroup request group=manipulator, attempts=10, allowed_time=12.00s, vel_scale=0.250, accel_scale=0.250, gc1:pos(frame=base_link, link=end_effector_link, tol=0.040, pos=(0.532, 0.038, 0.410), ori=(0.998, 0.070, 0.000, 0.000)); gc1:ori(frame=base_link, link=end_effector_link, tol_xy=0.300, tol_z=0.220, ori=(+0.998, +0.070, +0.000, +0.000))
[move_group-20] [ERROR] [1777482043.139897296] [move_group.moveit.moveit.core.conversions]: Found empty JointState message
[clear_table-13] [INFO] [1777482043.155038830] [clear_table_node]: Start state: collision-valid — no collisions (not a joint-bounds check).
[move_group-20] [INFO] [1777482043.157220556] [move_group.moveit.moveit.ros.move_group.move_action]: MoveGroupMoveAction: Received request
[move_group-20] [INFO] [1777482043.157645026] [move_group.moveit.moveit.ros.move_group.move_action]: executing..
[move_group-20] [INFO] [1777482043.165474120] [move_group.moveit.moveit.ros.move_group.move_action]: Combined planning and execution request received for MoveGroup action. Forwarding to planning and execution pipeline.
[move_group-20] [WARN] [1777482043.165813042] [move_group.moveit.moveit.ros.move_group.capability]: Execution of motions should always start at the robot's current state. Ignoring the state supplied as start state in the motion planning request
[move_group-20] [WARN] [1777482043.165909799] [move_group.moveit.moveit.ros.move_group.capability]: Execution of motions should always start at the robot's current state. Ignoring the state supplied as difference in the planning scene diff
[move_group-20] [INFO] [1777482043.165951354] [move_group.moveit.moveit.ros.plan_execution]: Planning attempt 1 of at most 1
[move_group-20] [INFO] [1777482043.167038078] [move_group]: Calling PlanningRequestAdapter 'ResolveConstraintFrames'
[move_group-20] [INFO] [1777482043.167134083] [move_group]: Calling PlanningRequestAdapter 'ValidateWorkspaceBounds'
[move_group-20] [INFO] [1777482043.167184502] [move_group]: Calling PlanningRequestAdapter 'CheckStartStateBounds'
[move_group-20] [INFO] [1777482043.167268212] [move_group]: Calling PlanningRequestAdapter 'CheckStartStateCollision'
[move_group-20] [INFO] [1777482043.169446711] [move_group.moveit.moveit.planners.ompl.model_based_planning_context]: Planner configuration 'manipulator' will use planner 'geometric::RRTConnect'. Additional configuration parameters will be set when the planner is constructed.
[move_group-20] [INFO] [1777482043.169663536] [move_group]: Calling Planner 'OMPL'
[clear_table-13] [INFO] [1777482043.181324234] [clear_table_node]: _send_goal: MoveGroup goal accepted.
[move_group-20] [INFO] [1777482043.201745039] [move_group]: Calling PlanningResponseAdapter 'AddTimeOptimalParameterization'
[move_group-20] [INFO] [1777482043.202265567] [move_group]: Calling PlanningResponseAdapter 'ValidateSolution'
[move_group-20] [INFO] [1777482043.203198852] [move_group]: Calling PlanningResponseAdapter 'DisplayMotionPath'
[move_group-20] [WARN] [1777482043.203336816] [move_group.moveit.moveit.ros.planning_pipeline]: The planner plugin did not fill out the 'planner_id' field of the MotionPlanResponse. Setting it to the planner ID name of the MotionPlanRequest assuming that the planner plugin does warn you if it does not use the requested planner.
[move_group-20] [INFO] [1777482043.203546795] [move_group.moveit.moveit.plugins.simple_controller_manager]: Returned 2 controllers in list
[move_group-20] [INFO] [1777482043.203616280] [move_group.moveit.moveit.plugins.simple_controller_manager]: Returned 2 controllers in list
[move_group-20] [INFO] [1777482043.203743948] [move_group.moveit.moveit.ros.trajectory_execution_manager]: Validating trajectory with allowed_start_tolerance 0.01
[move_group-20] [INFO] [1777482043.206325035] [move_group.moveit.moveit.ros.trajectory_execution_manager]: Starting trajectory execution ...
[move_group-20] [INFO] [1777482043.206445277] [move_group.moveit.moveit.plugins.simple_controller_manager]: Returned 2 controllers in list
[move_group-20] [INFO] [1777482043.206507338] [move_group.moveit.moveit.plugins.simple_controller_manager]: Returned 2 controllers in list
[move_group-20] [INFO] [1777482043.207796296] [moveit.simple_controller_manager.follow_joint_trajectory_controller_handle]: sending trajectory to joint_trajectory_controller
[ros2_control_node-1] [INFO] [1777482043.208243208] [joint_trajectory_controller]: Received new action goal
[ros2_control_node-1] [INFO] [1777482043.208315981] [joint_trajectory_controller]: Accepted new action goal
[move_group-20] [INFO] [1777482043.209473870] [moveit.simple_controller_manager.follow_joint_trajectory_controller_handle]: joint_trajectory_controller started execution
[move_group-20] [INFO] [1777482043.209509910] [moveit.simple_controller_manager.follow_joint_trajectory_controller_handle]: Goal request accepted!
[adl_ui-15] 127.0.0.1 - - [29/Apr/2026 13:00:43] "GET /status_json HTTP/1.1" 200 -
[ros2_control_node-1] [INFO] [1777482043.482841103] [joint_trajectory_controller]: Goal reached, success!
[vision_apriltag-9] [INFO] [1777482043.504026771] [vision_apriltag_node]: Vision AprilTag: scene is locked; detection publishing is paused.
[move_group-20] [INFO] [1777482043.509814764] [moveit.simple_controller_manager.follow_joint_trajectory_controller_handle]: Controller 'joint_trajectory_controller' successfully finished
[move_group-20] [INFO] [1777482043.565756763] [move_group.moveit.moveit.ros.trajectory_execution_manager]: Completed trajectory execution with status SUCCEEDED ...
[move_group-20] [INFO] [1777482043.567328091] [move_group.moveit.moveit.ros.move_group.move_action]: Solution was found and executed.
[clear_table-13] [INFO] [1777482043.583148276] [clear_table_node]: _send_goal: MoveGroup execution completed successfully.
[clear_table-13] [INFO] [1777482043.698438151] [clear_table_node]: _send_goal: settled live EE pose pos=(0.521, 0.020, 0.436), ori=(0.981, 0.111, -0.139, 0.074)
[clear_table-13] [INFO] [1777482043.720386311] [clear_table_node]: [TV Remote] Stage 1 primary settle: live pose error pos=0.034 m (dx=-0.012, dy=-0.018, dz=+0.026) (limit=0.040), ori=0.329 rad (limit=0.450, mode=full).
[clear_table-13] [INFO] [1777482043.724359218] [clear_table_node]: Removed temporary table guard ring 'clear_table_approach_table_guard'.
[clear_table-13] [INFO] [1777482043.833514066] [clear_table_node]: [TV Remote] Stage 1 top arrival: removed the temporary table guard ring so the settled above-object calibration/recovery motion is not blocked by the approach guard.
[clear_table-13] [INFO] [1777482043.834936810] [clear_table_node]: [TV Remote] Stage 1 live refresh: using remote max_xy_shift=0.090 m (default=0.050 m).
[clear_table-13] [INFO] [1777482043.837018473] [clear_table_node]: [TV Remote] Stage 1 live refresh: briefly unlocking scene to re-read the tag from the settled approach pose.
[clear_table-13] [INFO] [1777482043.839441941] [clear_table_node]: [TV Remote] ALIGNMENT CHECK START: Stage 1 live refresh: briefly unlocking scene to read a fresh QR pose from the current approach view.
[clear_table-13] [INFO] [1777482043.841814121] [clear_table_node]: Scene UNLOCKED.
[scene_from_vision-10] [INFO] [1777482043.846620567] [scene_from_vision_node]: Scene UNLOCKED - updates resuming.
[wrist_camera_usb_publisher-8] [INFO] [1777482044.057003533] [wrist_camera_usb_publisher_node]: USB camera publisher heartbeat: publishing 1280x720 frames on /wrist_mounted_camera/image; camera_info fx=920.87, fy=921.57, cx=644.76, cy=343.15.
[ros2_control_node-1] [WARN] [1777482044.137565647] [controller_manager]: Overrun might occur, Total time : 2973.777 us (Expected < 1000.000 us) --> Read time : 42.817 us, Update time : 237.625 us, Write time : 2693.335 us
[ros2_control_node-1] [WARN] [1777482044.137684424] [controller_manager]: Overrun detected! The controller manager missed its desired rate of 1000 Hz. The loop took 3.132535 ms (missed cycles : 4).
[adl_ui-15] 127.0.0.1 - - [29/Apr/2026 13:00:44] "GET /status_json HTTP/1.1" 200 -
[scene_from_vision-10] [INFO] [1777482044.205271316] [scene_from_vision_node]: Published obj_4 (pose_update) at x=0.664, y=0.027, z=0.126, yaw=+11.5deg
[vision_apriltag-9] [INFO] [1777482044.256233120] [vision_apriltag_node]: Vision AprilTag detection debug: 3:cv2.solvePnP_ippe_square:raw@(470,470)
[vision_apriltag-9] [INFO] [1777482044.294152667] [vision_apriltag_node]: Service: Tag 3 found and base-frame pose returned.
[clear_table-13] [INFO] [1777482044.303646870] [clear_table_node]: [TV Remote] ALIGNMENT RESULT Stage 1 live refresh: first live QR sample acquired; waiting for 2 consistent reads.
[vision_apriltag-9] [INFO] [1777482044.386722691] [vision_apriltag_node]: Service: Tag 3 found and base-frame pose returned.
[clear_table-13] [INFO] [1777482044.395780702] [clear_table_node]: [TV Remote] ALIGNMENT RESULT Stage 1 live refresh: acquired confirmed live QR pose at (0.499, -0.035, 0.120) after 2 sample(s), confirmations=2/2.
[clear_table-13] [INFO] [1777482044.396582174] [clear_table_node]: Scene LOCKED.
[scene_from_vision-10] [INFO] [1777482044.398648613] [scene_from_vision_node]: Scene LOCKED - updates paused.
[clear_table-13] [WARN] [1777482044.549954379] [clear_table_node]: [TV Remote] Stage 1 live refresh: top grasp Z 0.226 is below the tool-clearance floor 0.260; raising grasp and approach by 0.034m.
[clear_table-13] [INFO] [1777482044.551568000] [clear_table_node]: [TV Remote] Stage 1 live refresh: approach delta dx=-0.040, dy=+0.002, |xy|=0.040 m.
[clear_table-13] [INFO] [1777482044.554065193] [clear_table_node]: [TV Remote] ALIGNMENT CHECK: running Stage 1 preapproach QR verification.
[clear_table-13] [INFO] [1777482044.556216797] [clear_table_node]: [TV Remote] ALIGNMENT RESULT Stage 1 preapproach: QR alignment report: target=approach, planned_source=frozen_top_scan, source=live_tag/approach_view, dx=-0.040, dy=+0.002, dz=-0.000, xy=0.040, ori=0.046, tol_xy=0.010, tol_z=0.006, tol_ori=0.220, repair_xy=0.020, repair_z=0.010, repair_ori=0.350, decision=fail.
[clear_table-13] [ERROR] [1777482044.564339186] [clear_table_node]: [TV Remote] Stage 1 preapproach QR alignment failed hard gate. Latest approach-view tag pose says the object is not directly in front of the preapproach target.
[clear_table-13] [WARN] [1777482044.567978452] [clear_table_node]: Recovering motion state. pick and place failure for TV Remote
[clear_table-13] [INFO] [1777482044.712916738] [clear_table_node]: [TV Remote] Recovery abort-escape target: pos=(0.521, 0.020, 0.466), ori=(0.981, 0.111, -0.139, 0.074)
[clear_table-13] [INFO] [1777482044.714755496] [clear_table_node]: [TV Remote] Recovery: attempting a short upward escape from the live pose before retract/home planning.
[clear_table-13] [INFO] [1777482044.717137753] [clear_table_node]: go_cartesian: request waypoints=1, avoid_collisions=False, max_step=0.005, jump_thresh=0.000, min_fraction=0.900, fallback_to_pose=False, min_ee_z=none, start=pos=(0.521, 0.020, 0.466), ori=(0.981, 0.111, -0.139, 0.074), goal=pos=(0.521, 0.020, 0.466), ori=(0.981, 0.111, -0.139, 0.074)
[move_group-20] [INFO] [1777482044.718186364] [move_group.moveit.moveit.ros.move_group.cartesian_path_service_capability]: Received request to compute Cartesian path
[move_group-20] [INFO] [1777482044.718468762] [move_group.moveit.moveit.ros.move_group.cartesian_path_service_capability]: Attempting to follow 1 waypoints for link 'end_effector_link' using a step of 0.005000 m and jump threshold 0.000000 (in global reference frame)
[move_group-20] [INFO] [1777482044.722282784] [move_group.moveit.moveit.ros.move_group.cartesian_path_service_capability]: Computed Cartesian path with 8 points (followed 100.000000% of requested trajectory)
[clear_table-13] [INFO] [1777482044.733535055] [clear_table_node]: Cartesian path computed with 100.0% success for 1 waypoint(s); trajectory_points=6.
[move_group-20] [INFO] [1777482044.748027265] [move_group.moveit.moveit.ros.move_group.clear_octomap_service]: Execution request received
[move_group-20] [INFO] [1777482044.748162258] [move_group.moveit.moveit.plugins.simple_controller_manager]: Returned 2 controllers in list
[move_group-20] [INFO] [1777482044.748243234] [move_group.moveit.moveit.plugins.simple_controller_manager]: Returned 2 controllers in list
[move_group-20] [INFO] [1777482044.748611915] [move_group.moveit.moveit.ros.trajectory_execution_manager]: Validating trajectory with allowed_start_tolerance 0.01
[clear_table-13] [INFO] [1777482044.757174267] [clear_table_node]: go_cartesian: ExecuteTrajectory goal accepted.
[move_group-20] [INFO] [1777482044.765510572] [move_group.moveit.moveit.ros.trajectory_execution_manager]: Starting trajectory execution ...
[move_group-20] [INFO] [1777482044.765633882] [move_group.moveit.moveit.plugins.simple_controller_manager]: Returned 2 controllers in list
[move_group-20] [INFO] [1777482044.765733728] [move_group.moveit.moveit.plugins.simple_controller_manager]: Returned 2 controllers in list
[move_group-20] [INFO] [1777482044.766035812] [moveit.simple_controller_manager.follow_joint_trajectory_controller_handle]: sending trajectory to joint_trajectory_controller
[ros2_control_node-1] [INFO] [1777482044.766539899] [joint_trajectory_controller]: Received new action goal
[ros2_control_node-1] [INFO] [1777482044.766619424] [joint_trajectory_controller]: Accepted new action goal
[move_group-20] [INFO] [1777482044.767264749] [moveit.simple_controller_manager.follow_joint_trajectory_controller_handle]: joint_trajectory_controller started execution
[move_group-20] [INFO] [1777482044.767292763] [moveit.simple_controller_manager.follow_joint_trajectory_controller_handle]: Goal request accepted!
[adl_ui-15] 127.0.0.1 - - [29/Apr/2026 13:00:44] "GET /status_json HTTP/1.1" 200 -
[ros2_control_node-1] [WARN] [1777482045.138421080] [controller_manager]: Overrun might occur, Total time : 2835.731 us (Expected < 1000.000 us) --> Read time : 48.759 us, Update time : 413.110 us, Write time : 2373.862 us
[ros2_control_node-1] [WARN] [1777482045.138525236] [controller_manager]: Overrun detected! The controller manager missed its desired rate of 1000 Hz. The loop took 2.971689 ms (missed cycles : 3).
[ros2_control_node-1] [INFO] [1777482045.216723304] [joint_trajectory_controller]: Goal reached, success!
[move_group-20] [INFO] [1777482045.268398453] [moveit.simple_controller_manager.follow_joint_trajectory_controller_handle]: Controller 'joint_trajectory_controller' successfully finished
[move_group-20] [INFO] [1777482045.325682304] [move_group.moveit.moveit.ros.trajectory_execution_manager]: Completed trajectory execution with status SUCCEEDED ...
[move_group-20] [INFO] [1777482045.325896043] [move_group.moveit.moveit.ros.move_group.clear_octomap_service]: Execution completed: SUCCEEDED
[clear_table-13] [INFO] [1777482045.442929933] [clear_table_node]: go_cartesian: settled live EE pose pos=(0.521, 0.020, 0.467), ori=(0.981, 0.111, -0.139, 0.074)
[vision_apriltag-9] [INFO] [1777482045.504273198] [vision_apriltag_node]: Vision AprilTag: scene is locked; detection publishing is paused.
[clear_table-13] [INFO] [1777482045.553890308] [clear_table_node]: [TV Remote] Recovery abort-escape settled: pos=(0.521, 0.020, 0.467), ori=(0.981, 0.111, -0.139, 0.074)
[clear_table-13] [INFO] [1777482045.555491600] [clear_table_node]: Parking arm to retract pose (recovery: pick and place failure for TV Remote).
[adl_ui-15] 127.0.0.1 - - [29/Apr/2026 13:00:45] "GET /status_json HTTP/1.1" 200 -
[clear_table-13] [INFO] [1777482045.695662702] [clear_table_node]: Parking prep: tucking gripper for travel at width=0.120rad.
[clear_table-13] [INFO] [1777482045.696490494] [clear_table_node]: close_gripper(): closing gripper to width=0.120rad, force=10.0N
[clear_table-13] [INFO] [1777482045.697387507] [clear_table_node]: _send_gripper_goal: request position=0.120, max_effort=10.0.
[ros2_control_node-1] [INFO] [1777482045.698322966] [robotiq_gripper_controller]: Received & accepted new action goal
[clear_table-13] [INFO] [1777482045.706804928] [clear_table_node]: _send_gripper_goal: gripper goal accepted.
[clear_table-13] [INFO] [1777482045.905469399] [clear_table_node]: Gripper reached requested=0.120, actual=0.117, stalled=False, reached_goal=True
[clear_table-13] [INFO] [1777482045.914795737] [clear_table_node]: go_retract: planning to RETRACT_JOINTS...
[clear_table-13] [INFO] [1777482045.915917784] [clear_table_node]: _send_goal: dispatching MoveGroup request group=manipulator, attempts=10, allowed_time=15.00s, vel_scale=0.250, accel_scale=0.250, gc1:joints(joint_1=+0.000+/-0.030, joint_2=-0.350+/-0.030, joint_3=+3.140+/-0.030, joint_4=-2.540+/-0.030, joint_5=+0.000+/-0.030, joint_6=-0.870+/-0.030, joint_7=+1.570+/-0.030)
[move_group-20] [ERROR] [1777482045.916780677] [move_group.moveit.moveit.core.conversions]: Found empty JointState message
[clear_table-13] [INFO] [1777482045.922700626] [clear_table_node]: Start state: collision-valid — no collisions (not a joint-bounds check).
[move_group-20] [INFO] [1777482045.924295734] [move_group.moveit.moveit.ros.move_group.move_action]: MoveGroupMoveAction: Received request
[move_group-20] [INFO] [1777482045.924662021] [move_group.moveit.moveit.ros.move_group.move_action]: executing..
[move_group-20] [INFO] [1777482045.925808166] [move_group.moveit.moveit.ros.move_group.move_action]: Combined planning and execution request received for MoveGroup action. Forwarding to planning and execution pipeline.
[move_group-20] [WARN] [1777482045.925904626] [move_group.moveit.moveit.ros.move_group.capability]: Execution of motions should always start at the robot's current state. Ignoring the state supplied as start state in the motion planning request
[move_group-20] [WARN] [1777482045.925958272] [move_group.moveit.moveit.ros.move_group.capability]: Execution of motions should always start at the robot's current state. Ignoring the state supplied as difference in the planning scene diff
[move_group-20] [INFO] [1777482045.925988295] [move_group.moveit.moveit.ros.plan_execution]: Planning attempt 1 of at most 1
[move_group-20] [INFO] [1777482045.926550189] [move_group]: Calling PlanningRequestAdapter 'ResolveConstraintFrames'
[move_group-20] [INFO] [1777482045.926619369] [move_group]: Calling PlanningRequestAdapter 'ValidateWorkspaceBounds'
[move_group-20] [INFO] [1777482045.926658111] [move_group]: Calling PlanningRequestAdapter 'CheckStartStateBounds'
[move_group-20] [INFO] [1777482045.926719978] [move_group]: Calling PlanningRequestAdapter 'CheckStartStateCollision'
[move_group-20] [INFO] [1777482045.927502826] [move_group.moveit.moveit.planners.ompl.model_based_planning_context]: Planner configuration 'manipulator' will use planner 'geometric::RRTConnect'. Additional configuration parameters will be set when the planner is constructed.
[move_group-20] [INFO] [1777482045.927660757] [move_group]: Calling Planner 'OMPL'
[clear_table-13] [INFO] [1777482045.940242016] [clear_table_node]: _send_goal: MoveGroup goal accepted.
[move_group-20] [INFO] [1777482045.973725986] [move_group]: Calling PlanningResponseAdapter 'AddTimeOptimalParameterization'
[move_group-20] [INFO] [1777482045.982650482] [move_group]: Calling PlanningResponseAdapter 'ValidateSolution'
[move_group-20] [INFO] [1777482045.984870532] [move_group]: Calling PlanningResponseAdapter 'DisplayMotionPath'
[move_group-20] [WARN] [1777482045.985306954] [move_group.moveit.moveit.ros.planning_pipeline]: The planner plugin did not fill out the 'planner_id' field of the MotionPlanResponse. Setting it to the planner ID name of the MotionPlanRequest assuming that the planner plugin does warn you if it does not use the requested planner.
[move_group-20] [INFO] [1777482045.985801094] [move_group.moveit.moveit.plugins.simple_controller_manager]: Returned 2 controllers in list
[move_group-20] [INFO] [1777482045.985873579] [move_group.moveit.moveit.plugins.simple_controller_manager]: Returned 2 controllers in list
[move_group-20] [INFO] [1777482045.985991799] [move_group.moveit.moveit.ros.trajectory_execution_manager]: Validating trajectory with allowed_start_tolerance 0.01
[move_group-20] [INFO] [1777482046.005258966] [move_group.moveit.moveit.ros.trajectory_execution_manager]: Starting trajectory execution ...
[move_group-20] [INFO] [1777482046.005504143] [move_group.moveit.moveit.plugins.simple_controller_manager]: Returned 2 controllers in list
[move_group-20] [INFO] [1777482046.006166740] [move_group.moveit.moveit.plugins.simple_controller_manager]: Returned 2 controllers in list
[move_group-20] [INFO] [1777482046.006541827] [moveit.simple_controller_manager.follow_joint_trajectory_controller_handle]: sending trajectory to joint_trajectory_controller
[ros2_control_node-1] [INFO] [1777482046.007154914] [joint_trajectory_controller]: Received new action goal
[ros2_control_node-1] [INFO] [1777482046.007267129] [joint_trajectory_controller]: Accepted new action goal
[move_group-20] [INFO] [1777482046.007687373] [moveit.simple_controller_manager.follow_joint_trajectory_controller_handle]: joint_trajectory_controller started execution
[move_group-20] [INFO] [1777482046.007716697] [moveit.simple_controller_manager.follow_joint_trajectory_controller_handle]: Goal request accepted!
[ros2_control_node-1] [WARN] [1777482046.140808027] [controller_manager]: Overrun might occur, Total time : 3222.170 us (Expected < 1000.000 us) --> Read time : 51.759 us, Update time : 375.636 us, Write time : 2794.775 us
[ros2_control_node-1] [WARN] [1777482046.140902753] [controller_manager]: Overrun detected! The controller manager missed its desired rate of 1000 Hz. The loop took 3.349572 ms (missed cycles : 4).
[adl_ui-15] 127.0.0.1 - - [29/Apr/2026 13:00:46] "GET /status_json HTTP/1.1" 200 -
[ros2_control_node-1] [WARN] [1777482047.142421518] [controller_manager]: Overrun might occur, Total time : 2845.856 us (Expected < 1000.000 us) --> Read time : 12.356 us, Update time : 123.125 us, Write time : 2710.375 us
[ros2_control_node-1] [WARN] [1777482047.142557042] [controller_manager]: Overrun detected! The controller manager missed its desired rate of 1000 Hz. The loop took 3.004398 ms (missed cycles : 4).
[adl_ui-15] 127.0.0.1 - - [29/Apr/2026 13:00:47] "GET /status_json HTTP/1.1" 200 -
[vision_apriltag-9] [INFO] [1777482047.500906965] [vision_apriltag_node]: Vision AprilTag: scene is locked; detection publishing is paused.
[adl_ui-15] 127.0.0.1 - - [29/Apr/2026 13:00:47] "GET /status_json HTTP/1.1" 200 -
[ros2_control_node-1] [WARN] [1777482048.143495019] [controller_manager]: Overrun might occur, Total time : 2926.683 us (Expected < 1000.000 us) --> Read time : 16.028 us, Update time : 129.167 us, Write time : 2781.488 us
[ros2_control_node-1] [WARN] [1777482048.143557081] [controller_manager]: Overrun detected! The controller manager missed its desired rate of 1000 Hz. The loop took 3.005615 ms (missed cycles : 4).
[adl_ui-15] 127.0.0.1 - - [29/Apr/2026 13:00:48] "GET /status_json HTTP/1.1" 200 -
[ros2_control_node-1] [WARN] [1777482049.146302675] [controller_manager]: Overrun might occur, Total time : 2712.279 us (Expected < 1000.000 us) --> Read time : 13.757 us, Update time : 116.426 us, Write time : 2582.096 us
[ros2_control_node-1] [WARN] [1777482049.146360490] [controller_manager]: Overrun detected! The controller manager missed its desired rate of 1000 Hz. The loop took 2.808964 ms (missed cycles : 3).
[wrist_camera_usb_publisher-8] [INFO] [1777482049.216272513] [wrist_camera_usb_publisher_node]: USB camera publisher heartbeat: publishing 1280x720 frames on /wrist_mounted_camera/image; camera_info fx=920.87, fy=921.57, cx=644.76, cy=343.15.
[vision_apriltag-9] [INFO] [1777482049.500560447] [vision_apriltag_node]: Vision AprilTag: scene is locked; detection publishing is paused.
[adl_ui-15] 127.0.0.1 - - [29/Apr/2026 13:00:49] "GET /status_json HTTP/1.1" 200 -
[ros2_control_node-1] [WARN] [1777482050.149565627] [controller_manager]: Overrun might occur, Total time : 2991.250 us (Expected < 1000.000 us) --> Read time : 31.832 us, Update time : 240.191 us, Write time : 2719.227 us
[ros2_control_node-1] [WARN] [1777482050.149635135] [controller_manager]: Overrun detected! The controller manager missed its desired rate of 1000 Hz. The loop took 3.083157 ms (missed cycles : 4).
[adl_ui-15] 127.0.0.1 - - [29/Apr/2026 13:00:50] "GET /status_json HTTP/1.1" 200 -
[joint_state_sanitizer-3] [WARN] [1777482050.306325396] [joint_state_sanitizer_node]: [joint_state_sanitizer] Published sanitized joint state: joint_3:-3.134->-3.132
[ros2_control_node-1] [INFO] [1777482050.718754564] [joint_trajectory_controller]: Goal reached, success!
[move_group-20] [INFO] [1777482050.808166010] [moveit.simple_controller_manager.follow_joint_trajectory_controller_handle]: Controller 'joint_trajectory_controller' successfully finished
[move_group-20] [INFO] [1777482050.864860765] [move_group.moveit.moveit.ros.trajectory_execution_manager]: Completed trajectory execution with status SUCCEEDED ...
[move_group-20] [INFO] [1777482050.865494037] [move_group.moveit.moveit.ros.move_group.move_action]: Solution was found and executed.
[clear_table-13] [INFO] [1777482050.872532082] [clear_table_node]: _send_goal: MoveGroup execution completed successfully.
[clear_table-13] [INFO] [1777482050.976191401] [clear_table_node]: _send_goal: settled live EE pose pos=(0.130, 0.004, 0.339), ori=(0.702, 0.711, 0.032, 0.030)
[clear_table-13] [INFO] [1777482050.976826305] [clear_table_node]: [TV Remote] Locked pick/place pipeline finished: ok=False, cancelled=False, pick_completed=False, drop_completed=False, held_object_id=None.
[clear_table-13] [INFO] [1777482050.977667982] [clear_table_node]: Scene object hold released for ID 3. Active held IDs: array('i')
[scene_from_vision-10] [INFO] [1777482050.981740481] [scene_from_vision_node]: Scene hold IDs updated: []. Held IDs keep scan-memory poses but suppress automatic planning-scene republish.
[adl_ui-15] 127.0.0.1 - - [29/Apr/2026 13:00:51] "GET /status_json HTTP/1.1" 200 -
[move_group-20] [WARN] [1777482051.128458764] [move_group.moveit.moveit.core.planning_scene]: Tried to remove world object 'clear_table_approach_table_guard_front', but it does not exist in this scene.
[move_group-20] [WARN] [1777482051.128518470] [move_group.moveit.moveit.core.planning_scene]: Tried to remove world object 'clear_table_approach_table_guard_back', but it does not exist in this scene.
[move_group-20] [WARN] [1777482051.128539234] [move_group.moveit.moveit.core.planning_scene]: Tried to remove world object 'clear_table_approach_table_guard_left', but it does not exist in this scene.
[move_group-20] [WARN] [1777482051.128558453] [move_group.moveit.moveit.core.planning_scene]: Tried to remove world object 'clear_table_approach_table_guard_right', but it does not exist in this scene.
[clear_table-13] [INFO] [1777482051.129172203] [clear_table_node]: Removed temporary table guard ring 'clear_table_approach_table_guard'.
[ros2_control_node-1] [WARN] [1777482051.150308267] [controller_manager]: Overrun might occur, Total time : 2741.882 us (Expected < 1000.000 us) --> Read time : 22.524 us, Update time : 164.757 us, Write time : 2554.601 us
[ros2_control_node-1] [WARN] [1777482051.150378836] [controller_manager]: Overrun detected! The controller manager missed its desired rate of 1000 Hz. The loop took 2.826432 ms (missed cycles : 3).
[clear_table-13] [INFO] [1777482051.229962650] [clear_table_node]: Scene UNLOCKED.
[scene_from_vision-10] [INFO] [1777482051.233331218] [scene_from_vision_node]: Scene UNLOCKED - updates resuming.
[clear_table-13] [ERROR] [1777482051.381276292] [clear_table_node]: [Overhead] Failed to clear TV Remote (ID 3) on attempt 1/1.
[vision_apriltag-9] [INFO] [1777482051.501825086] [vision_apriltag_node]: Vision AprilTag: images are arriving, but no AprilTag has been seen for 7.2s.
[clear_table-13] [INFO] [1777482051.520062262] [clear_table_node]: go_retract: planning to RETRACT_JOINTS...
[clear_table-13] [INFO] [1777482051.520901420] [clear_table_node]: _send_goal: dispatching MoveGroup request group=manipulator, attempts=10, allowed_time=15.00s, vel_scale=0.250, accel_scale=0.250, gc1:joints(joint_1=+0.000+/-0.030, joint_2=-0.350+/-0.030, joint_3=+3.140+/-0.030, joint_4=-2.540+/-0.030, joint_5=+0.000+/-0.030, joint_6=-0.870+/-0.030, joint_7=+1.570+/-0.030)
[move_group-20] [ERROR] [1777482051.521603168] [move_group.moveit.moveit.core.conversions]: Found empty JointState message
[clear_table-13] [INFO] [1777482051.524454386] [clear_table_node]: Start state: collision-valid — no collisions (not a joint-bounds check).
[move_group-20] [INFO] [1777482051.525551224] [move_group.moveit.moveit.ros.move_group.move_action]: MoveGroupMoveAction: Received request
[move_group-20] [INFO] [1777482051.525734006] [move_group.moveit.moveit.ros.move_group.move_action]: executing..
[clear_table-13] [INFO] [1777482051.532140449] [clear_table_node]: _send_goal: MoveGroup goal accepted.
[move_group-20] [INFO] [1777482051.545284895] [move_group.moveit.moveit.ros.move_group.move_action]: Combined planning and execution request received for MoveGroup action. Forwarding to planning and execution pipeline.
[move_group-20] [WARN] [1777482051.545362050] [move_group.moveit.moveit.ros.move_group.capability]: Execution of motions should always start at the robot's current state. Ignoring the state supplied as start state in the motion planning request
[move_group-20] [WARN] [1777482051.545393866] [move_group.moveit.moveit.ros.move_group.capability]: Execution of motions should always start at the robot's current state. Ignoring the state supplied as difference in the planning scene diff
[move_group-20] [INFO] [1777482051.545420548] [move_group.moveit.moveit.ros.plan_execution]: Planning attempt 1 of at most 1
[move_group-20] [INFO] [1777482051.546830691] [move_group]: Calling PlanningRequestAdapter 'ResolveConstraintFrames'
[move_group-20] [INFO] [1777482051.546903872] [move_group]: Calling PlanningRequestAdapter 'ValidateWorkspaceBounds'
[move_group-20] [INFO] [1777482051.546925227] [move_group]: Calling PlanningRequestAdapter 'CheckStartStateBounds'
[move_group-20] [INFO] [1777482051.546966130] [move_group]: Calling PlanningRequestAdapter 'CheckStartStateCollision'
[move_group-20] [INFO] [1777482051.547474000] [move_group.moveit.moveit.planners.ompl.model_based_planning_context]: Planner configuration 'manipulator' will use planner 'geometric::RRTConnect'. Additional configuration parameters will be set when the planner is constructed.
[move_group-20] [INFO] [1777482051.547567008] [move_group]: Calling Planner 'OMPL'
[move_group-20] [INFO] [1777482051.568296588] [move_group]: Calling PlanningResponseAdapter 'AddTimeOptimalParameterization'
[move_group-20] [INFO] [1777482051.568713218] [move_group]: Calling PlanningResponseAdapter 'ValidateSolution'
[move_group-20] [INFO] [1777482051.568988956] [move_group]: Calling PlanningResponseAdapter 'DisplayMotionPath'
[move_group-20] [WARN] [1777482051.569069376] [move_group.moveit.moveit.ros.planning_pipeline]: The planner plugin did not fill out the 'planner_id' field of the MotionPlanResponse. Setting it to the planner ID name of the MotionPlanRequest assuming that the planner plugin does warn you if it does not use the requested planner.
[move_group-20] [INFO] [1777482051.569185894] [move_group.moveit.moveit.plugins.simple_controller_manager]: Returned 2 controllers in list
[move_group-20] [INFO] [1777482051.569216488] [move_group.moveit.moveit.plugins.simple_controller_manager]: Returned 2 controllers in list
[move_group-20] [INFO] [1777482051.569280017] [move_group.moveit.moveit.ros.trajectory_execution_manager]: Validating trajectory with allowed_start_tolerance 0.01
[move_group-20] [INFO] [1777482051.585183889] [move_group.moveit.moveit.ros.trajectory_execution_manager]: Starting trajectory execution ...
[move_group-20] [INFO] [1777482051.585255012] [move_group.moveit.moveit.plugins.simple_controller_manager]: Returned 2 controllers in list
[move_group-20] [INFO] [1777482051.585298348] [move_group.moveit.moveit.plugins.simple_controller_manager]: Returned 2 controllers in list
[move_group-20] [INFO] [1777482051.585496142] [moveit.simple_controller_manager.follow_joint_trajectory_controller_handle]: sending trajectory to joint_trajectory_controller
[ros2_control_node-1] [INFO] [1777482051.586231208] [joint_trajectory_controller]: Received new action goal
[ros2_control_node-1] [INFO] [1777482051.586275127] [joint_trajectory_controller]: Accepted new action goal
[move_group-20] [INFO] [1777482051.587315028] [moveit.simple_controller_manager.follow_joint_trajectory_controller_handle]: joint_trajectory_controller started execution
[move_group-20] [INFO] [1777482051.587334633] [moveit.simple_controller_manager.follow_joint_trajectory_controller_handle]: Goal request accepted!
[scene_from_vision-10] [INFO] [1777482051.705903263] [scene_from_vision_node]: Published obj_3 (new) at x=0.493, y=0.029, z=0.109, yaw=-171.1deg
[scene_from_vision-10] [INFO] [1777482051.708622504] [scene_from_vision_node]: Published obj_4 (heartbeat) at x=0.664, y=0.027, z=0.126, yaw=+11.5deg
[vision_apriltag-9] [INFO] [1777482051.784607633] [vision_apriltag_node]: Vision AprilTag detection debug: no tags found after raw/CLAHE/sharp/adaptive/upscaled/tiled passes.
[adl_ui-15] 127.0.0.1 - - [29/Apr/2026 13:00:51] "GET /status_json HTTP/1.1" 200 -
[ros2_control_node-1] [INFO] [1777482051.857670108] [joint_trajectory_controller]: Goal reached, success!
[move_group-20] [INFO] [1777482051.888247727] [moveit.simple_controller_manager.follow_joint_trajectory_controller_handle]: Controller 'joint_trajectory_controller' successfully finished
[move_group-20] [INFO] [1777482051.945973844] [move_group.moveit.moveit.ros.trajectory_execution_manager]: Completed trajectory execution with status SUCCEEDED ...
[move_group-20] [INFO] [1777482051.955309720] [move_group.moveit.moveit.ros.move_group.move_action]: Solution was found and executed.
[clear_table-13] [INFO] [1777482051.959532810] [clear_table_node]: _send_goal: MoveGroup execution completed successfully.
[clear_table-13] [INFO] [1777482052.063670320] [clear_table_node]: _send_goal: settled live EE pose pos=(0.134, 0.001, 0.339), ori=(0.709, 0.703, 0.045, 0.044)
[clear_table-13] [INFO] [1777482052.064541110] [clear_table_node]: [TV Remote failed during overhead phase] transition reseed via retract: OK.
[ros2_control_node-1] [WARN] [1777482052.150537382] [controller_manager]: Overrun might occur, Total time : 2965.792 us (Expected < 1000.000 us) --> Read time : 32.787 us, Update time : 241.079 us, Write time : 2691.926 us
[ros2_control_node-1] [WARN] [1777482052.150619973] [controller_manager]: Overrun detected! The controller manager missed its desired rate of 1000 Hz. The loop took 3.067173 ms (missed cycles : 4).
[clear_table-13] [ERROR] [1777482052.170069769] [clear_table_node]: [Overhead] Failed to clear TV Remote (ID 3). Retry budget exhausted; skipping and continuing.
[clear_table-13] [INFO] [1777482052.521238182] [clear_table_node]: Scene LOCKED.
[scene_from_vision-10] [INFO] [1777482052.524111810] [scene_from_vision_node]: Scene LOCKED - updates paused.
[adl_ui-15] 127.0.0.1 - - [29/Apr/2026 13:00:52] "GET /status_json HTTP/1.1" 200 -
[clear_table-13] [INFO] [1777482052.672380622] [clear_table_node]: [Overhead] Attempting Cube (ID 4) attempt 1/1. 1 object(s) left in this phase.
[clear_table-13] [INFO] [1777482052.673147325] [clear_table_node]: [Cube] Pre-attempt (overhead phase) joints: joint_1=+0.029, joint_2=-0.361, joint_3=+3.124, joint_4=-2.516, joint_5=-0.011, joint_6=-0.861, joint_7=+1.582
[clear_table-13] [INFO] [1777482052.676616018] [clear_table_node]: [Cube] Pre-attempt (overhead phase) ee: pos=(0.134, 0.001, 0.339), ori=(0.708, 0.703, 0.045, 0.044)
[clear_table-13] [INFO] [1777482052.677877268] [clear_table_node]: Scene LOCKED.
[scene_from_vision-10] [INFO] [1777482052.680445165] [scene_from_vision_node]: Scene LOCKED - updates paused.
[clear_table-13] [INFO] [1777482052.831024624] [clear_table_node]: [Cube] Starting locked pick/place pipeline for tag_id=4.
[clear_table-13] [INFO] [1777482052.831754749] [clear_table_node]: Scene object hold enabled for ID 4. Active held IDs: array('i', [4])
[move_group-20] [WARN] [1777482052.834414012] [move_group.moveit.moveit.core.planning_scene]: Tried to remove world object 'obj_4', but it does not exist in this scene.
[scene_from_vision-10] [INFO] [1777482052.835228645] [scene_from_vision_node]: Scene hold IDs updated: [4]. Held IDs keep scan-memory poses but suppress automatic planning-scene republish.
[scene_from_vision-10] [WARN] [1777482052.837214345] [scene_from_vision_node]: /apply_planning_scene rejected hold cleanup for tags [4].
[clear_table-13] [INFO] [1777482052.983881585] [clear_table_node]: [Cube] Pick pipeline start: tag_id=4, configured_approach_type='top', gripper_width=0.316rad, gripper_force=20.0N.
[clear_table-13] [INFO] [1777482052.985047361] [clear_table_node]: [Cube] Source tag pose (latest vision): pos=(0.675, 0.026, 0.154), ori=(0.000, 0.000, 0.094, 0.996)
[clear_table-13] [INFO] [1777482052.990012258] [clear_table_node]: [Cube] Pick policy: grasp_mode=top, is_top_grasp=True, is_side_grasp=False, side_front_entry=False, use_direct_side_entry_from_sweep=False, top_pick_pose_source=frozen_top_scan.
[rviz2-21] [WARN] [1777482053.027935966] [rviz2_moveit.moveit.core.planning_scene]: Tried to remove world object 'obj_4', but it does not exist in this scene.
[clear_table-13] [WARN] [1777482053.037341138] [clear_table_node]: [Cube] Generic grasp helper preview failed before live pipeline setup: name 'compute_task_pick_poses' is not defined
[clear_table-13] [INFO] [1777482053.055061741] [clear_table_node]: [Cube] Top-grasp XY calibration: CUBE_WORLD_X_OFFSET_M=+0.0000, CUBE_WORLD_Y_OFFSET_M=-0.0063; tag->grasp delta dx=+0.0500, dy=-0.0044.
[clear_table-13] [INFO] [1777482053.058160371] [clear_table_node]: [Cube] Planned grasp pose (initial): pos=(0.725, 0.021, 0.279), ori=(0.996, 0.094, 0.000, 0.000)
[clear_table-13] [INFO] [1777482053.059500801] [clear_table_node]: [Cube] Planned approach pose (initial): pos=(0.725, 0.021, 0.429), ori=(0.996, 0.094, 0.000, 0.000)
[clear_table-13] [INFO] [1777482053.060821019] [clear_table_node]: [Cube] Planned destination pose: pos=(0.760, 0.115, 0.226), ori=(0.707, 0.000, 0.000, 0.707)
[clear_table-13] [INFO] [1777482053.076385007] [clear_table_node]: [Cube] Planned pose deltas: tag->grasp=(+0.050, -0.004, +0.125), approach->grasp=(+0.000, +0.000, -0.150).
[clear_table-13] [INFO] [1777482053.093587966] [clear_table_node]: [Cube] Initial target: yaw-free top grasp chose the 90deg symmetric wrist candidate (rotation from reference=0.233 rad).
[clear_table-13] [INFO] [1777482053.105398043] [clear_table_node]: [Cube] stage1_ori_xy=0.350, stage1_ori_z=0.350, retry_ori_xy=0.450, retry_ori_z=0.450, stage1_live_ori=0.550, stage2_prealign=0.350, soft_fail=False, primary_pos_fallback=False, retry_pos_fallback=False, staged_pos_fallback=False, retry_table_reseed=False, ori_mode=approach_axis, plan_s=(12.0/14.0).
[clear_table-13] [INFO] [1777482053.125103551] [clear_table_node]: [Cube] Stage 1: approach (0.725, 0.021, 0.429)
[clear_table-13] [INFO] [1777482053.127410416] [clear_table_node]: Stage 1 Approach Target: pos=(0.725, 0.021, 0.429), ori=(0.637, 0.771, 0.000, 0.000)
[clear_table-13] [INFO] [1777482053.138230017] [clear_table_node]: open_gripper(): opening gripper fully...
[clear_table-13] [INFO] [1777482053.139506558] [clear_table_node]: _send_gripper_goal: request position=0.000, max_effort=20.0.
[ros2_control_node-1] [INFO] [1777482053.140594720] [robotiq_gripper_controller]: Received & accepted new action goal
[ros2_control_node-1] [WARN] [1777482053.153419041] [controller_manager]: Overrun might occur, Total time : 2814.354 us (Expected < 1000.000 us) --> Read time : 65.432 us, Update time : 459.330 us, Write time : 2289.592 us
[ros2_control_node-1] [WARN] [1777482053.153555808] [controller_manager]: Overrun detected! The controller manager missed its desired rate of 1000 Hz. The loop took 3.002325 ms (missed cycles : 4).
[clear_table-13] [INFO] [1777482053.159473156] [clear_table_node]: _send_gripper_goal: gripper goal accepted.
[clear_table-13] [INFO] [1777482053.356697849] [clear_table_node]: Gripper reached requested=0.000, actual=0.007, stalled=False, reached_goal=True
[clear_table-13] [INFO] [1777482053.360616694] [clear_table_node]: Added temporary table guard ring 'clear_table_approach_table_guard' (margin=0.0127m, height=0.066m, thickness=0.0089m).
[adl_ui-15] 127.0.0.1 - - [29/Apr/2026 13:00:53] "GET /status_json HTTP/1.1" 200 -
[vision_apriltag-9] [INFO] [1777482053.503841333] [vision_apriltag_node]: Vision AprilTag: scene is locked; detection publishing is paused.
[clear_table-13] [INFO] [1777482053.562868085] [clear_table_node]: go_to_pose: planning request frame_id=base_link, orientation_required=True, tol_pos=0.050, tol_ori_xy=0.350, tol_ori_z=0.350, target=pos=(0.725, 0.021, 0.429), ori=(0.637, 0.771, 0.000, 0.000)
[clear_table-13] [INFO] [1777482053.565144106] [clear_table_node]: _send_goal: dispatching MoveGroup request group=manipulator, attempts=10, allowed_time=12.00s, vel_scale=0.250, accel_scale=0.250, gc1:pos(frame=base_link, link=end_effector_link, tol=0.050, pos=(0.725, 0.021, 0.429), ori=(0.637, 0.771, 0.000, 0.000)); gc1:ori(frame=base_link, link=end_effector_link, tol_xy=0.350, tol_z=0.350, ori=(+0.637, +0.771, +0.000, +0.000))
[move_group-20] [ERROR] [1777482053.567513867] [move_group.moveit.moveit.core.conversions]: Found empty JointState message
[clear_table-13] [INFO] [1777482053.576526952] [clear_table_node]: Start state: collision-valid — no collisions (not a joint-bounds check).
[move_group-20] [INFO] [1777482053.578660934] [move_group.moveit.moveit.ros.move_group.move_action]: MoveGroupMoveAction: Received request
[move_group-20] [INFO] [1777482053.579821030] [move_group.moveit.moveit.ros.move_group.move_action]: executing..
[move_group-20] [INFO] [1777482053.586676150] [move_group.moveit.moveit.ros.move_group.move_action]: Combined planning and execution request received for MoveGroup action. Forwarding to planning and execution pipeline.
[move_group-20] [WARN] [1777482053.586823661] [move_group.moveit.moveit.ros.move_group.capability]: Execution of motions should always start at the robot's current state. Ignoring the state supplied as start state in the motion planning request
[move_group-20] [WARN] [1777482053.586888803] [move_group.moveit.moveit.ros.move_group.capability]: Execution of motions should always start at the robot's current state. Ignoring the state supplied as difference in the planning scene diff
[move_group-20] [INFO] [1777482053.586927385] [move_group.moveit.moveit.ros.plan_execution]: Planning attempt 1 of at most 1
[move_group-20] [INFO] [1777482053.587689792] [move_group]: Calling PlanningRequestAdapter 'ResolveConstraintFrames'
[move_group-20] [INFO] [1777482053.587784032] [move_group]: Calling PlanningRequestAdapter 'ValidateWorkspaceBounds'
[move_group-20] [INFO] [1777482053.587834535] [move_group]: Calling PlanningRequestAdapter 'CheckStartStateBounds'
[move_group-20] [INFO] [1777482053.587926216] [move_group]: Calling PlanningRequestAdapter 'CheckStartStateCollision'
[move_group-20] [INFO] [1777482053.588988685] [move_group.moveit.moveit.planners.ompl.model_based_planning_context]: Planner configuration 'manipulator' will use planner 'geometric::RRTConnect'. Additional configuration parameters will be set when the planner is constructed.
[move_group-20] [INFO] [1777482053.589183547] [move_group]: Calling Planner 'OMPL'
[clear_table-13] [INFO] [1777482053.601669068] [clear_table_node]: _send_goal: MoveGroup goal accepted.
[move_group-20] [INFO] [1777482053.664340607] [move_group]: Calling PlanningResponseAdapter 'AddTimeOptimalParameterization'
[move_group-20] [INFO] [1777482053.681481356] [move_group]: Calling PlanningResponseAdapter 'ValidateSolution'
[move_group-20] [INFO] [1777482053.684356512] [move_group]: Calling PlanningResponseAdapter 'DisplayMotionPath'
[move_group-20] [WARN] [1777482053.684710771] [move_group.moveit.moveit.ros.planning_pipeline]: The planner plugin did not fill out the 'planner_id' field of the MotionPlanResponse. Setting it to the planner ID name of the MotionPlanRequest assuming that the planner plugin does warn you if it does not use the requested planner.
[move_group-20] [INFO] [1777482053.685102210] [move_group.moveit.moveit.plugins.simple_controller_manager]: Returned 2 controllers in list
[move_group-20] [INFO] [1777482053.685133628] [move_group.moveit.moveit.plugins.simple_controller_manager]: Returned 2 controllers in list
[move_group-20] [INFO] [1777482053.685210990] [move_group.moveit.moveit.ros.trajectory_execution_manager]: Validating trajectory with allowed_start_tolerance 0.01
[move_group-20] [INFO] [1777482053.704817309] [move_group.moveit.moveit.ros.trajectory_execution_manager]: Starting trajectory execution ...
[move_group-20] [INFO] [1777482053.704887205] [move_group.moveit.moveit.plugins.simple_controller_manager]: Returned 2 controllers in list
[move_group-20] [INFO] [1777482053.705014939] [move_group.moveit.moveit.plugins.simple_controller_manager]: Returned 2 controllers in list
[move_group-20] [INFO] [1777482053.705191128] [moveit.simple_controller_manager.follow_joint_trajectory_controller_handle]: sending trajectory to joint_trajectory_controller
[ros2_control_node-1] [INFO] [1777482053.705807321] [joint_trajectory_controller]: Received new action goal
[ros2_control_node-1] [INFO] [1777482053.705881388] [joint_trajectory_controller]: Accepted new action goal
[move_group-20] [INFO] [1777482053.706551611] [moveit.simple_controller_manager.follow_joint_trajectory_controller_handle]: joint_trajectory_controller started execution
[move_group-20] [INFO] [1777482053.706567171] [moveit.simple_controller_manager.follow_joint_trajectory_controller_handle]: Goal request accepted!
[ros2_control_node-1] [WARN] [1777482054.154853518] [controller_manager]: Overrun might occur, Total time : 3253.157 us (Expected < 1000.000 us) --> Read time : 75.087 us, Update time : 452.303 us, Write time : 2725.767 us
[ros2_control_node-1] [WARN] [1777482054.154956491] [controller_manager]: Overrun detected! The controller manager missed its desired rate of 1000 Hz. The loop took 3.404395 ms (missed cycles : 4).
[adl_ui-15] 127.0.0.1 - - [29/Apr/2026 13:00:54] "GET /status_json HTTP/1.1" 200 -
[wrist_camera_usb_publisher-8] [INFO] [1777482054.380977604] [wrist_camera_usb_publisher_node]: USB camera publisher heartbeat: publishing 1280x720 frames on /wrist_mounted_camera/image; camera_info fx=920.87, fy=921.57, cx=644.76, cy=343.15.
[adl_ui-15] [INFO] [1777482054.542689230] [adl_ui_node]: UI command published: emergency_stop_retract
[adl_ui-15] 127.0.0.1 - - [29/Apr/2026 13:00:54] "POST /command HTTP/1.1" 200 -
[move_group-20] [INFO] [1777482054.589490351] [move_group.moveit.moveit.ros.move_group.move_action]: MoveGroupMoveAction: Received request to cancel goal
[move_group-20] [INFO] [1777482054.594853428] [move_group.moveit.moveit.ros.plan_execution]: Stopping execution due to preempt request
[move_group-20] [INFO] [1777482054.594921956] [moveit.simple_controller_manager.follow_joint_trajectory_controller_handle]: Cancelling execution for joint_trajectory_controller
[ros2_control_node-1] [INFO] [1777482054.596262880] [joint_trajectory_controller]: Got request to cancel goal
[ros2_control_node-1] [INFO] [1777482054.596325885] [joint_trajectory_controller]: Canceling active action goal because cancel callback received.
[move_group-20] [INFO] [1777482054.598203435] [move_group.moveit.moveit.ros.trajectory_execution_manager]: Stopped trajectory execution.
[clear_table-13] [WARN] [1777482054.604550922] [clear_table_node]: _send_goal get_result_async: cancel requested while waiting on a ROS future.
[move_group-20] [INFO] [1777482054.608495602] [moveit.simple_controller_manager.follow_joint_trajectory_controller_handle]: Controller 'joint_trajectory_controller' successfully finished
[move_group-20] [INFO] [1777482054.608614047] [move_group.moveit.moveit.ros.trajectory_execution_manager]: Completed trajectory execution with status PREEMPTED ...
[move_group-20] [INFO] [1777482054.608938519] [move_group.moveit.moveit.ros.move_group.move_action]: PREEMPTED
[clear_table-13] [WARN] [1777482054.609416823] [clear_table_node]: _send_goal: cancel requested while waiting for MoveGroup execution result.
[adl_ui-15] 127.0.0.1 - - [29/Apr/2026 13:00:54] "GET /status_json HTTP/1.1" 200 -
[clear_table-13] [WARN] [1777482054.652311548] [clear_table_node]: [Cube] Stage 1 primary: trying top staged fallback approach before retry.
[clear_table-13] [INFO] [1777482054.653084384] [clear_table_node]: [Cube] Stage 1 top staged fallback target: pos=(0.725, 0.021, 0.529), ori=(0.637, 0.771, 0.000, 0.000)
[clear_table-13] [WARN] [1777482054.653708420] [clear_table_node]: go_to_pose: cancel requested before motion; skipping.
[clear_table-13] [WARN] [1777482054.658173044] [clear_table_node]: [Cube] Stage 1 primary approach cancelled while motion was in progress.
[clear_table-13] [INFO] [1777482054.659105603] [clear_table_node]: [Cube] Locked pick/place pipeline finished: ok=False, cancelled=True, pick_completed=False, drop_completed=False, held_object_id=None.
[clear_table-13] [INFO] [1777482054.659906093] [clear_table_node]: Scene object hold released for ID 4. Active held IDs: array('i')
[scene_from_vision-10] [INFO] [1777482054.661688137] [scene_from_vision_node]: Scene hold IDs updated: []. Held IDs keep scan-memory poses but suppress automatic planning-scene republish.
[adl_controller-11] [INFO] [1777482054.778158658] [adl_controller_node]: is_near_retract: current arm is not at target (worst=joint_7:0.255 rad > 0.100).
[adl_controller-11] [INFO] [1777482054.778673429] [adl_controller_node]: go_retract: planning to RETRACT_JOINTS...
[adl_controller-11] [INFO] [1777482054.779616646] [adl_controller_node]: _send_goal: dispatching MoveGroup request group=manipulator, attempts=10, allowed_time=15.00s, vel_scale=0.250, accel_scale=0.250, gc1:joints(joint_1=+0.000+/-0.030, joint_2=-0.350+/-0.030, joint_3=+3.140+/-0.030, joint_4=-2.540+/-0.030, joint_5=+0.000+/-0.030, joint_6=-0.870+/-0.030, joint_7=+1.570+/-0.030)
[move_group-20] [ERROR] [1777482054.780296608] [move_group.moveit.moveit.core.conversions]: Found empty JointState message
[adl_controller-11] [INFO] [1777482054.782637519] [adl_controller_node]: Start state: collision-valid — no collisions (not a joint-bounds check).
[move_group-20] [INFO] [1777482054.783806902] [move_group.moveit.moveit.ros.move_group.move_action]: MoveGroupMoveAction: Received request
[move_group-20] [INFO] [1777482054.784019672] [move_group.moveit.moveit.ros.move_group.move_action]: executing..
[move_group-20] [INFO] [1777482054.785304277] [move_group.moveit.moveit.ros.move_group.move_action]: Combined planning and execution request received for MoveGroup action. Forwarding to planning and execution pipeline.
[move_group-20] [WARN] [1777482054.785384942] [move_group.moveit.moveit.ros.move_group.capability]: Execution of motions should always start at the robot's current state. Ignoring the state supplied as start state in the motion planning request
[move_group-20] [WARN] [1777482054.785414949] [move_group.moveit.moveit.ros.move_group.capability]: Execution of motions should always start at the robot's current state. Ignoring the state supplied as difference in the planning scene diff
[move_group-20] [INFO] [1777482054.785430204] [move_group.moveit.moveit.ros.plan_execution]: Planning attempt 1 of at most 1
[move_group-20] [INFO] [1777482054.785797113] [move_group]: Calling PlanningRequestAdapter 'ResolveConstraintFrames'
[move_group-20] [INFO] [1777482054.785845522] [move_group]: Calling PlanningRequestAdapter 'ValidateWorkspaceBounds'
[move_group-20] [INFO] [1777482054.785867821] [move_group]: Calling PlanningRequestAdapter 'CheckStartStateBounds'
[move_group-20] [INFO] [1777482054.785903531] [move_group]: Calling PlanningRequestAdapter 'CheckStartStateCollision'
[move_group-20] [INFO] [1777482054.786386014] [move_group.moveit.moveit.planners.ompl.model_based_planning_context]: Planner configuration 'manipulator' will use planner 'geometric::RRTConnect'. Additional configuration parameters will be set when the planner is constructed.
[move_group-20] [INFO] [1777482054.786448187] [move_group]: Calling Planner 'OMPL'
[adl_controller-11] [INFO] [1777482054.789083445] [adl_controller_node]: _send_goal: MoveGroup goal accepted.
[move_group-20] [INFO] [1777482054.811584408] [move_group]: Calling PlanningResponseAdapter 'AddTimeOptimalParameterization'
[clear_table-13] [INFO] [1777482054.811709353] [clear_table_node]: Removed temporary table guard ring 'clear_table_approach_table_guard'.
[move_group-20] [INFO] [1777482054.812981237] [move_group]: Calling PlanningResponseAdapter 'ValidateSolution'
[move_group-20] [INFO] [1777482054.813655783] [move_group]: Calling PlanningResponseAdapter 'DisplayMotionPath'
[move_group-20] [WARN] [1777482054.813773694] [move_group.moveit.moveit.ros.planning_pipeline]: The planner plugin did not fill out the 'planner_id' field of the MotionPlanResponse. Setting it to the planner ID name of the MotionPlanRequest assuming that the planner plugin does warn you if it does not use the requested planner.
[move_group-20] [INFO] [1777482054.813928169] [move_group.moveit.moveit.plugins.simple_controller_manager]: Returned 2 controllers in list
[move_group-20] [INFO] [1777482054.813966020] [move_group.moveit.moveit.plugins.simple_controller_manager]: Returned 2 controllers in list
[move_group-20] [INFO] [1777482054.814016293] [move_group.moveit.moveit.ros.trajectory_execution_manager]: Validating trajectory with allowed_start_tolerance 0.01
[move_group-20] [INFO] [1777482054.825262209] [move_group.moveit.moveit.ros.trajectory_execution_manager]: Starting trajectory execution ...
[move_group-20] [INFO] [1777482054.825385678] [move_group.moveit.moveit.plugins.simple_controller_manager]: Returned 2 controllers in list
[move_group-20] [INFO] [1777482054.825433274] [move_group.moveit.moveit.plugins.simple_controller_manager]: Returned 2 controllers in list
[move_group-20] [INFO] [1777482054.825678976] [moveit.simple_controller_manager.follow_joint_trajectory_controller_handle]: sending trajectory to joint_trajectory_controller
[ros2_control_node-1] [INFO] [1777482054.826137577] [joint_trajectory_controller]: Received new action goal
[ros2_control_node-1] [INFO] [1777482054.826234450] [joint_trajectory_controller]: Accepted new action goal
[move_group-20] [INFO] [1777482054.827139978] [moveit.simple_controller_manager.follow_joint_trajectory_controller_handle]: joint_trajectory_controller started execution
[move_group-20] [INFO] [1777482054.827167325] [moveit.simple_controller_manager.follow_joint_trajectory_controller_handle]: Goal request accepted!
[clear_table-13] [INFO] [1777482054.912911997] [clear_table_node]: Scene UNLOCKED.
[scene_from_vision-10] [INFO] [1777482054.914344405] [scene_from_vision_node]: Scene UNLOCKED - updates resuming.
[clear_table-13] [WARN] [1777482055.064741592] [clear_table_node]: Cancellation detected after Cube pipeline in the overhead phase.
[clear_table-13] [INFO] [1777482055.065626414] [clear_table_node]: Scene UNLOCKED.
[scene_from_vision-10] [INFO] [1777482055.072778327] [scene_from_vision_node]: Scene UNLOCKED - updates resuming.
[ros2_control_node-1] [WARN] [1777482055.157365879] [controller_manager]: Overrun might occur, Total time : 2797.671 us (Expected < 1000.000 us) --> Read time : 28.533 us, Update time : 244.878 us, Write time : 2524.260 us
[ros2_control_node-1] [WARN] [1777482055.157434154] [controller_manager]: Overrun detected! The controller manager missed its desired rate of 1000 Hz. The loop took 2.882830 ms (missed cycles : 3).
[scene_from_vision-10] [INFO] [1777482055.208317153] [scene_from_vision_node]: Published obj_3 (heartbeat) at x=0.493, y=0.029, z=0.109, yaw=-171.1deg
[scene_from_vision-10] [INFO] [1777482055.211117970] [scene_from_vision_node]: Published obj_4 (new) at x=0.664, y=0.027, z=0.126, yaw=+11.5deg
[clear_table-13] [INFO] [1777482055.218121566] [clear_table_node]: Parking arm to retract pose (cancel: After Cube pipeline (overhead phase)).
[adl_ui-15] 127.0.0.1 - - [29/Apr/2026 13:00:55] "GET /status_json HTTP/1.1" 200 -
[vision_apriltag-9] [INFO] [1777482055.400762075] [vision_apriltag_node]: Removed stale tag ID 4 from detected tags
[clear_table-13] [WARN] [1777482055.559024057] [clear_table_node]: wait_for_settle: timed out; arm may still be moving.
[clear_table-13] [INFO] [1777482055.559747495] [clear_table_node]: Parking prep: tucking gripper for travel at width=0.120rad.
[clear_table-13] [INFO] [1777482055.560282333] [clear_table_node]: close_gripper(): closing gripper to width=0.120rad, force=10.0N
[clear_table-13] [INFO] [1777482055.560795429] [clear_table_node]: _send_gripper_goal: request position=0.120, max_effort=10.0.
[ros2_control_node-1] [INFO] [1777482055.561807235] [robotiq_gripper_controller]: Received & accepted new action goal
[joint_state_sanitizer-3] [WARN] [1777482055.567103687] [joint_state_sanitizer_node]: [joint_state_sanitizer] Published sanitized joint state: joint_3:-3.134->-3.132
[clear_table-13] [INFO] [1777482055.570163947] [clear_table_node]: _send_gripper_goal: gripper goal accepted.
[ros2_control_node-1] [INFO] [1777482055.750703019] [joint_trajectory_controller]: Goal reached, success!
[clear_table-13] [INFO] [1777482055.769004588] [clear_table_node]: Gripper reached requested=0.120, actual=0.117, stalled=False, reached_goal=True
[clear_table-13] [INFO] [1777482055.769781250] [clear_table_node]: go_retract: planning to RETRACT_JOINTS...
[clear_table-13] [WARN] [1777482055.770531811] [clear_table_node]: _send_goal: cancel requested before planning; skipping motion goal.
[clear_table-13] [WARN] [1777482055.771331388] [clear_table_node]: go_retract failed; leaving final/idle park at retract-only as requested.
[clear_table-13] [WARN] [1777482055.771950166] [clear_table_node]: After Cube pipeline (overhead phase): retract-only cancel park did not complete cleanly.
[move_group-20] [INFO] [1777482055.827010634] [moveit.simple_controller_manager.follow_joint_trajectory_controller_handle]: Controller 'joint_trajectory_controller' successfully finished
[move_group-20] [INFO] [1777482055.885303964] [move_group.moveit.moveit.ros.trajectory_execution_manager]: Completed trajectory execution with status SUCCEEDED ...
[move_group-20] [INFO] [1777482055.886050520] [move_group.moveit.moveit.ros.move_group.move_action]: Solution was found and executed.
[adl_controller-11] [INFO] [1777482055.891696789] [adl_controller_node]: _send_goal: MoveGroup execution completed successfully.
[adl_controller-11] [INFO] [1777482055.995484540] [adl_controller_node]: _send_goal: settled live EE pose pos=(0.135, 0.011, 0.334), ori=(0.684, 0.728, 0.030, 0.027)
[move_group-20] [WARN] [1777482056.097876765] [move_group.moveit.moveit.core.planning_scene]: Tried to remove world object 'obj_3', but it does not exist in this scene.
[move_group-20] [WARN] [1777482056.097965433] [move_group.moveit.moveit.core.planning_scene]: Tried to remove world object 'obj_4', but it does not exist in this scene.
[scene_from_vision-10] [INFO] [1777482056.098581707] [scene_from_vision_node]: Scene memory cleared. Removed remembered IDs: [3, 4]
[scene_from_vision-10] [WARN] [1777482056.103511169] [scene_from_vision_node]: /apply_planning_scene rejected scene clear.
[ros2_control_node-1] [WARN] [1777482056.157585410] [controller_manager]: Overrun might occur, Total time : 3017.447 us (Expected < 1000.000 us) --> Read time : 20.887 us, Update time : 146.035 us, Write time : 2850.525 us
[ros2_control_node-1] [WARN] [1777482056.157646456] [controller_manager]: Overrun detected! The controller manager missed its desired rate of 1000 Hz. The loop took 3.094790 ms (missed cycles : 4).
[adl_ui-15] 127.0.0.1 - - [29/Apr/2026 13:00:56] "GET /status_json HTTP/1.1" 200 -
[rviz2-21] [WARN] [1777482056.279011470] [rviz2_moveit.moveit.core.planning_scene]: Tried to remove world object 'obj_3', but it does not exist in this scene.
[rviz2-21] [WARN] [1777482056.279058869] [rviz2_moveit.moveit.core.planning_scene]: Tried to remove world object 'obj_4', but it does not exist in this scene.
[vision_apriltag-9] [INFO] [1777482056.704860531] [vision_apriltag_node]: Service: Tag 3 found and base-frame pose returned.
[adl_ui-15] 127.0.0.1 - - [29/Apr/2026 13:00:56] "GET /status_json HTTP/1.1" 200 -
[vision_apriltag-9] [INFO] [1777482057.147908872] [vision_apriltag_node]: Vision AprilTag detection debug: no tags found after raw/CLAHE/sharp/adaptive/upscaled/tiled passes.
[ros2_control_node-1] [WARN] [1777482057.159666514] [controller_manager]: Overrun might occur, Total time : 3084.189 us (Expected < 1000.000 us) --> Read time : 50.729 us, Update time : 300.716 us, Write time : 2732.744 us
[ros2_control_node-1] [WARN] [1777482057.159786256] [controller_manager]: Overrun detected! The controller manager missed its desired rate of 1000 Hz. The loop took 3.234250 ms (missed cycles : 4).
[vision_apriltag-9] [INFO] [1777482057.501795159] [vision_apriltag_node]: Vision AprilTag: images are arriving, but no AprilTag has been seen for 2.2s.
[adl_ui-15] 127.0.0.1 - - [29/Apr/2026 13:00:57] "GET /status_json HTTP/1.1" 200 -
[vision_apriltag-9] [INFO] [1777482058.016445616] [vision_apriltag_node]: Service: Tag 3 found and base-frame pose returned.
[ros2_control_node-1] [WARN] [1777482058.160353121] [controller_manager]: Overrun might occur, Total time : 2788.845 us (Expected < 1000.000 us) --> Read time : 23.493 us, Update time : 221.504 us, Write time : 2543.848 us
[ros2_control_node-1] [WARN] [1777482058.160424057] [controller_manager]: Overrun detected! The controller manager missed its desired rate of 1000 Hz. The loop took 2.872972 ms (missed cycles : 3).
[adl_ui-15] 127.0.0.1 - - [29/Apr/2026 13:00:58] "GET /status_json HTTP/1.1" 200 -
[adl_ui-15] [INFO] [1777482058.594959213] [adl_ui_node]: UI command published: clear_table
[clear_table-13] [INFO] [1777482058.596622359] [clear_table_node]: Received clear_table command. Starting task execution.
[clear_table-13] [INFO] [1777482058.597989688] [clear_table_node]: Starting Clear Table Task...
[adl_ui-15] 127.0.0.1 - - [29/Apr/2026 13:00:58] "POST /command HTTP/1.1" 200 -
[scene_from_vision-10] [INFO] [1777482058.600699197] [scene_from_vision_node]: Scene memory cleared. Removed remembered IDs: []
[adl_ui-15] 127.0.0.1 - - [29/Apr/2026 13:00:58] "GET /status_json HTTP/1.1" 200 -
[clear_table-13] [INFO] [1777482058.649466346] [clear_table_node]: Scene memory cleared. Removed remembered IDs: []
[clear_table-13] [INFO] [1777482058.651185415] [clear_table_node]: Added temporary table guard ring 'clear_table_startup_guard' (margin=0.0127m, height=0.200m, thickness=0.0127m).
[vision_apriltag-9] [INFO] [1777482058.703536080] [vision_apriltag_node]: Service: Tag 3 found and base-frame pose returned.
[clear_table-13] [INFO] [1777482058.852769998] [clear_table_node]: Scene LOCKED.
[scene_from_vision-10] [INFO] [1777482058.853641078] [scene_from_vision_node]: Scene LOCKED - updates paused.
[clear_table-13] [INFO] [1777482059.005110019] [clear_table_node]: Moving to perform the initial scene scan for clear table task...
[clear_table-13] [INFO] [1777482059.018046841] [clear_table_node]: is_near_look_at_table: current arm is not at target (worst=joint_4:0.501 rad > 0.080).
[clear_table-13] [INFO] [1777482059.021843028] [clear_table_node]: look_at_table: planning to LOOK_AT_TABLE_JOINTS.
[clear_table-13] [INFO] [1777482059.025871023] [clear_table_node]: _send_goal: dispatching MoveGroup request group=manipulator, attempts=10, allowed_time=15.00s, vel_scale=0.250, accel_scale=0.250, gc1:joints(joint_1=-0.027+/-0.030, joint_2=-0.452+/-0.030, joint_3=-3.073+/-0.030, joint_4=-2.014+/-0.030, joint_5=-0.006+/-0.030, joint_6=-0.888+/-0.030, joint_7=+1.636+/-0.030)
[move_group-20] [ERROR] [1777482059.029908439] [move_group.moveit.moveit.core.conversions]: Found empty JointState message
[clear_table-13] [INFO] [1777482059.044972246] [clear_table_node]: Start state: collision-valid — no collisions (not a joint-bounds check).
[move_group-20] [INFO] [1777482059.049866667] [move_group.moveit.moveit.ros.move_group.move_action]: MoveGroupMoveAction: Received request
[move_group-20] [INFO] [1777482059.050552348] [move_group.moveit.moveit.ros.move_group.move_action]: executing..
[move_group-20] [INFO] [1777482059.066067282] [move_group.moveit.moveit.ros.move_group.move_action]: Combined planning and execution request received for MoveGroup action. Forwarding to planning and execution pipeline.
[move_group-20] [WARN] [1777482059.066262281] [move_group.moveit.moveit.ros.move_group.capability]: Execution of motions should always start at the robot's current state. Ignoring the state supplied as start state in the motion planning request
[move_group-20] [WARN] [1777482059.066359148] [move_group.moveit.moveit.ros.move_group.capability]: Execution of motions should always start at the robot's current state. Ignoring the state supplied as difference in the planning scene diff
[move_group-20] [INFO] [1777482059.066434645] [move_group.moveit.moveit.ros.plan_execution]: Planning attempt 1 of at most 1
[move_group-20] [INFO] [1777482059.068056380] [move_group]: Calling PlanningRequestAdapter 'ResolveConstraintFrames'
[move_group-20] [INFO] [1777482059.068191490] [move_group]: Calling PlanningRequestAdapter 'ValidateWorkspaceBounds'
[move_group-20] [INFO] [1777482059.068259274] [move_group]: Calling PlanningRequestAdapter 'CheckStartStateBounds'
[move_group-20] [INFO] [1777482059.068480297] [move_group]: Calling PlanningRequestAdapter 'CheckStartStateCollision'
[move_group-20] [INFO] [1777482059.070655578] [move_group.moveit.moveit.planners.ompl.model_based_planning_context]: Planner configuration 'manipulator' will use planner 'geometric::RRTConnect'. Additional configuration parameters will be set when the planner is constructed.
[move_group-20] [INFO] [1777482059.072058725] [move_group]: Calling Planner 'OMPL'
[clear_table-13] [INFO] [1777482059.075969433] [clear_table_node]: _send_goal: MoveGroup goal accepted.
[move_group-20] [INFO] [1777482059.109934432] [move_group]: Calling PlanningResponseAdapter 'AddTimeOptimalParameterization'
[move_group-20] [INFO] [1777482059.112209248] [move_group]: Calling PlanningResponseAdapter 'ValidateSolution'
[move_group-20] [INFO] [1777482059.113443142] [move_group]: Calling PlanningResponseAdapter 'DisplayMotionPath'
[move_group-20] [WARN] [1777482059.113618996] [move_group.moveit.moveit.ros.planning_pipeline]: The planner plugin did not fill out the 'planner_id' field of the MotionPlanResponse. Setting it to the planner ID name of the MotionPlanRequest assuming that the planner plugin does warn you if it does not use the requested planner.
[move_group-20] [INFO] [1777482059.113842320] [move_group.moveit.moveit.plugins.simple_controller_manager]: Returned 2 controllers in list
[move_group-20] [INFO] [1777482059.113893628] [move_group.moveit.moveit.plugins.simple_controller_manager]: Returned 2 controllers in list
[move_group-20] [INFO] [1777482059.114037900] [move_group.moveit.moveit.ros.trajectory_execution_manager]: Validating trajectory with allowed_start_tolerance 0.01
[move_group-20] [INFO] [1777482059.125729015] [move_group.moveit.moveit.ros.trajectory_execution_manager]: Starting trajectory execution ...
[move_group-20] [INFO] [1777482059.125811590] [move_group.moveit.moveit.plugins.simple_controller_manager]: Returned 2 controllers in list
[move_group-20] [INFO] [1777482059.125854677] [move_group.moveit.moveit.plugins.simple_controller_manager]: Returned 2 controllers in list
[move_group-20] [INFO] [1777482059.126038649] [moveit.simple_controller_manager.follow_joint_trajectory_controller_handle]: sending trajectory to joint_trajectory_controller
[ros2_control_node-1] [INFO] [1777482059.126994770] [joint_trajectory_controller]: Received new action goal
[ros2_control_node-1] [INFO] [1777482059.127071238] [joint_trajectory_controller]: Accepted new action goal
[move_group-20] [INFO] [1777482059.127286499] [moveit.simple_controller_manager.follow_joint_trajectory_controller_handle]: joint_trajectory_controller started execution
[move_group-20] [INFO] [1777482059.127303458] [moveit.simple_controller_manager.follow_joint_trajectory_controller_handle]: Goal request accepted!
[ros2_control_node-1] [WARN] [1777482059.163304470] [controller_manager]: Overrun might occur, Total time : 2735.407 us (Expected < 1000.000 us) --> Read time : 19.564 us, Update time : 136.287 us, Write time : 2579.556 us
[ros2_control_node-1] [WARN] [1777482059.163358655] [controller_manager]: Overrun detected! The controller manager missed its desired rate of 1000 Hz. The loop took 2.807141 ms (missed cycles : 3).
[adl_ui-15] 127.0.0.1 - - [29/Apr/2026 13:00:59] "GET /status_json HTTP/1.1" 200 -
[vision_apriltag-9] [INFO] [1777482059.501794785] [vision_apriltag_node]: Vision AprilTag: scene is locked; detection publishing is paused.
[wrist_camera_usb_publisher-8] [INFO] [1777482059.541305863] [wrist_camera_usb_publisher_node]: USB camera publisher heartbeat: publishing 1280x720 frames on /wrist_mounted_camera/image; camera_info fx=920.87, fy=921.57, cx=644.76, cy=343.15.
[adl_ui-15] 127.0.0.1 - - [29/Apr/2026 13:01:00] "GET /status_json HTTP/1.1" 200 -
[ros2_control_node-1] [WARN] [1777482060.163956883] [controller_manager]: Overrun might occur, Total time : 2390.538 us (Expected < 1000.000 us) --> Read time : 18.926 us, Update time : 236.808 us, Write time : 2134.804 us
[ros2_control_node-1] [WARN] [1777482060.164007285] [controller_manager]: Overrun detected! The controller manager missed its desired rate of 1000 Hz. The loop took 2.455761 ms (missed cycles : 3).
[ros2_control_node-1] [INFO] [1777482060.691630675] [joint_trajectory_controller]: Goal reached, success!
[move_group-20] [INFO] [1777482060.727778169] [moveit.simple_controller_manager.follow_joint_trajectory_controller_handle]: Controller 'joint_trajectory_controller' successfully finished
[move_group-20] [INFO] [1777482060.784753024] [move_group.moveit.moveit.ros.trajectory_execution_manager]: Completed trajectory execution with status SUCCEEDED ...
[move_group-20] [INFO] [1777482060.785835532] [move_group.moveit.moveit.ros.move_group.move_action]: Solution was found and executed.
[clear_table-13] [INFO] [1777482060.790010118] [clear_table_node]: _send_goal: MoveGroup execution completed successfully.
[adl_ui-15] 127.0.0.1 - - [29/Apr/2026 13:01:00] "GET /status_json HTTP/1.1" 200 -
[clear_table-13] [INFO] [1777482060.893445497] [clear_table_node]: _send_goal: settled live EE pose pos=(0.241, -0.011, 0.527), ori=(0.644, 0.695, 0.213, 0.238)
[clear_table-13] [INFO] [1777482060.894126985] [clear_table_node]: Scene UNLOCKED.
[scene_from_vision-10] [INFO] [1777482060.895739994] [scene_from_vision_node]: Scene UNLOCKED - updates resuming.
[adl_controller-11] [WARN] [1777482061.133214443] [adl_controller_node]: Scene clear timed out after clear_table terminal transition.
[ros2_control_node-1] [WARN] [1777482061.166276854] [controller_manager]: Overrun might occur, Total time : 2707.280 us (Expected < 1000.000 us) --> Read time : 33.226 us, Update time : 287.953 us, Write time : 2386.101 us
[ros2_control_node-1] [WARN] [1777482061.166338874] [controller_manager]: Overrun detected! The controller manager missed its desired rate of 1000 Hz. The loop took 2.786837 ms (missed cycles : 3).
[adl_controller-11] [INFO] [1777482061.278207573] [adl_controller_node]: is_near_retract: current arm is not at target (worst=joint_4:0.515 rad > 0.100).
[adl_controller-11] [INFO] [1777482061.278775621] [adl_controller_node]: go_retract: planning to RETRACT_JOINTS...
[adl_controller-11] [INFO] [1777482061.279605901] [adl_controller_node]: _send_goal: dispatching MoveGroup request group=manipulator, attempts=10, allowed_time=15.00s, vel_scale=0.250, accel_scale=0.250, gc1:joints(joint_1=+0.000+/-0.030, joint_2=-0.350+/-0.030, joint_3=+3.140+/-0.030, joint_4=-2.540+/-0.030, joint_5=+0.000+/-0.030, joint_6=-0.870+/-0.030, joint_7=+1.570+/-0.030)
[move_group-20] [ERROR] [1777482061.280180109] [move_group.moveit.moveit.core.conversions]: Found empty JointState message
[adl_controller-11] [INFO] [1777482061.282121895] [adl_controller_node]: Start state: collision-valid — no collisions (not a joint-bounds check).
[move_group-20] [INFO] [1777482061.283095993] [move_group.moveit.moveit.ros.move_group.move_action]: MoveGroupMoveAction: Received request
[move_group-20] [INFO] [1777482061.283288905] [move_group.moveit.moveit.ros.move_group.move_action]: executing..
[adl_controller-11] [INFO] [1777482061.287393111] [adl_controller_node]: _send_goal: MoveGroup goal accepted.
[move_group-20] [INFO] [1777482061.287608571] [move_group.moveit.moveit.ros.move_group.move_action]: Combined planning and execution request received for MoveGroup action. Forwarding to planning and execution pipeline.
[move_group-20] [WARN] [1777482061.287659937] [move_group.moveit.moveit.ros.move_group.capability]: Execution of motions should always start at the robot's current state. Ignoring the state supplied as start state in the motion planning request
[move_group-20] [WARN] [1777482061.287684142] [move_group.moveit.moveit.ros.move_group.capability]: Execution of motions should always start at the robot's current state. Ignoring the state supplied as difference in the planning scene diff
[move_group-20] [INFO] [1777482061.287697547] [move_group.moveit.moveit.ros.plan_execution]: Planning attempt 1 of at most 1
[move_group-20] [INFO] [1777482061.288870416] [move_group]: Calling PlanningRequestAdapter 'ResolveConstraintFrames'
[move_group-20] [INFO] [1777482061.288919630] [move_group]: Calling PlanningRequestAdapter 'ValidateWorkspaceBounds'
[move_group-20] [INFO] [1777482061.289023573] [move_group]: Calling PlanningRequestAdapter 'CheckStartStateBounds'
[move_group-20] [INFO] [1777482061.289063340] [move_group]: Calling PlanningRequestAdapter 'CheckStartStateCollision'
[move_group-20] [INFO] [1777482061.289468134] [move_group.moveit.moveit.planners.ompl.model_based_planning_context]: Planner configuration 'manipulator' will use planner 'geometric::RRTConnect'. Additional configuration parameters will be set when the planner is constructed.
[move_group-20] [INFO] [1777482061.289540224] [move_group]: Calling Planner 'OMPL'
[move_group-20] [INFO] [1777482061.315640256] [move_group]: Calling PlanningResponseAdapter 'AddTimeOptimalParameterization'
[move_group-20] [INFO] [1777482061.317313263] [move_group]: Calling PlanningResponseAdapter 'ValidateSolution'
[move_group-20] [INFO] [1777482061.318127586] [move_group]: Calling PlanningResponseAdapter 'DisplayMotionPath'
[move_group-20] [WARN] [1777482061.318244833] [move_group.moveit.moveit.ros.planning_pipeline]: The planner plugin did not fill out the 'planner_id' field of the MotionPlanResponse. Setting it to the planner ID name of the MotionPlanRequest assuming that the planner plugin does warn you if it does not use the requested planner.
[move_group-20] [INFO] [1777482061.318592421] [move_group.moveit.moveit.plugins.simple_controller_manager]: Returned 2 controllers in list
[move_group-20] [INFO] [1777482061.318627975] [move_group.moveit.moveit.plugins.simple_controller_manager]: Returned 2 controllers in list
[move_group-20] [INFO] [1777482061.318718777] [move_group.moveit.moveit.ros.trajectory_execution_manager]: Validating trajectory with allowed_start_tolerance 0.01
[move_group-20] [INFO] [1777482061.325575930] [move_group.moveit.moveit.ros.trajectory_execution_manager]: Starting trajectory execution ...
[move_group-20] [INFO] [1777482061.325656215] [move_group.moveit.moveit.plugins.simple_controller_manager]: Returned 2 controllers in list
[move_group-20] [INFO] [1777482061.325705273] [move_group.moveit.moveit.plugins.simple_controller_manager]: Returned 2 controllers in list
[move_group-20] [INFO] [1777482061.326051381] [moveit.simple_controller_manager.follow_joint_trajectory_controller_handle]: sending trajectory to joint_trajectory_controller
[ros2_control_node-1] [INFO] [1777482061.326459958] [joint_trajectory_controller]: Received new action goal
[ros2_control_node-1] [INFO] [1777482061.326504802] [joint_trajectory_controller]: Accepted new action goal
[move_group-20] [INFO] [1777482061.327115533] [moveit.simple_controller_manager.follow_joint_trajectory_controller_handle]: joint_trajectory_controller started execution
[move_group-20] [INFO] [1777482061.327130276] [moveit.simple_controller_manager.follow_joint_trajectory_controller_handle]: Goal request accepted!
[adl_ui-15] 127.0.0.1 - - [29/Apr/2026 13:01:01] "GET /status_json HTTP/1.1" 200 -
[vision_apriltag-9] [INFO] [1777482061.720244958] [vision_apriltag_node]: Service: Tag 3 found and base-frame pose returned.
[vision_apriltag-9] [INFO] [1777482061.786104358] [vision_apriltag_node]: Vision AprilTag visible IDs: [3, 4]
[ros2_control_node-1] [WARN] [1777482062.166285715] [controller_manager]: Overrun might occur, Total time : 2718.887 us (Expected < 1000.000 us) --> Read time : 31.905 us, Update time : 251.642 us, Write time : 2435.340 us
[ros2_control_node-1] [WARN] [1777482062.166348881] [controller_manager]: Overrun detected! The controller manager missed its desired rate of 1000 Hz. The loop took 2.796873 ms (missed cycles : 3).
[clear_table-13] [INFO] [1777482062.295305820] [clear_table_node]: Initial top scan pose reached. Deterministic two-phase scan will collect top then side targets.
[clear_table-13] [INFO] [1777482062.295974992] [clear_table_node]: Scene UNLOCKED.
[scene_from_vision-10] [INFO] [1777482062.298487836] [scene_from_vision_node]: Scene UNLOCKED - updates resuming.
[vision_apriltag-9] [INFO] [1777482062.392807695] [vision_apriltag_node]: Vision AprilTag detection debug: no tags found after raw/CLAHE/sharp/adaptive/upscaled/tiled passes.
[adl_ui-15] 127.0.0.1 - - [29/Apr/2026 13:01:02] "GET /status_json HTTP/1.1" 200 -
[clear_table-13] [INFO] [1777482062.448411458] [clear_table_node]: Vision ENABLED.
[clear_table-13] [INFO] [1777482062.449407905] [clear_table_node]: Running deterministic clear_table startup scan: top sweep only.
[clear_table-13] [INFO] [1777482062.450224868] [clear_table_node]: Startup scan is deferring side-grasp IDs [2] until the side-grasp phase.
[clear_table-13] [INFO] [1777482062.450833863] [clear_table_node]: Scene LOCKED.
[scene_from_vision-10] [INFO] [1777482062.452253850] [scene_from_vision_node]: Scene LOCKED - updates paused.
[joint_state_sanitizer-3] [WARN] [1777482062.560834181] [joint_state_sanitizer_node]: [joint_state_sanitizer] Published sanitized joint state: joint_3:-3.134->-3.132
[clear_table-13] [INFO] [1777482062.601676694] [clear_table_node]: is_near_look_at_table: current arm is not at target (worst=joint_4:0.418 rad > 0.080).
[clear_table-13] [INFO] [1777482062.602082856] [clear_table_node]: look_at_table: planning to LOOK_AT_TABLE_JOINTS.
[clear_table-13] [INFO] [1777482062.602603193] [clear_table_node]: _send_goal: dispatching MoveGroup request group=manipulator, attempts=10, allowed_time=15.00s, vel_scale=0.250, accel_scale=0.250, gc1:joints(joint_1=-0.027+/-0.030, joint_2=-0.452+/-0.030, joint_3=-3.073+/-0.030, joint_4=-2.014+/-0.030, joint_5=-0.006+/-0.030, joint_6=-0.888+/-0.030, joint_7=+1.636+/-0.030)
[move_group-20] [ERROR] [1777482062.603057856] [move_group.moveit.moveit.core.conversions]: Found empty JointState message
[clear_table-13] [INFO] [1777482062.605877833] [clear_table_node]: Start state: collision-valid — no collisions (not a joint-bounds check).
[move_group-20] [INFO] [1777482062.607041211] [move_group.moveit.moveit.ros.move_group.move_action]: MoveGroupMoveAction: Received request
[move_group-20] [INFO] [1777482062.607971380] [move_group.moveit.moveit.ros.move_group.move_action]: executing..
[clear_table-13] [INFO] [1777482062.612561512] [clear_table_node]: _send_goal: MoveGroup goal accepted.
[move_group-20] [INFO] [1777482062.624987250] [move_group.moveit.moveit.ros.move_group.move_action]: Combined planning and execution request received for MoveGroup action. Forwarding to planning and execution pipeline.
[move_group-20] [WARN] [1777482062.625060755] [move_group.moveit.moveit.ros.move_group.capability]: Execution of motions should always start at the robot's current state. Ignoring the state supplied as start state in the motion planning request
[move_group-20] [WARN] [1777482062.625083210] [move_group.moveit.moveit.ros.move_group.capability]: Execution of motions should always start at the robot's current state. Ignoring the state supplied as difference in the planning scene diff
[move_group-20] [INFO] [1777482062.625095782] [move_group.moveit.moveit.ros.plan_execution]: Planning attempt 1 of at most 1
[move_group-20] [INFO] [1777482062.625484588] [move_group]: Calling PlanningRequestAdapter 'ResolveConstraintFrames'
[move_group-20] [INFO] [1777482062.625515702] [move_group]: Calling PlanningRequestAdapter 'ValidateWorkspaceBounds'
[move_group-20] [INFO] [1777482062.625531266] [move_group]: Calling PlanningRequestAdapter 'CheckStartStateBounds'
[move_group-20] [INFO] [1777482062.625558951] [move_group]: Calling PlanningRequestAdapter 'CheckStartStateCollision'
[move_group-20] [INFO] [1777482062.626039203] [move_group.moveit.moveit.planners.ompl.model_based_planning_context]: Planner configuration 'manipulator' will use planner 'geometric::RRTConnect'. Additional configuration parameters will be set when the planner is constructed.
[move_group-20] [INFO] [1777482062.626137647] [move_group]: Calling Planner 'OMPL'
[move_group-20] [INFO] [1777482062.651076891] [move_group]: Calling PlanningResponseAdapter 'AddTimeOptimalParameterization'
[move_group-20] [INFO] [1777482062.652555992] [move_group]: Calling PlanningResponseAdapter 'ValidateSolution'
[move_group-20] [INFO] [1777482062.653250700] [move_group]: Calling PlanningResponseAdapter 'DisplayMotionPath'
[move_group-20] [WARN] [1777482062.653352647] [move_group.moveit.moveit.ros.planning_pipeline]: The planner plugin did not fill out the 'planner_id' field of the MotionPlanResponse. Setting it to the planner ID name of the MotionPlanRequest assuming that the planner plugin does warn you if it does not use the requested planner.
[move_group-20] [ERROR] [1777482062.653542161] [move_group.moveit.moveit.ros.trajectory_execution_manager]: Cannot push a new trajectory while another is being executed
[move_group-20] [ERROR] [1777482062.653579276] [move_group.moveit.moveit.ros.plan_execution]: Apparently trajectory initialization failed
[move_group-20] [INFO] [1777482062.653634414] [move_group.moveit.moveit.ros.move_group.move_action]: CONTROL_FAILED
[move_group-20] [INFO] [1777482062.656003739] [move_group.moveit.moveit.ros.move_group.move_action]: Solution was found and executed.
[adl_controller-11] [INFO] [1777482062.660922695] [adl_controller_node]: _send_goal: MoveGroup execution completed successfully.
[clear_table-13] [ERROR] [1777482062.661640988] [clear_table_node]: MoveGroup execution failed.
[clear_table-13]   error_code.val = -4
[clear_table-13]   group_name      = manipulator
[clear_table-13]   num_attempts    = 10
[clear_table-13]   allowed_time    = 15.0
[clear_table-13]   vel_scale       = 0.25
[clear_table-13]   accel_scale     = 0.25
[clear_table-13] If this persists, check move_group / controller logs for the meaning of this code (often control abort, invalid start state, or planning pipeline failure).
[clear_table-13] [WARN] [1777482062.662327420] [clear_table_node]: _recover_after_failure(): MoveGroup error_code=-4
[ros2_control_node-1] [INFO] [1777482062.993763599] [joint_trajectory_controller]: Goal reached, success!
[move_group-20] [INFO] [1777482063.027470712] [moveit.simple_controller_manager.follow_joint_trajectory_controller_handle]: Controller 'joint_trajectory_controller' successfully finished
[move_group-20] Stack trace (most recent call last) in thread 102600:
[move_group-20] #5    Object "/usr/lib/x86_64-linux-gnu/ld-linux-x86-64.so.2", at 0xffffffffffffffff, in 
[ros2_control_node-1] [WARN] [1777482063.168241107] [controller_manager]: Overrun might occur, Total time : 2654.629 us (Expected < 1000.000 us) --> Read time : 56.463 us, Update time : 370.457 us, Write time : 2227.709 us
[ros2_control_node-1] [WARN] [1777482063.168338264] [controller_manager]: Overrun detected! The controller manager missed its desired rate of 1000 Hz. The loop took 2.785116 ms (missed cycles : 3).
[move_group-20] #4    Source "../sysdeps/unix/sysv/linux/x86_64/clone3.S", line 78, in clone3 [0x7e1c95d29c6b]
[adl_ui-15] 127.0.0.1 - - [29/Apr/2026 13:01:03] "GET /status_json HTTP/1.1" 200 -
[move_group-20] #3    Source "./nptl/pthread_create.c", line 447, in start_thread [0x7e1c95c9caa3]
[adl_controller-11] [INFO] [1777482063.209266657] [adl_controller_node]: _send_goal: settled live EE pose pos=(0.125, 0.000, 0.326), ori=(0.692, 0.721, 0.021, 0.031)
[scene_from_vision-10] [INFO] [1777482063.313225607] [scene_from_vision_node]: Scene memory cleared. Removed remembered IDs: []
[vision_apriltag-9] [INFO] [1777482063.505364441] [vision_apriltag_node]: Vision AprilTag: scene is locked; detection publishing is paused.
[adl_ui-15] 127.0.0.1 - - [29/Apr/2026 13:01:03] "GET /status_json HTTP/1.1" 200 -
[ros2_control_node-1] [WARN] [1777482064.169692639] [controller_manager]: Overrun might occur, Total time : 3110.283 us (Expected < 1000.000 us) --> Read time : 47.171 us, Update time : 284.006 us, Write time : 2779.106 us
[ros2_control_node-1] [WARN] [1777482064.169808326] [controller_manager]: Overrun detected! The controller manager missed its desired rate of 1000 Hz. The loop took 3.254779 ms (missed cycles : 4).
[clear_table-13] [INFO] [1777482064.271969569] [clear_table_node]: Scene UNLOCKED.
[scene_from_vision-10] [INFO] [1777482064.275124902] [scene_from_vision_node]: Scene UNLOCKED - updates resuming.
[clear_table-13] [WARN] [1777482064.424225068] [clear_table_node]: Two-phase top scan 'top_center' failed to reach its scan pose.
[scene_from_vision-10] [INFO] [1777482064.428897424] [scene_from_vision_node]: Scene LOCKED - updates paused.
[clear_table-13] [INFO] [1777482064.433416622] [clear_table_node]: Scene LOCKED.
[clear_table-13] [INFO] [1777482064.584432936] [clear_table_node]: look_at_table_retry_scan: moving to inward recovery scan pose.
[clear_table-13] [INFO] [1777482064.623642103] [clear_table_node]: _send_goal: dispatching MoveGroup request group=manipulator, attempts=10, allowed_time=10.00s, vel_scale=0.250, accel_scale=0.250, gc1:pos(frame=base_link, link=end_effector_link, tol=0.020, pos=(0.285, -0.010, 0.515), ori=(0.659, 0.671, 0.240, 0.240)); gc1:ori(frame=base_link, link=end_effector_link, tol_xy=0.350, tol_z=0.600, ori=(+0.659, +0.671, +0.240, +0.240))
[move_group-20] [ERROR] [1777482064.624224807] [move_group.moveit.moveit.core.conversions]: Found empty JointState message
[clear_table-13] [INFO] [1777482064.628401602] [clear_table_node]: Start state: collision-valid — no collisions (not a joint-bounds check).
[move_group-20] [INFO] [1777482064.629598668] [move_group.moveit.moveit.ros.move_group.move_action]: MoveGroupMoveAction: Received request
[move_group-20] [INFO] [1777482064.630367376] [move_group.moveit.moveit.ros.move_group.move_action]: executing..
[clear_table-13] [INFO] [1777482064.633640818] [clear_table_node]: _send_goal: MoveGroup goal accepted.
[move_group-20] [INFO] [1777482064.645068058] [move_group.moveit.moveit.ros.move_group.move_action]: Combined planning and execution request received for MoveGroup action. Forwarding to planning and execution pipeline.
[move_group-20] [WARN] [1777482064.645135463] [move_group.moveit.moveit.ros.move_group.capability]: Execution of motions should always start at the robot's current state. Ignoring the state supplied as start state in the motion planning request
[move_group-20] [WARN] [1777482064.645164584] [move_group.moveit.moveit.ros.move_group.capability]: Execution of motions should always start at the robot's current state. Ignoring the state supplied as difference in the planning scene diff
[move_group-20] [INFO] [1777482064.645177702] [move_group.moveit.moveit.ros.plan_execution]: Planning attempt 1 of at most 1
[move_group-20] [INFO] [1777482064.646016990] [move_group]: Calling PlanningRequestAdapter 'ResolveConstraintFrames'
[move_group-20] [INFO] [1777482064.646061094] [move_group]: Calling PlanningRequestAdapter 'ValidateWorkspaceBounds'
[move_group-20] [INFO] [1777482064.646077049] [move_group]: Calling PlanningRequestAdapter 'CheckStartStateBounds'
[move_group-20] [INFO] [1777482064.646108236] [move_group]: Calling PlanningRequestAdapter 'CheckStartStateCollision'
[move_group-20] [INFO] [1777482064.646803265] [move_group.moveit.moveit.planners.ompl.model_based_planning_context]: Planner configuration 'manipulator' will use planner 'geometric::RRTConnect'. Additional configuration parameters will be set when the planner is constructed.
[move_group-20] [INFO] [1777482064.646941173] [move_group]: Calling Planner 'OMPL'
[move_group-20] [INFO] [1777482064.673863007] [move_group]: Calling PlanningResponseAdapter 'AddTimeOptimalParameterization'
[move_group-20] [INFO] [1777482064.675433859] [move_group]: Calling PlanningResponseAdapter 'ValidateSolution'
[move_group-20] [INFO] [1777482064.675983462] [move_group]: Calling PlanningResponseAdapter 'DisplayMotionPath'
[move_group-20] [WARN] [1777482064.676122699] [move_group.moveit.moveit.ros.planning_pipeline]: The planner plugin did not fill out the 'planner_id' field of the MotionPlanResponse. Setting it to the planner ID name of the MotionPlanRequest assuming that the planner plugin does warn you if it does not use the requested planner.
[move_group-20] [ERROR] [1777482064.676296567] [move_group.moveit.moveit.ros.trajectory_execution_manager]: Cannot push a new trajectory while another is being executed
[move_group-20] [ERROR] [1777482064.676337910] [move_group.moveit.moveit.ros.plan_execution]: Apparently trajectory initialization failed
[move_group-20] [INFO] [1777482064.676405100] [move_group.moveit.moveit.ros.move_group.move_action]: CONTROL_FAILED
[clear_table-13] [ERROR] [1777482064.683104052] [clear_table_node]: MoveGroup execution failed.
[clear_table-13]   error_code.val = -4
[clear_table-13]   group_name      = manipulator
[clear_table-13]   num_attempts    = 10
[clear_table-13]   allowed_time    = 10.0
[clear_table-13]   vel_scale       = 0.25
[clear_table-13]   accel_scale     = 0.25
[clear_table-13] If this persists, check move_group / controller logs for the meaning of this code (often control abort, invalid start state, or planning pipeline failure).
[clear_table-13] [WARN] [1777482064.683810534] [clear_table_node]: _recover_after_failure(): MoveGroup error_code=-4
[wrist_camera_usb_publisher-8] [INFO] [1777482064.698890900] [wrist_camera_usb_publisher_node]: USB camera publisher heartbeat: publishing 1280x720 frames on /wrist_mounted_camera/image; camera_info fx=920.87, fy=921.57, cx=644.76, cy=343.15.
[adl_ui-15] 127.0.0.1 - - [29/Apr/2026 13:01:04] "GET /status_json HTTP/1.1" 200 -
[ros2_control_node-1] [WARN] [1777482065.170272880] [controller_manager]: Overrun might occur, Total time : 2706.760 us (Expected < 1000.000 us) --> Read time : 21.633 us, Update time : 170.200 us, Write time : 2514.927 us
[ros2_control_node-1] [WARN] [1777482065.170336297] [controller_manager]: Overrun detected! The controller manager missed its desired rate of 1000 Hz. The loop took 2.784720 ms (missed cycles : 3).
[adl_ui-15] 127.0.0.1 - - [29/Apr/2026 13:01:05] "GET /status_json HTTP/1.1" 200 -
[vision_apriltag-9] [INFO] [1777482065.500440427] [vision_apriltag_node]: Vision AprilTag: scene is locked; detection publishing is paused.
[clear_table-13] [INFO] [1777482065.888109277] [clear_table_node]: Scene UNLOCKED.
[scene_from_vision-10] [INFO] [1777482065.889573797] [scene_from_vision_node]: Scene UNLOCKED - updates resuming.
[clear_table-13] [WARN] [1777482066.038941306] [clear_table_node]: Two-phase top scan 'top_retry' failed to reach its scan pose.
[clear_table-13] [INFO] [1777482066.039717868] [clear_table_node]: Two-phase startup scan merged top-grasp IDs: [].
[clear_table-13] [WARN] [1777482066.040209239] [clear_table_node]: Two-phase deterministic scan found no targets in pass 1/2; repeating the same configured sweep.
[clear_table-13] [WARN] [1777482066.040782100] [clear_table_node]: Repeating deterministic two-phase clear_table scan pass 2/2 after an empty pass.
[clear_table-13] [INFO] [1777482066.041602291] [clear_table_node]: Running deterministic clear_table startup scan: top sweep only.
[clear_table-13] [INFO] [1777482066.042252257] [clear_table_node]: Startup scan is deferring side-grasp IDs [2] until the side-grasp phase.
[clear_table-13] [INFO] [1777482066.043306030] [clear_table_node]: Scene LOCKED.
[scene_from_vision-10] [INFO] [1777482066.044861887] [scene_from_vision_node]: Scene LOCKED - updates paused.
[ros2_control_node-1] [WARN] [1777482066.170813058] [controller_manager]: Overrun might occur, Total time : 3250.907 us (Expected < 1000.000 us) --> Read time : 18.440 us, Update time : 208.127 us, Write time : 3024.340 us
[ros2_control_node-1] [WARN] [1777482066.170882647] [controller_manager]: Overrun detected! The controller manager missed its desired rate of 1000 Hz. The loop took 3.330666 ms (missed cycles : 4).
[clear_table-13] [INFO] [1777482066.194767554] [clear_table_node]: is_near_look_at_table: current arm is not at target (worst=joint_4:0.536 rad > 0.080).
[clear_table-13] [INFO] [1777482066.195638781] [clear_table_node]: look_at_table: planning to LOOK_AT_TABLE_JOINTS.
[clear_table-13] [INFO] [1777482066.196803149] [clear_table_node]: _send_goal: dispatching MoveGroup request group=manipulator, attempts=10, allowed_time=15.00s, vel_scale=0.250, accel_scale=0.250, gc1:joints(joint_1=-0.027+/-0.030, joint_2=-0.452+/-0.030, joint_3=-3.073+/-0.030, joint_4=-2.014+/-0.030, joint_5=-0.006+/-0.030, joint_6=-0.888+/-0.030, joint_7=+1.636+/-0.030)
[move_group-20] [ERROR] [1777482066.197616829] [move_group.moveit.moveit.core.conversions]: Found empty JointState message
[clear_table-13] [INFO] [1777482066.200638139] [clear_table_node]: Start state: collision-valid — no collisions (not a joint-bounds check).
[move_group-20] [INFO] [1777482066.202939484] [move_group.moveit.moveit.ros.move_group.move_action]: MoveGroupMoveAction: Received request
[move_group-20] [INFO] [1777482066.203764801] [move_group.moveit.moveit.ros.move_group.move_action]: executing..
[move_group-20] [INFO] [1777482066.205381599] [move_group.moveit.moveit.ros.move_group.move_action]: Combined planning and execution request received for MoveGroup action. Forwarding to planning and execution pipeline.
[move_group-20] [WARN] [1777482066.205438335] [move_group.moveit.moveit.ros.move_group.capability]: Execution of motions should always start at the robot's current state. Ignoring the state supplied as start state in the motion planning request
[move_group-20] [WARN] [1777482066.205460556] [move_group.moveit.moveit.ros.move_group.capability]: Execution of motions should always start at the robot's current state. Ignoring the state supplied as difference in the planning scene diff
[move_group-20] [INFO] [1777482066.205473090] [move_group.moveit.moveit.ros.plan_execution]: Planning attempt 1 of at most 1
[move_group-20] [INFO] [1777482066.206018707] [move_group]: Calling PlanningRequestAdapter 'ResolveConstraintFrames'
[move_group-20] [INFO] [1777482066.206052346] [move_group]: Calling PlanningRequestAdapter 'ValidateWorkspaceBounds'
[move_group-20] [INFO] [1777482066.206067580] [move_group]: Calling PlanningRequestAdapter 'CheckStartStateBounds'
[move_group-20] [INFO] [1777482066.206095511] [move_group]: Calling PlanningRequestAdapter 'CheckStartStateCollision'
[move_group-20] [INFO] [1777482066.206623518] [move_group.moveit.moveit.planners.ompl.model_based_planning_context]: Planner configuration 'manipulator' will use planner 'geometric::RRTConnect'. Additional configuration parameters will be set when the planner is constructed.
[move_group-20] [INFO] [1777482066.207150477] [move_group]: Calling Planner 'OMPL'
[clear_table-13] [INFO] [1777482066.210688656] [clear_table_node]: _send_goal: MoveGroup goal accepted.
[adl_ui-15] 127.0.0.1 - - [29/Apr/2026 13:01:06] "GET /status_json HTTP/1.1" 200 -
[move_group-20] [INFO] [1777482066.229976076] [move_group]: Calling PlanningResponseAdapter 'AddTimeOptimalParameterization'
[move_group-20] [INFO] [1777482066.231943454] [move_group]: Calling PlanningResponseAdapter 'ValidateSolution'
[move_group-20] [INFO] [1777482066.232853520] [move_group]: Calling PlanningResponseAdapter 'DisplayMotionPath'
[move_group-20] [WARN] [1777482066.232967707] [move_group.moveit.moveit.ros.planning_pipeline]: The planner plugin did not fill out the 'planner_id' field of the MotionPlanResponse. Setting it to the planner ID name of the MotionPlanRequest assuming that the planner plugin does warn you if it does not use the requested planner.
[move_group-20] [ERROR] [1777482066.233181851] [move_group.moveit.moveit.ros.trajectory_execution_manager]: Cannot push a new trajectory while another is being executed
[move_group-20] [ERROR] [1777482066.233217774] [move_group.moveit.moveit.ros.plan_execution]: Apparently trajectory initialization failed
[move_group-20] [INFO] [1777482066.233286997] [move_group.moveit.moveit.ros.move_group.move_action]: CONTROL_FAILED
[clear_table-13] [ERROR] [1777482066.238485620] [clear_table_node]: MoveGroup execution failed.
[clear_table-13]   error_code.val = -4
[clear_table-13]   group_name      = manipulator
[clear_table-13]   num_attempts    = 10
[clear_table-13]   allowed_time    = 15.0
[clear_table-13]   vel_scale       = 0.25
[clear_table-13]   accel_scale     = 0.25
[clear_table-13] If this persists, check move_group / controller logs for the meaning of this code (often control abort, invalid start state, or planning pipeline failure).
[clear_table-13] [WARN] [1777482066.239121457] [clear_table_node]: _recover_after_failure(): MoveGroup error_code=-4
[adl_ui-15] 127.0.0.1 - - [29/Apr/2026 13:01:06] "GET /status_json HTTP/1.1" 200 -
[ros2_control_node-1] [WARN] [1777482067.173135018] [controller_manager]: Overrun might occur, Total time : 2566.996 us (Expected < 1000.000 us) --> Read time : 26.090 us, Update time : 214.856 us, Write time : 2326.050 us
[ros2_control_node-1] [WARN] [1777482067.173198674] [controller_manager]: Overrun detected! The controller manager missed its desired rate of 1000 Hz. The loop took 2.646963 ms (missed cycles : 3).
[clear_table-13] [INFO] [1777482067.442273948] [clear_table_node]: Scene UNLOCKED.
[scene_from_vision-10] [INFO] [1777482067.443634290] [scene_from_vision_node]: Scene UNLOCKED - updates resuming.
[vision_apriltag-9] [INFO] [1777482067.500879029] [vision_apriltag_node]: Vision AprilTag: images are arriving, but no AprilTag has been seen for 5.4s.
[joint_state_sanitizer-3] [WARN] [1777482067.560764630] [joint_state_sanitizer_node]: [joint_state_sanitizer] Published sanitized joint state: joint_3:+3.135->+3.132
[clear_table-13] [WARN] [1777482067.593485594] [clear_table_node]: Two-phase top scan 'top_center' failed to reach its scan pose.
[clear_table-13] [INFO] [1777482067.594263326] [clear_table_node]: Scene LOCKED.
[scene_from_vision-10] [INFO] [1777482067.596450848] [scene_from_vision_node]: Scene LOCKED - updates paused.
[adl_ui-15] 127.0.0.1 - - [29/Apr/2026 13:01:07] "GET /status_json HTTP/1.1" 200 -
[clear_table-13] [INFO] [1777482067.748223330] [clear_table_node]: look_at_table_retry_scan: moving to inward recovery scan pose.
[clear_table-13] [INFO] [1777482067.788972518] [clear_table_node]: _send_goal: dispatching MoveGroup request group=manipulator, attempts=10, allowed_time=10.00s, vel_scale=0.250, accel_scale=0.250, gc1:pos(frame=base_link, link=end_effector_link, tol=0.020, pos=(0.285, -0.010, 0.515), ori=(0.659, 0.671, 0.240, 0.240)); gc1:ori(frame=base_link, link=end_effector_link, tol_xy=0.350, tol_z=0.600, ori=(+0.659, +0.671, +0.240, +0.240))
[move_group-20] [ERROR] [1777482067.789610146] [move_group.moveit.moveit.core.conversions]: Found empty JointState message
[clear_table-13] [INFO] [1777482067.792464227] [clear_table_node]: Start state: collision-valid — no collisions (not a joint-bounds check).
[move_group-20] [INFO] [1777482067.793566004] [move_group.moveit.moveit.ros.move_group.move_action]: MoveGroupMoveAction: Received request
[move_group-20] [INFO] [1777482067.793794476] [move_group.moveit.moveit.ros.move_group.move_action]: executing..
[clear_table-13] [INFO] [1777482067.798436288] [clear_table_node]: _send_goal: MoveGroup goal accepted.
[move_group-20] [INFO] [1777482067.804911112] [move_group.moveit.moveit.ros.move_group.move_action]: Combined planning and execution request received for MoveGroup action. Forwarding to planning and execution pipeline.
[move_group-20] [WARN] [1777482067.804988747] [move_group.moveit.moveit.ros.move_group.capability]: Execution of motions should always start at the robot's current state. Ignoring the state supplied as start state in the motion planning request
[move_group-20] [WARN] [1777482067.805013850] [move_group.moveit.moveit.ros.move_group.capability]: Execution of motions should always start at the robot's current state. Ignoring the state supplied as difference in the planning scene diff
[move_group-20] [INFO] [1777482067.805027151] [move_group.moveit.moveit.ros.plan_execution]: Planning attempt 1 of at most 1
[move_group-20] [INFO] [1777482067.805343430] [move_group]: Calling PlanningRequestAdapter 'ResolveConstraintFrames'
[move_group-20] [INFO] [1777482067.805384231] [move_group]: Calling PlanningRequestAdapter 'ValidateWorkspaceBounds'
[move_group-20] [INFO] [1777482067.805402756] [move_group]: Calling PlanningRequestAdapter 'CheckStartStateBounds'
[move_group-20] [INFO] [1777482067.805433355] [move_group]: Calling PlanningRequestAdapter 'CheckStartStateCollision'
[move_group-20] [INFO] [1777482067.805850686] [move_group.moveit.moveit.planners.ompl.model_based_planning_context]: Planner configuration 'manipulator' will use planner 'geometric::RRTConnect'. Additional configuration parameters will be set when the planner is constructed.
[move_group-20] [INFO] [1777482067.805919140] [move_group]: Calling Planner 'OMPL'
[move_group-20] [INFO] [1777482067.839483607] [move_group]: Calling PlanningResponseAdapter 'AddTimeOptimalParameterization'
[move_group-20] [INFO] [1777482067.841878017] [move_group]: Calling PlanningResponseAdapter 'ValidateSolution'
[move_group-20] [INFO] [1777482067.843342544] [move_group]: Calling PlanningResponseAdapter 'DisplayMotionPath'
[move_group-20] [WARN] [1777482067.844144482] [move_group.moveit.moveit.ros.planning_pipeline]: The planner plugin did not fill out the 'planner_id' field of the MotionPlanResponse. Setting it to the planner ID name of the MotionPlanRequest assuming that the planner plugin does warn you if it does not use the requested planner.
[move_group-20] [ERROR] [1777482067.844348760] [move_group.moveit.moveit.ros.trajectory_execution_manager]: Cannot push a new trajectory while another is being executed
[move_group-20] [ERROR] [1777482067.844414574] [move_group.moveit.moveit.ros.plan_execution]: Apparently trajectory initialization failed
[move_group-20] [INFO] [1777482067.845288160] [move_group.moveit.moveit.ros.move_group.move_action]: CONTROL_FAILED
[clear_table-13] [ERROR] [1777482067.854911680] [clear_table_node]: MoveGroup execution failed.
[clear_table-13]   error_code.val = -4
[clear_table-13]   group_name      = manipulator
[clear_table-13]   num_attempts    = 10
[clear_table-13]   allowed_time    = 10.0
[clear_table-13]   vel_scale       = 0.25
[clear_table-13]   accel_scale     = 0.25
[clear_table-13] If this persists, check move_group / controller logs for the meaning of this code (often control abort, invalid start state, or planning pipeline failure).
[clear_table-13] [WARN] [1777482067.855539110] [clear_table_node]: _recover_after_failure(): MoveGroup error_code=-4
[vision_apriltag-9] [INFO] [1777482067.912075700] [vision_apriltag_node]: Vision AprilTag detection debug: no tags found after raw/CLAHE/sharp/adaptive/upscaled/tiled passes.
[ros2_control_node-1] [WARN] [1777482068.176911254] [controller_manager]: Overrun might occur, Total time : 3326.765 us (Expected < 1000.000 us) --> Read time : 46.218 us, Update time : 307.153 us, Write time : 2973.394 us
[ros2_control_node-1] [WARN] [1777482068.177028042] [controller_manager]: Overrun detected! The controller manager missed its desired rate of 1000 Hz. The loop took 3.474083 ms (missed cycles : 4).
[adl_controller-11] [WARN] [1777482068.363945792] [adl_controller_node]: Scene clear timed out after clear_table terminal transition.
[adl_ui-15] 127.0.0.1 - - [29/Apr/2026 13:01:08] "GET /status_json HTTP/1.1" 200 -
[clear_table-13] [INFO] [1777482069.059536608] [clear_table_node]: Scene UNLOCKED.
[scene_from_vision-10] [INFO] [1777482069.064538993] [scene_from_vision_node]: Scene UNLOCKED - updates resuming.
[ros2_control_node-1] [WARN] [1777482069.179724653] [controller_manager]: Overrun might occur, Total time : 3133.745 us (Expected < 1000.000 us) --> Read time : 49.531 us, Update time : 381.006 us, Write time : 2703.208 us
[ros2_control_node-1] [WARN] [1777482069.179818212] [controller_manager]: Overrun detected! The controller manager missed its desired rate of 1000 Hz. The loop took 3.265819 ms (missed cycles : 4).
[adl_ui-15] 127.0.0.1 - - [29/Apr/2026 13:01:09] "GET /status_json HTTP/1.1" 200 -
[clear_table-13] [WARN] [1777482069.225300329] [clear_table_node]: Two-phase top scan 'top_retry' failed to reach its scan pose.
[clear_table-13] [INFO] [1777482069.233573175] [clear_table_node]: Two-phase startup scan merged top-grasp IDs: [].
[clear_table-13] [WARN] [1777482069.238449257] [clear_table_node]: Two-phase deterministic scan found no targets after 2 pass(es). Legacy scan fallback is disabled.
[clear_table-13] [INFO] [1777482069.240821374] [clear_table_node]: Removing startup table guard ring before ending startup scan phase.
[clear_table-13] [INFO] [1777482069.243743530] [clear_table_node]: Removed temporary table guard ring 'clear_table_startup_guard'.
[clear_table-13] [INFO] [1777482069.344834604] [clear_table_node]: Initial top-grasp scan found no overhead targets. Proceeding directly to the deferred side-grasp phase scan for configured side IDs [(2, 'Cup')].
[clear_table-13] [INFO] [1777482069.348669256] [clear_table_node]: Detected 0 objects to clear (IDs, sorted by distance): []
[clear_table-13] [INFO] [1777482069.349496518] [clear_table_node]: Pick phase selection: overhead_first=[], deferred_to_side=[].
[clear_table-13] [INFO] [1777482069.350342904] [clear_table_node]: Pick phase 'overhead': no objects scheduled.
[clear_table-13] [INFO] [1777482069.351030528] [clear_table_node]: Post-overhead side-only scan: rescanning for unresolved side-grasp targets [(2, 'Cup')].
[clear_table-13] [INFO] [1777482069.351960759] [clear_table_node]: Scene LOCKED.
[scene_from_vision-10] [INFO] [1777482069.354246469] [scene_from_vision_node]: Scene LOCKED - updates paused.
[vision_apriltag-9] [INFO] [1777482069.500035861] [vision_apriltag_node]: Vision AprilTag: scene is locked; detection publishing is paused.
[clear_table-13] [INFO] [1777482069.502531672] [clear_table_node]: look_at_table_horizontal_side_scan_with_offsets: moving to horizontal side scan with joint offsets (joint_1=-0.280, joint_6=-0.000).
[clear_table-13] [INFO] [1777482069.502993361] [clear_table_node]: look_at_table_horizontal_side_scan: current arm is not at target (worst=joint_6:2.285 rad > 0.080).
[clear_table-13] [INFO] [1777482069.503497756] [clear_table_node]: look_at_table_horizontal_side_scan: moving with deterministic fixed joint pose.
[clear_table-13] [INFO] [1777482069.504232912] [clear_table_node]: _send_goal: dispatching MoveGroup request group=manipulator, attempts=10, allowed_time=18.00s, vel_scale=0.250, accel_scale=0.250, gc1:joints(joint_1=+1.243+/-0.030, joint_2=+1.460+/-0.030, joint_3=-3.129+/-0.030, joint_4=-2.404+/-0.030, joint_5=+1.744+/-0.030, joint_6=+1.432+/-0.030, joint_7=+2.304+/-0.030)
[move_group-20] [ERROR] [1777482069.504901552] [move_group.moveit.moveit.core.conversions]: Found empty JointState message
[clear_table-13] [INFO] [1777482069.509257911] [clear_table_node]: Start state: collision-valid — no collisions (not a joint-bounds check).
[move_group-20] [INFO] [1777482069.510818247] [move_group.moveit.moveit.ros.move_group.move_action]: MoveGroupMoveAction: Received request
[move_group-20] [INFO] [1777482069.511355680] [move_group.moveit.moveit.ros.move_group.move_action]: executing..
[clear_table-13] [INFO] [1777482069.516926148] [clear_table_node]: _send_goal: MoveGroup goal accepted.
[move_group-20] [INFO] [1777482069.526984267] [move_group.moveit.moveit.ros.move_group.move_action]: Combined planning and execution request received for MoveGroup action. Forwarding to planning and execution pipeline.
[move_group-20] [WARN] [1777482069.527076740] [move_group.moveit.moveit.ros.move_group.capability]: Execution of motions should always start at the robot's current state. Ignoring the state supplied as start state in the motion planning request
[move_group-20] [WARN] [1777482069.527101338] [move_group.moveit.moveit.ros.move_group.capability]: Execution of motions should always start at the robot's current state. Ignoring the state supplied as difference in the planning scene diff
[move_group-20] [INFO] [1777482069.527114741] [move_group.moveit.moveit.ros.plan_execution]: Planning attempt 1 of at most 1
[move_group-20] [INFO] [1777482069.527554397] [move_group]: Calling PlanningRequestAdapter 'ResolveConstraintFrames'
[move_group-20] [INFO] [1777482069.527588401] [move_group]: Calling PlanningRequestAdapter 'ValidateWorkspaceBounds'
[move_group-20] [INFO] [1777482069.527605823] [move_group]: Calling PlanningRequestAdapter 'CheckStartStateBounds'
[move_group-20] [INFO] [1777482069.527637400] [move_group]: Calling PlanningRequestAdapter 'CheckStartStateCollision'
[move_group-20] [INFO] [1777482069.528508146] [move_group.moveit.moveit.planners.ompl.model_based_planning_context]: Planner configuration 'manipulator' will use planner 'geometric::RRTConnect'. Additional configuration parameters will be set when the planner is constructed.
[move_group-20] [INFO] [1777482069.528592047] [move_group]: Calling Planner 'OMPL'
[move_group-20] [INFO] [1777482069.555345373] [move_group]: Calling PlanningResponseAdapter 'AddTimeOptimalParameterization'
[move_group-20] [INFO] [1777482069.563366643] [move_group]: Calling PlanningResponseAdapter 'ValidateSolution'
[move_group-20] [INFO] [1777482069.565170119] [move_group]: Calling PlanningResponseAdapter 'DisplayMotionPath'
[move_group-20] [WARN] [1777482069.565414944] [move_group.moveit.moveit.ros.planning_pipeline]: The planner plugin did not fill out the 'planner_id' field of the MotionPlanResponse. Setting it to the planner ID name of the MotionPlanRequest assuming that the planner plugin does warn you if it does not use the requested planner.
[move_group-20] [ERROR] [1777482069.566263801] [move_group.moveit.moveit.ros.trajectory_execution_manager]: Cannot push a new trajectory while another is being executed
[move_group-20] [ERROR] [1777482069.566300339] [move_group.moveit.moveit.ros.plan_execution]: Apparently trajectory initialization failed
[move_group-20] [INFO] [1777482069.566458093] [move_group.moveit.moveit.ros.move_group.move_action]: CONTROL_FAILED
[clear_table-13] [ERROR] [1777482069.572859730] [clear_table_node]: MoveGroup execution failed.
[clear_table-13]   error_code.val = -4
[clear_table-13]   group_name      = manipulator
[clear_table-13]   num_attempts    = 10
[clear_table-13]   allowed_time    = 18.0
[clear_table-13]   vel_scale       = 0.25
[clear_table-13]   accel_scale     = 0.25
[clear_table-13] If this persists, check move_group / controller logs for the meaning of this code (often control abort, invalid start state, or planning pipeline failure).
[clear_table-13] [WARN] [1777482069.573644314] [clear_table_node]: _recover_after_failure(): MoveGroup error_code=-4
[wrist_camera_usb_publisher-8] [INFO] [1777482069.870454818] [wrist_camera_usb_publisher_node]: USB camera publisher heartbeat: publishing 1280x720 frames on /wrist_mounted_camera/image; camera_info fx=920.87, fy=921.57, cx=644.76, cy=343.15.
[adl_ui-15] 127.0.0.1 - - [29/Apr/2026 13:01:09] "GET /status_json HTTP/1.1" 200 -
[ros2_control_node-1] [WARN] [1777482070.182327561] [controller_manager]: Overrun might occur, Total time : 2750.013 us (Expected < 1000.000 us) --> Read time : 22.725 us, Update time : 218.153 us, Write time : 2509.135 us
[ros2_control_node-1] [WARN] [1777482070.182442556] [controller_manager]: Overrun detected! The controller manager missed its desired rate of 1000 Hz. The loop took 2.888750 ms (missed cycles : 3).
[adl_ui-15] [INFO] [1777482070.502305066] [adl_ui_node]: UI command published: emergency_stop_retract
[adl_ui-15] 127.0.0.1 - - [29/Apr/2026 13:01:10] "POST /command HTTP/1.1" 200 -
[adl_ui-15] 127.0.0.1 - - [29/Apr/2026 13:01:10] "GET /status_json HTTP/1.1" 200 -
[scene_from_vision-10] [INFO] [1777482070.725039145] [scene_from_vision_node]: Scene memory cleared. Removed remembered IDs: []
[clear_table-13] [INFO] [1777482070.778192033] [clear_table_node]: Scene UNLOCKED.
[scene_from_vision-10] [INFO] [1777482070.781064717] [scene_from_vision_node]: Scene UNLOCKED - updates resuming.
[clear_table-13] [WARN] [1777482070.932978117] [clear_table_node]: Post-overhead side-only scan 'side_right' failed to reach its scan pose.
[clear_table-13] [WARN] [1777482070.935493754] [clear_table_node]: Post-overhead side-only scan cancelled before completion.
[clear_table-13] [INFO] [1777482070.937321725] [clear_table_node]: Transitioning from overhead phase to side-grasp phase. Completed_from_overhead=[], remaining_for_side=[].
[clear_table-13] [INFO] [1777482070.939071764] [clear_table_node]: Pick phase 'side': no objects scheduled.
[clear_table-13] [INFO] [1777482070.940843754] [clear_table_node]: Per-object phase outcomes: []
[clear_table-13] [INFO] [1777482070.942874317] [clear_table_node]: All objects processed. Waiting for shared controller to park to retract.
[clear_table-13] [INFO] [1777482070.945063649] [clear_table_node]: Clear table task completed: 0/0 objects cleared.
[ros2_control_node-1] [WARN] [1777482071.185637258] [controller_manager]: Overrun might occur, Total time : 3062.496 us (Expected < 1000.000 us) --> Read time : 34.404 us, Update time : 213.192 us, Write time : 2814.900 us
[ros2_control_node-1] [WARN] [1777482071.185714775] [controller_manager]: Overrun detected! The controller manager missed its desired rate of 1000 Hz. The loop took 3.162638 ms (missed cycles : 4).
[adl_ui-15] 127.0.0.1 - - [29/Apr/2026 13:01:11] "GET /status_json HTTP/1.1" 200 -
[vision_apriltag-9] [INFO] [1777482071.501448511] [vision_apriltag_node]: Vision AprilTag: images are arriving, but no AprilTag has been seen for 9.4s.
[vision_apriltag-9] [INFO] [1777482071.886034071] [vision_apriltag_node]: Service: Tag 3 found and base-frame pose returned.
[vision_apriltag-9] [INFO] [1777482071.994052995] [vision_apriltag_node]: Service: Tag 4 found and base-frame pose returned.
[adl_ui-15] 127.0.0.1 - - [29/Apr/2026 13:01:12] "GET /status_json HTTP/1.1" 200 -
[ros2_control_node-1] [WARN] [1777482072.188085266] [controller_manager]: Overrun might occur, Total time : 3503.196 us (Expected < 1000.000 us) --> Read time : 40.417 us, Update time : 266.717 us, Write time : 3196.062 us
[ros2_control_node-1] [WARN] [1777482072.188174332] [controller_manager]: Overrun detected! The controller manager missed its desired rate of 1000 Hz. The loop took 3.622592 ms (missed cycles : 4).
[joint_state_sanitizer-3] [WARN] [1777482072.561466823] [joint_state_sanitizer_node]: [joint_state_sanitizer] Published sanitized joint state: joint_3:+3.135->+3.132
[vision_apriltag-9] [INFO] [1777482072.704246378] [vision_apriltag_node]: Service: Tag 3 found and base-frame pose returned.
[vision_apriltag-9] [INFO] [1777482072.706182573] [vision_apriltag_node]: Service: Tag 4 found and base-frame pose returned.
[adl_ui-15] 127.0.0.1 - - [29/Apr/2026 13:01:12] "GET /status_json HTTP/1.1" 200 -
[vision_apriltag-9] [INFO] [1777482073.014904587] [vision_apriltag_node]: Vision AprilTag detection debug: no tags found after raw/CLAHE/sharp/adaptive/upscaled/tiled passes.
[ros2_control_node-1] [WARN] [1777482073.190225883] [controller_manager]: Overrun might occur, Total time : 6654.397 us (Expected < 1000.000 us) --> Read time : 29.003 us, Update time : 194.332 us, Write time : 6431.062 us
[ros2_control_node-1] [WARN] [1777482073.190295273] [controller_manager]: Overrun detected! The controller manager missed its desired rate of 1000 Hz. The loop took 6.743747 ms (missed cycles : 7).
[vision_apriltag-9] [INFO] [1777482073.501921723] [vision_apriltag_node]: Vision AprilTag: images are arriving, but no AprilTag has been seen for 11.4s.
[adl_ui-15] 127.0.0.1 - - [29/Apr/2026 13:01:13] "GET /status_json HTTP/1.1" 200 -
[vision_apriltag-9] [INFO] [1777482073.708480951] [vision_apriltag_node]: Service: Tag 3 found and base-frame pose returned.
[vision_apriltag-9] [INFO] [1777482073.712592564] [vision_apriltag_node]: Service: Tag 4 found and base-frame pose returned.
[ros2_control_node-1] [WARN] [1777482074.192388750] [controller_manager]: Overrun might occur, Total time : 2814.842 us (Expected < 1000.000 us) --> Read time : 74.181 us, Update time : 269.266 us, Write time : 2471.395 us
[ros2_control_node-1] [WARN] [1777482074.192467998] [controller_manager]: Overrun detected! The controller manager missed its desired rate of 1000 Hz. The loop took 2.916198 ms (missed cycles : 3).
[vision_apriltag-9] [INFO] [1777482074.704808637] [vision_apriltag_node]: Service: Tag 3 found and base-frame pose returned.
[vision_apriltag-9] [INFO] [1777482074.705949441] [vision_apriltag_node]: Service: Tag 4 found and base-frame pose returned.
[adl_ui-15] 127.0.0.1 - - [29/Apr/2026 13:01:14] "GET /status_json HTTP/1.1" 200 -
[wrist_camera_usb_publisher-8] [INFO] [1777482075.022979238] [wrist_camera_usb_publisher_node]: USB camera publisher heartbeat: publishing 1280x720 frames on /wrist_mounted_camera/image; camera_info fx=920.87, fy=921.57, cx=644.76, cy=343.15.
[ros2_control_node-1] [WARN] [1777482075.193426965] [controller_manager]: Overrun might occur, Total time : 2843.972 us (Expected < 1000.000 us) --> Read time : 47.123 us, Update time : 236.026 us, Write time : 2560.823 us
[ros2_control_node-1] [WARN] [1777482075.193522985] [controller_manager]: Overrun detected! The controller manager missed its desired rate of 1000 Hz. The loop took 2.971080 ms (missed cycles : 3).
[vision_apriltag-9] [INFO] [1777482075.502586243] [vision_apriltag_node]: Vision AprilTag: images are arriving, but no AprilTag has been seen for 13.4s.
[vision_apriltag-9] [INFO] [1777482075.711262514] [vision_apriltag_node]: Service: Tag 3 found and base-frame pose returned.
[vision_apriltag-9] [INFO] [1777482075.712612288] [vision_apriltag_node]: Service: Tag 4 found and base-frame pose returned.
[adl_controller-11] [WARN] [1777482075.751305372] [adl_controller_node]: Scene clear timed out after clear_table terminal transition.
[adl_ui-15] 127.0.0.1 - - [29/Apr/2026 13:01:15] "GET /status_json HTTP/1.1" 200 -
[scene_from_vision-10] [INFO] [1777482075.905977504] [scene_from_vision_node]: Scene memory cleared. Removed remembered IDs: []
[ros2_control_node-1] [WARN] [1777482076.195162091] [controller_manager]: Overrun might occur, Total time : 2587.084 us (Expected < 1000.000 us) --> Read time : 45.146 us, Update time : 332.656 us, Write time : 2209.282 us
[ros2_control_node-1] [WARN] [1777482076.195246041] [controller_manager]: Overrun detected! The controller manager missed its desired rate of 1000 Hz. The loop took 2.694211 ms (missed cycles : 3).
[adl_ui-15] 127.0.0.1 - - [29/Apr/2026 13:01:16] "GET /status_json HTTP/1.1" 200 -
[vision_apriltag-9] [INFO] [1777482077.040498211] [vision_apriltag_node]: Service: Tag 3 found and base-frame pose returned.
[ros2_control_node-1] [WARN] [1777482077.195529907] [controller_manager]: Overrun might occur, Total time : 2952.851 us (Expected < 1000.000 us) --> Read time : 36.381 us, Update time : 256.589 us, Write time : 2659.881 us
[ros2_control_node-1] [WARN] [1777482077.195614852] [controller_manager]: Overrun detected! The controller manager missed its desired rate of 1000 Hz. The loop took 3.062816 ms (missed cycles : 4).
[vision_apriltag-9] [INFO] [1777482077.360173572] [vision_apriltag_node]: Service: Tag 4 found and base-frame pose returned.
[vision_apriltag-9] [INFO] [1777482077.501423193] [vision_apriltag_node]: Vision AprilTag: images are arriving, but no AprilTag has been seen for 15.4s.
[joint_state_sanitizer-3] [WARN] [1777482077.563413234] [joint_state_sanitizer_node]: [joint_state_sanitizer] Published sanitized joint state: joint_3:+3.135->+3.132
[vision_apriltag-9] [INFO] [1777482077.707149903] [vision_apriltag_node]: Service: Tag 3 found and base-frame pose returned.
[vision_apriltag-9] [INFO] [1777482077.713416469] [vision_apriltag_node]: Service: Tag 4 found and base-frame pose returned.
[adl_ui-15] 127.0.0.1 - - [29/Apr/2026 13:01:17] "GET /status_json HTTP/1.1" 200 -
[ros2_control_node-1] [WARN] [1777482078.196639009] [controller_manager]: Overrun might occur, Total time : 3063.569 us (Expected < 1000.000 us) --> Read time : 48.006 us, Update time : 269.443 us, Write time : 2746.120 us
[ros2_control_node-1] [WARN] [1777482078.196719964] [controller_manager]: Overrun detected! The controller manager missed its desired rate of 1000 Hz. The loop took 3.167973 ms (missed cycles : 4).
[vision_apriltag-9] [INFO] [1777482078.448751997] [vision_apriltag_node]: Vision AprilTag detection debug: no tags found after raw/CLAHE/sharp/adaptive/upscaled/tiled passes.
[adl_ui-15] 127.0.0.1 - - [29/Apr/2026 13:01:18] "GET /status_json HTTP/1.1" 200 -
