
===== 2026-04-22T19:41:27-04:00 | T1_full =====
cwd=/home/carrt-cse-project/workspace/ros2_kortex_ws
cmd=ros2 launch adl_tasks adl_start.launch.py arm_use_fake_hardware:=false arm_robot_ip:=192.168.0.10 launch_rviz:=true 

[INFO] [launch]: All log files can be found below /home/carrt-cse-project/.ros/log/2026-04-22-19-41-27-855022-carrt-cse-project-OptiPlex-5050-32735
[INFO] [launch]: Default logging verbosity is set to INFO
[INFO] [launch.user]: [arm_start.launch] MoveIt current state source: /joint_states_sanitized. Use use_joint_state_sanitizer:=false for raw-state viewer debugging.
[INFO] [launch.user]: [arm_start.launch] Using ADL controller config (share/adl_tasks/config/ros2_controllers_vbox.yaml, update_rate:=1000 Hz).
[INFO] [ros2_control_node-1]: process started with pid [32739]
[INFO] [robot_state_publisher-2]: process started with pid [32740]
[INFO] [joint_state_sanitizer-3]: process started with pid [32741]
[INFO] [spawner-4]: process started with pid [32742]
[INFO] [static_transform_publisher-5]: process started with pid [32743]
[INFO] [static_transform_publisher-6]: process started with pid [32744]
[INFO] [scene_static-7]: process started with pid [32745]
[INFO] [wrist_camera_usb_publisher-8]: process started with pid [32746]
[INFO] [vision_apriltag-9]: process started with pid [32747]
[INFO] [scene_from_vision-10]: process started with pid [32748]
[INFO] [adl_controller-11]: process started with pid [32749]
[INFO] [pick_dropped_bottle-12]: process started with pid [32750]
[INFO] [clear_table-13]: process started with pid [32751]
[INFO] [give_medication-14]: process started with pid [32752]
[INFO] [adl_ui-15]: process started with pid [32753]
[static_transform_publisher-5] [INFO] [1776901288.183539431] [static_transform_publisher]: Spinning until stopped - publishing transform
[static_transform_publisher-5] translation: ('0.000000', '0.000000', '0.000000')
[static_transform_publisher-5] rotation: ('0.000000', '0.000000', '0.000000', '1.000000')
[static_transform_publisher-5] from 'world' to 'base_link'
[robot_state_publisher-2] [INFO] [1776901288.273062087] [robot_state_publisher]: Robot initialized
[static_transform_publisher-6] [INFO] [1776901288.327174424] [camera_color_optical_bridge_tf_pub]: Spinning until stopped - publishing transform
[static_transform_publisher-6] translation: ('0.000000', '0.000000', '0.000000')
[static_transform_publisher-6] rotation: ('0.000000', '0.000000', '0.000000', '1.000000')
[static_transform_publisher-6] from 'camera_color_frame' to 'wrist_mounted_camera_color_optical_frame'
[ros2_control_node-1] [INFO] [1776901288.458993154] [controller_manager]: Using Steady (Monotonic) clock for triggering controller manager cycles.
[ros2_control_node-1] [INFO] [1776901288.500196209] [controller_manager]: Subscribing to '/robot_description' topic for robot description.
[ros2_control_node-1] [INFO] [1776901288.516343691] [controller_manager]: update rate is 1000 Hz
[ros2_control_node-1] [INFO] [1776901288.516379757] [controller_manager]: Overruns handling is : enabled
[ros2_control_node-1] [INFO] [1776901288.516390967] [controller_manager]: Spawning controller_manager RT thread with scheduler priority: 50
[ros2_control_node-1] [INFO] [1776901288.516894235] [controller_manager]: Successful set up FIFO RT scheduling policy with priority 50.
[ros2_control_node-1] [INFO] [1776901288.517007571] [controller_manager]: Received robot description from topic.
[ros2_control_node-1] [INFO] [1776901288.517049263] [controller_manager]: Enforcing command limits is disabled. Command limits from URDF will be ignored.
[ros2_control_node-1] [INFO] [1776901288.543753499] [controller_manager]: Loading hardware 'KortexMultiInterfaceHardware' 
[ros2_control_node-1] [INFO] [1776901288.589388256] [KortexMultiInterfaceHardware]: Setting severity threshold to DEBUG
[ros2_control_node-1] [INFO] [1776901288.589454000] [controller_manager]: Loaded hardware 'KortexMultiInterfaceHardware' from plugin 'kortex_driver/KortexMultiInterfaceHardware'
[ros2_control_node-1] [INFO] [1776901288.590030150] [controller_manager]: Initialize hardware 'KortexMultiInterfaceHardware' 
[ros2_control_node-1] [INFO] [1776901288.624391949] [KortexMultiInterfaceHardware]: Configuring Hardware Interface
[ros2_control_node-1] [INFO] [1776901288.624965197] [KortexMultiInterfaceHardware]: Robot ip is '192.168.0.10'
[ros2_control_node-1] [INFO] [1776901288.624983362] [KortexMultiInterfaceHardware]: Username is 'admin'
[ros2_control_node-1] [INFO] [1776901288.625002182] [KortexMultiInterfaceHardware]: Port used '10000'
[ros2_control_node-1] [INFO] [1776901288.625010455] [KortexMultiInterfaceHardware]: Realtime port used '10001'
[ros2_control_node-1] [INFO] [1776901288.625018186] [KortexMultiInterfaceHardware]: Session inactivity timeout is '60000'
[ros2_control_node-1] [INFO] [1776901288.625026596] [KortexMultiInterfaceHardware]: Connection inactivity timeout is '2000'
[ros2_control_node-1] [INFO] [1776901288.625036779] [KortexMultiInterfaceHardware]: Gripper joint name is 'robotiq_85_left_knuckle_joint'
[ros2_control_node-1] [INFO] [1776901288.625075283] [KortexMultiInterfaceHardware]: Connecting to robot at 192.168.0.10
[ros2_control_node-1] [INFO] [1776901288.634273653] [KortexMultiInterfaceHardware]: Creating session for communication
[ros2_control_node-1] [INFO] [1776901289.151191062] [KortexMultiInterfaceHardware]: Session created
[joint_state_sanitizer-3] [INFO] [1776901289.248199905] [joint_state_sanitizer_node]: joint_state_sanitizer started. raw=/joint_states -> sanitized=/joint_states_sanitized
[adl_ui-15] [INFO] [1776901289.423857243] [adl_ui_node]: ADL UI Node started.
[adl_ui-15] [INFO] [1776901289.425688702] [adl_ui_node]: Automatic retract on UI load is disabled; startup sends no motion.
[adl_ui-15]  * Serving Flask app 'adl_tasks.adl_ui'
[adl_ui-15]  * Debug mode: off
[adl_ui-15] [INFO] [1776901289.437898082] [adl_ui_node]: Web UI available at http://localhost:5000
[adl_ui-15] WARNING: This is a development server. Do not use it in a production deployment. Use a production WSGI server instead.
[adl_ui-15]  * Running on all addresses (0.0.0.0)
[adl_ui-15]  * Running on http://127.0.0.1:5000
[adl_ui-15]  * Running on http://192.168.0.231:5000
[adl_ui-15] Press CTRL+C to quit
[scene_static-7] [INFO] [1776901289.723648301] [scene_static_node]: Static Scene Node started.
[scene_static-7] [INFO] [1776901289.725129190] [scene_static_node]: WHEELCHAIR_BASE_HEIGHT = 0.36195m  |  Table surface at z = 0.118m | Table front-edge-from-base = 0.406m | Table center at x = 0.681m | table_edge_lip_margin=0.0127m | table_edge_lip_thickness=0.0127m | table_edge_lip_height=0.480m | include_wheelchair_wall=True | include_left_desk_wall=True | include_right_desk_wall=True | include_arm_base_under_block=True | include_arm_base_side_lips=True | include_arm_base_left_back_block=True | include_arm_base_right_back_half_block=True
[scene_static-7] [INFO] [1776901289.726731089] [scene_static_node]: Wheelchair wall geometry: center=(-0.465, 0.000, 0.482) size=(0.450, 0.700, 1.688)
[scene_static-7] [INFO] [1776901289.730339402] [scene_static_node]: Arm-base under-block geometry: center=(0.000, 0.000, -0.212) size=(0.302, 0.378, 0.300) | platform=(0.200, 0.200) | margins(front/back=0.051, left/right=0.089)
[scene_static-7] [INFO] [1776901289.733874441] [scene_static_node]: Arm-base side-lip geometry: left_y=0.198, right_y=-0.198, center_z=-0.047, size=(0.314, 0.006, 0.030) | x_offset=-0.076, outset=0.006, front/back_margin=0.006
[spawner-4] [INFO] [1776901289.735596824] [spawner_joint_state_broadcaster]: waiting for service /controller_manager/list_controllers to become available...
[scene_static-7] [INFO] [1776901289.739982624] [scene_static_node]: Arm-base left-back block geometry: center=(-0.177, 0.312, 0.482) size=(0.100, 0.408, 1.688) | inner_faces(x=-0.127, y=0.108) | left_wall_inner_face_y=0.504 | into_left_wall=0.013
[scene_static-7] [INFO] [1776901289.742262015] [scene_static_node]: Arm-base right-back half block geometry: center=(-0.177, -0.312, 0.060) size=(0.100, 0.408, 0.844) | inner_faces(x=-0.127, y=-0.108) | right_wall_inner_face_y=-0.504 | into_right_wall=0.013
[ros2_control_node-1] [INFO] [1776901289.853450642] [KortexMultiInterfaceHardware]: Actuator count reported by robot is '7'
[ros2_control_node-1] [INFO] [1776901289.853668242] [KortexMultiInterfaceHardware]: Using internal bus communication for gripper!
[ros2_control_node-1] [INFO] [1776901289.853678559] [KortexMultiInterfaceHardware]: Hardware Interface successfully configured
[ros2_control_node-1] [INFO] [1776901289.853768022] [controller_manager]: Successful initialization of hardware 'KortexMultiInterfaceHardware'
[ros2_control_node-1] [DEBUG] [1776901289.853842262] [KortexMultiInterfaceHardware]: export_state_interfaces for joint: joint_1
[ros2_control_node-1] [DEBUG] [1776901289.853878629] [KortexMultiInterfaceHardware]: export_state_interfaces for joint: joint_2
[ros2_control_node-1] [DEBUG] [1776901289.853885994] [KortexMultiInterfaceHardware]: export_state_interfaces for joint: joint_3
[ros2_control_node-1] [DEBUG] [1776901289.853891056] [KortexMultiInterfaceHardware]: export_state_interfaces for joint: joint_4
[ros2_control_node-1] [DEBUG] [1776901289.853895368] [KortexMultiInterfaceHardware]: export_state_interfaces for joint: joint_5
[ros2_control_node-1] [DEBUG] [1776901289.853900850] [KortexMultiInterfaceHardware]: export_state_interfaces for joint: joint_6
[ros2_control_node-1] [DEBUG] [1776901289.853905041] [KortexMultiInterfaceHardware]: export_state_interfaces for joint: joint_7
[ros2_control_node-1] [DEBUG] [1776901289.853909133] [KortexMultiInterfaceHardware]: export_state_interfaces for joint: robotiq_85_left_knuckle_joint
[ros2_control_node-1] [INFO] [1776901289.855869363] [resource_manager]: 'configure' hardware 'KortexMultiInterfaceHardware' 
[ros2_control_node-1] [INFO] [1776901289.855912404] [resource_manager]: Successful 'configure' of hardware 'KortexMultiInterfaceHardware'
[ros2_control_node-1] [INFO] [1776901289.855998669] [resource_manager]: 'activate' hardware 'KortexMultiInterfaceHardware' 
[ros2_control_node-1] [INFO] [1776901289.856024184] [KortexMultiInterfaceHardware]: Activating KortexMultiInterfaceHardware...
[ros2_control_node-1] [INFO] [1776901289.862017864] [KortexMultiInterfaceHardware]: Gripper initial position is '0.438597'.
[ros2_control_node-1] [INFO] [1776901289.866764345] [KortexMultiInterfaceHardware]: KortexMultiInterfaceHardware successfully activated!
[ros2_control_node-1] [INFO] [1776901289.866807691] [resource_manager]: Successful 'activate' of hardware 'KortexMultiInterfaceHardware'
[ros2_control_node-1] [INFO] [1776901289.867072907] [controller_manager]: Registering statistics for : KortexMultiInterfaceHardware
[ros2_control_node-1] [INFO] [1776901289.867259466] [controller_manager]: Resource Manager has been successfully initialized. Starting Controller Manager services...
[ros2_control_node-1] [DEBUG] [1776901289.873386931] [KortexMultiInterfaceHardware]: Fault was not recognized on the robot but combination of Control Mode and Active State are not supported!
[ros2_control_node-1] [WARN] [1776901289.873500794] [controller_manager]: Overrun might occur, Total time : 6463.754 us (Expected < 1000.000 us) --> Read time : 3.630 us, Update time : 19.291 us, Write time : 6440.833 us
[ros2_control_node-1] [WARN] [1776901289.873566106] [controller_manager]: Overrun detected! The controller manager missed its desired rate of 1000 Hz. The loop took 6.559229 ms (missed cycles : 7).
[wrist_camera_usb_publisher-8] [INFO] [1776901289.957903562] [wrist_camera_usb_publisher_node]: USB camera publisher: trying camera source index 2.
[pick_dropped_bottle-12] [INFO] [1776901289.980140796] [pick_dropped_bottle_node]: PickDroppedBottle starting...
[ros2_control_node-1] [INFO] [1776901289.991579091] [controller_manager]: Loading controller : 'joint_state_broadcaster' of type 'joint_state_broadcaster/JointStateBroadcaster'
[ros2_control_node-1] [INFO] [1776901289.991633481] [controller_manager]: Loading controller 'joint_state_broadcaster'
[scene_from_vision-10] [INFO] [1776901290.010378044] [scene_from_vision_node]: Scene From Vision Node Started
[ros2_control_node-1] [INFO] [1776901290.014790596] [controller_manager]: Controller 'joint_state_broadcaster' node arguments: --ros-args --params-file /home/carrt-cse-project/workspace/ros2_kortex_ws/install/adl_tasks/share/adl_tasks/config/ros2_controllers_vbox.yaml --params-file /tmp/launch_params_iyp3bs32 
[give_medication-14] [INFO] [1776901290.061011898] [give_medication_node]: give_medication starting...
[wrist_camera_usb_publisher-8] [INFO] [1776901290.064130970] [wrist_camera_usb_publisher_node]: USB camera publisher: opened camera source index 2.
[wrist_camera_usb_publisher-8] [INFO] [1776901290.065233095] [wrist_camera_usb_publisher_node]: Wrist Camera USB Publisher started.
[wrist_camera_usb_publisher-8] [INFO] [1776901290.067732872] [wrist_camera_usb_publisher_node]: Publishing USB camera frames on /wrist_mounted_camera/image with frame_id=wrist_mounted_camera_color_optical_frame.
[wrist_camera_usb_publisher-8] [INFO] [1776901290.068835482] [wrist_camera_usb_publisher_node]: Publishing camera info on /wrist_mounted_camera/camera_info from reference intrinsics [554.25, 554.25, 320.0, 240.0] @ 640x480.
[wrist_camera_usb_publisher-8] [INFO] [1776901290.070077961] [wrist_camera_usb_publisher_node]: Using explicit camera_matrix for CameraInfo. matrix_size=1280x720, K=[920.874267578125, 0.0, 644.7646484375, 0.0, 921.5654907226562, 343.1528625488281, 0.0, 0.0, 1.0], d=[0.0, 0.0, 0.0, 0.0, 0.0]
[wrist_camera_usb_publisher-8] [INFO] [1776901290.074788118] [wrist_camera_usb_publisher_node]: Requested source=2 size=1280x720 fps=10.0
[spawner-4] [INFO] [1776901290.087518239] [spawner_joint_state_broadcaster]: Loaded joint_state_broadcaster
[pick_dropped_bottle-12] [INFO] [1776901290.092310162] [pick_dropped_bottle_node]: MoveItHelper initialized. joint_state_topic=/joint_states_sanitized (sanitized_expected=True) real_hardware_mode=True short_cartesian_mode=hybrid
[pick_dropped_bottle-12] [INFO] [1776901290.093310641] [pick_dropped_bottle_node]: ADL_DIRECT_FIXED_JOINTS is unset; defaulting fixed-joint direct trajectories to disabled on real hardware (collision-aware MoveIt path first).
[ros2_control_node-1] [INFO] [1776901290.096990187] [controller_manager]: Configuring controller: 'joint_state_broadcaster'
[ros2_control_node-1] [INFO] [1776901290.097312625] [joint_state_broadcaster]: 'joints' or 'interfaces' parameter is empty. All available state interfaces will be published
[pick_dropped_bottle-12] [INFO] [1776901290.106598072] [pick_dropped_bottle_node]: Vision Client initialized, waiting for service...
[ros2_control_node-1] [INFO] [1776901290.120483101] [controller_manager]: Activating controllers: [ joint_state_broadcaster ]
[ros2_control_node-1] [INFO] [1776901290.123111186] [controller_manager]: Successfully switched controllers!
[scene_from_vision-10] [INFO] [1776901290.125166811] [scene_from_vision_node]: SceneFromVision: Updating planning scene. Tracking 5 object shape(s). memory_mode=True, scan_duration_s=5.0, scan_min_samples=3, scan_target_samples=8, scan_extend_step_s=1.5, scan_max_extensions=2, scan_prune_unseen_objects=False, continuous_scene_updates=False, latch_first_detection_updates=True, log_object_pose_debug=False, apply_planning_scene_service_updates=True, publish_monitored_planning_scene_updates=True, side_viewpoint=wrist_mounted_camera_color_optical_frame->base_link, reject_table_objects_outside_bounds=False.
[ros2_control_node-1] [WARN] [1776901290.127150708] [controller_manager]: Overrun might occur, Total time : 5119.469 us (Expected < 1000.000 us) --> Read time : 39.147 us, Update time : 1018.984 us (Switch time : 992.113 us (Switch chained mode time : 1.843 us, perform mode change time : 2.944 us, Activation time : 980.279 us, Deactivation time : 1.951 us)), Write time : 4061.338 us
[scene_from_vision-10] [INFO] [1776901290.127365539] [scene_from_vision_node]: SceneFromVision calibration: xy_offset=(0.000, 0.000), z_offset=0.000, yaw_deg=0.00, xy_scale=1.0000, clamp_table_objects_to_table_bounds=False, table_bounds_margin_m=0.030.
[scene_from_vision-10] [INFO] [1776901290.130015302] [scene_from_vision_node]: SceneFromVision object offsets: remote_axis=y, remote_tag_to_center_sign=-1.0, remote_tag_from_end_m=0.020, remote_world_offset=(-0.040, 0.000), cube_tag_to_center=(0.000, 0.000), cube_world_offset=(-0.020, -0.006), cube_yaw_offset_deg=0.0, medication_world_offset=(-0.090, -0.030), medication_face_to_center_m=0.030, cup_world_offset=(-0.085, -0.040), cup_face_to_center_m=0.037.
[spawner-4] [INFO] [1776901290.130382451] [spawner_joint_state_broadcaster]: Configured and activated joint_state_broadcaster
[clear_table-13] [INFO] [1776901290.284069634] [clear_table_node]: Clear Table Node Started
[INFO] [spawner-4]: process has finished cleanly [pid 32742]
[adl_controller-11] [INFO] [1776901290.322381637] [adl_controller_node]: MoveItHelper initialized. joint_state_topic=/joint_states_sanitized (sanitized_expected=True) real_hardware_mode=True short_cartesian_mode=hybrid
[adl_controller-11] [INFO] [1776901290.323004223] [adl_controller_node]: ADL_DIRECT_FIXED_JOINTS is unset; defaulting fixed-joint direct trajectories to disabled on real hardware (collision-aware MoveIt path first).
[adl_controller-11] [INFO] [1776901290.410210481] [adl_controller_node]: ADL controller ready. Waiting for UI/system commands.
[clear_table-13] [INFO] [1776901290.442712831] [clear_table_node]: MoveItHelper initialized. joint_state_topic=/joint_states_sanitized (sanitized_expected=True) real_hardware_mode=True short_cartesian_mode=hybrid
[clear_table-13] [INFO] [1776901290.443608888] [clear_table_node]: ADL_DIRECT_FIXED_JOINTS is unset; defaulting fixed-joint direct trajectories to disabled on real hardware (collision-aware MoveIt path first).
[give_medication-14] [INFO] [1776901290.450261620] [give_medication_node]: MoveItHelper initialized. joint_state_topic=/joint_states_sanitized (sanitized_expected=True) real_hardware_mode=True short_cartesian_mode=hybrid
[give_medication-14] [INFO] [1776901290.451321288] [give_medication_node]: ADL_DIRECT_FIXED_JOINTS is unset; defaulting fixed-joint direct trajectories to disabled on real hardware (collision-aware MoveIt path first).
[clear_table-13] [INFO] [1776901290.452463534] [clear_table_node]: Vision Client initialized, waiting for service...
[give_medication-14] [INFO] [1776901290.462929341] [give_medication_node]: Vision Client initialized, waiting for service...
[wrist_camera_usb_publisher-8] [INFO] [1776901290.698860876] [wrist_camera_usb_publisher_node]: USB camera info active intrinsics: size=1280x720, fx=920.87, fy=921.57, cx=644.76, cy=343.15, d=array('d', [0.0, 0.0, 0.0, 0.0, 0.0])
[wrist_camera_usb_publisher-8] [INFO] [1776901290.699766726] [wrist_camera_usb_publisher_node]: USB camera publisher heartbeat: publishing 1280x720 frames on /wrist_mounted_camera/image; camera_info fx=920.87, fy=921.57, cx=644.76, cy=343.15.
[vision_apriltag-9] [INFO] [1776901290.788143931] [vision_apriltag_node]: Vision AprilTag Node Started
[vision_apriltag-9] [INFO] [1776901290.789211202] [vision_apriltag_node]: Subscribing to camera topic: /wrist_mounted_camera/image
[vision_apriltag-9] [INFO] [1776901290.790390902] [vision_apriltag_node]: Subscribing to camera info topic: /wrist_mounted_camera/camera_info
[vision_apriltag-9] [INFO] [1776901290.791648470] [vision_apriltag_node]: Camera frame: wrist_mounted_camera_color_optical_frame | use_image_header_frame=True
[vision_apriltag-9] [INFO] [1776901290.793078272] [vision_apriltag_node]: Tag size: 0.025m | pose_cache_retention_s=20.0 | get_pose_wait_timeout_s=5.0 | max_returned_pose_age_s=20.0 | camera_params=[554.25, 554.25, 320.0, 240.0] | families=tag36h11 | quad_decimate=1.0 | requested_backend=opencv | backend=cv2.aruco | opencv_pose_solver=ippe_square | use_image_timestamp_for_tf=False
[vision_apriltag-9] [INFO] [1776901290.795221157] [vision_apriltag_node]: Top-tag known-plane projection: enabled=True, planes={3: 0.13995, 4: 0.1752}
[vision_apriltag-9] [INFO] [1776901290.796841013] [vision_apriltag_node]: pupil_apriltags tuning: nthreads=1, quad_sigma=0.0, refine_edges=1, decode_sharpening=0.25, debug=0, preprocess_variants=['raw', 'clahe', 'adaptive', 'clahe_sharp', 'clahe_up2', 'sharp_up2'], tile_search_if_empty=True, tile_search_grid=3x2, tile_search_scale=2.0, tile_search_overlap=0.25
[vision_apriltag-9] [WARN] [1776901290.798242298] [vision_apriltag_node]: pupil_apriltags is not importable by this node, so detection is using OpenCV fallback only. python=/usr/bin/python3, import_error=No module named 'pupil_apriltags'. If .venv contains pupil_apriltags, rebuild adl_tasks with that venv active or run the module with the venv Python.
[vision_apriltag-9] [INFO] [1776901290.799592425] [vision_apriltag_node]: Publishing AprilTag debug images on /vision_apriltag/debug_image at up to 1.0 Hz.
[INFO] [spawner-16]: process started with pid [32990]
[INFO] [spawner-17]: process started with pid [32991]
[INFO] [spawner-18]: process started with pid [32992]
[INFO] [spawner-19]: process started with pid [32993]
[pick_dropped_bottle-12] [INFO] [1776901290.861913302] [pick_dropped_bottle_node]: Vision service is ready.
[pick_dropped_bottle-12] [INFO] [1776901290.874277128] [pick_dropped_bottle_node]: PickDroppedBottle ready. Waiting for command.
[pick_dropped_bottle-12] [INFO] [1776901290.874972662] [pick_dropped_bottle_node]: Startup motion disabled at node load; motion begins only after pick_dropped_bottle command.
[ros2_control_node-1] [WARN] [1776901290.877682511] [controller_manager]: Overrun might occur, Total time : 4641.190 us (Expected < 1000.000 us) --> Read time : 50.843 us, Update time : 109.471 us, Write time : 4480.876 us
[ros2_control_node-1] [WARN] [1776901290.877765531] [controller_manager]: Overrun detected! The controller manager missed its desired rate of 1000 Hz. The loop took 4.758700 ms (missed cycles : 5).
[clear_table-13] [INFO] [1776901290.953612729] [clear_table_node]: Vision service is ready.
[give_medication-14] [INFO] [1776901290.964146923] [give_medication_node]: Vision service is ready.
[clear_table-13] [INFO] [1776901290.970240385] [clear_table_node]: Clear Table Node ready. Waiting for command.
[clear_table-13] [INFO] [1776901290.971533261] [clear_table_node]: Startup motion disabled at node load; motion begins only after clear_table command.
[clear_table-13] [INFO] [1776901290.972506426] [clear_table_node]: clear_table scan flags: top_only_scan_mode=False (ADL_CLEAR_TABLE_TOP_ONLY_SCAN='false'), two_phase_require_side_sweep_before_priority_exit=True (ADL_CLEAR_TABLE_REQUIRE_SIDE_SWEEP='true'), two_phase_top_full_sweep_before_priority_exit=True.
[give_medication-14] [INFO] [1776901290.984061118] [give_medication_node]: give_medication ready.
[vision_apriltag-9] [INFO] [1776901291.184734903] [vision_apriltag_node]: Vision AprilTag camera model updated from CameraInfo: size=1280x720, fx=920.87, fy=921.57, cx=644.76, cy=343.15, d=[0.0, 0.0, 0.0, 0.0, 0.0]
[spawner-16] [INFO] [1776901291.350586129] [spawner_joint_trajectory_controller]: waiting for service /controller_manager/list_controllers to become available...
[vision_apriltag-9] [INFO] [1776901291.721247518] [vision_apriltag_node]: Vision AprilTag detection debug: no tags found after raw/CLAHE/sharp/adaptive/upscaled/tiled passes.
[ros2_control_node-1] [WARN] [1776901291.878688832] [controller_manager]: Overrun might occur, Total time : 3635.305 us (Expected < 1000.000 us) --> Read time : 29.325 us, Update time : 65.941 us, Write time : 3540.039 us
[ros2_control_node-1] [WARN] [1776901291.878756594] [controller_manager]: Overrun detected! The controller manager missed its desired rate of 1000 Hz. The loop took 3.750136 ms (missed cycles : 4).
[scene_static-7] [WARN] [1776901291.946250933] [scene_static_node]: Planning scene service not available, waiting...
[ros2_control_node-1] [INFO] [1776901292.614906011] [controller_manager]: Loading controller : 'joint_trajectory_controller' of type 'joint_trajectory_controller/JointTrajectoryController'
[ros2_control_node-1] [INFO] [1776901292.614957291] [controller_manager]: Loading controller 'joint_trajectory_controller'
[ros2_control_node-1] [INFO] [1776901292.621824740] [controller_manager]: Controller 'joint_trajectory_controller' node arguments: --ros-args --params-file /home/carrt-cse-project/workspace/ros2_kortex_ws/install/adl_tasks/share/adl_tasks/config/ros2_controllers_vbox.yaml --params-file /tmp/launch_params_iyp3bs32 
[spawner-16] [INFO] [1776901292.664361850] [spawner_joint_trajectory_controller]: Loaded joint_trajectory_controller
[ros2_control_node-1] [INFO] [1776901292.666400540] [controller_manager]: Configuring controller: 'joint_trajectory_controller'
[ros2_control_node-1] [INFO] [1776901292.667230928] [joint_trajectory_controller]: No specific joint names are used for command interfaces. Using 'joints' parameter.
[ros2_control_node-1] [INFO] [1776901292.667487857] [joint_trajectory_controller]: Command interfaces are [position] and state interfaces are [position velocity].
[ros2_control_node-1] [INFO] [1776901292.667715318] [joint_trajectory_controller]: Using 'splines' interpolation method.
[ros2_control_node-1] [INFO] [1776901292.672804335] [joint_trajectory_controller]: Action status changes will be monitored at 10.00 Hz.
[ros2_control_node-1] [INFO] [1776901292.698246927] [controller_manager]: Activating controllers: [ joint_trajectory_controller ]
[joint_state_sanitizer-3] [WARN] [1776901292.704070234] [joint_state_sanitizer_node]: [joint_state_sanitizer] Published sanitized joint state: joint_3:+3.142->+3.132
[vision_apriltag-9] [INFO] [1776901292.756099640] [vision_apriltag_node]: Vision AprilTag: images are arriving on /wrist_mounted_camera/image, but no AprilTags have been detected yet.
[ros2_control_node-1] [WARN] [1776901292.878982661] [controller_manager]: Overrun might occur, Total time : 2950.285 us (Expected < 1000.000 us) --> Read time : 46.475 us, Update time : 89.855 us, Write time : 2813.955 us
[ros2_control_node-1] [WARN] [1776901292.879049445] [controller_manager]: Overrun detected! The controller manager missed its desired rate of 1000 Hz. The loop took 3.043020 ms (missed cycles : 4).
[ros2_control_node-1] [INFO] [1776901292.909288817] [controller_manager]: Successfully switched controllers!
[ros2_control_node-1] [WARN] [1776901292.912623313] [controller_manager]: Overrun might occur, Total time : 13592.311 us (Expected < 1000.000 us) --> Read time : 49.734 us, Update time : 10167.514 us (Switch time : 10064.549 us (Switch chained mode time : 3.598 us, perform mode change time : 8451.088 us, Activation time : 1595.277 us, Deactivation time : 1.243 us)), Write time : 3375.063 us
[spawner-16] [INFO] [1776901292.916078264] [spawner_joint_trajectory_controller]: Configured and activated joint_trajectory_controller
[spawner-18] [INFO] [1776901293.104455763] [spawner_robotiq_gripper_controller]: waiting for service /controller_manager/list_controllers to become available...
[INFO] [spawner-16]: process has finished cleanly [pid 32990]
[ros2_control_node-1] [INFO] [1776901293.611229388] [controller_manager]: Loading controller : 'robotiq_gripper_controller' of type 'position_controllers/GripperActionController'
[ros2_control_node-1] [INFO] [1776901293.611277661] [controller_manager]: Loading controller 'robotiq_gripper_controller'
[ros2_control_node-1] [INFO] [1776901293.615410876] [controller_manager]: Controller 'robotiq_gripper_controller' node arguments: --ros-args --params-file /home/carrt-cse-project/workspace/ros2_kortex_ws/install/adl_tasks/share/adl_tasks/config/ros2_controllers_vbox.yaml --params-file /tmp/launch_params_iyp3bs32 
[ros2_control_node-1] [WARN] [1776901293.644467863] [robotiq_gripper_controller]: [Deprecated]: the `position_controllers/GripperActionController` and `effort_controllers::GripperActionController` controllers are replaced by 'parallel_gripper_controllers/GripperActionController' controller
[spawner-18] [INFO] [1776901293.650361948] [spawner_robotiq_gripper_controller]: Loaded robotiq_gripper_controller
[ros2_control_node-1] [INFO] [1776901293.654666435] [controller_manager]: Configuring controller: 'robotiq_gripper_controller'
[ros2_control_node-1] [INFO] [1776901293.654823562] [robotiq_gripper_controller]: Action status changes will be monitored at 20.000000 Hz.
[ros2_control_node-1] [INFO] [1776901293.663470587] [controller_manager]: Activating controllers: [ robotiq_gripper_controller ]
[ros2_control_node-1] [INFO] [1776901293.873191216] [controller_manager]: Successfully switched controllers!
[spawner-18] [INFO] [1776901293.878308961] [spawner_robotiq_gripper_controller]: Configured and activated robotiq_gripper_controller
[ros2_control_node-1] [WARN] [1776901293.884166805] [controller_manager]: Overrun might occur, Total time : 5133.456 us (Expected < 1000.000 us) --> Read time : 43.586 us, Update time : 244.320 us, Write time : 4845.550 us
[ros2_control_node-1] [WARN] [1776901293.884240677] [controller_manager]: Overrun detected! The controller manager missed its desired rate of 1000 Hz. The loop took 5.233839 ms (missed cycles : 6).
[scene_static-7] [WARN] [1776901293.949753366] [scene_static_node]: Planning scene service not available, waiting...
[INFO] [spawner-18]: process has finished cleanly [pid 32992]
[spawner-17] [INFO] [1776901294.745299277] [spawner_twist_controller]: waiting for service /controller_manager/list_controllers to become available...
[INFO] [move_group-20]: process started with pid [33062]
[INFO] [rviz2-21]: process started with pid [33063]
[ros2_control_node-1] [WARN] [1776901294.885723625] [controller_manager]: Overrun might occur, Total time : 2691.407 us (Expected < 1000.000 us) --> Read time : 35.669 us, Update time : 177.131 us, Write time : 2478.607 us
[ros2_control_node-1] [WARN] [1776901294.885797643] [controller_manager]: Overrun detected! The controller manager missed its desired rate of 1000 Hz. The loop took 2.790966 ms (missed cycles : 3).
[vision_apriltag-9] [INFO] [1776901295.078117093] [vision_apriltag_node]: Vision AprilTag: images are arriving on /wrist_mounted_camera/image, but no AprilTags have been detected yet.
[move_group-20] [INFO] [1776901295.366663028] [move_group.moveit.moveit.ros.rdf_loader]: Loaded robot model in 0.0134797 seconds
[move_group-20] [INFO] [1776901295.366817072] [move_group.moveit.moveit.core.robot_model]: Loading robot model 'gen3'...
[move_group-20] [INFO] [1776901295.366841393] [move_group.moveit.moveit.core.robot_model]: No root/virtual joint specified in SRDF. Assuming fixed joint
[move_group-20] [INFO] [1776901295.646218111] [move_group.moveit.moveit.kinematics.kdl_kinematics_plugin]: Joint weights for group 'manipulator': 1 1 1 1 1 1 1
[ros2_control_node-1] [INFO] [1776901295.652509309] [controller_manager]: Received robot description from topic.
[ros2_control_node-1] [WARN] [1776901295.652552690] [controller_manager]: ResourceManager has already loaded a urdf. Ignoring attempt to reload a robot description.
[wrist_camera_usb_publisher-8] [INFO] [1776901295.860825527] [wrist_camera_usb_publisher_node]: USB camera publisher heartbeat: publishing 1280x720 frames on /wrist_mounted_camera/image; camera_info fx=920.87, fy=921.57, cx=644.76, cy=343.15.
[rviz2-21] [INFO] [1776901295.868253862] [rviz2]: Stereo is NOT SUPPORTED
[rviz2-21] [INFO] [1776901295.868363453] [rviz2]: OpenGl version: 4.6 (GLSL 4.6)
[ros2_control_node-1] [WARN] [1776901295.888885631] [controller_manager]: Overrun might occur, Total time : 2852.241 us (Expected < 1000.000 us) --> Read time : 38.639 us, Update time : 251.678 us, Write time : 2561.924 us
[ros2_control_node-1] [WARN] [1776901295.888976074] [controller_manager]: Overrun detected! The controller manager missed its desired rate of 1000 Hz. The loop took 2.969601 ms (missed cycles : 3).
[rviz2-21] [INFO] [1776901295.900892622] [rviz2]: Stereo is NOT SUPPORTED
[scene_static-7] [WARN] [1776901295.953695618] [scene_static_node]: Planning scene service not available, waiting...
[ros2_control_node-1] [INFO] [1776901296.009495371] [controller_manager]: Loading controller : 'twist_controller' of type 'picknik_twist_controller/PicknikTwistController'
[ros2_control_node-1] [INFO] [1776901296.009531442] [controller_manager]: Loading controller 'twist_controller'
[ros2_control_node-1] [INFO] [1776901296.016942078] [controller_manager]: Controller 'twist_controller' node arguments: --ros-args --params-file /home/carrt-cse-project/workspace/ros2_kortex_ws/install/adl_tasks/share/adl_tasks/config/ros2_controllers_vbox.yaml --params-file /tmp/launch_params_iyp3bs32 
[move_group-20] [INFO] [1776901296.103257429] [move_group.moveit.moveit.ros.planning_scene_monitor]: Publishing maintained planning scene on 'monitored_planning_scene'
[move_group-20] [INFO] [1776901296.103488025] [move_group.moveit.moveit.ros.moveit_cpp]: Listening to 'joint_states' for joint states
[move_group-20] [INFO] [1776901296.106574871] [move_group.moveit.moveit.ros.current_state_monitor]: Listening to joint states on topic 'joint_states'
[spawner-17] [INFO] [1776901296.107805560] [spawner_twist_controller]: Loaded twist_controller
[rviz2-21] Warning: class_loader.impl: SEVERE WARNING!!! A namespace collision has occurred with plugin factory for class rviz_default_plugins::displays::InteractiveMarkerDisplay. New factory will OVERWRITE existing one. This situation occurs when libraries containing plugins are directly linked against an executable (the one running right now generating this message). Please separate plugins out into their own library or just don't link against the library and use either class_loader::ClassLoader/MultiLibraryClassLoader to open.
[rviz2-21]          at line 321 in /opt/ros/jazzy/include/class_loader/class_loader/class_loader_core.hpp
[move_group-20] [INFO] [1776901296.109451705] [move_group.moveit.moveit.ros.planning_scene_monitor]: Listening to '/attached_collision_object' for attached collision objects
[move_group-20] [INFO] [1776901296.109779767] [move_group.moveit.moveit.ros.planning_scene_monitor]: Stopping existing planning scene publisher.
[move_group-20] [INFO] [1776901296.110090263] [move_group.moveit.moveit.ros.planning_scene_monitor]: Stopped publishing maintained planning scene.
[move_group-20] [INFO] [1776901296.111499717] [move_group.moveit.moveit.ros.planning_scene_monitor]: Publishing maintained planning scene on 'monitored_planning_scene'
[move_group-20] [INFO] [1776901296.111596651] [move_group.moveit.moveit.ros.planning_scene_monitor]: Starting planning scene monitor
[rviz2-21] [WARN] [1776901296.111564595] [rcl.logging_rosout]: Publisher already registered for node name: 'rviz2_moveit'. If this is due to multiple nodes with the same name then all logs for the logger named 'rviz2_moveit' will go out over the existing publisher. As soon as any node with that name is destructed it will unregister the publisher, preventing any further logs for that name from being published on the rosout topic.
[move_group-20] [INFO] [1776901296.113526949] [move_group.moveit.moveit.ros.planning_scene_monitor]: Listening to '/planning_scene'
[move_group-20] [INFO] [1776901296.113557447] [move_group.moveit.moveit.ros.planning_scene_monitor]: Starting world geometry update monitor for collision objects, attached objects, octomap updates.
[move_group-20] [INFO] [1776901296.114258682] [move_group.moveit.moveit.ros.planning_scene_monitor]: Listening to 'collision_object'
[move_group-20] [INFO] [1776901296.117189499] [move_group.moveit.moveit.ros.planning_scene_monitor]: Listening to 'planning_scene_world' for planning scene world geometry
[move_group-20] [WARN] [1776901296.119612274] [move_group.moveit.moveit.ros.occupancy_map_monitor]: Resolution not specified for Octomap. Assuming resolution = 0.1 instead
[move_group-20] [ERROR] [1776901296.119661807] [move_group.moveit.moveit.ros.occupancy_map_monitor]: No 3D sensor plugin(s) defined for octomap updates
[ros2_control_node-1] [INFO] [1776901296.124468999] [controller_manager]: Configuring controller: 'twist_controller'
[ros2_control_node-1] [INFO] [1776901296.142435277] [twist_controller]: configure successful
[spawner-19] [INFO] [1776901296.328417307] [spawner_fault_controller]: waiting for service /controller_manager/list_controllers to become available...
[INFO] [spawner-17]: process has finished cleanly [pid 32991]
[move_group-20] [INFO] [1776901296.448853203] [move_group.moveit.moveit.ros.planning_pipeline]: Successfully loaded planner 'OMPL'
[move_group-20] [INFO] [1776901296.454266330] [move_group]: Try loading adapter 'default_planning_request_adapters/ResolveConstraintFrames'
[move_group-20] [INFO] [1776901296.456394374] [move_group]: Loaded adapter 'default_planning_request_adapters/ResolveConstraintFrames'
[move_group-20] [INFO] [1776901296.456431224] [move_group]: Try loading adapter 'default_planning_request_adapters/ValidateWorkspaceBounds'
[move_group-20] [INFO] [1776901296.456972451] [move_group]: Loaded adapter 'default_planning_request_adapters/ValidateWorkspaceBounds'
[move_group-20] [INFO] [1776901296.456989870] [move_group]: Try loading adapter 'default_planning_request_adapters/CheckStartStateBounds'
[move_group-20] [INFO] [1776901296.457031048] [move_group]: Loaded adapter 'default_planning_request_adapters/CheckStartStateBounds'
[move_group-20] [INFO] [1776901296.457040956] [move_group]: Try loading adapter 'default_planning_request_adapters/CheckStartStateCollision'
[move_group-20] [INFO] [1776901296.457058824] [move_group]: Loaded adapter 'default_planning_request_adapters/CheckStartStateCollision'
[move_group-20] [INFO] [1776901296.465545797] [move_group]: Try loading adapter 'default_planning_response_adapters/AddTimeOptimalParameterization'
[move_group-20] [INFO] [1776901296.471787589] [move_group]: Loaded adapter 'default_planning_response_adapters/AddTimeOptimalParameterization'
[move_group-20] [INFO] [1776901296.471822947] [move_group]: Try loading adapter 'default_planning_response_adapters/ValidateSolution'
[move_group-20] [INFO] [1776901296.483853965] [move_group]: Loaded adapter 'default_planning_response_adapters/ValidateSolution'
[move_group-20] [INFO] [1776901296.483970221] [move_group]: Try loading adapter 'default_planning_response_adapters/DisplayMotionPath'
[move_group-20] [INFO] [1776901296.486405577] [move_group]: Loaded adapter 'default_planning_response_adapters/DisplayMotionPath'
[move_group-20] [INFO] [1776901296.585834477] [move_group.moveit.moveit.plugins.simple_controller_manager]: Added FollowJointTrajectory controller for joint_trajectory_controller
[move_group-20] [INFO] [1776901296.585910432] [move_group.moveit.moveit.plugins.simple_controller_manager]: robotiq_gripper_controller will command a max effort of: 0
[move_group-20] [INFO] [1776901296.595955267] [move_group.moveit.moveit.plugins.simple_controller_manager]: Added GripperCommand controller for robotiq_gripper_controller
[move_group-20] [INFO] [1776901296.596173012] [move_group.moveit.moveit.plugins.simple_controller_manager]: Returned 2 controllers in list
[move_group-20] [INFO] [1776901296.596214599] [move_group.moveit.moveit.plugins.simple_controller_manager]: Returned 2 controllers in list
[move_group-20] [INFO] [1776901296.597467677] [move_group.moveit.moveit.ros.trajectory_execution_manager]: Trajectory execution is managing controllers
[move_group-20] [INFO] [1776901296.597504002] [move_group]: MoveGroup debug mode is ON
[ros2_control_node-1] [INFO] [1776901296.598374449] [controller_manager]: Loading controller : 'fault_controller' of type 'picknik_reset_fault_controller/PicknikResetFaultController'
[ros2_control_node-1] [INFO] [1776901296.598408116] [controller_manager]: Loading controller 'fault_controller'
[ros2_control_node-1] [INFO] [1776901296.604455498] [controller_manager]: Controller 'fault_controller' node arguments: --ros-args --params-file /home/carrt-cse-project/workspace/ros2_kortex_ws/install/adl_tasks/share/adl_tasks/config/ros2_controllers_vbox.yaml --params-file /tmp/launch_params_iyp3bs32 
[move_group-20] [INFO] [1776901296.661085621] [move_group.moveit.moveit.ros.move_group.executable]: 
[move_group-20] 
[move_group-20] ********************************************************
[move_group-20] * MoveGroup using: 
[move_group-20] *     - apply_planning_scene_service
[move_group-20] *     - clear_octomap_service
[move_group-20] *     - get_group_urdf
[move_group-20] *     - load_geometry_from_file
[move_group-20] *     - CartesianPathService
[move_group-20] *     - execute_trajectory_action
[move_group-20] *     - get_planning_scene_service
[move_group-20] *     - kinematics_service
[move_group-20] *     - move_action
[move_group-20] *     - motion_plan_service
[move_group-20] *     - query_planners_service
[move_group-20] *     - state_validation_service
[move_group-20] *     - save_geometry_to_file
[move_group-20] ********************************************************
[move_group-20] 
[move_group-20] [INFO] [1776901296.661170790] [move_group.moveit.moveit.ros.move_group.context]: MoveGroup context using pipeline ompl
[move_group-20] [INFO] [1776901296.661190901] [move_group.moveit.moveit.ros.move_group.context]: MoveGroup context initialization complete
[move_group-20] [96mLoading 'move_group/ApplyPlanningSceneService'...[0m
[move_group-20] [96mLoading 'move_group/ClearOctomapService'...[0m
[move_group-20] [96mLoading 'move_group/GetUrdfService'...[0m
[move_group-20] [96mLoading 'move_group/LoadGeometryFromFileService'...[0m
[move_group-20] [96mLoading 'move_group/MoveGroupCartesianPathService'...[0m
[move_group-20] [96mLoading 'move_group/MoveGroupExecuteTrajectoryAction'...[0m
[move_group-20] [96mLoading 'move_group/MoveGroupGetPlanningSceneService'...[0m
[move_group-20] [96mLoading 'move_group/MoveGroupKinematicsService'...[0m
[move_group-20] [96mLoading 'move_group/MoveGroupMoveAction'...[0m
[move_group-20] [96mLoading 'move_group/MoveGroupPlanService'...[0m
[move_group-20] [96mLoading 'move_group/MoveGroupQueryPlannersService'...[0m
[move_group-20] [96mLoading 'move_group/MoveGroupStateValidationService'...[0m
[move_group-20] [96mLoading 'move_group/SaveGeometryToFileService'...[0m
[move_group-20] 
[move_group-20] [92mYou can start planning now![0m
[move_group-20] 
[spawner-19] [INFO] [1776901296.706181323] [spawner_fault_controller]: Loaded fault_controller
[ros2_control_node-1] [INFO] [1776901296.709752123] [controller_manager]: Configuring controller: 'fault_controller'
[scene_static-7] [INFO] [1776901296.711847572] [scene_static_node]: Planning scene service available. Building static scene...
[ros2_control_node-1] [INFO] [1776901296.718092783] [controller_manager]: Activating controllers: [ fault_controller ]
[scene_static-7] [INFO] [1776901296.720746828] [scene_static_node]: Static scene built: 25 objects added to MoveIt planning scene.
[ros2_control_node-1] [WARN] [1776901296.893387956] [controller_manager]: Overrun might occur, Total time : 4358.010 us (Expected < 1000.000 us) --> Read time : 33.275 us, Update time : 200.298 us, Write time : 4124.437 us
[ros2_control_node-1] [WARN] [1776901296.893506588] [controller_manager]: Overrun detected! The controller manager missed its desired rate of 1000 Hz. The loop took 4.499700 ms (missed cycles : 5).
[ros2_control_node-1] [INFO] [1776901296.933583930] [controller_manager]: Successfully switched controllers!
[ros2_control_node-1] [WARN] [1776901296.935998895] [controller_manager]: Overrun might occur, Total time : 7967.914 us (Expected < 1000.000 us) --> Read time : 36.852 us, Update time : 5477.575 us (Switch time : 5225.715 us (Switch chained mode time : 1.228 us, perform mode change time : 19.966 us, Activation time : 5195.649 us, Deactivation time : 0.569 us)), Write time : 2453.487 us
[spawner-19] [INFO] [1776901296.945226907] [spawner_fault_controller]: Configured and activated fault_controller
[INFO] [spawner-19]: process has finished cleanly [pid 32993]
[vision_apriltag-9] [INFO] [1776901297.262724105] [vision_apriltag_node]: Vision AprilTag detection debug: no tags found after raw/CLAHE/sharp/adaptive/upscaled/tiled passes.
[vision_apriltag-9] [INFO] [1776901297.272469617] [vision_apriltag_node]: Vision AprilTag: images are arriving on /wrist_mounted_camera/image, but no AprilTags have been detected yet.
[joint_state_sanitizer-3] [WARN] [1776901297.707543129] [joint_state_sanitizer_node]: [joint_state_sanitizer] Published sanitized joint state: joint_3:+3.142->+3.132
[ros2_control_node-1] [WARN] [1776901297.894397757] [controller_manager]: Overrun might occur, Total time : 4365.220 us (Expected < 1000.000 us) --> Read time : 46.352 us, Update time : 262.720 us, Write time : 4056.148 us
[ros2_control_node-1] [WARN] [1776901297.894466805] [controller_manager]: Overrun detected! The controller manager missed its desired rate of 1000 Hz. The loop took 4.459894 ms (missed cycles : 5).
[ros2_control_node-1] [WARN] [1776901298.896749465] [controller_manager]: Overrun might occur, Total time : 2699.796 us (Expected < 1000.000 us) --> Read time : 22.210 us, Update time : 154.648 us, Write time : 2522.938 us
[ros2_control_node-1] [WARN] [1776901298.896848639] [controller_manager]: Overrun detected! The controller manager missed its desired rate of 1000 Hz. The loop took 2.841688 ms (missed cycles : 3).
[rviz2-21] [ERROR] [1776901299.186835907] [rviz2_moveit.moveit.ros.motion_planning_frame]: Action server: /recognize_objects not available
[vision_apriltag-9] [INFO] [1776901299.233857474] [vision_apriltag_node]: Vision AprilTag: images are arriving on /wrist_mounted_camera/image, but no AprilTags have been detected yet.
[rviz2-21] [INFO] [1776901299.236135585] [rviz2_moveit.moveit.ros.motion_planning_frame]: MoveGroup namespace changed: / -> . Reloading params.
[rviz2-21] [INFO] [1776901299.332560987] [rviz2_moveit.moveit.ros.rdf_loader]: Loaded robot model in 0.00963724 seconds
[rviz2-21] [INFO] [1776901299.332668101] [rviz2_moveit.moveit.core.robot_model]: Loading robot model 'gen3'...
[rviz2-21] [INFO] [1776901299.332707160] [rviz2_moveit.moveit.core.robot_model]: No root/virtual joint specified in SRDF. Assuming fixed joint
[rviz2-21] [INFO] [1776901299.544991173] [rviz2_moveit.moveit.kinematics.kdl_kinematics_plugin]: Joint weights for group 'manipulator': 1 1 1 1 1 1 1
[ros2_control_node-1] [WARN] [1776901299.897667343] [controller_manager]: Overrun might occur, Total time : 3635.586 us (Expected < 1000.000 us) --> Read time : 41.886 us, Update time : 294.427 us, Write time : 3299.273 us
[ros2_control_node-1] [WARN] [1776901299.897763000] [controller_manager]: Overrun detected! The controller manager missed its desired rate of 1000 Hz. The loop took 3.755862 ms (missed cycles : 4).
[rviz2-21] [INFO] [1776901299.979168984] [rviz2_moveit.moveit.ros.planning_scene_monitor]: Starting planning scene monitor
[rviz2-21] [INFO] [1776901299.980604310] [rviz2_moveit.moveit.ros.planning_scene_monitor]: Listening to '/monitored_planning_scene'
[rviz2-21] [INFO] [1776901300.339645258] [interactive_marker_display_107495852587600]: Connected on namespace: /rviz_moveit_motion_planning_display/robot_interaction_interactive_marker_topic
[rviz2-21] [INFO] [1776901300.350850647] [rviz2_moveit.moveit.ros.robot_interaction]: No active joints or end effectors found for group 'gripper'. Make sure that kinematics.yaml is loaded in this node's namespace.
[rviz2-21] [INFO] [1776901300.351707500] [rviz2_moveit.moveit.ros.robot_interaction]: No active joints or end effectors found for group 'gripper'. Make sure that kinematics.yaml is loaded in this node's namespace.
[rviz2-21] [INFO] [1776901300.362310305] [rviz2_moveit.moveit.ros.motion_planning_frame]: group gripper
[rviz2-21] [INFO] [1776901300.362356523] [rviz2_moveit.moveit.ros.motion_planning_frame]: Constructing new MoveGroup connection for group 'gripper' in namespace ''
[rviz2-21] [INFO] [1776901300.381037777] [interactive_marker_display_107495852587600]: Sending request for interactive markers
[rviz2-21] [INFO] [1776901300.417567219] [interactive_marker_display_107495852587600]: Service response received for initialization
[rviz2-21] [INFO] [1776901300.446669437] [rviz2_moveit.moveit.ros.move_group_interface]: Ready to take commands for planning group gripper.
[rviz2-21] [INFO] [1776901300.447594915] [rviz2_moveit.moveit.ros.motion_planning_frame]: group gripper
[vision_apriltag-9] [INFO] [1776901300.757826281] [vision_apriltag_node]: Vision AprilTag: images are arriving on /wrist_mounted_camera/image, but no AprilTags have been detected yet.
[ros2_control_node-1] [WARN] [1776901300.900630704] [controller_manager]: Overrun might occur, Total time : 2564.254 us (Expected < 1000.000 us) --> Read time : 30.308 us, Update time : 214.751 us, Write time : 2319.195 us
[ros2_control_node-1] [WARN] [1776901300.900720836] [controller_manager]: Overrun detected! The controller manager missed its desired rate of 1000 Hz. The loop took 2.713993 ms (missed cycles : 3).
[wrist_camera_usb_publisher-8] [INFO] [1776901301.012478523] [wrist_camera_usb_publisher_node]: USB camera publisher heartbeat: publishing 1280x720 frames on /wrist_mounted_camera/image; camera_info fx=920.87, fy=921.57, cx=644.76, cy=343.15.
[ros2_control_node-1] [WARN] [1776901301.901959408] [controller_manager]: Overrun might occur, Total time : 2915.827 us (Expected < 1000.000 us) --> Read time : 23.285 us, Update time : 230.239 us, Write time : 2662.303 us
[ros2_control_node-1] [WARN] [1776901301.902027238] [controller_manager]: Overrun detected! The controller manager missed its desired rate of 1000 Hz. The loop took 3.020550 ms (missed cycles : 4).
[vision_apriltag-9] [INFO] [1776901302.402865983] [vision_apriltag_node]: Vision AprilTag detection debug: no tags found after raw/CLAHE/sharp/adaptive/upscaled/tiled passes.
[joint_state_sanitizer-3] [WARN] [1776901302.710156215] [joint_state_sanitizer_node]: [joint_state_sanitizer] Published sanitized joint state: joint_3:+3.142->+3.132
[vision_apriltag-9] [INFO] [1776901302.757501885] [vision_apriltag_node]: Vision AprilTag: images are arriving on /wrist_mounted_camera/image, but no AprilTags have been detected yet.
[ros2_control_node-1] [WARN] [1776901302.903956647] [controller_manager]: Overrun might occur, Total time : 2926.364 us (Expected < 1000.000 us) --> Read time : 39.948 us, Update time : 250.904 us, Write time : 2635.512 us
[ros2_control_node-1] [WARN] [1776901302.904030783] [controller_manager]: Overrun detected! The controller manager missed its desired rate of 1000 Hz. The loop took 3.023598 ms (missed cycles : 4).
[ros2_control_node-1] [WARN] [1776901303.905430835] [controller_manager]: Overrun might occur, Total time : 3394.701 us (Expected < 1000.000 us) --> Read time : 41.964 us, Update time : 231.551 us, Write time : 3121.186 us
[ros2_control_node-1] [WARN] [1776901303.905560166] [controller_manager]: Overrun detected! The controller manager missed its desired rate of 1000 Hz. The loop took 3.551455 ms (missed cycles : 4).
[vision_apriltag-9] [INFO] [1776901304.758298792] [vision_apriltag_node]: Vision AprilTag: images are arriving on /wrist_mounted_camera/image, but no AprilTags have been detected yet.
[ros2_control_node-1] [WARN] [1776901304.908803711] [controller_manager]: Overrun might occur, Total time : 2773.707 us (Expected < 1000.000 us) --> Read time : 49.866 us, Update time : 269.860 us, Write time : 2453.981 us
[ros2_control_node-1] [WARN] [1776901304.908899081] [controller_manager]: Overrun detected! The controller manager missed its desired rate of 1000 Hz. The loop took 2.891889 ms (missed cycles : 3).
[ros2_control_node-1] [WARN] [1776901305.909987314] [controller_manager]: Overrun might occur, Total time : 2958.971 us (Expected < 1000.000 us) --> Read time : 38.098 us, Update time : 275.132 us, Write time : 2645.741 us
[ros2_control_node-1] [WARN] [1776901305.910064613] [controller_manager]: Overrun detected! The controller manager missed its desired rate of 1000 Hz. The loop took 3.058270 ms (missed cycles : 4).
[wrist_camera_usb_publisher-8] [INFO] [1776901306.171700431] [wrist_camera_usb_publisher_node]: USB camera publisher heartbeat: publishing 1280x720 frames on /wrist_mounted_camera/image; camera_info fx=920.87, fy=921.57, cx=644.76, cy=343.15.
[vision_apriltag-9] [INFO] [1776901306.756108615] [vision_apriltag_node]: Vision AprilTag: images are arriving on /wrist_mounted_camera/image, but no AprilTags have been detected yet.
[ros2_control_node-1] [WARN] [1776901306.911523948] [controller_manager]: Overrun might occur, Total time : 2496.347 us (Expected < 1000.000 us) --> Read time : 29.501 us, Update time : 218.921 us, Write time : 2247.925 us
[ros2_control_node-1] [WARN] [1776901306.911609760] [controller_manager]: Overrun detected! The controller manager missed its desired rate of 1000 Hz. The loop took 2.602291 ms (missed cycles : 3).
[adl_ui-15] 127.0.0.1 - - [22/Apr/2026 19:41:47] "GET / HTTP/1.1" 200 -
[vision_apriltag-9] [INFO] [1776901307.490943245] [vision_apriltag_node]: Vision AprilTag detection debug: no tags found after raw/CLAHE/sharp/adaptive/upscaled/tiled passes.
[adl_ui-15] 127.0.0.1 - - [22/Apr/2026 19:41:47] "GET /status_json HTTP/1.1" 200 -
[joint_state_sanitizer-3] [WARN] [1776901307.712490891] [joint_state_sanitizer_node]: [joint_state_sanitizer] Published sanitized joint state: joint_3:+3.142->+3.132
[ros2_control_node-1] [WARN] [1776901307.916022672] [controller_manager]: Overrun might occur, Total time : 6975.463 us (Expected < 1000.000 us) --> Read time : 78.292 us, Update time : 400.631 us, Write time : 6496.540 us
[ros2_control_node-1] [WARN] [1776901307.916103748] [controller_manager]: Overrun detected! The controller manager missed its desired rate of 1000 Hz. The loop took 7.097250 ms (missed cycles : 8).
[adl_ui-15] 127.0.0.1 - - [22/Apr/2026 19:41:48] "GET /status_json HTTP/1.1" 200 -
[adl_ui-15] [INFO] [1776901308.729873528] [adl_ui_node]: UI command published: pick_dropped_bottle
[pick_dropped_bottle-12] [INFO] [1776901308.739826933] [pick_dropped_bottle_node]: Received bottle pick command. Starting task...
[scene_from_vision-10] [INFO] [1776901308.753859400] [scene_from_vision_node]: Scene memory cleared. Removed remembered IDs: []
[adl_ui-15] 127.0.0.1 - - [22/Apr/2026 19:41:48] "POST /command HTTP/1.1" 200 -
[vision_apriltag-9] [INFO] [1776901308.794415641] [vision_apriltag_node]: Vision AprilTag: images are arriving on /wrist_mounted_camera/image, but no AprilTags have been detected yet.
[pick_dropped_bottle-12] [INFO] [1776901308.797805075] [pick_dropped_bottle_node]: Scene memory cleared. Removed remembered IDs: []
[pick_dropped_bottle-12] [INFO] [1776901308.798672917] [pick_dropped_bottle_node]: [Bottle] Pre-task snapshot joints: joint_1=+0.000, joint_2=-0.349, joint_3=+3.132, joint_4=-2.548, joint_5=+0.000, joint_6=-0.873, joint_7=+1.571
[pick_dropped_bottle-12] [INFO] [1776901308.809129655] [pick_dropped_bottle_node]: [Bottle] Pre-task snapshot ee: pos=(0.122, 0.003, 0.328), ori=(0.703, 0.710, 0.023, 0.026)
[pick_dropped_bottle-12] [INFO] [1776901308.811013548] [pick_dropped_bottle_node]: Scene LOCKED.
[scene_from_vision-10] [INFO] [1776901308.815611555] [scene_from_vision_node]: Scene LOCKED - updates paused.
[adl_ui-15] 127.0.0.1 - - [22/Apr/2026 19:41:48] "GET /status_json HTTP/1.1" 200 -
[ros2_control_node-1] [WARN] [1776901308.916932098] [controller_manager]: Overrun might occur, Total time : 2903.688 us (Expected < 1000.000 us) --> Read time : 34.136 us, Update time : 301.505 us, Write time : 2568.047 us
[ros2_control_node-1] [WARN] [1776901308.917010694] [controller_manager]: Overrun detected! The controller manager missed its desired rate of 1000 Hz. The loop took 3.003908 ms (missed cycles : 4).
[pick_dropped_bottle-12] [INFO] [1776901308.969269951] [pick_dropped_bottle_node]: look_at_ground: planning to LOOK_AT_GROUND_JOINTS...
[move_group-20] [ERROR] [1776901308.970197427] [move_group.moveit.moveit.core.conversions]: Found empty JointState message
[INFO] [launch.user]: [arm_start.launch] move_group reported an empty JointState while sanitizer mode is active. Keeping the launch alive, but this still indicates a planning-state problem. move_group output: [ERROR] [1776901308.970197427] [move_group.moveit.moveit.core.conversions]: Found empty JointState message
[pick_dropped_bottle-12] [INFO] [1776901308.974538156] [pick_dropped_bottle_node]: Start state: collision-valid — no collisions (not a joint-bounds check).
[move_group-20] [INFO] [1776901308.976592540] [move_group.moveit.moveit.ros.move_group.move_action]: MoveGroupMoveAction: Received request
[move_group-20] [INFO] [1776901308.977073891] [move_group.moveit.moveit.ros.move_group.move_action]: executing..
[move_group-20] [INFO] [1776901308.981820034] [move_group.moveit.moveit.ros.move_group.move_action]: Combined planning and execution request received for MoveGroup action. Forwarding to planning and execution pipeline.
[move_group-20] [WARN] [1776901308.981971280] [move_group.moveit.moveit.ros.move_group.capability]: Execution of motions should always start at the robot's current state. Ignoring the state supplied as start state in the motion planning request
[move_group-20] [WARN] [1776901308.982003186] [move_group.moveit.moveit.ros.move_group.capability]: Execution of motions should always start at the robot's current state. Ignoring the state supplied as difference in the planning scene diff
[move_group-20] [INFO] [1776901308.982023811] [move_group.moveit.moveit.ros.plan_execution]: Planning attempt 1 of at most 1
[move_group-20] [INFO] [1776901308.982586053] [move_group]: Calling PlanningRequestAdapter 'ResolveConstraintFrames'
[move_group-20] [INFO] [1776901308.982650587] [move_group]: Calling PlanningRequestAdapter 'ValidateWorkspaceBounds'
[move_group-20] [INFO] [1776901308.982672198] [move_group]: Calling PlanningRequestAdapter 'CheckStartStateBounds'
[move_group-20] [INFO] [1776901308.982740801] [move_group]: Calling PlanningRequestAdapter 'CheckStartStateCollision'
[move_group-20] [INFO] [1776901308.983871740] [move_group.moveit.moveit.planners.ompl.model_based_planning_context]: Planner configuration 'manipulator' will use planner 'geometric::RRTConnect'. Additional configuration parameters will be set when the planner is constructed.
[move_group-20] [INFO] [1776901308.985550258] [move_group]: Calling Planner 'OMPL'
[move_group-20] [INFO] [1776901309.176522890] [move_group]: Calling PlanningResponseAdapter 'AddTimeOptimalParameterization'
[move_group-20] [INFO] [1776901309.181852934] [move_group]: Calling PlanningResponseAdapter 'ValidateSolution'
[move_group-20] [INFO] [1776901309.183614770] [move_group]: Calling PlanningResponseAdapter 'DisplayMotionPath'
[move_group-20] [WARN] [1776901309.183858156] [move_group.moveit.moveit.ros.planning_pipeline]: The planner plugin did not fill out the 'planner_id' field of the MotionPlanResponse. Setting it to the planner ID name of the MotionPlanRequest assuming that the planner plugin does warn you if it does not use the requested planner.
[move_group-20] [INFO] [1776901309.184312202] [move_group.moveit.moveit.plugins.simple_controller_manager]: Returned 2 controllers in list
[move_group-20] [INFO] [1776901309.184349039] [move_group.moveit.moveit.plugins.simple_controller_manager]: Returned 2 controllers in list
[move_group-20] [INFO] [1776901309.184444630] [move_group.moveit.moveit.ros.trajectory_execution_manager]: Validating trajectory with allowed_start_tolerance 0.01
[move_group-20] [INFO] [1776901309.202208460] [move_group.moveit.moveit.ros.trajectory_execution_manager]: Starting trajectory execution ...
[move_group-20] [INFO] [1776901309.202547128] [move_group.moveit.moveit.plugins.simple_controller_manager]: Returned 2 controllers in list
[move_group-20] [INFO] [1776901309.202593094] [move_group.moveit.moveit.plugins.simple_controller_manager]: Returned 2 controllers in list
[move_group-20] [INFO] [1776901309.202852256] [moveit.simple_controller_manager.follow_joint_trajectory_controller_handle]: sending trajectory to joint_trajectory_controller
[ros2_control_node-1] [INFO] [1776901309.204752559] [joint_trajectory_controller]: Received new action goal
[ros2_control_node-1] [INFO] [1776901309.204881408] [joint_trajectory_controller]: Accepted new action goal
[move_group-20] [INFO] [1776901309.206707448] [moveit.simple_controller_manager.follow_joint_trajectory_controller_handle]: joint_trajectory_controller started execution
[move_group-20] [INFO] [1776901309.206772424] [moveit.simple_controller_manager.follow_joint_trajectory_controller_handle]: Goal request accepted!
[adl_ui-15] 127.0.0.1 - - [22/Apr/2026 19:41:49] "GET /status_json HTTP/1.1" 200 -
[ros2_control_node-1] [WARN] [1776901309.919532201] [controller_manager]: Overrun might occur, Total time : 2511.037 us (Expected < 1000.000 us) --> Read time : 24.534 us, Update time : 273.054 us, Write time : 2213.449 us
[ros2_control_node-1] [WARN] [1776901309.919593408] [controller_manager]: Overrun detected! The controller manager missed its desired rate of 1000 Hz. The loop took 2.587007 ms (missed cycles : 3).
[adl_ui-15] 127.0.0.1 - - [22/Apr/2026 19:41:50] "GET /status_json HTTP/1.1" 200 -
[vision_apriltag-9] [INFO] [1776901310.755721407] [vision_apriltag_node]: Vision AprilTag: scene is locked; detection publishing is paused.
[ros2_control_node-1] [WARN] [1776901310.920744453] [controller_manager]: Overrun might occur, Total time : 2686.661 us (Expected < 1000.000 us) --> Read time : 37.927 us, Update time : 342.299 us, Write time : 2306.435 us
[ros2_control_node-1] [WARN] [1776901310.920819246] [controller_manager]: Overrun detected! The controller manager missed its desired rate of 1000 Hz. The loop took 2.812642 ms (missed cycles : 3).
[adl_ui-15] 127.0.0.1 - - [22/Apr/2026 19:41:51] "GET /status_json HTTP/1.1" 200 -
[wrist_camera_usb_publisher-8] [INFO] [1776901311.332838819] [wrist_camera_usb_publisher_node]: USB camera publisher heartbeat: publishing 1280x720 frames on /wrist_mounted_camera/image; camera_info fx=920.87, fy=921.57, cx=644.76, cy=343.15.
[adl_ui-15] 127.0.0.1 - - [22/Apr/2026 19:41:51] "GET /status_json HTTP/1.1" 200 -
[ros2_control_node-1] [WARN] [1776901311.922876824] [controller_manager]: Overrun might occur, Total time : 2821.861 us (Expected < 1000.000 us) --> Read time : 28.768 us, Update time : 269.818 us, Write time : 2523.275 us
[ros2_control_node-1] [WARN] [1776901311.922943100] [controller_manager]: Overrun detected! The controller manager missed its desired rate of 1000 Hz. The loop took 2.936531 ms (missed cycles : 3).
[adl_ui-15] 127.0.0.1 - - [22/Apr/2026 19:41:52] "GET /status_json HTTP/1.1" 200 -
[vision_apriltag-9] [INFO] [1776901312.755772470] [vision_apriltag_node]: Vision AprilTag: scene is locked; detection publishing is paused.
[ros2_control_node-1] [WARN] [1776901312.925457766] [controller_manager]: Overrun might occur, Total time : 2434.773 us (Expected < 1000.000 us) --> Read time : 35.562 us, Update time : 263.278 us, Write time : 2135.933 us
[ros2_control_node-1] [WARN] [1776901312.925512075] [controller_manager]: Overrun detected! The controller manager missed its desired rate of 1000 Hz. The loop took 2.506187 ms (missed cycles : 3).
[adl_ui-15] 127.0.0.1 - - [22/Apr/2026 19:41:53] "GET /status_json HTTP/1.1" 200 -
[ros2_control_node-1] [INFO] [1776901313.718232406] [joint_trajectory_controller]: Goal reached, success!
[move_group-20] [INFO] [1776901313.807902632] [moveit.simple_controller_manager.follow_joint_trajectory_controller_handle]: Controller 'joint_trajectory_controller' successfully finished
[move_group-20] [INFO] [1776901313.862977821] [move_group.moveit.moveit.ros.trajectory_execution_manager]: Completed trajectory execution with status SUCCEEDED ...
[move_group-20] [INFO] [1776901313.872293297] [move_group.moveit.moveit.ros.move_group.move_action]: Solution was found and executed.
[ros2_control_node-1] [WARN] [1776901313.928529682] [controller_manager]: Overrun might occur, Total time : 2459.569 us (Expected < 1000.000 us) --> Read time : 48.150 us, Update time : 216.252 us, Write time : 2195.167 us
[ros2_control_node-1] [WARN] [1776901313.928611486] [controller_manager]: Overrun detected! The controller manager missed its desired rate of 1000 Hz. The loop took 2.605247 ms (missed cycles : 3).
[pick_dropped_bottle-12] [INFO] [1776901313.977681698] [pick_dropped_bottle_node]: Scene UNLOCKED.
[scene_from_vision-10] [INFO] [1776901313.978849649] [scene_from_vision_node]: Scene UNLOCKED - updates resuming.
[adl_ui-15] 127.0.0.1 - - [22/Apr/2026 19:41:54] "GET /status_json HTTP/1.1" 200 -
[pick_dropped_bottle-12] [INFO] [1776901314.128309412] [pick_dropped_bottle_node]: Vision ENABLED.
[pick_dropped_bottle-12] [WARN] [1776901314.139653686] [pick_dropped_bottle_node]: Scene memory pose for tag ID 0 unavailable. Response: Tag ID 0 is not in scene memory.. Falling back to live vision.
[vision_apriltag-9] [INFO] [1776901314.200368016] [vision_apriltag_node]: Vision AprilTag detection debug: 0:cv2.solvePnP_ippe_square:clahe_sharp@(761,574)
[vision_apriltag-9] [INFO] [1776901314.204688501] [vision_apriltag_node]: Vision AprilTag visible IDs: [0]
[vision_apriltag-9] [INFO] [1776901314.245207646] [vision_apriltag_node]: Service: Tag 0 found and base-frame pose returned.
[pick_dropped_bottle-12] [INFO] [1776901314.258053604] [pick_dropped_bottle_node]: [Bottle] Detected pose for tag 0: pos=(0.299, -0.073, -0.519), ori=(0.082, 0.079, -0.078, 0.990)
[pick_dropped_bottle-12] [INFO] [1776901314.258807484] [pick_dropped_bottle_node]: [Bottle] Detected bottle at baseline scan pose.
[pick_dropped_bottle-12] [INFO] [1776901314.259649021] [pick_dropped_bottle_node]: Scene LOCKED.
[scene_from_vision-10] [INFO] [1776901314.262400073] [scene_from_vision_node]: Scene LOCKED - updates paused.
[pick_dropped_bottle-12] [INFO] [1776901314.410933849] [pick_dropped_bottle_node]: [Bottle] Grasp pose: pos=(0.317, -0.094, 0.025), ori=(0.997, -0.072, 0.000, 0.000)
[pick_dropped_bottle-12] [INFO] [1776901314.411481969] [pick_dropped_bottle_node]: [Bottle] Approach pose: pos=(0.317, -0.094, 0.075), ori=(0.997, -0.072, 0.000, 0.000)
[pick_dropped_bottle-12] [INFO] [1776901314.412012313] [pick_dropped_bottle_node]: [Bottle] Destination pose: pos=(0.476, -0.075, 0.221), ori=(0.707, 0.000, 0.000, 0.707)
[pick_dropped_bottle-12] [INFO] [1776901314.412854522] [pick_dropped_bottle_node]: [Bottle] Floor grasp descend trim: grasp_z 0.025->0.025, approach_z 0.075->0.075, extra_descend=0.020.
[pick_dropped_bottle-12] [INFO] [1776901314.413589396] [pick_dropped_bottle_node]: open_gripper(): opening gripper fully...
[ros2_control_node-1] [INFO] [1776901314.414321838] [robotiq_gripper_controller]: Received & accepted new action goal
[pick_dropped_bottle-12] [INFO] [1776901314.469231890] [pick_dropped_bottle_node]: Gripper reached position=0.004 stalled=False reached_goal=True
[pick_dropped_bottle-12] [INFO] [1776901314.470363461] [pick_dropped_bottle_node]: [Bottle] Stage 1: approach (top)
[pick_dropped_bottle-12] [INFO] [1776901314.471457833] [pick_dropped_bottle_node]: go_to_pose: planning to pose at 0.317,-0.094, 0.075
[move_group-20] [ERROR] [1776901314.473243109] [move_group.moveit.moveit.core.conversions]: Found empty JointState message
[pick_dropped_bottle-12] [INFO] [1776901314.475819749] [pick_dropped_bottle_node]: Start state: collision-valid — no collisions (not a joint-bounds check).
[move_group-20] [INFO] [1776901314.477172376] [move_group.moveit.moveit.ros.move_group.move_action]: MoveGroupMoveAction: Received request
[move_group-20] [INFO] [1776901314.477468366] [move_group.moveit.moveit.ros.move_group.move_action]: executing..
[move_group-20] [INFO] [1776901314.480860722] [move_group.moveit.moveit.ros.move_group.move_action]: Combined planning and execution request received for MoveGroup action. Forwarding to planning and execution pipeline.
[move_group-20] [WARN] [1776901314.480920460] [move_group.moveit.moveit.ros.move_group.capability]: Execution of motions should always start at the robot's current state. Ignoring the state supplied as start state in the motion planning request
[move_group-20] [WARN] [1776901314.480943323] [move_group.moveit.moveit.ros.move_group.capability]: Execution of motions should always start at the robot's current state. Ignoring the state supplied as difference in the planning scene diff
[move_group-20] [INFO] [1776901314.480956151] [move_group.moveit.moveit.ros.plan_execution]: Planning attempt 1 of at most 1
[move_group-20] [INFO] [1776901314.481265764] [move_group]: Calling PlanningRequestAdapter 'ResolveConstraintFrames'
[move_group-20] [INFO] [1776901314.481314359] [move_group]: Calling PlanningRequestAdapter 'ValidateWorkspaceBounds'
[move_group-20] [INFO] [1776901314.481335268] [move_group]: Calling PlanningRequestAdapter 'CheckStartStateBounds'
[move_group-20] [INFO] [1776901314.481365325] [move_group]: Calling PlanningRequestAdapter 'CheckStartStateCollision'
[move_group-20] [INFO] [1776901314.481823513] [move_group.moveit.moveit.planners.ompl.model_based_planning_context]: Planner configuration 'manipulator' will use planner 'geometric::RRTConnect'. Additional configuration parameters will be set when the planner is constructed.
[move_group-20] [INFO] [1776901314.481910360] [move_group]: Calling Planner 'OMPL'
[move_group-20] [INFO] [1776901314.600488736] [move_group]: Calling PlanningResponseAdapter 'AddTimeOptimalParameterization'
[move_group-20] [INFO] [1776901314.614996608] [move_group]: Calling PlanningResponseAdapter 'ValidateSolution'
[move_group-20] [INFO] [1776901314.617931816] [move_group]: Calling PlanningResponseAdapter 'DisplayMotionPath'
[move_group-20] [WARN] [1776901314.618241213] [move_group.moveit.moveit.ros.planning_pipeline]: The planner plugin did not fill out the 'planner_id' field of the MotionPlanResponse. Setting it to the planner ID name of the MotionPlanRequest assuming that the planner plugin does warn you if it does not use the requested planner.
[move_group-20] [INFO] [1776901314.618624018] [move_group.moveit.moveit.plugins.simple_controller_manager]: Returned 2 controllers in list
[move_group-20] [INFO] [1776901314.618654955] [move_group.moveit.moveit.plugins.simple_controller_manager]: Returned 2 controllers in list
[move_group-20] [INFO] [1776901314.618765996] [move_group.moveit.moveit.ros.trajectory_execution_manager]: Validating trajectory with allowed_start_tolerance 0.01
[move_group-20] [INFO] [1776901314.622340042] [move_group.moveit.moveit.ros.trajectory_execution_manager]: Starting trajectory execution ...
[move_group-20] [INFO] [1776901314.622432002] [move_group.moveit.moveit.plugins.simple_controller_manager]: Returned 2 controllers in list
[move_group-20] [INFO] [1776901314.622467416] [move_group.moveit.moveit.plugins.simple_controller_manager]: Returned 2 controllers in list
[move_group-20] [INFO] [1776901314.622706957] [moveit.simple_controller_manager.follow_joint_trajectory_controller_handle]: sending trajectory to joint_trajectory_controller
[ros2_control_node-1] [INFO] [1776901314.623291526] [joint_trajectory_controller]: Received new action goal
[ros2_control_node-1] [INFO] [1776901314.623393206] [joint_trajectory_controller]: Accepted new action goal
[move_group-20] [INFO] [1776901314.624659461] [moveit.simple_controller_manager.follow_joint_trajectory_controller_handle]: joint_trajectory_controller started execution
[move_group-20] [INFO] [1776901314.624681379] [moveit.simple_controller_manager.follow_joint_trajectory_controller_handle]: Goal request accepted!
[vision_apriltag-9] [INFO] [1776901314.756656490] [vision_apriltag_node]: Vision AprilTag: scene is locked; detection publishing is paused.
[adl_ui-15] 127.0.0.1 - - [22/Apr/2026 19:41:54] "GET /status_json HTTP/1.1" 200 -
[ros2_control_node-1] [WARN] [1776901314.931419900] [controller_manager]: Overrun might occur, Total time : 3372.101 us (Expected < 1000.000 us) --> Read time : 74.832 us, Update time : 391.280 us, Write time : 2905.989 us
[ros2_control_node-1] [WARN] [1776901314.931488155] [controller_manager]: Overrun detected! The controller manager missed its desired rate of 1000 Hz. The loop took 3.481637 ms (missed cycles : 4).
[joint_state_sanitizer-3] [WARN] [1776901315.019813122] [joint_state_sanitizer_node]: [joint_state_sanitizer] Published sanitized joint state: joint_3:+3.134->+3.132
[adl_ui-15] 127.0.0.1 - - [22/Apr/2026 19:41:55] "GET /status_json HTTP/1.1" 200 -
[ros2_control_node-1] [WARN] [1776901315.934506177] [controller_manager]: Overrun might occur, Total time : 2456.380 us (Expected < 1000.000 us) --> Read time : 32.502 us, Update time : 265.017 us, Write time : 2158.861 us
[ros2_control_node-1] [WARN] [1776901315.934571336] [controller_manager]: Overrun detected! The controller manager missed its desired rate of 1000 Hz. The loop took 2.564597 ms (missed cycles : 3).
[adl_ui-15] 127.0.0.1 - - [22/Apr/2026 19:41:56] "GET /status_json HTTP/1.1" 200 -
[wrist_camera_usb_publisher-8] [INFO] [1776901316.493456070] [wrist_camera_usb_publisher_node]: USB camera publisher heartbeat: publishing 1280x720 frames on /wrist_mounted_camera/image; camera_info fx=920.87, fy=921.57, cx=644.76, cy=343.15.
[vision_apriltag-9] [INFO] [1776901316.755822131] [vision_apriltag_node]: Vision AprilTag: scene is locked; detection publishing is paused.
[ros2_control_node-1] [WARN] [1776901316.935653689] [controller_manager]: Overrun might occur, Total time : 2594.561 us (Expected < 1000.000 us) --> Read time : 37.628 us, Update time : 261.631 us, Write time : 2295.302 us
[ros2_control_node-1] [WARN] [1776901316.935718536] [controller_manager]: Overrun detected! The controller manager missed its desired rate of 1000 Hz. The loop took 2.712229 ms (missed cycles : 3).
[adl_ui-15] 127.0.0.1 - - [22/Apr/2026 19:41:57] "GET /status_json HTTP/1.1" 200 -
[adl_ui-15] 127.0.0.1 - - [22/Apr/2026 19:41:57] "GET /status_json HTTP/1.1" 200 -
[ros2_control_node-1] [WARN] [1776901317.935801659] [controller_manager]: Overrun might occur, Total time : 2779.267 us (Expected < 1000.000 us) --> Read time : 19.267 us, Update time : 181.181 us, Write time : 2578.819 us
[ros2_control_node-1] [WARN] [1776901317.935903631] [controller_manager]: Overrun detected! The controller manager missed its desired rate of 1000 Hz. The loop took 2.897081 ms (missed cycles : 3).
[adl_ui-15] 127.0.0.1 - - [22/Apr/2026 19:41:58] "GET /status_json HTTP/1.1" 200 -
[vision_apriltag-9] [INFO] [1776901318.756490685] [vision_apriltag_node]: Vision AprilTag: scene is locked; detection publishing is paused.
[ros2_control_node-1] [WARN] [1776901318.937602258] [controller_manager]: Overrun might occur, Total time : 2578.146 us (Expected < 1000.000 us) --> Read time : 53.434 us, Update time : 258.416 us, Write time : 2266.296 us
[ros2_control_node-1] [WARN] [1776901318.937666059] [controller_manager]: Overrun detected! The controller manager missed its desired rate of 1000 Hz. The loop took 2.659799 ms (missed cycles : 3).
[adl_ui-15] 127.0.0.1 - - [22/Apr/2026 19:41:59] "GET /status_json HTTP/1.1" 200 -
[ros2_control_node-1] [WARN] [1776901319.941228065] [controller_manager]: Overrun might occur, Total time : 3190.420 us (Expected < 1000.000 us) --> Read time : 80.802 us, Update time : 446.126 us, Write time : 2663.492 us
[ros2_control_node-1] [WARN] [1776901319.941316255] [controller_manager]: Overrun detected! The controller manager missed its desired rate of 1000 Hz. The loop took 3.309261 ms (missed cycles : 4).
[adl_ui-15] 127.0.0.1 - - [22/Apr/2026 19:42:00] "GET /status_json HTTP/1.1" 200 -
[vision_apriltag-9] [INFO] [1776901320.755899085] [vision_apriltag_node]: Vision AprilTag: scene is locked; detection publishing is paused.
[adl_ui-15] 127.0.0.1 - - [22/Apr/2026 19:42:00] "GET /status_json HTTP/1.1" 200 -
[ros2_control_node-1] [WARN] [1776901320.942816851] [controller_manager]: Overrun might occur, Total time : 2785.533 us (Expected < 1000.000 us) --> Read time : 32.317 us, Update time : 201.579 us, Write time : 2551.637 us
[ros2_control_node-1] [WARN] [1776901320.942919204] [controller_manager]: Overrun detected! The controller manager missed its desired rate of 1000 Hz. The loop took 2.912575 ms (missed cycles : 3).
[adl_ui-15] 127.0.0.1 - - [22/Apr/2026 19:42:01] "GET /status_json HTTP/1.1" 200 -
[wrist_camera_usb_publisher-8] [INFO] [1776901321.653233320] [wrist_camera_usb_publisher_node]: USB camera publisher heartbeat: publishing 1280x720 frames on /wrist_mounted_camera/image; camera_info fx=920.87, fy=921.57, cx=644.76, cy=343.15.
[ros2_control_node-1] [WARN] [1776901321.946451494] [controller_manager]: Overrun might occur, Total time : 5417.531 us (Expected < 1000.000 us) --> Read time : 45.676 us, Update time : 285.267 us, Write time : 5086.588 us
[ros2_control_node-1] [WARN] [1776901321.946526126] [controller_manager]: Overrun detected! The controller manager missed its desired rate of 1000 Hz. The loop took 5.519370 ms (missed cycles : 6).
[adl_ui-15] 127.0.0.1 - - [22/Apr/2026 19:42:02] "GET /status_json HTTP/1.1" 200 -
[vision_apriltag-9] [INFO] [1776901322.755931296] [vision_apriltag_node]: Vision AprilTag: scene is locked; detection publishing is paused.
[ros2_control_node-1] [WARN] [1776901322.948720298] [controller_manager]: Overrun might occur, Total time : 2670.434 us (Expected < 1000.000 us) --> Read time : 26.567 us, Update time : 205.872 us, Write time : 2437.995 us
[ros2_control_node-1] [WARN] [1776901322.948796200] [controller_manager]: Overrun detected! The controller manager missed its desired rate of 1000 Hz. The loop took 2.789866 ms (missed cycles : 3).
[adl_ui-15] 127.0.0.1 - - [22/Apr/2026 19:42:03] "GET /status_json HTTP/1.1" 200 -
[ros2_control_node-1] [WARN] [1776901323.951111657] [controller_manager]: Overrun might occur, Total time : 3088.750 us (Expected < 1000.000 us) --> Read time : 23.789 us, Update time : 269.586 us, Write time : 2795.375 us
[ros2_control_node-1] [WARN] [1776901323.951169607] [controller_manager]: Overrun detected! The controller manager missed its desired rate of 1000 Hz. The loop took 3.163588 ms (missed cycles : 4).
[adl_ui-15] 127.0.0.1 - - [22/Apr/2026 19:42:03] "GET /status_json HTTP/1.1" 200 -
[adl_ui-15] 127.0.0.1 - - [22/Apr/2026 19:42:04] "GET /status_json HTTP/1.1" 200 -
[vision_apriltag-9] [INFO] [1776901324.756172217] [vision_apriltag_node]: Vision AprilTag: scene is locked; detection publishing is paused.
[ros2_control_node-1] [INFO] [1776901324.823175364] [joint_trajectory_controller]: Goal reached, success!
[move_group-20] [INFO] [1776901324.824240370] [moveit.simple_controller_manager.follow_joint_trajectory_controller_handle]: Controller 'joint_trajectory_controller' successfully finished
[move_group-20] [INFO] [1776901324.881025254] [move_group.moveit.moveit.ros.trajectory_execution_manager]: Completed trajectory execution with status SUCCEEDED ...
[move_group-20] [INFO] [1776901324.882592288] [move_group.moveit.moveit.ros.move_group.move_action]: Solution was found and executed.
[ros2_control_node-1] [WARN] [1776901324.952391132] [controller_manager]: Overrun might occur, Total time : 2333.773 us (Expected < 1000.000 us) --> Read time : 30.380 us, Update time : 230.257 us, Write time : 2073.136 us
[ros2_control_node-1] [WARN] [1776901324.952462466] [controller_manager]: Overrun detected! The controller manager missed its desired rate of 1000 Hz. The loop took 2.455822 ms (missed cycles : 3).
[move_group-20] [WARN] [1776901325.094004745] [move_group.moveit.moveit.core.planning_scene]: Tried to remove world object 'obj_0', but it does not exist in this scene.
[pick_dropped_bottle-12] [INFO] [1776901325.095813827] [pick_dropped_bottle_node]: Removed collision object obj_0 from planning scene.
[adl_ui-15] 127.0.0.1 - - [22/Apr/2026 19:42:05] "GET /status_json HTTP/1.1" 200 -
[pick_dropped_bottle-12] [INFO] [1776901325.850426148] [pick_dropped_bottle_node]: [Bottle] Stage 2 grasp target: pos=(0.317, -0.094, 0.025), ori=(0.997, -0.072, 0.000, 0.000)
[pick_dropped_bottle-12] [WARN] [1776901325.853618090] [pick_dropped_bottle_node]: [Bottle] Stage 2 short-motion grasp: live orientation error (2.518 rad) exceeds the short-motion limit (0.250 rad).
[pick_dropped_bottle-12] [WARN] [1776901325.854376873] [pick_dropped_bottle_node]: [Bottle] Stage 2 short-motion servo grasp did not complete cleanly. Falling back to MoveIt Cartesian planning.
[move_group-20] [INFO] [1776901325.855024360] [move_group.moveit.moveit.ros.move_group.cartesian_path_service_capability]: Received request to compute Cartesian path
[move_group-20] [INFO] [1776901325.855133711] [move_group.moveit.moveit.ros.move_group.cartesian_path_service_capability]: Attempting to follow 1 waypoints for link 'end_effector_link' using a step of 0.010000 m and jump threshold 0.000000 (in global reference frame)
[move_group-20] [INFO] [1776901325.880058035] [move_group.moveit.moveit.ros.move_group.cartesian_path_service_capability]: Computed Cartesian path with 73 points (followed 100.000000% of requested trajectory)
[pick_dropped_bottle-12] [INFO] [1776901325.885854991] [pick_dropped_bottle_node]: Cartesian path computed with 100.0% success.
[move_group-20] [INFO] [1776901325.894596690] [move_group.moveit.moveit.ros.move_group.clear_octomap_service]: Execution request received
[move_group-20] [INFO] [1776901325.894683234] [move_group.moveit.moveit.plugins.simple_controller_manager]: Returned 2 controllers in list
[move_group-20] [INFO] [1776901325.894716222] [move_group.moveit.moveit.plugins.simple_controller_manager]: Returned 2 controllers in list
[move_group-20] [INFO] [1776901325.894904551] [move_group.moveit.moveit.ros.trajectory_execution_manager]: Validating trajectory with allowed_start_tolerance 0.01
[move_group-20] [INFO] [1776901325.901033368] [move_group.moveit.moveit.ros.trajectory_execution_manager]: Starting trajectory execution ...
[move_group-20] [INFO] [1776901325.901103791] [move_group.moveit.moveit.plugins.simple_controller_manager]: Returned 2 controllers in list
[move_group-20] [INFO] [1776901325.901143004] [move_group.moveit.moveit.plugins.simple_controller_manager]: Returned 2 controllers in list
[move_group-20] [INFO] [1776901325.901380597] [moveit.simple_controller_manager.follow_joint_trajectory_controller_handle]: sending trajectory to joint_trajectory_controller
[ros2_control_node-1] [INFO] [1776901325.901772892] [joint_trajectory_controller]: Received new action goal
[ros2_control_node-1] [INFO] [1776901325.901842181] [joint_trajectory_controller]: Accepted new action goal
[move_group-20] [INFO] [1776901325.902036957] [moveit.simple_controller_manager.follow_joint_trajectory_controller_handle]: joint_trajectory_controller started execution
[move_group-20] [INFO] [1776901325.902049155] [moveit.simple_controller_manager.follow_joint_trajectory_controller_handle]: Goal request accepted!
[ros2_control_node-1] [WARN] [1776901325.954745422] [controller_manager]: Overrun might occur, Total time : 2687.282 us (Expected < 1000.000 us) --> Read time : 28.331 us, Update time : 207.104 us, Write time : 2451.847 us
[ros2_control_node-1] [WARN] [1776901325.954881356] [controller_manager]: Overrun detected! The controller manager missed its desired rate of 1000 Hz. The loop took 2.873162 ms (missed cycles : 3).
[adl_ui-15] 127.0.0.1 - - [22/Apr/2026 19:42:06] "GET /status_json HTTP/1.1" 200 -
[vision_apriltag-9] [INFO] [1776901326.756608294] [vision_apriltag_node]: Vision AprilTag: scene is locked; detection publishing is paused.
[wrist_camera_usb_publisher-8] [INFO] [1776901326.814729211] [wrist_camera_usb_publisher_node]: USB camera publisher heartbeat: publishing 1280x720 frames on /wrist_mounted_camera/image; camera_info fx=920.87, fy=921.57, cx=644.76, cy=343.15.
[adl_ui-15] 127.0.0.1 - - [22/Apr/2026 19:42:06] "GET /status_json HTTP/1.1" 200 -
[ros2_control_node-1] [WARN] [1776901326.956218548] [controller_manager]: Overrun might occur, Total time : 3183.379 us (Expected < 1000.000 us) --> Read time : 46.860 us, Update time : 302.209 us, Write time : 2834.310 us
[ros2_control_node-1] [WARN] [1776901326.956275474] [controller_manager]: Overrun detected! The controller manager missed its desired rate of 1000 Hz. The loop took 3.269134 ms (missed cycles : 4).
[adl_ui-15] 127.0.0.1 - - [22/Apr/2026 19:42:07] "GET /status_json HTTP/1.1" 200 -
[ros2_control_node-1] [WARN] [1776901327.956224220] [controller_manager]: Overrun might occur, Total time : 4195.863 us (Expected < 1000.000 us) --> Read time : 65.006 us, Update time : 342.698 us, Write time : 3788.159 us
[ros2_control_node-1] [WARN] [1776901327.956300193] [controller_manager]: Overrun detected! The controller manager missed its desired rate of 1000 Hz. The loop took 4.293340 ms (missed cycles : 5).
[adl_ui-15] 127.0.0.1 - - [22/Apr/2026 19:42:08] "GET /status_json HTTP/1.1" 200 -
[vision_apriltag-9] [INFO] [1776901328.755881480] [vision_apriltag_node]: Vision AprilTag: scene is locked; detection publishing is paused.
[ros2_control_node-1] [WARN] [1776901328.958626867] [controller_manager]: Overrun might occur, Total time : 2585.196 us (Expected < 1000.000 us) --> Read time : 25.288 us, Update time : 256.417 us, Write time : 2303.491 us
[ros2_control_node-1] [WARN] [1776901328.958675487] [controller_manager]: Overrun detected! The controller manager missed its desired rate of 1000 Hz. The loop took 2.669688 ms (missed cycles : 3).
[adl_ui-15] 127.0.0.1 - - [22/Apr/2026 19:42:09] "GET /status_json HTTP/1.1" 200 -
[adl_ui-15] 127.0.0.1 - - [22/Apr/2026 19:42:09] "GET /status_json HTTP/1.1" 200 -
[ros2_control_node-1] [WARN] [1776901329.958786720] [controller_manager]: Overrun might occur, Total time : 2731.726 us (Expected < 1000.000 us) --> Read time : 87.274 us, Update time : 520.232 us, Write time : 2124.220 us
[ros2_control_node-1] [WARN] [1776901329.958848512] [controller_manager]: Overrun detected! The controller manager missed its desired rate of 1000 Hz. The loop took 2.842701 ms (missed cycles : 3).
[adl_ui-15] 127.0.0.1 - - [22/Apr/2026 19:42:10] "GET /status_json HTTP/1.1" 200 -
[vision_apriltag-9] [INFO] [1776901330.755899834] [vision_apriltag_node]: Vision AprilTag: scene is locked; detection publishing is paused.
[ros2_control_node-1] [WARN] [1776901330.959777082] [controller_manager]: Overrun might occur, Total time : 2736.478 us (Expected < 1000.000 us) --> Read time : 24.895 us, Update time : 185.377 us, Write time : 2526.206 us
[ros2_control_node-1] [WARN] [1776901330.959833476] [controller_manager]: Overrun detected! The controller manager missed its desired rate of 1000 Hz. The loop took 2.827626 ms (missed cycles : 3).
[adl_ui-15] 127.0.0.1 - - [22/Apr/2026 19:42:11] "GET /status_json HTTP/1.1" 200 -
[ros2_control_node-1] [INFO] [1776901331.617232827] [joint_trajectory_controller]: Goal reached, success!
[move_group-20] [INFO] [1776901331.702918090] [moveit.simple_controller_manager.follow_joint_trajectory_controller_handle]: Controller 'joint_trajectory_controller' successfully finished
[move_group-20] [INFO] [1776901331.760891711] [move_group.moveit.moveit.ros.trajectory_execution_manager]: Completed trajectory execution with status SUCCEEDED ...
[move_group-20] [INFO] [1776901331.761014346] [move_group.moveit.moveit.ros.move_group.clear_octomap_service]: Execution completed: SUCCEEDED
[pick_dropped_bottle-12] [INFO] [1776901331.866006149] [pick_dropped_bottle_node]: [Bottle] Stage 3: closing gripper.
[pick_dropped_bottle-12] [INFO] [1776901331.866783282] [pick_dropped_bottle_node]: close_gripper(): closing gripper to width=0.235rad, force=10.0N
[ros2_control_node-1] [INFO] [1776901331.867532781] [robotiq_gripper_controller]: Received & accepted new action goal
[ros2_control_node-1] [WARN] [1776901331.962686777] [controller_manager]: Overrun might occur, Total time : 2659.117 us (Expected < 1000.000 us) --> Read time : 34.450 us, Update time : 278.259 us, Write time : 2346.408 us
[ros2_control_node-1] [WARN] [1776901331.962749027] [controller_manager]: Overrun detected! The controller manager missed its desired rate of 1000 Hz. The loop took 2.742410 ms (missed cycles : 3).
[wrist_camera_usb_publisher-8] [INFO] [1776901331.977375999] [wrist_camera_usb_publisher_node]: USB camera publisher heartbeat: publishing 1280x720 frames on /wrist_mounted_camera/image; camera_info fx=920.87, fy=921.57, cx=644.76, cy=343.15.
[pick_dropped_bottle-12] [INFO] [1776901332.125168030] [pick_dropped_bottle_node]: Gripper reached position=0.227 stalled=False reached_goal=True
[pick_dropped_bottle-12] [INFO] [1776901332.130575772] [pick_dropped_bottle_node]: Attached object obj_0 to end_effector_link with geometry for tag ID 0.
[adl_ui-15] 127.0.0.1 - - [22/Apr/2026 19:42:12] "GET /status_json HTTP/1.1" 200 -
[pick_dropped_bottle-12] [INFO] [1776901332.631532924] [pick_dropped_bottle_node]: Marked ID 0 as PICKED/REMOVED.
[scene_from_vision-10] [INFO] [1776901332.632772304] [scene_from_vision_node]: Marked tag ID 0 as picked.
[pick_dropped_bottle-12] [INFO] [1776901332.632935954] [pick_dropped_bottle_node]: [Bottle] Stage 4: lifting bottle.
[move_group-20] [WARN] [1776901332.633693538] [move_group.moveit.moveit.core.planning_scene]: Tried to remove world object 'obj_0', but it does not exist in this scene.
[move_group-20] [WARN] [1776901332.633735404] [move_group.moveit.moveit.core.planning_scene]: Tried to remove world object 'placed_0', but it does not exist in this scene.
[pick_dropped_bottle-12] [INFO] [1776901332.633905611] [pick_dropped_bottle_node]: [Bottle] Stage 4 lift target: pos=(0.317, -0.094, 0.175), ori=(0.997, -0.072, 0.000, 0.000)
[move_group-20] [WARN] [1776901332.634221649] [move_group.moveit.moveit.core.planning_scene]: Tried to remove world object 'obj_0', but it does not exist in this scene.
[move_group-20] [WARN] [1776901332.634258417] [move_group.moveit.moveit.core.planning_scene]: Tried to remove world object 'placed_0', but it does not exist in this scene.
[rviz2-21] [WARN] [1776901332.634334413] [rviz2_moveit.moveit.core.planning_scene]: Tried to remove world object 'obj_0', but it does not exist in this scene.
[rviz2-21] [WARN] [1776901332.634398756] [rviz2_moveit.moveit.core.planning_scene]: Tried to remove world object 'placed_0', but it does not exist in this scene.
[move_group-20] [INFO] [1776901332.634871222] [move_group.moveit.moveit.ros.move_group.cartesian_path_service_capability]: Received request to compute Cartesian path
[move_group-20] [INFO] [1776901332.634964618] [move_group.moveit.moveit.ros.move_group.cartesian_path_service_capability]: Attempting to follow 1 waypoints for link 'end_effector_link' using a step of 0.010000 m and jump threshold 0.000000 (in global reference frame)
[scene_from_vision-10] [WARN] [1776901332.637765247] [scene_from_vision_node]: /apply_planning_scene rejected picked cleanup for tag 0.
[move_group-20] [INFO] [1776901332.644249259] [move_group.moveit.moveit.ros.move_group.cartesian_path_service_capability]: Computed Cartesian path with 17 points (followed 100.000000% of requested trajectory)
[pick_dropped_bottle-12] [INFO] [1776901332.648499123] [pick_dropped_bottle_node]: Cartesian path computed with 100.0% success.
[move_group-20] [INFO] [1776901332.649855466] [move_group.moveit.moveit.ros.move_group.clear_octomap_service]: Execution request received
[move_group-20] [INFO] [1776901332.649921643] [move_group.moveit.moveit.plugins.simple_controller_manager]: Returned 2 controllers in list
[move_group-20] [INFO] [1776901332.649956195] [move_group.moveit.moveit.plugins.simple_controller_manager]: Returned 2 controllers in list
[move_group-20] [INFO] [1776901332.650074407] [move_group.moveit.moveit.ros.trajectory_execution_manager]: Validating trajectory with allowed_start_tolerance 0.01
[move_group-20] [INFO] [1776901332.660902497] [move_group.moveit.moveit.ros.trajectory_execution_manager]: Starting trajectory execution ...
[move_group-20] [INFO] [1776901332.660970906] [move_group.moveit.moveit.plugins.simple_controller_manager]: Returned 2 controllers in list
[move_group-20] [INFO] [1776901332.661007425] [move_group.moveit.moveit.plugins.simple_controller_manager]: Returned 2 controllers in list
[move_group-20] [INFO] [1776901332.661201861] [moveit.simple_controller_manager.follow_joint_trajectory_controller_handle]: sending trajectory to joint_trajectory_controller
[ros2_control_node-1] [INFO] [1776901332.661653198] [joint_trajectory_controller]: Received new action goal
[ros2_control_node-1] [INFO] [1776901332.661703355] [joint_trajectory_controller]: Accepted new action goal
[move_group-20] [INFO] [1776901332.662054507] [moveit.simple_controller_manager.follow_joint_trajectory_controller_handle]: joint_trajectory_controller started execution
[move_group-20] [INFO] [1776901332.662067571] [moveit.simple_controller_manager.follow_joint_trajectory_controller_handle]: Goal request accepted!
[vision_apriltag-9] [INFO] [1776901332.756092694] [vision_apriltag_node]: Vision AprilTag: scene is locked; detection publishing is paused.
[adl_ui-15] 127.0.0.1 - - [22/Apr/2026 19:42:12] "GET /status_json HTTP/1.1" 200 -
[ros2_control_node-1] [WARN] [1776901332.964556785] [controller_manager]: Overrun might occur, Total time : 2519.784 us (Expected < 1000.000 us) --> Read time : 42.271 us, Update time : 298.650 us, Write time : 2178.863 us
[ros2_control_node-1] [WARN] [1776901332.964633646] [controller_manager]: Overrun detected! The controller manager missed its desired rate of 1000 Hz. The loop took 2.626745 ms (missed cycles : 3).
[joint_state_sanitizer-3] [WARN] [1776901332.971258341] [joint_state_sanitizer_node]: [joint_state_sanitizer] Published sanitized joint state: joint_3:-3.134->-3.132
[adl_ui-15] 127.0.0.1 - - [22/Apr/2026 19:42:13] "GET /status_json HTTP/1.1" 200 -
[ros2_control_node-1] [WARN] [1776901333.966554303] [controller_manager]: Overrun might occur, Total time : 2514.410 us (Expected < 1000.000 us) --> Read time : 27.812 us, Update time : 263.847 us, Write time : 2222.751 us
[ros2_control_node-1] [WARN] [1776901333.966603069] [controller_manager]: Overrun detected! The controller manager missed its desired rate of 1000 Hz. The loop took 2.597281 ms (missed cycles : 3).
[adl_ui-15] 127.0.0.1 - - [22/Apr/2026 19:42:14] "GET /status_json HTTP/1.1" 200 -
[vision_apriltag-9] [INFO] [1776901334.757454643] [vision_apriltag_node]: Vision AprilTag: scene is locked; detection publishing is paused.
[ros2_control_node-1] [INFO] [1776901334.927181828] [joint_trajectory_controller]: Goal reached, success!
[move_group-20] [INFO] [1776901334.962350465] [moveit.simple_controller_manager.follow_joint_trajectory_controller_handle]: Controller 'joint_trajectory_controller' successfully finished
[ros2_control_node-1] [WARN] [1776901334.966650637] [controller_manager]: Overrun might occur, Total time : 2628.956 us (Expected < 1000.000 us) --> Read time : 33.181 us, Update time : 300.453 us, Write time : 2295.322 us
[ros2_control_node-1] [WARN] [1776901334.966703655] [controller_manager]: Overrun detected! The controller manager missed its desired rate of 1000 Hz. The loop took 2.697071 ms (missed cycles : 3).
[move_group-20] [INFO] [1776901335.021833518] [move_group.moveit.moveit.ros.trajectory_execution_manager]: Completed trajectory execution with status SUCCEEDED ...
[move_group-20] [INFO] [1776901335.022862053] [move_group.moveit.moveit.ros.move_group.clear_octomap_service]: Execution completed: SUCCEEDED
[pick_dropped_bottle-12] [INFO] [1776901335.128139332] [pick_dropped_bottle_node]: [Bottle] Stage 5: move above destination.
[pick_dropped_bottle-12] [INFO] [1776901335.129699328] [pick_dropped_bottle_node]: Added temporary table-top keepout 'pick_dropped_bottle_transport_table_keepout' (size=(0.575,0.575,0.160)m, base_z=0.118m, top_z=0.278m).
[adl_ui-15] 127.0.0.1 - - [22/Apr/2026 19:42:15] "GET /status_json HTTP/1.1" 200 -
[pick_dropped_bottle-12] [INFO] [1776901335.280760000] [pick_dropped_bottle_node]: [Bottle] Stage 5 attempt 1/4 (primary).
[pick_dropped_bottle-12] [INFO] [1776901335.284053512] [pick_dropped_bottle_node]: go_to_position: (0.476,-0.075, 0.471) - orientation free
[move_group-20] [ERROR] [1776901335.284803253] [move_group.moveit.moveit.core.conversions]: Found empty JointState message
[pick_dropped_bottle-12] [ERROR] [1776901335.288421106] [pick_dropped_bottle_node]: Start state: INVALID — 2 contact(s):
[pick_dropped_bottle-12] [ERROR] [1776901335.289275627] [pick_dropped_bottle_node]:   COLLISION: robotiq_85_left_finger_link <-> table_edge_lip_front, depth=0.0002m
[pick_dropped_bottle-12] [ERROR] [1776901335.290073396] [pick_dropped_bottle_node]:   COLLISION: robotiq_85_left_knuckle_link <-> table_edge_lip_front, depth=0.0058m
[move_group-20] [INFO] [1776901335.291448537] [move_group.moveit.moveit.ros.move_group.move_action]: MoveGroupMoveAction: Received request
[move_group-20] [INFO] [1776901335.291639620] [move_group.moveit.moveit.ros.move_group.move_action]: executing..
[move_group-20] [INFO] [1776901335.301587365] [move_group.moveit.moveit.ros.move_group.move_action]: Combined planning and execution request received for MoveGroup action. Forwarding to planning and execution pipeline.
[move_group-20] [WARN] [1776901335.301651551] [move_group.moveit.moveit.ros.move_group.capability]: Execution of motions should always start at the robot's current state. Ignoring the state supplied as start state in the motion planning request
[move_group-20] [WARN] [1776901335.301676103] [move_group.moveit.moveit.ros.move_group.capability]: Execution of motions should always start at the robot's current state. Ignoring the state supplied as difference in the planning scene diff
[move_group-20] [INFO] [1776901335.301690015] [move_group.moveit.moveit.ros.plan_execution]: Planning attempt 1 of at most 1
[move_group-20] [INFO] [1776901335.301972241] [move_group]: Calling PlanningRequestAdapter 'ResolveConstraintFrames'
[move_group-20] [INFO] [1776901335.302008786] [move_group]: Calling PlanningRequestAdapter 'ValidateWorkspaceBounds'
[move_group-20] [INFO] [1776901335.302027135] [move_group]: Calling PlanningRequestAdapter 'CheckStartStateBounds'
[move_group-20] [INFO] [1776901335.302057900] [move_group]: Calling PlanningRequestAdapter 'CheckStartStateCollision'
[move_group-20] [ERROR] [1776901335.302275423] [move_group]: PlanningRequestAdapter 'CheckStartStateCollision' failed, because '2 contact(s) detected : robotiq_85_left_finger_link - table_edge_lip_front, robotiq_85_left_knuckle_link - table_edge_lip_front, '. Aborting planning pipeline.
[move_group-20] [INFO] [1776901335.302405965] [move_group.moveit.moveit.ros.move_group.move_action]: START_STATE_IN_COLLISION
[pick_dropped_bottle-12] [ERROR] [1776901335.311426577] [pick_dropped_bottle_node]: MoveGroup execution failed.
[pick_dropped_bottle-12]   error_code.val = -10
[pick_dropped_bottle-12]   group_name      = manipulator
[pick_dropped_bottle-12]   num_attempts    = 10
[pick_dropped_bottle-12]   allowed_time    = 10.0
[pick_dropped_bottle-12]   vel_scale       = 0.25
[pick_dropped_bottle-12]   accel_scale     = 0.25
[pick_dropped_bottle-12] If this persists, check move_group / controller logs for the meaning of this code (often control abort, invalid start state, or planning pipeline failure).
[pick_dropped_bottle-12] [WARN] [1776901335.312164260] [pick_dropped_bottle_node]: _recover_after_failure(): MoveGroup error_code=-10
[adl_ui-15] 127.0.0.1 - - [22/Apr/2026 19:42:15] "GET /status_json HTTP/1.1" 200 -
[ros2_control_node-1] [WARN] [1776901335.967986327] [controller_manager]: Overrun might occur, Total time : 4950.363 us (Expected < 1000.000 us) --> Read time : 46.384 us, Update time : 313.112 us, Write time : 4590.867 us
[ros2_control_node-1] [WARN] [1776901335.968086169] [controller_manager]: Overrun detected! The controller manager missed its desired rate of 1000 Hz. The loop took 5.078573 ms (missed cycles : 6).
[pick_dropped_bottle-12] [INFO] [1776901336.516031238] [pick_dropped_bottle_node]: go_to_position: (0.476,-0.075, 0.571) - orientation free
[move_group-20] [ERROR] [1776901336.516941332] [move_group.moveit.moveit.core.conversions]: Found empty JointState message
[pick_dropped_bottle-12] [ERROR] [1776901336.520276916] [pick_dropped_bottle_node]: Start state: INVALID — 2 contact(s):
[pick_dropped_bottle-12] [ERROR] [1776901336.520908322] [pick_dropped_bottle_node]:   COLLISION: robotiq_85_left_finger_link <-> table_edge_lip_front, depth=0.0003m
[pick_dropped_bottle-12] [ERROR] [1776901336.523900595] [pick_dropped_bottle_node]:   COLLISION: robotiq_85_left_knuckle_link <-> table_edge_lip_front, depth=0.0059m
[move_group-20] [INFO] [1776901336.525252946] [move_group.moveit.moveit.ros.move_group.move_action]: MoveGroupMoveAction: Received request
[move_group-20] [INFO] [1776901336.525482252] [move_group.moveit.moveit.ros.move_group.move_action]: executing..
[move_group-20] [INFO] [1776901336.542983780] [move_group.moveit.moveit.ros.move_group.move_action]: Combined planning and execution request received for MoveGroup action. Forwarding to planning and execution pipeline.
[move_group-20] [WARN] [1776901336.543070069] [move_group.moveit.moveit.ros.move_group.capability]: Execution of motions should always start at the robot's current state. Ignoring the state supplied as start state in the motion planning request
[move_group-20] [WARN] [1776901336.543100237] [move_group.moveit.moveit.ros.move_group.capability]: Execution of motions should always start at the robot's current state. Ignoring the state supplied as difference in the planning scene diff
[move_group-20] [INFO] [1776901336.543114557] [move_group.moveit.moveit.ros.plan_execution]: Planning attempt 1 of at most 1
[move_group-20] [INFO] [1776901336.543432361] [move_group]: Calling PlanningRequestAdapter 'ResolveConstraintFrames'
[move_group-20] [INFO] [1776901336.543487845] [move_group]: Calling PlanningRequestAdapter 'ValidateWorkspaceBounds'
[move_group-20] [INFO] [1776901336.543506460] [move_group]: Calling PlanningRequestAdapter 'CheckStartStateBounds'
[move_group-20] [INFO] [1776901336.543543576] [move_group]: Calling PlanningRequestAdapter 'CheckStartStateCollision'
[move_group-20] [ERROR] [1776901336.543746845] [move_group]: PlanningRequestAdapter 'CheckStartStateCollision' failed, because '2 contact(s) detected : robotiq_85_left_finger_link - table_edge_lip_front, robotiq_85_left_knuckle_link - table_edge_lip_front, '. Aborting planning pipeline.
[move_group-20] [INFO] [1776901336.543843753] [move_group.moveit.moveit.ros.move_group.move_action]: START_STATE_IN_COLLISION
[pick_dropped_bottle-12] [ERROR] [1776901336.549248538] [pick_dropped_bottle_node]: MoveGroup execution failed.
[pick_dropped_bottle-12]   error_code.val = -10
[pick_dropped_bottle-12]   group_name      = manipulator
[pick_dropped_bottle-12]   num_attempts    = 10
[pick_dropped_bottle-12]   allowed_time    = 10.0
[pick_dropped_bottle-12]   vel_scale       = 0.25
[pick_dropped_bottle-12]   accel_scale     = 0.25
[pick_dropped_bottle-12] If this persists, check move_group / controller logs for the meaning of this code (often control abort, invalid start state, or planning pipeline failure).
[pick_dropped_bottle-12] [WARN] [1776901336.550209965] [pick_dropped_bottle_node]: _recover_after_failure(): MoveGroup error_code=-10
[adl_ui-15] 127.0.0.1 - - [22/Apr/2026 19:42:16] "GET /status_json HTTP/1.1" 200 -
[vision_apriltag-9] [INFO] [1776901336.755517271] [vision_apriltag_node]: Vision AprilTag: scene is locked; detection publishing is paused.
[ros2_control_node-1] [WARN] [1776901336.968563808] [controller_manager]: Overrun might occur, Total time : 2537.039 us (Expected < 1000.000 us) --> Read time : 29.468 us, Update time : 329.229 us, Write time : 2178.342 us
[ros2_control_node-1] [WARN] [1776901336.968650787] [controller_manager]: Overrun detected! The controller manager missed its desired rate of 1000 Hz. The loop took 2.644570 ms (missed cycles : 3).
[wrist_camera_usb_publisher-8] [INFO] [1776901337.136706363] [wrist_camera_usb_publisher_node]: USB camera publisher heartbeat: publishing 1280x720 frames on /wrist_mounted_camera/image; camera_info fx=920.87, fy=921.57, cx=644.76, cy=343.15.
[adl_ui-15] 127.0.0.1 - - [22/Apr/2026 19:42:17] "GET /status_json HTTP/1.1" 200 -
[pick_dropped_bottle-12] [INFO] [1776901337.754390568] [pick_dropped_bottle_node]: [Bottle] Stage 5 attempt 2/4 (position-only).
[pick_dropped_bottle-12] [INFO] [1776901337.755116397] [pick_dropped_bottle_node]: go_to_position: (0.476,-0.075, 0.471) - orientation free
[move_group-20] [ERROR] [1776901337.755949702] [move_group.moveit.moveit.core.conversions]: Found empty JointState message
[pick_dropped_bottle-12] [ERROR] [1776901337.759170823] [pick_dropped_bottle_node]: Start state: INVALID — 2 contact(s):
[pick_dropped_bottle-12] [ERROR] [1776901337.759983519] [pick_dropped_bottle_node]:   COLLISION: robotiq_85_left_finger_link <-> table_edge_lip_front, depth=0.0003m
[pick_dropped_bottle-12] [ERROR] [1776901337.760787260] [pick_dropped_bottle_node]:   COLLISION: robotiq_85_left_knuckle_link <-> table_edge_lip_front, depth=0.0059m
[move_group-20] [INFO] [1776901337.762513338] [move_group.moveit.moveit.ros.move_group.move_action]: MoveGroupMoveAction: Received request
[move_group-20] [INFO] [1776901337.762705242] [move_group.moveit.moveit.ros.move_group.move_action]: executing..
[move_group-20] [INFO] [1776901337.781037628] [move_group.moveit.moveit.ros.move_group.move_action]: Combined planning and execution request received for MoveGroup action. Forwarding to planning and execution pipeline.
[move_group-20] [WARN] [1776901337.781115232] [move_group.moveit.moveit.ros.move_group.capability]: Execution of motions should always start at the robot's current state. Ignoring the state supplied as start state in the motion planning request
[move_group-20] [WARN] [1776901337.781137131] [move_group.moveit.moveit.ros.move_group.capability]: Execution of motions should always start at the robot's current state. Ignoring the state supplied as difference in the planning scene diff
[move_group-20] [INFO] [1776901337.781150059] [move_group.moveit.moveit.ros.plan_execution]: Planning attempt 1 of at most 1
[move_group-20] [INFO] [1776901337.781432498] [move_group]: Calling PlanningRequestAdapter 'ResolveConstraintFrames'
[move_group-20] [INFO] [1776901337.781466789] [move_group]: Calling PlanningRequestAdapter 'ValidateWorkspaceBounds'
[move_group-20] [INFO] [1776901337.781483661] [move_group]: Calling PlanningRequestAdapter 'CheckStartStateBounds'
[move_group-20] [INFO] [1776901337.781512971] [move_group]: Calling PlanningRequestAdapter 'CheckStartStateCollision'
[move_group-20] [ERROR] [1776901337.781715636] [move_group]: PlanningRequestAdapter 'CheckStartStateCollision' failed, because '2 contact(s) detected : robotiq_85_left_finger_link - table_edge_lip_front, robotiq_85_left_knuckle_link - table_edge_lip_front, '. Aborting planning pipeline.
[move_group-20] [INFO] [1776901337.781814112] [move_group.moveit.moveit.ros.move_group.move_action]: START_STATE_IN_COLLISION
[pick_dropped_bottle-12] [ERROR] [1776901337.786727546] [pick_dropped_bottle_node]: MoveGroup execution failed.
[pick_dropped_bottle-12]   error_code.val = -10
[pick_dropped_bottle-12]   group_name      = manipulator
[pick_dropped_bottle-12]   num_attempts    = 10
[pick_dropped_bottle-12]   allowed_time    = 10.0
[pick_dropped_bottle-12]   vel_scale       = 0.25
[pick_dropped_bottle-12]   accel_scale     = 0.25
[pick_dropped_bottle-12] If this persists, check move_group / controller logs for the meaning of this code (often control abort, invalid start state, or planning pipeline failure).
[pick_dropped_bottle-12] [WARN] [1776901337.787397386] [pick_dropped_bottle_node]: _recover_after_failure(): MoveGroup error_code=-10
[ros2_control_node-1] [WARN] [1776901337.970455926] [controller_manager]: Overrun might occur, Total time : 2434.262 us (Expected < 1000.000 us) --> Read time : 37.397 us, Update time : 244.949 us, Write time : 2151.916 us
[ros2_control_node-1] [WARN] [1776901337.970502295] [controller_manager]: Overrun detected! The controller manager missed its desired rate of 1000 Hz. The loop took 2.496446 ms (missed cycles : 3).
[joint_state_sanitizer-3] [WARN] [1776901337.972783676] [joint_state_sanitizer_node]: [joint_state_sanitizer] Published sanitized joint state: joint_3:+3.142->+3.132
[adl_ui-15] 127.0.0.1 - - [22/Apr/2026 19:42:18] "GET /status_json HTTP/1.1" 200 -
[vision_apriltag-9] [INFO] [1776901338.756087188] [vision_apriltag_node]: Vision AprilTag: scene is locked; detection publishing is paused.
[adl_ui-15] 127.0.0.1 - - [22/Apr/2026 19:42:18] "GET /status_json HTTP/1.1" 200 -
[ros2_control_node-1] [WARN] [1776901338.971446569] [controller_manager]: Overrun might occur, Total time : 2422.806 us (Expected < 1000.000 us) --> Read time : 33.213 us, Update time : 239.349 us, Write time : 2150.244 us
[ros2_control_node-1] [WARN] [1776901338.971497599] [controller_manager]: Overrun detected! The controller manager missed its desired rate of 1000 Hz. The loop took 2.491450 ms (missed cycles : 3).
[pick_dropped_bottle-12] [INFO] [1776901338.990527578] [pick_dropped_bottle_node]: go_to_position: (0.476,-0.075, 0.571) - orientation free
[move_group-20] [ERROR] [1776901338.991537791] [move_group.moveit.moveit.core.conversions]: Found empty JointState message
[pick_dropped_bottle-12] [ERROR] [1776901338.995881533] [pick_dropped_bottle_node]: Start state: INVALID — 2 contact(s):
[pick_dropped_bottle-12] [ERROR] [1776901338.996796971] [pick_dropped_bottle_node]:   COLLISION: robotiq_85_left_finger_link <-> table_edge_lip_front, depth=0.0003m
[pick_dropped_bottle-12] [ERROR] [1776901338.997650726] [pick_dropped_bottle_node]:   COLLISION: robotiq_85_left_knuckle_link <-> table_edge_lip_front, depth=0.0059m
[move_group-20] [INFO] [1776901338.998878700] [move_group.moveit.moveit.ros.move_group.move_action]: MoveGroupMoveAction: Received request
[move_group-20] [INFO] [1776901338.999258154] [move_group.moveit.moveit.ros.move_group.move_action]: executing..
[move_group-20] [INFO] [1776901339.001134794] [move_group.moveit.moveit.ros.move_group.move_action]: Combined planning and execution request received for MoveGroup action. Forwarding to planning and execution pipeline.
[move_group-20] [WARN] [1776901339.001193073] [move_group.moveit.moveit.ros.move_group.capability]: Execution of motions should always start at the robot's current state. Ignoring the state supplied as start state in the motion planning request
[move_group-20] [WARN] [1776901339.001216548] [move_group.moveit.moveit.ros.move_group.capability]: Execution of motions should always start at the robot's current state. Ignoring the state supplied as difference in the planning scene diff
[move_group-20] [INFO] [1776901339.001228699] [move_group.moveit.moveit.ros.plan_execution]: Planning attempt 1 of at most 1
[move_group-20] [INFO] [1776901339.001621162] [move_group]: Calling PlanningRequestAdapter 'ResolveConstraintFrames'
[move_group-20] [INFO] [1776901339.001656379] [move_group]: Calling PlanningRequestAdapter 'ValidateWorkspaceBounds'
[move_group-20] [INFO] [1776901339.001673070] [move_group]: Calling PlanningRequestAdapter 'CheckStartStateBounds'
[move_group-20] [INFO] [1776901339.001704716] [move_group]: Calling PlanningRequestAdapter 'CheckStartStateCollision'
[move_group-20] [ERROR] [1776901339.001902366] [move_group]: PlanningRequestAdapter 'CheckStartStateCollision' failed, because '2 contact(s) detected : robotiq_85_left_finger_link - table_edge_lip_front, robotiq_85_left_knuckle_link - table_edge_lip_front, '. Aborting planning pipeline.
[move_group-20] [INFO] [1776901339.001993968] [move_group.moveit.moveit.ros.move_group.move_action]: START_STATE_IN_COLLISION
[pick_dropped_bottle-12] [ERROR] [1776901339.008513496] [pick_dropped_bottle_node]: MoveGroup execution failed.
[pick_dropped_bottle-12]   error_code.val = -10
[pick_dropped_bottle-12]   group_name      = manipulator
[pick_dropped_bottle-12]   num_attempts    = 10
[pick_dropped_bottle-12]   allowed_time    = 10.0
[pick_dropped_bottle-12]   vel_scale       = 0.25
[pick_dropped_bottle-12]   accel_scale     = 0.25
[pick_dropped_bottle-12] If this persists, check move_group / controller logs for the meaning of this code (often control abort, invalid start state, or planning pipeline failure).
[pick_dropped_bottle-12] [WARN] [1776901339.009502372] [pick_dropped_bottle_node]: _recover_after_failure(): MoveGroup error_code=-10
[adl_ui-15] 127.0.0.1 - - [22/Apr/2026 19:42:19] "GET /status_json HTTP/1.1" 200 -
[ros2_control_node-1] [WARN] [1776901339.972418810] [controller_manager]: Overrun might occur, Total time : 2386.523 us (Expected < 1000.000 us) --> Read time : 36.464 us, Update time : 233.292 us, Write time : 2116.767 us
[ros2_control_node-1] [WARN] [1776901339.972489531] [controller_manager]: Overrun detected! The controller manager missed its desired rate of 1000 Hz. The loop took 2.482820 ms (missed cycles : 3).
[pick_dropped_bottle-12] [INFO] [1776901340.214515802] [pick_dropped_bottle_node]: [Bottle] Stage 5 attempt 3/4 (higher-standoff).
[pick_dropped_bottle-12] [INFO] [1776901340.215348044] [pick_dropped_bottle_node]: go_to_position: (0.476,-0.075, 0.571) - orientation free
[move_group-20] [ERROR] [1776901340.216294850] [move_group.moveit.moveit.core.conversions]: Found empty JointState message
[pick_dropped_bottle-12] [ERROR] [1776901340.219201657] [pick_dropped_bottle_node]: Start state: INVALID — 2 contact(s):
[pick_dropped_bottle-12] [ERROR] [1776901340.219686957] [pick_dropped_bottle_node]:   COLLISION: robotiq_85_left_finger_link <-> table_edge_lip_front, depth=0.0003m
[pick_dropped_bottle-12] [ERROR] [1776901340.220347151] [pick_dropped_bottle_node]:   COLLISION: robotiq_85_left_knuckle_link <-> table_edge_lip_front, depth=0.0059m
[move_group-20] [INFO] [1776901340.221543648] [move_group.moveit.moveit.ros.move_group.move_action]: MoveGroupMoveAction: Received request
[move_group-20] [INFO] [1776901340.221734567] [move_group.moveit.moveit.ros.move_group.move_action]: executing..
[move_group-20] [INFO] [1776901340.240869654] [move_group.moveit.moveit.ros.move_group.move_action]: Combined planning and execution request received for MoveGroup action. Forwarding to planning and execution pipeline.
[move_group-20] [WARN] [1776901340.240932814] [move_group.moveit.moveit.ros.move_group.capability]: Execution of motions should always start at the robot's current state. Ignoring the state supplied as start state in the motion planning request
[move_group-20] [WARN] [1776901340.240955435] [move_group.moveit.moveit.ros.move_group.capability]: Execution of motions should always start at the robot's current state. Ignoring the state supplied as difference in the planning scene diff
[move_group-20] [INFO] [1776901340.240966847] [move_group.moveit.moveit.ros.plan_execution]: Planning attempt 1 of at most 1
[move_group-20] [INFO] [1776901340.241239937] [move_group]: Calling PlanningRequestAdapter 'ResolveConstraintFrames'
[move_group-20] [INFO] [1776901340.241271295] [move_group]: Calling PlanningRequestAdapter 'ValidateWorkspaceBounds'
[move_group-20] [INFO] [1776901340.241453844] [move_group]: Calling PlanningRequestAdapter 'CheckStartStateBounds'
[move_group-20] [INFO] [1776901340.241496463] [move_group]: Calling PlanningRequestAdapter 'CheckStartStateCollision'
[move_group-20] [ERROR] [1776901340.241722339] [move_group]: PlanningRequestAdapter 'CheckStartStateCollision' failed, because '2 contact(s) detected : robotiq_85_left_finger_link - table_edge_lip_front, robotiq_85_left_knuckle_link - table_edge_lip_front, '. Aborting planning pipeline.
[move_group-20] [INFO] [1776901340.241820456] [move_group.moveit.moveit.ros.move_group.move_action]: START_STATE_IN_COLLISION
[pick_dropped_bottle-12] [ERROR] [1776901340.249889403] [pick_dropped_bottle_node]: MoveGroup execution failed.
[pick_dropped_bottle-12]   error_code.val = -10
[pick_dropped_bottle-12]   group_name      = manipulator
[pick_dropped_bottle-12]   num_attempts    = 10
[pick_dropped_bottle-12]   allowed_time    = 10.0
[pick_dropped_bottle-12]   vel_scale       = 0.25
[pick_dropped_bottle-12]   accel_scale     = 0.25
[pick_dropped_bottle-12] If this persists, check move_group / controller logs for the meaning of this code (often control abort, invalid start state, or planning pipeline failure).
[pick_dropped_bottle-12] [WARN] [1776901340.250611659] [pick_dropped_bottle_node]: _recover_after_failure(): MoveGroup error_code=-10
[adl_ui-15] 127.0.0.1 - - [22/Apr/2026 19:42:20] "GET /status_json HTTP/1.1" 200 -
[vision_apriltag-9] [INFO] [1776901340.756433262] [vision_apriltag_node]: Vision AprilTag: scene is locked; detection publishing is paused.
[ros2_control_node-1] [WARN] [1776901340.974706220] [controller_manager]: Overrun might occur, Total time : 2675.848 us (Expected < 1000.000 us) --> Read time : 34.953 us, Update time : 242.065 us, Write time : 2398.830 us
[ros2_control_node-1] [WARN] [1776901340.974799783] [controller_manager]: Overrun detected! The controller manager missed its desired rate of 1000 Hz. The loop took 2.792558 ms (missed cycles : 3).
[adl_ui-15] 127.0.0.1 - - [22/Apr/2026 19:42:21] "GET /status_json HTTP/1.1" 200 -
[pick_dropped_bottle-12] [INFO] [1776901341.454185557] [pick_dropped_bottle_node]: go_to_position: (0.476,-0.075, 0.671) - orientation free
[move_group-20] [ERROR] [1776901341.454951297] [move_group.moveit.moveit.core.conversions]: Found empty JointState message
[pick_dropped_bottle-12] [ERROR] [1776901341.457892032] [pick_dropped_bottle_node]: Start state: INVALID — 2 contact(s):
[pick_dropped_bottle-12] [ERROR] [1776901341.459072298] [pick_dropped_bottle_node]:   COLLISION: robotiq_85_left_finger_link <-> table_edge_lip_front, depth=0.0003m
[pick_dropped_bottle-12] [ERROR] [1776901341.459965996] [pick_dropped_bottle_node]:   COLLISION: robotiq_85_left_knuckle_link <-> table_edge_lip_front, depth=0.0059m
[move_group-20] [INFO] [1776901341.462361757] [move_group.moveit.moveit.ros.move_group.move_action]: MoveGroupMoveAction: Received request
[move_group-20] [INFO] [1776901341.462565935] [move_group.moveit.moveit.ros.move_group.move_action]: executing..
[move_group-20] [INFO] [1776901341.481555446] [move_group.moveit.moveit.ros.move_group.move_action]: Combined planning and execution request received for MoveGroup action. Forwarding to planning and execution pipeline.
[move_group-20] [WARN] [1776901341.481612431] [move_group.moveit.moveit.ros.move_group.capability]: Execution of motions should always start at the robot's current state. Ignoring the state supplied as start state in the motion planning request
[move_group-20] [WARN] [1776901341.481637447] [move_group.moveit.moveit.ros.move_group.capability]: Execution of motions should always start at the robot's current state. Ignoring the state supplied as difference in the planning scene diff
[move_group-20] [INFO] [1776901341.481651904] [move_group.moveit.moveit.ros.plan_execution]: Planning attempt 1 of at most 1
[move_group-20] [INFO] [1776901341.481985669] [move_group]: Calling PlanningRequestAdapter 'ResolveConstraintFrames'
[move_group-20] [INFO] [1776901341.482021788] [move_group]: Calling PlanningRequestAdapter 'ValidateWorkspaceBounds'
[move_group-20] [INFO] [1776901341.482039697] [move_group]: Calling PlanningRequestAdapter 'CheckStartStateBounds'
[move_group-20] [INFO] [1776901341.482075954] [move_group]: Calling PlanningRequestAdapter 'CheckStartStateCollision'
[move_group-20] [ERROR] [1776901341.482299586] [move_group]: PlanningRequestAdapter 'CheckStartStateCollision' failed, because '2 contact(s) detected : robotiq_85_left_finger_link - table_edge_lip_front, robotiq_85_left_knuckle_link - table_edge_lip_front, '. Aborting planning pipeline.
[move_group-20] [INFO] [1776901341.482401209] [move_group.moveit.moveit.ros.move_group.move_action]: START_STATE_IN_COLLISION
[pick_dropped_bottle-12] [ERROR] [1776901341.487702396] [pick_dropped_bottle_node]: MoveGroup execution failed.
[pick_dropped_bottle-12]   error_code.val = -10
[pick_dropped_bottle-12]   group_name      = manipulator
[pick_dropped_bottle-12]   num_attempts    = 10
[pick_dropped_bottle-12]   allowed_time    = 10.0
[pick_dropped_bottle-12]   vel_scale       = 0.25
[pick_dropped_bottle-12]   accel_scale     = 0.25
[pick_dropped_bottle-12] If this persists, check move_group / controller logs for the meaning of this code (often control abort, invalid start state, or planning pipeline failure).
[pick_dropped_bottle-12] [WARN] [1776901341.488486281] [pick_dropped_bottle_node]: _recover_after_failure(): MoveGroup error_code=-10
[adl_ui-15] 127.0.0.1 - - [22/Apr/2026 19:42:21] "GET /status_json HTTP/1.1" 200 -
[ros2_control_node-1] [WARN] [1776901341.978041137] [controller_manager]: Overrun might occur, Total time : 2984.325 us (Expected < 1000.000 us) --> Read time : 33.846 us, Update time : 243.039 us, Write time : 2707.440 us
[ros2_control_node-1] [WARN] [1776901341.978113438] [controller_manager]: Overrun detected! The controller manager missed its desired rate of 1000 Hz. The loop took 3.106893 ms (missed cycles : 4).
[wrist_camera_usb_publisher-8] [INFO] [1776901342.296909812] [wrist_camera_usb_publisher_node]: USB camera publisher heartbeat: publishing 1280x720 frames on /wrist_mounted_camera/image; camera_info fx=920.87, fy=921.57, cx=644.76, cy=343.15.
[pick_dropped_bottle-12] [INFO] [1776901342.692326691] [pick_dropped_bottle_node]: [Bottle] Stage 5 attempt 4/4 (higher-standoff position-only).
[pick_dropped_bottle-12] [INFO] [1776901342.693246300] [pick_dropped_bottle_node]: go_to_position: (0.476,-0.075, 0.571) - orientation free
[move_group-20] [ERROR] [1776901342.694104402] [move_group.moveit.moveit.core.conversions]: Found empty JointState message
[pick_dropped_bottle-12] [ERROR] [1776901342.696804803] [pick_dropped_bottle_node]: Start state: INVALID — 2 contact(s):
[pick_dropped_bottle-12] [ERROR] [1776901342.697374656] [pick_dropped_bottle_node]:   COLLISION: robotiq_85_left_finger_link <-> table_edge_lip_front, depth=0.0003m
[pick_dropped_bottle-12] [ERROR] [1776901342.697891293] [pick_dropped_bottle_node]:   COLLISION: robotiq_85_left_knuckle_link <-> table_edge_lip_front, depth=0.0059m
[move_group-20] [INFO] [1776901342.698950874] [move_group.moveit.moveit.ros.move_group.move_action]: MoveGroupMoveAction: Received request
[move_group-20] [INFO] [1776901342.699125053] [move_group.moveit.moveit.ros.move_group.move_action]: executing..
[move_group-20] [INFO] [1776901342.700977661] [move_group.moveit.moveit.ros.move_group.move_action]: Combined planning and execution request received for MoveGroup action. Forwarding to planning and execution pipeline.
[move_group-20] [WARN] [1776901342.701029804] [move_group.moveit.moveit.ros.move_group.capability]: Execution of motions should always start at the robot's current state. Ignoring the state supplied as start state in the motion planning request
[move_group-20] [WARN] [1776901342.701051316] [move_group.moveit.moveit.ros.move_group.capability]: Execution of motions should always start at the robot's current state. Ignoring the state supplied as difference in the planning scene diff
[move_group-20] [INFO] [1776901342.701063584] [move_group.moveit.moveit.ros.plan_execution]: Planning attempt 1 of at most 1
[move_group-20] [INFO] [1776901342.701387792] [move_group]: Calling PlanningRequestAdapter 'ResolveConstraintFrames'
[move_group-20] [INFO] [1776901342.701447367] [move_group]: Calling PlanningRequestAdapter 'ValidateWorkspaceBounds'
[move_group-20] [INFO] [1776901342.701465976] [move_group]: Calling PlanningRequestAdapter 'CheckStartStateBounds'
[move_group-20] [INFO] [1776901342.701498715] [move_group]: Calling PlanningRequestAdapter 'CheckStartStateCollision'
[move_group-20] [ERROR] [1776901342.701703222] [move_group]: PlanningRequestAdapter 'CheckStartStateCollision' failed, because '2 contact(s) detected : robotiq_85_left_finger_link - table_edge_lip_front, robotiq_85_left_knuckle_link - table_edge_lip_front, '. Aborting planning pipeline.
[move_group-20] [INFO] [1776901342.701796569] [move_group.moveit.moveit.ros.move_group.move_action]: START_STATE_IN_COLLISION
[pick_dropped_bottle-12] [ERROR] [1776901342.708060824] [pick_dropped_bottle_node]: MoveGroup execution failed.
[pick_dropped_bottle-12]   error_code.val = -10
[pick_dropped_bottle-12]   group_name      = manipulator
[pick_dropped_bottle-12]   num_attempts    = 10
[pick_dropped_bottle-12]   allowed_time    = 10.0
[pick_dropped_bottle-12]   vel_scale       = 0.25
[pick_dropped_bottle-12]   accel_scale     = 0.25
[pick_dropped_bottle-12] If this persists, check move_group / controller logs for the meaning of this code (often control abort, invalid start state, or planning pipeline failure).
[pick_dropped_bottle-12] [WARN] [1776901342.708832973] [pick_dropped_bottle_node]: _recover_after_failure(): MoveGroup error_code=-10
[adl_ui-15] 127.0.0.1 - - [22/Apr/2026 19:42:22] "GET /status_json HTTP/1.1" 200 -
[vision_apriltag-9] [INFO] [1776901342.756707308] [vision_apriltag_node]: Vision AprilTag: scene is locked; detection publishing is paused.
[joint_state_sanitizer-3] [WARN] [1776901342.975252284] [joint_state_sanitizer_node]: [joint_state_sanitizer] Published sanitized joint state: joint_3:+3.142->+3.132
[ros2_control_node-1] [WARN] [1776901342.980718300] [controller_manager]: Overrun might occur, Total time : 2684.296 us (Expected < 1000.000 us) --> Read time : 41.224 us, Update time : 247.156 us, Write time : 2395.916 us
[ros2_control_node-1] [WARN] [1776901342.980826761] [controller_manager]: Overrun detected! The controller manager missed its desired rate of 1000 Hz. The loop took 2.820027 ms (missed cycles : 3).
[adl_ui-15] 127.0.0.1 - - [22/Apr/2026 19:42:23] "GET /status_json HTTP/1.1" 200 -
[pick_dropped_bottle-12] [INFO] [1776901343.912806415] [pick_dropped_bottle_node]: go_to_position: (0.476,-0.075, 0.671) - orientation free
[move_group-20] [ERROR] [1776901343.913645337] [move_group.moveit.moveit.core.conversions]: Found empty JointState message
[pick_dropped_bottle-12] [ERROR] [1776901343.917513071] [pick_dropped_bottle_node]: Start state: INVALID — 2 contact(s):
[pick_dropped_bottle-12] [ERROR] [1776901343.918204717] [pick_dropped_bottle_node]:   COLLISION: robotiq_85_left_finger_link <-> table_edge_lip_front, depth=0.0003m
[pick_dropped_bottle-12] [ERROR] [1776901343.918866051] [pick_dropped_bottle_node]:   COLLISION: robotiq_85_left_knuckle_link <-> table_edge_lip_front, depth=0.0059m
[move_group-20] [INFO] [1776901343.919854537] [move_group.moveit.moveit.ros.move_group.move_action]: MoveGroupMoveAction: Received request
[move_group-20] [INFO] [1776901343.920736362] [move_group.moveit.moveit.ros.move_group.move_action]: executing..
[move_group-20] [INFO] [1776901343.941014203] [move_group.moveit.moveit.ros.move_group.move_action]: Combined planning and execution request received for MoveGroup action. Forwarding to planning and execution pipeline.
[move_group-20] [WARN] [1776901343.941078063] [move_group.moveit.moveit.ros.move_group.capability]: Execution of motions should always start at the robot's current state. Ignoring the state supplied as start state in the motion planning request
[move_group-20] [WARN] [1776901343.941108679] [move_group.moveit.moveit.ros.move_group.capability]: Execution of motions should always start at the robot's current state. Ignoring the state supplied as difference in the planning scene diff
[move_group-20] [INFO] [1776901343.941123768] [move_group.moveit.moveit.ros.plan_execution]: Planning attempt 1 of at most 1
[move_group-20] [INFO] [1776901343.941585555] [move_group]: Calling PlanningRequestAdapter 'ResolveConstraintFrames'
[move_group-20] [INFO] [1776901343.941655462] [move_group]: Calling PlanningRequestAdapter 'ValidateWorkspaceBounds'
[move_group-20] [INFO] [1776901343.941678405] [move_group]: Calling PlanningRequestAdapter 'CheckStartStateBounds'
[move_group-20] [INFO] [1776901343.941730696] [move_group]: Calling PlanningRequestAdapter 'CheckStartStateCollision'
[move_group-20] [ERROR] [1776901343.941986192] [move_group]: PlanningRequestAdapter 'CheckStartStateCollision' failed, because '2 contact(s) detected : robotiq_85_left_finger_link - table_edge_lip_front, robotiq_85_left_knuckle_link - table_edge_lip_front, '. Aborting planning pipeline.
[move_group-20] [INFO] [1776901343.942147491] [move_group.moveit.moveit.ros.move_group.move_action]: START_STATE_IN_COLLISION
[pick_dropped_bottle-12] [ERROR] [1776901343.948486495] [pick_dropped_bottle_node]: MoveGroup execution failed.
[pick_dropped_bottle-12]   error_code.val = -10
[pick_dropped_bottle-12]   group_name      = manipulator
[pick_dropped_bottle-12]   num_attempts    = 10
[pick_dropped_bottle-12]   allowed_time    = 10.0
[pick_dropped_bottle-12]   vel_scale       = 0.25
[pick_dropped_bottle-12]   accel_scale     = 0.25
[pick_dropped_bottle-12] If this persists, check move_group / controller logs for the meaning of this code (often control abort, invalid start state, or planning pipeline failure).
[pick_dropped_bottle-12] [WARN] [1776901343.949119526] [pick_dropped_bottle_node]: _recover_after_failure(): MoveGroup error_code=-10
[ros2_control_node-1] [WARN] [1776901343.981812796] [controller_manager]: Overrun might occur, Total time : 2785.877 us (Expected < 1000.000 us) --> Read time : 33.846 us, Update time : 230.691 us, Write time : 2521.340 us
[ros2_control_node-1] [WARN] [1776901343.981880230] [controller_manager]: Overrun detected! The controller manager missed its desired rate of 1000 Hz. The loop took 2.873563 ms (missed cycles : 3).
[adl_ui-15] 127.0.0.1 - - [22/Apr/2026 19:42:24] "GET /status_json HTTP/1.1" 200 -
[vision_apriltag-9] [INFO] [1776901344.757620127] [vision_apriltag_node]: Vision AprilTag: scene is locked; detection publishing is paused.
[adl_ui-15] 127.0.0.1 - - [22/Apr/2026 19:42:24] "GET /status_json HTTP/1.1" 200 -
[ros2_control_node-1] [WARN] [1776901344.981861853] [controller_manager]: Overrun might occur, Total time : 2829.756 us (Expected < 1000.000 us) --> Read time : 61.912 us, Update time : 310.264 us, Write time : 2457.580 us
[ros2_control_node-1] [WARN] [1776901344.981939662] [controller_manager]: Overrun detected! The controller manager missed its desired rate of 1000 Hz. The loop took 2.931914 ms (missed cycles : 3).
[pick_dropped_bottle-12] [ERROR] [1776901345.152340235] [pick_dropped_bottle_node]: Failed to move above bottle destination.
[pick_dropped_bottle-12] [WARN] [1776901345.152967042] [pick_dropped_bottle_node]: [Bottle] Best-effort release after failure: Stage 5 move above destination failed.
[pick_dropped_bottle-12] [INFO] [1776901345.288018817] [pick_dropped_bottle_node]: open_gripper(): opening gripper fully...
[ros2_control_node-1] [INFO] [1776901345.288874125] [robotiq_gripper_controller]: Received & accepted new action goal
[pick_dropped_bottle-12] [INFO] [1776901345.592732657] [pick_dropped_bottle_node]: Gripper reached position=0.007 stalled=False reached_goal=True
[pick_dropped_bottle-12] [INFO] [1776901345.593653422] [pick_dropped_bottle_node]: Detached object obj_0 from end_effector_link.
[adl_ui-15] 127.0.0.1 - - [22/Apr/2026 19:42:25] "GET /status_json HTTP/1.1" 200 -
[pick_dropped_bottle-12] [INFO] [1776901345.795705297] [pick_dropped_bottle_node]: Removed collision object obj_0 from planning scene.
[ros2_control_node-1] [WARN] [1776901345.982412635] [controller_manager]: Overrun might occur, Total time : 2361.500 us (Expected < 1000.000 us) --> Read time : 36.325 us, Update time : 248.195 us, Write time : 2076.980 us
[ros2_control_node-1] [WARN] [1776901345.982479878] [controller_manager]: Overrun detected! The controller manager missed its desired rate of 1000 Hz. The loop took 2.473464 ms (missed cycles : 3).
[pick_dropped_bottle-12] [INFO] [1776901346.254552331] [pick_dropped_bottle_node]: Removed temporary table-top keepout 'pick_dropped_bottle_transport_table_keepout'.
[pick_dropped_bottle-12] [WARN] [1776901346.355444021] [pick_dropped_bottle_node]: Recovering motion state. pick_dropped_bottle failed
[adl_ui-15] 127.0.0.1 - - [22/Apr/2026 19:42:26] "GET /status_json HTTP/1.1" 200 -
[pick_dropped_bottle-12] [INFO] [1776901346.488964595] [pick_dropped_bottle_node]: go_home: planning to HOME_JOINTS...
[vision_apriltag-9] [INFO] [1776901346.756106884] [vision_apriltag_node]: Vision AprilTag: scene is locked; detection publishing is paused.
[ros2_control_node-1] [WARN] [1776901346.983761019] [controller_manager]: Overrun might occur, Total time : 3699.902 us (Expected < 1000.000 us) --> Read time : 108.649 us, Update time : 544.052 us, Write time : 3047.201 us
[ros2_control_node-1] [WARN] [1776901346.983828067] [controller_manager]: Overrun detected! The controller manager missed its desired rate of 1000 Hz. The loop took 3.821604 ms (missed cycles : 4).
[adl_ui-15] 127.0.0.1 - - [22/Apr/2026 19:42:27] "GET /status_json HTTP/1.1" 200 -
[wrist_camera_usb_publisher-8] [INFO] [1776901347.458667711] [wrist_camera_usb_publisher_node]: USB camera publisher heartbeat: publishing 1280x720 frames on /wrist_mounted_camera/image; camera_info fx=920.87, fy=921.57, cx=644.76, cy=343.15.
[move_group-20] [ERROR] [1776901347.624726703] [move_group.moveit.moveit.core.conversions]: Found empty JointState message
[pick_dropped_bottle-12] [ERROR] [1776901347.628628205] [pick_dropped_bottle_node]: Start state: INVALID — 3 contact(s):
[pick_dropped_bottle-12] [ERROR] [1776901347.629316611] [pick_dropped_bottle_node]:   COLLISION: robotiq_85_left_finger_link <-> table_edge_lip_front, depth=0.0244m
[pick_dropped_bottle-12] [ERROR] [1776901347.629945905] [pick_dropped_bottle_node]:   COLLISION: robotiq_85_left_finger_tip_link <-> table_edge_lip_front, depth=0.0026m
[pick_dropped_bottle-12] [ERROR] [1776901347.630582541] [pick_dropped_bottle_node]:   COLLISION: robotiq_85_left_knuckle_link <-> table_edge_lip_front, depth=0.0010m
[move_group-20] [INFO] [1776901347.631542077] [move_group.moveit.moveit.ros.move_group.move_action]: MoveGroupMoveAction: Received request
[move_group-20] [INFO] [1776901347.631737164] [move_group.moveit.moveit.ros.move_group.move_action]: executing..
[move_group-20] [INFO] [1776901347.640873741] [move_group.moveit.moveit.ros.move_group.move_action]: Combined planning and execution request received for MoveGroup action. Forwarding to planning and execution pipeline.
[move_group-20] [WARN] [1776901347.640934989] [move_group.moveit.moveit.ros.move_group.capability]: Execution of motions should always start at the robot's current state. Ignoring the state supplied as start state in the motion planning request
[move_group-20] [WARN] [1776901347.640955975] [move_group.moveit.moveit.ros.move_group.capability]: Execution of motions should always start at the robot's current state. Ignoring the state supplied as difference in the planning scene diff
[move_group-20] [INFO] [1776901347.640967562] [move_group.moveit.moveit.ros.plan_execution]: Planning attempt 1 of at most 1
[move_group-20] [INFO] [1776901347.641247292] [move_group]: Calling PlanningRequestAdapter 'ResolveConstraintFrames'
[move_group-20] [INFO] [1776901347.641277304] [move_group]: Calling PlanningRequestAdapter 'ValidateWorkspaceBounds'
[move_group-20] [INFO] [1776901347.641305137] [move_group]: Calling PlanningRequestAdapter 'CheckStartStateBounds'
[move_group-20] [INFO] [1776901347.641333384] [move_group]: Calling PlanningRequestAdapter 'CheckStartStateCollision'
[move_group-20] [ERROR] [1776901347.641476985] [move_group]: PlanningRequestAdapter 'CheckStartStateCollision' failed, because '3 contact(s) detected : robotiq_85_left_finger_link - table_edge_lip_front, robotiq_85_left_finger_tip_link - table_edge_lip_front, robotiq_85_left_knuckle_link - table_edge_lip_front, '. Aborting planning pipeline.
[move_group-20] [INFO] [1776901347.641567520] [move_group.moveit.moveit.ros.move_group.move_action]: START_STATE_IN_COLLISION
[pick_dropped_bottle-12] [ERROR] [1776901347.647382198] [pick_dropped_bottle_node]: MoveGroup execution failed.
[pick_dropped_bottle-12]   error_code.val = -10
[pick_dropped_bottle-12]   group_name      = manipulator
[pick_dropped_bottle-12]   num_attempts    = 10
[pick_dropped_bottle-12]   allowed_time    = 20.0
[pick_dropped_bottle-12]   vel_scale       = 0.25
[pick_dropped_bottle-12]   accel_scale     = 0.25
[pick_dropped_bottle-12] If this persists, check move_group / controller logs for the meaning of this code (often control abort, invalid start state, or planning pipeline failure).
[pick_dropped_bottle-12] [WARN] [1776901347.648236771] [pick_dropped_bottle_node]: _recover_after_failure(): MoveGroup error_code=-10
[adl_ui-15] 127.0.0.1 - - [22/Apr/2026 19:42:27] "GET /status_json HTTP/1.1" 200 -
[joint_state_sanitizer-3] [WARN] [1776901347.978161930] [joint_state_sanitizer_node]: [joint_state_sanitizer] Published sanitized joint state: joint_3:+3.142->+3.132
[ros2_control_node-1] [WARN] [1776901347.986852832] [controller_manager]: Overrun might occur, Total time : 2820.464 us (Expected < 1000.000 us) --> Read time : 46.083 us, Update time : 257.665 us, Write time : 2516.716 us
[ros2_control_node-1] [WARN] [1776901347.986913457] [controller_manager]: Overrun detected! The controller manager missed its desired rate of 1000 Hz. The loop took 2.907309 ms (missed cycles : 3).
[adl_ui-15] 127.0.0.1 - - [22/Apr/2026 19:42:28] "GET /status_json HTTP/1.1" 200 -
[vision_apriltag-9] [INFO] [1776901348.756149151] [vision_apriltag_node]: Vision AprilTag: scene is locked; detection publishing is paused.
[pick_dropped_bottle-12] [ERROR] [1776901348.853040452] [pick_dropped_bottle_node]: go_home: failed. Not attempting automatic collision-disabled recovery on hardware.
[pick_dropped_bottle-12] [WARN] [1776901348.853737909] [pick_dropped_bottle_node]: Recovery: go_home failed; trying bridge fallback.
[pick_dropped_bottle-12] [INFO] [1776901348.854420661] [pick_dropped_bottle_node]: [recover_motion] Inter-object bridge target: pos=(0.450, 0.000, 0.580), ori=(0.000, 0.000, 0.000, 1.000)
[pick_dropped_bottle-12] [INFO] [1776901348.855054813] [pick_dropped_bottle_node]: go_to_position: (0.450,0.000, 0.580) - orientation free
[move_group-20] [ERROR] [1776901348.855872726] [move_group.moveit.moveit.core.conversions]: Found empty JointState message
[pick_dropped_bottle-12] [ERROR] [1776901348.858742223] [pick_dropped_bottle_node]: Start state: INVALID — 3 contact(s):
[pick_dropped_bottle-12] [ERROR] [1776901348.859179838] [pick_dropped_bottle_node]:   COLLISION: robotiq_85_left_finger_link <-> table_edge_lip_front, depth=0.0244m
[pick_dropped_bottle-12] [ERROR] [1776901348.859648471] [pick_dropped_bottle_node]:   COLLISION: robotiq_85_left_finger_tip_link <-> table_edge_lip_front, depth=0.0026m
[pick_dropped_bottle-12] [ERROR] [1776901348.860124188] [pick_dropped_bottle_node]:   COLLISION: robotiq_85_left_knuckle_link <-> table_edge_lip_front, depth=0.0010m
[move_group-20] [INFO] [1776901348.861150752] [move_group.moveit.moveit.ros.move_group.move_action]: MoveGroupMoveAction: Received request
[move_group-20] [INFO] [1776901348.861340478] [move_group.moveit.moveit.ros.move_group.move_action]: executing..
[move_group-20] [INFO] [1776901348.880939360] [move_group.moveit.moveit.ros.move_group.move_action]: Combined planning and execution request received for MoveGroup action. Forwarding to planning and execution pipeline.
[move_group-20] [WARN] [1776901348.880998079] [move_group.moveit.moveit.ros.move_group.capability]: Execution of motions should always start at the robot's current state. Ignoring the state supplied as start state in the motion planning request
[move_group-20] [WARN] [1776901348.881020030] [move_group.moveit.moveit.ros.move_group.capability]: Execution of motions should always start at the robot's current state. Ignoring the state supplied as difference in the planning scene diff
[move_group-20] [INFO] [1776901348.881034966] [move_group.moveit.moveit.ros.plan_execution]: Planning attempt 1 of at most 1
[move_group-20] [INFO] [1776901348.881316336] [move_group]: Calling PlanningRequestAdapter 'ResolveConstraintFrames'
[move_group-20] [INFO] [1776901348.881350662] [move_group]: Calling PlanningRequestAdapter 'ValidateWorkspaceBounds'
[move_group-20] [INFO] [1776901348.881369257] [move_group]: Calling PlanningRequestAdapter 'CheckStartStateBounds'
[move_group-20] [INFO] [1776901348.881401498] [move_group]: Calling PlanningRequestAdapter 'CheckStartStateCollision'
[move_group-20] [ERROR] [1776901348.881534069] [move_group]: PlanningRequestAdapter 'CheckStartStateCollision' failed, because '3 contact(s) detected : robotiq_85_left_finger_link - table_edge_lip_front, robotiq_85_left_finger_tip_link - table_edge_lip_front, robotiq_85_left_knuckle_link - table_edge_lip_front, '. Aborting planning pipeline.
[move_group-20] [INFO] [1776901348.881627407] [move_group.moveit.moveit.ros.move_group.move_action]: START_STATE_IN_COLLISION
[pick_dropped_bottle-12] [ERROR] [1776901348.887860195] [pick_dropped_bottle_node]: MoveGroup execution failed.
[pick_dropped_bottle-12]   error_code.val = -10
[pick_dropped_bottle-12]   group_name      = manipulator
[pick_dropped_bottle-12]   num_attempts    = 10
[pick_dropped_bottle-12]   allowed_time    = 10.0
[pick_dropped_bottle-12]   vel_scale       = 0.25
[pick_dropped_bottle-12]   accel_scale     = 0.25
[pick_dropped_bottle-12] If this persists, check move_group / controller logs for the meaning of this code (often control abort, invalid start state, or planning pipeline failure).
[pick_dropped_bottle-12] [WARN] [1776901348.888722106] [pick_dropped_bottle_node]: _recover_after_failure(): MoveGroup error_code=-10
[ros2_control_node-1] [WARN] [1776901348.990072467] [controller_manager]: Overrun might occur, Total time : 3048.816 us (Expected < 1000.000 us) --> Read time : 31.112 us, Update time : 296.783 us, Write time : 2720.921 us
[ros2_control_node-1] [WARN] [1776901348.990120671] [controller_manager]: Overrun detected! The controller manager missed its desired rate of 1000 Hz. The loop took 3.114735 ms (missed cycles : 4).
[adl_ui-15] 127.0.0.1 - - [22/Apr/2026 19:42:29] "GET /status_json HTTP/1.1" 200 -
[ros2_control_node-1] [WARN] [1776901349.992670996] [controller_manager]: Overrun might occur, Total time : 2620.521 us (Expected < 1000.000 us) --> Read time : 69.810 us, Update time : 270.978 us, Write time : 2279.733 us
[ros2_control_node-1] [WARN] [1776901349.992754496] [controller_manager]: Overrun detected! The controller manager missed its desired rate of 1000 Hz. The loop took 2.748620 ms (missed cycles : 3).
[pick_dropped_bottle-12] [INFO] [1776901350.092495956] [pick_dropped_bottle_node]: [recover_motion] Inter-object bridge move: FAILED.
[pick_dropped_bottle-12] [INFO] [1776901350.095313334] [pick_dropped_bottle_node]: Scene UNLOCKED.
[scene_from_vision-10] [INFO] [1776901350.101845847] [scene_from_vision_node]: Scene UNLOCKED - updates resuming.
[adl_ui-15] 127.0.0.1 - - [22/Apr/2026 19:42:30] "GET /status_json HTTP/1.1" 200 -
[adl_controller-11] [INFO] [1776901350.231993110] [adl_controller_node]: is_near_retract: current arm is not at target (worst=joint_7:1.420 rad > 0.100).
[adl_controller-11] [INFO] [1776901350.233490923] [adl_controller_node]: is_near_home: current arm is not at target (worst=joint_7:1.420 rad > 0.100).
[adl_controller-11] [INFO] [1776901350.234328816] [adl_controller_node]: go_retract: planning to RETRACT_JOINTS...
[move_group-20] [ERROR] [1776901350.236351292] [move_group.moveit.moveit.core.conversions]: Found empty JointState message
[adl_controller-11] [ERROR] [1776901350.240723791] [adl_controller_node]: Start state: INVALID — 3 contact(s):
[adl_controller-11] [ERROR] [1776901350.243024106] [adl_controller_node]:   COLLISION: robotiq_85_left_finger_link <-> table_edge_lip_front, depth=0.0244m
[pick_dropped_bottle-12] [INFO] [1776901350.246245530] [pick_dropped_bottle_node]: Parking arm to retract pose (task exit).
[adl_controller-11] [ERROR] [1776901350.247101545] [adl_controller_node]:   COLLISION: robotiq_85_left_finger_tip_link <-> table_edge_lip_front, depth=0.0026m
[adl_controller-11] [ERROR] [1776901350.249812349] [adl_controller_node]:   COLLISION: robotiq_85_left_knuckle_link <-> table_edge_lip_front, depth=0.0010m
[move_group-20] [INFO] [1776901350.253311520] [move_group.moveit.moveit.ros.move_group.move_action]: MoveGroupMoveAction: Received request
[move_group-20] [INFO] [1776901350.253571887] [move_group.moveit.moveit.ros.move_group.move_action]: executing..
[move_group-20] [INFO] [1776901350.263137454] [move_group.moveit.moveit.ros.move_group.move_action]: Combined planning and execution request received for MoveGroup action. Forwarding to planning and execution pipeline.
[move_group-20] [WARN] [1776901350.263214721] [move_group.moveit.moveit.ros.move_group.capability]: Execution of motions should always start at the robot's current state. Ignoring the state supplied as start state in the motion planning request
[move_group-20] [WARN] [1776901350.263239856] [move_group.moveit.moveit.ros.move_group.capability]: Execution of motions should always start at the robot's current state. Ignoring the state supplied as difference in the planning scene diff
[move_group-20] [INFO] [1776901350.263252551] [move_group.moveit.moveit.ros.plan_execution]: Planning attempt 1 of at most 1
[move_group-20] [INFO] [1776901350.263612730] [move_group]: Calling PlanningRequestAdapter 'ResolveConstraintFrames'
[move_group-20] [INFO] [1776901350.263645733] [move_group]: Calling PlanningRequestAdapter 'ValidateWorkspaceBounds'
[move_group-20] [INFO] [1776901350.263663485] [move_group]: Calling PlanningRequestAdapter 'CheckStartStateBounds'
[move_group-20] [INFO] [1776901350.263696512] [move_group]: Calling PlanningRequestAdapter 'CheckStartStateCollision'
[move_group-20] [ERROR] [1776901350.263843545] [move_group]: PlanningRequestAdapter 'CheckStartStateCollision' failed, because '3 contact(s) detected : robotiq_85_left_finger_link - table_edge_lip_front, robotiq_85_left_finger_tip_link - table_edge_lip_front, robotiq_85_left_knuckle_link - table_edge_lip_front, '. Aborting planning pipeline.
[move_group-20] [INFO] [1776901350.263944602] [move_group.moveit.moveit.ros.move_group.move_action]: START_STATE_IN_COLLISION
[adl_controller-11] [ERROR] [1776901350.296398810] [adl_controller_node]: MoveGroup execution failed.
[adl_controller-11]   error_code.val = -10
[adl_controller-11]   group_name      = manipulator
[adl_controller-11]   num_attempts    = 10
[adl_controller-11]   allowed_time    = 15.0
[adl_controller-11]   vel_scale       = 0.25
[adl_controller-11]   accel_scale     = 0.25
[adl_controller-11] If this persists, check move_group / controller logs for the meaning of this code (often control abort, invalid start state, or planning pipeline failure).
[adl_controller-11] [WARN] [1776901350.297051894] [adl_controller_node]: _recover_after_failure(): MoveGroup error_code=-10
[pick_dropped_bottle-12] [INFO] [1776901350.388682915] [pick_dropped_bottle_node]: go_retract: planning to RETRACT_JOINTS...
[move_group-20] [ERROR] [1776901350.389619399] [move_group.moveit.moveit.core.conversions]: Found empty JointState message
[pick_dropped_bottle-12] [ERROR] [1776901350.393869071] [pick_dropped_bottle_node]: Start state: INVALID — 3 contact(s):
[pick_dropped_bottle-12] [ERROR] [1776901350.394760921] [pick_dropped_bottle_node]:   COLLISION: robotiq_85_left_finger_link <-> table_edge_lip_front, depth=0.0244m
[pick_dropped_bottle-12] [ERROR] [1776901350.395564879] [pick_dropped_bottle_node]:   COLLISION: robotiq_85_left_finger_tip_link <-> table_edge_lip_front, depth=0.0026m
[pick_dropped_bottle-12] [ERROR] [1776901350.397286969] [pick_dropped_bottle_node]:   COLLISION: robotiq_85_left_knuckle_link <-> table_edge_lip_front, depth=0.0010m
[move_group-20] [INFO] [1776901350.398816736] [move_group.moveit.moveit.ros.move_group.move_action]: MoveGroupMoveAction: Received request
[move_group-20] [INFO] [1776901350.399676670] [move_group.moveit.moveit.ros.move_group.move_action]: executing..
[move_group-20] [INFO] [1776901350.406032338] [move_group.moveit.moveit.ros.move_group.move_action]: Combined planning and execution request received for MoveGroup action. Forwarding to planning and execution pipeline.
[move_group-20] [WARN] [1776901350.406105034] [move_group.moveit.moveit.ros.move_group.capability]: Execution of motions should always start at the robot's current state. Ignoring the state supplied as start state in the motion planning request
[move_group-20] [WARN] [1776901350.406129905] [move_group.moveit.moveit.ros.move_group.capability]: Execution of motions should always start at the robot's current state. Ignoring the state supplied as difference in the planning scene diff
[move_group-20] [INFO] [1776901350.406142984] [move_group.moveit.moveit.ros.plan_execution]: Planning attempt 1 of at most 1
[move_group-20] [INFO] [1776901350.406663440] [move_group]: Calling PlanningRequestAdapter 'ResolveConstraintFrames'
[move_group-20] [INFO] [1776901350.406699472] [move_group]: Calling PlanningRequestAdapter 'ValidateWorkspaceBounds'
[move_group-20] [INFO] [1776901350.406715987] [move_group]: Calling PlanningRequestAdapter 'CheckStartStateBounds'
[move_group-20] [INFO] [1776901350.406746531] [move_group]: Calling PlanningRequestAdapter 'CheckStartStateCollision'
[move_group-20] [ERROR] [1776901350.406884179] [move_group]: PlanningRequestAdapter 'CheckStartStateCollision' failed, because '3 contact(s) detected : robotiq_85_left_finger_link - table_edge_lip_front, robotiq_85_left_finger_tip_link - table_edge_lip_front, robotiq_85_left_knuckle_link - table_edge_lip_front, '. Aborting planning pipeline.
[move_group-20] [INFO] [1776901350.406982521] [move_group.moveit.moveit.ros.move_group.move_action]: START_STATE_IN_COLLISION
[pick_dropped_bottle-12] [ERROR] [1776901350.426527366] [pick_dropped_bottle_node]: MoveGroup execution failed.
[pick_dropped_bottle-12]   error_code.val = -10
[pick_dropped_bottle-12]   group_name      = manipulator
[pick_dropped_bottle-12]   num_attempts    = 10
[pick_dropped_bottle-12]   allowed_time    = 15.0
[pick_dropped_bottle-12]   vel_scale       = 0.25
[pick_dropped_bottle-12]   accel_scale     = 0.25
[pick_dropped_bottle-12] If this persists, check move_group / controller logs for the meaning of this code (often control abort, invalid start state, or planning pipeline failure).
[pick_dropped_bottle-12] [WARN] [1776901350.429446559] [pick_dropped_bottle_node]: _recover_after_failure(): MoveGroup error_code=-10
[vision_apriltag-9] [INFO] [1776901350.617902076] [vision_apriltag_node]: Vision AprilTag detection debug: no tags found after raw/CLAHE/sharp/adaptive/upscaled/tiled passes.
[vision_apriltag-9] [INFO] [1776901350.757501621] [vision_apriltag_node]: Vision AprilTag: images are arriving, but no AprilTag has been seen for 36.6s.
[adl_ui-15] 127.0.0.1 - - [22/Apr/2026 19:42:30] "GET /status_json HTTP/1.1" 200 -
[ros2_control_node-1] [WARN] [1776901350.995270420] [controller_manager]: Overrun might occur, Total time : 3240.842 us (Expected < 1000.000 us) --> Read time : 36.852 us, Update time : 254.339 us, Write time : 2949.651 us
[ros2_control_node-1] [WARN] [1776901350.995347202] [controller_manager]: Overrun detected! The controller manager missed its desired rate of 1000 Hz. The loop took 3.340325 ms (missed cycles : 4).
[adl_controller-11] [INFO] [1776901351.600719374] [adl_controller_node]: is_near_retract: current arm is not at target (worst=joint_7:1.420 rad > 0.100).
[adl_controller-11] [INFO] [1776901351.601526971] [adl_controller_node]: is_near_home: current arm is not at target (worst=joint_7:1.420 rad > 0.100).
[adl_controller-11] [WARN] [1776901351.602407792] [adl_controller_node]: Retract park did not complete cleanly; trying go_home fallback.
[adl_controller-11] [INFO] [1776901351.603043631] [adl_controller_node]: go_home: planning to HOME_JOINTS...
[pick_dropped_bottle-12] [WARN] [1776901351.644913099] [pick_dropped_bottle_node]: go_retract failed; trying go_home fallback.
[pick_dropped_bottle-12] [INFO] [1776901351.645520273] [pick_dropped_bottle_node]: go_home: planning to HOME_JOINTS...
[adl_ui-15] 127.0.0.1 - - [22/Apr/2026 19:42:31] "GET /status_json HTTP/1.1" 200 -
[vision_apriltag-9] [INFO] [1776901351.923013949] [vision_apriltag_node]: Service: Tag 0 found and base-frame pose returned.
[ros2_control_node-1] [WARN] [1776901351.996797067] [controller_manager]: Overrun might occur, Total time : 2760.499 us (Expected < 1000.000 us) --> Read time : 55.817 us, Update time : 319.187 us, Write time : 2385.495 us
[ros2_control_node-1] [WARN] [1776901351.996891019] [controller_manager]: Overrun detected! The controller manager missed its desired rate of 1000 Hz. The loop took 2.883157 ms (missed cycles : 3).
[vision_apriltag-9] [INFO] [1776901352.367093578] [vision_apriltag_node]: Service: Tag 0 found and base-frame pose returned.
[wrist_camera_usb_publisher-8] [INFO] [1776901352.460905333] [wrist_camera_usb_publisher_node]: USB camera publisher heartbeat: publishing 1280x720 frames on /wrist_mounted_camera/image; camera_info fx=920.87, fy=921.57, cx=644.76, cy=343.15.
[adl_ui-15] 127.0.0.1 - - [22/Apr/2026 19:42:32] "GET /status_json HTTP/1.1" 200 -
[move_group-20] [ERROR] [1776901352.744514453] [move_group.moveit.moveit.core.conversions]: Found empty JointState message
[adl_controller-11] [ERROR] [1776901352.747758869] [adl_controller_node]: Start state: INVALID — 3 contact(s):
[adl_controller-11] [ERROR] [1776901352.748552017] [adl_controller_node]:   COLLISION: robotiq_85_left_finger_link <-> table_edge_lip_front, depth=0.0244m
[adl_controller-11] [ERROR] [1776901352.749349551] [adl_controller_node]:   COLLISION: robotiq_85_left_finger_tip_link <-> table_edge_lip_front, depth=0.0026m
[adl_controller-11] [ERROR] [1776901352.750160549] [adl_controller_node]:   COLLISION: robotiq_85_left_knuckle_link <-> table_edge_lip_front, depth=0.0010m
[move_group-20] [INFO] [1776901352.751254043] [move_group.moveit.moveit.ros.move_group.move_action]: MoveGroupMoveAction: Received request
[move_group-20] [INFO] [1776901352.751947440] [move_group.moveit.moveit.ros.move_group.move_action]: executing..
[move_group-20] [INFO] [1776901352.762730617] [move_group.moveit.moveit.ros.move_group.move_action]: Combined planning and execution request received for MoveGroup action. Forwarding to planning and execution pipeline.
[move_group-20] [WARN] [1776901352.762790445] [move_group.moveit.moveit.ros.move_group.capability]: Execution of motions should always start at the robot's current state. Ignoring the state supplied as start state in the motion planning request
[move_group-20] [WARN] [1776901352.762811878] [move_group.moveit.moveit.ros.move_group.capability]: Execution of motions should always start at the robot's current state. Ignoring the state supplied as difference in the planning scene diff
[move_group-20] [INFO] [1776901352.762823402] [move_group.moveit.moveit.ros.plan_execution]: Planning attempt 1 of at most 1
[move_group-20] [INFO] [1776901352.763213603] [move_group]: Calling PlanningRequestAdapter 'ResolveConstraintFrames'
[move_group-20] [INFO] [1776901352.763241507] [move_group]: Calling PlanningRequestAdapter 'ValidateWorkspaceBounds'
[move_group-20] [INFO] [1776901352.763255883] [move_group]: Calling PlanningRequestAdapter 'CheckStartStateBounds'
[move_group-20] [INFO] [1776901352.763292054] [move_group]: Calling PlanningRequestAdapter 'CheckStartStateCollision'
[move_group-20] [ERROR] [1776901352.763418278] [move_group]: PlanningRequestAdapter 'CheckStartStateCollision' failed, because '3 contact(s) detected : robotiq_85_left_finger_link - table_edge_lip_front, robotiq_85_left_finger_tip_link - table_edge_lip_front, robotiq_85_left_knuckle_link - table_edge_lip_front, '. Aborting planning pipeline.
[move_group-20] [INFO] [1776901352.763501664] [move_group.moveit.moveit.ros.move_group.move_action]: START_STATE_IN_COLLISION
[adl_controller-11] [ERROR] [1776901352.767546332] [adl_controller_node]: MoveGroup execution failed.
[adl_controller-11]   error_code.val = -10
[adl_controller-11]   group_name      = manipulator
[adl_controller-11]   num_attempts    = 10
[adl_controller-11]   allowed_time    = 20.0
[adl_controller-11]   vel_scale       = 0.25
[adl_controller-11]   accel_scale     = 0.25
[adl_controller-11] If this persists, check move_group / controller logs for the meaning of this code (often control abort, invalid start state, or planning pipeline failure).
[adl_controller-11] [WARN] [1776901352.768949602] [adl_controller_node]: _recover_after_failure(): MoveGroup error_code=-10
[move_group-20] [ERROR] [1776901352.782490189] [move_group.moveit.moveit.core.conversions]: Found empty JointState message
[pick_dropped_bottle-12] [ERROR] [1776901352.790555509] [pick_dropped_bottle_node]: Start state: INVALID — 3 contact(s):
[pick_dropped_bottle-12] [ERROR] [1776901352.791739267] [pick_dropped_bottle_node]:   COLLISION: robotiq_85_left_finger_link <-> table_edge_lip_front, depth=0.0244m
[pick_dropped_bottle-12] [ERROR] [1776901352.792455289] [pick_dropped_bottle_node]:   COLLISION: robotiq_85_left_finger_tip_link <-> table_edge_lip_front, depth=0.0026m
[pick_dropped_bottle-12] [ERROR] [1776901352.793062487] [pick_dropped_bottle_node]:   COLLISION: robotiq_85_left_knuckle_link <-> table_edge_lip_front, depth=0.0010m
[move_group-20] [INFO] [1776901352.794948007] [move_group.moveit.moveit.ros.move_group.move_action]: MoveGroupMoveAction: Received request
[move_group-20] [INFO] [1776901352.796330585] [move_group.moveit.moveit.ros.move_group.move_action]: executing..
[move_group-20] [INFO] [1776901352.802475044] [move_group.moveit.moveit.ros.move_group.move_action]: Combined planning and execution request received for MoveGroup action. Forwarding to planning and execution pipeline.
[move_group-20] [WARN] [1776901352.802533735] [move_group.moveit.moveit.ros.move_group.capability]: Execution of motions should always start at the robot's current state. Ignoring the state supplied as start state in the motion planning request
[move_group-20] [WARN] [1776901352.802553746] [move_group.moveit.moveit.ros.move_group.capability]: Execution of motions should always start at the robot's current state. Ignoring the state supplied as difference in the planning scene diff
[move_group-20] [INFO] [1776901352.802578533] [move_group.moveit.moveit.ros.plan_execution]: Planning attempt 1 of at most 1
[move_group-20] [INFO] [1776901352.803098503] [move_group]: Calling PlanningRequestAdapter 'ResolveConstraintFrames'
[move_group-20] [INFO] [1776901352.803137277] [move_group]: Calling PlanningRequestAdapter 'ValidateWorkspaceBounds'
[move_group-20] [INFO] [1776901352.803155517] [move_group]: Calling PlanningRequestAdapter 'CheckStartStateBounds'
[move_group-20] [INFO] [1776901352.803198104] [move_group]: Calling PlanningRequestAdapter 'CheckStartStateCollision'
[move_group-20] [ERROR] [1776901352.803536943] [move_group]: PlanningRequestAdapter 'CheckStartStateCollision' failed, because '3 contact(s) detected : robotiq_85_left_finger_link - table_edge_lip_front, robotiq_85_left_finger_tip_link - table_edge_lip_front, robotiq_85_left_knuckle_link - table_edge_lip_front, '. Aborting planning pipeline.
[move_group-20] [INFO] [1776901352.806320488] [move_group.moveit.moveit.ros.move_group.move_action]: START_STATE_IN_COLLISION
[pick_dropped_bottle-12] [ERROR] [1776901352.825674071] [pick_dropped_bottle_node]: MoveGroup execution failed.
[pick_dropped_bottle-12]   error_code.val = -10
[pick_dropped_bottle-12]   group_name      = manipulator
[pick_dropped_bottle-12]   num_attempts    = 10
[pick_dropped_bottle-12]   allowed_time    = 20.0
[pick_dropped_bottle-12]   vel_scale       = 0.25
[pick_dropped_bottle-12]   accel_scale     = 0.25
[pick_dropped_bottle-12] If this persists, check move_group / controller logs for the meaning of this code (often control abort, invalid start state, or planning pipeline failure).
[pick_dropped_bottle-12] [WARN] [1776901352.826402850] [pick_dropped_bottle_node]: _recover_after_failure(): MoveGroup error_code=-10
[joint_state_sanitizer-3] [WARN] [1776901352.980749842] [joint_state_sanitizer_node]: [joint_state_sanitizer] Published sanitized joint state: joint_3:+3.142->+3.132
[ros2_control_node-1] [WARN] [1776901352.999886842] [controller_manager]: Overrun might occur, Total time : 2850.752 us (Expected < 1000.000 us) --> Read time : 39.241 us, Update time : 230.839 us, Write time : 2580.672 us
[ros2_control_node-1] [WARN] [1776901353.000020707] [controller_manager]: Overrun detected! The controller manager missed its desired rate of 1000 Hz. The loop took 3.012032 ms (missed cycles : 4).
[vision_apriltag-9] [INFO] [1776901353.295731974] [vision_apriltag_node]: Service: Tag 0 found and base-frame pose returned.
[adl_ui-15] 127.0.0.1 - - [22/Apr/2026 19:42:33] "GET /status_json HTTP/1.1" 200 -
[adl_controller-11] [ERROR] [1776901353.993984908] [adl_controller_node]: go_home: failed. Not attempting automatic collision-disabled recovery on hardware.
[ros2_control_node-1] [WARN] [1776901354.001400269] [controller_manager]: Overrun might occur, Total time : 4362.153 us (Expected < 1000.000 us) --> Read time : 59.084 us, Update time : 327.519 us, Write time : 3975.550 us
[ros2_control_node-1] [WARN] [1776901354.001485338] [controller_manager]: Overrun detected! The controller manager missed its desired rate of 1000 Hz. The loop took 4.477984 ms (missed cycles : 5).
[adl_ui-15] [INFO] [1776901354.054771729] [adl_ui_node]: UI command published: emergency_stop_retract
[adl_ui-15] 127.0.0.1 - - [22/Apr/2026 19:42:34] "POST /command HTTP/1.1" 200 -
[pick_dropped_bottle-12] [ERROR] [1776901354.068522709] [pick_dropped_bottle_node]: go_home: failed. Not attempting automatic collision-disabled recovery on hardware.
[adl_controller-11] [INFO] [1776901354.098260950] [adl_controller_node]: is_near_retract: current arm is not at target (worst=joint_7:1.420 rad > 0.100).
[adl_controller-11] [INFO] [1776901354.099514815] [adl_controller_node]: is_near_home: current arm is not at target (worst=joint_7:1.420 rad > 0.100).
[adl_controller-11] [INFO] [1776901354.100418739] [adl_controller_node]: is_near_retract: current arm is not at target (worst=joint_7:1.420 rad > 0.100).
[adl_controller-11] [INFO] [1776901354.101303239] [adl_controller_node]: is_near_home: current arm is not at target (worst=joint_7:1.420 rad > 0.100).
[adl_ui-15] 127.0.0.1 - - [22/Apr/2026 19:42:34] "GET /status_json HTTP/1.1" 200 -
[vision_apriltag-9] [INFO] [1776901354.130982347] [vision_apriltag_node]: Service: Tag 0 found and base-frame pose returned.
[adl_controller-11] [INFO] [1776901354.352034979] [adl_controller_node]: is_near_retract: current arm is not at target (worst=joint_7:1.420 rad > 0.100).
[adl_controller-11] [INFO] [1776901354.352736503] [adl_controller_node]: is_near_home: current arm is not at target (worst=joint_7:1.420 rad > 0.100).
[adl_controller-11] [INFO] [1776901354.603576966] [adl_controller_node]: is_near_retract: current arm is not at target (worst=joint_7:1.420 rad > 0.100).
[adl_controller-11] [INFO] [1776901354.604410947] [adl_controller_node]: is_near_home: current arm is not at target (worst=joint_7:1.420 rad > 0.100).
[vision_apriltag-9] [INFO] [1776901354.757863104] [vision_apriltag_node]: Vision AprilTag: images are arriving, but no AprilTag has been seen for 2.9s.
[adl_ui-15] 127.0.0.1 - - [22/Apr/2026 19:42:34] "GET /status_json HTTP/1.1" 200 -
[adl_controller-11] [INFO] [1776901354.858356514] [adl_controller_node]: is_near_retract: current arm is not at target (worst=joint_7:1.420 rad > 0.100).
[adl_controller-11] [INFO] [1776901354.861608936] [adl_controller_node]: is_near_home: current arm is not at target (worst=joint_7:1.420 rad > 0.100).
[ros2_control_node-1] [WARN] [1776901355.002715319] [controller_manager]: Overrun might occur, Total time : 3689.502 us (Expected < 1000.000 us) --> Read time : 35.873 us, Update time : 211.621 us, Write time : 3442.008 us
[ros2_control_node-1] [WARN] [1776901355.002790226] [controller_manager]: Overrun detected! The controller manager missed its desired rate of 1000 Hz. The loop took 3.783203 ms (missed cycles : 4).
[adl_controller-11] [INFO] [1776901355.114209328] [adl_controller_node]: is_near_retract: current arm is not at target (worst=joint_7:1.420 rad > 0.100).
[adl_controller-11] [INFO] [1776901355.115058546] [adl_controller_node]: is_near_home: current arm is not at target (worst=joint_7:1.420 rad > 0.100).
[vision_apriltag-9] [INFO] [1776901355.130764225] [vision_apriltag_node]: Service: Tag 0 found and base-frame pose returned.
[adl_controller-11] [INFO] [1776901355.366524544] [adl_controller_node]: is_near_retract: current arm is not at target (worst=joint_7:1.420 rad > 0.100).
[adl_controller-11] [INFO] [1776901355.367740341] [adl_controller_node]: is_near_home: current arm is not at target (worst=joint_7:1.420 rad > 0.100).
[adl_ui-15] 127.0.0.1 - - [22/Apr/2026 19:42:35] "GET /status_json HTTP/1.1" 200 -
[adl_controller-11] [INFO] [1776901355.619073789] [adl_controller_node]: is_near_retract: current arm is not at target (worst=joint_7:1.420 rad > 0.100).
[adl_controller-11] [INFO] [1776901355.620054946] [adl_controller_node]: is_near_home: current arm is not at target (worst=joint_7:1.420 rad > 0.100).
[adl_controller-11] [INFO] [1776901355.871067309] [adl_controller_node]: is_near_retract: current arm is not at target (worst=joint_7:1.420 rad > 0.100).
[adl_controller-11] [INFO] [1776901355.871875810] [adl_controller_node]: is_near_home: current arm is not at target (worst=joint_7:1.420 rad > 0.100).
[vision_apriltag-9] [INFO] [1776901355.910790257] [vision_apriltag_node]: Vision AprilTag detection debug: no tags found after raw/CLAHE/sharp/adaptive/upscaled/tiled passes.
[ros2_control_node-1] [WARN] [1776901356.005972665] [controller_manager]: Overrun might occur, Total time : 2934.227 us (Expected < 1000.000 us) --> Read time : 49.404 us, Update time : 251.435 us, Write time : 2633.388 us
[ros2_control_node-1] [WARN] [1776901356.006064781] [controller_manager]: Overrun detected! The controller manager missed its desired rate of 1000 Hz. The loop took 3.057043 ms (missed cycles : 4).
[adl_controller-11] [INFO] [1776901356.125762009] [adl_controller_node]: is_near_retract: current arm is not at target (worst=joint_7:1.420 rad > 0.100).
[adl_controller-11] [INFO] [1776901356.128714030] [adl_controller_node]: is_near_home: current arm is not at target (worst=joint_7:1.420 rad > 0.100).
[adl_ui-15] 127.0.0.1 - - [22/Apr/2026 19:42:36] "GET /status_json HTTP/1.1" 200 -
[adl_controller-11] [INFO] [1776901356.389896297] [adl_controller_node]: is_near_retract: current arm is not at target (worst=joint_7:1.420 rad > 0.100).
[adl_controller-11] [INFO] [1776901356.392717340] [adl_controller_node]: is_near_home: current arm is not at target (worst=joint_7:1.420 rad > 0.100).
[vision_apriltag-9] [INFO] [1776901356.435988103] [vision_apriltag_node]: Service: Tag 0 found and base-frame pose returned.
[adl_controller-11] [INFO] [1776901356.646240876] [adl_controller_node]: is_near_retract: current arm is not at target (worst=joint_7:1.420 rad > 0.100).
[adl_controller-11] [INFO] [1776901356.647082492] [adl_controller_node]: is_near_home: current arm is not at target (worst=joint_7:1.420 rad > 0.100).
[vision_apriltag-9] [INFO] [1776901356.758955635] [vision_apriltag_node]: Vision AprilTag: images are arriving, but no AprilTag has been seen for 4.9s.
[adl_controller-11] [INFO] [1776901356.898063720] [adl_controller_node]: is_near_retract: current arm is not at target (worst=joint_7:1.420 rad > 0.100).
[adl_controller-11] [INFO] [1776901356.898811911] [adl_controller_node]: is_near_home: current arm is not at target (worst=joint_7:1.420 rad > 0.100).
[ros2_control_node-1] [WARN] [1776901357.008484848] [controller_manager]: Overrun might occur, Total time : 2413.665 us (Expected < 1000.000 us) --> Read time : 30.187 us, Update time : 216.527 us, Write time : 2166.951 us
[ros2_control_node-1] [WARN] [1776901357.008610402] [controller_manager]: Overrun detected! The controller manager missed its desired rate of 1000 Hz. The loop took 2.602461 ms (missed cycles : 3).
[adl_ui-15] 127.0.0.1 - - [22/Apr/2026 19:42:37] "GET /status_json HTTP/1.1" 200 -
[vision_apriltag-9] [INFO] [1776901357.131640524] [vision_apriltag_node]: Service: Tag 0 found and base-frame pose returned.
[adl_controller-11] [INFO] [1776901357.149913791] [adl_controller_node]: is_near_retract: current arm is not at target (worst=joint_7:1.420 rad > 0.100).
[adl_controller-11] [INFO] [1776901357.150737991] [adl_controller_node]: is_near_home: current arm is not at target (worst=joint_7:1.420 rad > 0.100).
[adl_controller-11] [INFO] [1776901357.402676664] [adl_controller_node]: is_near_retract: current arm is not at target (worst=joint_7:1.420 rad > 0.100).
[adl_controller-11] [INFO] [1776901357.403937977] [adl_controller_node]: is_near_home: current arm is not at target (worst=joint_7:1.420 rad > 0.100).
[wrist_camera_usb_publisher-8] [INFO] [1776901357.620225045] [wrist_camera_usb_publisher_node]: USB camera publisher heartbeat: publishing 1280x720 frames on /wrist_mounted_camera/image; camera_info fx=920.87, fy=921.57, cx=644.76, cy=343.15.
[adl_controller-11] [INFO] [1776901357.655214577] [adl_controller_node]: is_near_retract: current arm is not at target (worst=joint_7:1.420 rad > 0.100).
[adl_controller-11] [INFO] [1776901357.657054844] [adl_controller_node]: is_near_home: current arm is not at target (worst=joint_7:1.420 rad > 0.100).
[adl_ui-15] 127.0.0.1 - - [22/Apr/2026 19:42:37] "GET /status_json HTTP/1.1" 200 -
[adl_controller-11] [INFO] [1776901357.908793376] [adl_controller_node]: is_near_retract: current arm is not at target (worst=joint_7:1.420 rad > 0.100).
[adl_controller-11] [INFO] [1776901357.909630904] [adl_controller_node]: is_near_home: current arm is not at target (worst=joint_7:1.420 rad > 0.100).
[joint_state_sanitizer-3] [WARN] [1776901357.982604791] [joint_state_sanitizer_node]: [joint_state_sanitizer] Published sanitized joint state: joint_3:+3.142->+3.132
[ros2_control_node-1] [WARN] [1776901358.008878318] [controller_manager]: Overrun might occur, Total time : 3796.738 us (Expected < 1000.000 us) --> Read time : 150.434 us, Update time : 580.966 us, Write time : 3065.338 us
[ros2_control_node-1] [WARN] [1776901358.008975559] [controller_manager]: Overrun detected! The controller manager missed its desired rate of 1000 Hz. The loop took 3.968253 ms (missed cycles : 4).
[vision_apriltag-9] [INFO] [1776901358.132283934] [vision_apriltag_node]: Service: Tag 0 found and base-frame pose returned.
[adl_controller-11] [INFO] [1776901358.161054409] [adl_controller_node]: is_near_retract: current arm is not at target (worst=joint_7:1.420 rad > 0.100).
[adl_controller-11] [INFO] [1776901358.162509317] [adl_controller_node]: is_near_home: current arm is not at target (worst=joint_7:1.420 rad > 0.100).
[adl_controller-11] [INFO] [1776901358.414174137] [adl_controller_node]: is_near_retract: current arm is not at target (worst=joint_7:1.420 rad > 0.100).
[adl_controller-11] [INFO] [1776901358.416442855] [adl_controller_node]: is_near_home: current arm is not at target (worst=joint_7:1.420 rad > 0.100).
[adl_ui-15] 127.0.0.1 - - [22/Apr/2026 19:42:38] "GET /status_json HTTP/1.1" 200 -
[adl_controller-11] [INFO] [1776901358.668174997] [adl_controller_node]: is_near_retract: current arm is not at target (worst=joint_7:1.420 rad > 0.100).
[adl_controller-11] [INFO] [1776901358.669619138] [adl_controller_node]: is_near_home: current arm is not at target (worst=joint_7:1.420 rad > 0.100).
[adl_controller-11] [INFO] [1776901358.921171540] [adl_controller_node]: is_near_retract: current arm is not at target (worst=joint_7:1.420 rad > 0.100).
[adl_controller-11] [INFO] [1776901358.927806892] [adl_controller_node]: is_near_home: current arm is not at target (worst=joint_7:1.420 rad > 0.100).
[vision_apriltag-9] [INFO] [1776901358.981697604] [vision_apriltag_node]: Vision AprilTag: images are arriving, but no AprilTag has been seen for 7.1s.
[ros2_control_node-1] [WARN] [1776901359.012342499] [controller_manager]: Overrun might occur, Total time : 4305.673 us (Expected < 1000.000 us) --> Read time : 42.490 us, Update time : 277.168 us, Write time : 3986.015 us
[ros2_control_node-1] [WARN] [1776901359.012443296] [controller_manager]: Overrun detected! The controller manager missed its desired rate of 1000 Hz. The loop took 4.436118 ms (missed cycles : 5).
[vision_apriltag-9] [INFO] [1776901359.126970487] [vision_apriltag_node]: Service: Tag 0 found and base-frame pose returned.
[adl_controller-11] [INFO] [1776901359.179155109] [adl_controller_node]: is_near_retract: current arm is not at target (worst=joint_7:1.420 rad > 0.100).
[adl_controller-11] [INFO] [1776901359.180381611] [adl_controller_node]: is_near_home: current arm is not at target (worst=joint_7:1.420 rad > 0.100).
[adl_ui-15] 127.0.0.1 - - [22/Apr/2026 19:42:39] "GET /status_json HTTP/1.1" 200 -
[adl_controller-11] [INFO] [1776901359.431544535] [adl_controller_node]: is_near_retract: current arm is not at target (worst=joint_7:1.420 rad > 0.100).
[adl_controller-11] [INFO] [1776901359.432433881] [adl_controller_node]: is_near_home: current arm is not at target (worst=joint_7:1.420 rad > 0.100).
[adl_controller-11] [INFO] [1776901359.684607001] [adl_controller_node]: is_near_retract: current arm is not at target (worst=joint_7:1.420 rad > 0.100).
[adl_controller-11] [INFO] [1776901359.685518036] [adl_controller_node]: is_near_home: current arm is not at target (worst=joint_7:1.420 rad > 0.100).
[adl_controller-11] [INFO] [1776901359.936487607] [adl_controller_node]: is_near_retract: current arm is not at target (worst=joint_7:1.420 rad > 0.100).
[adl_controller-11] [INFO] [1776901359.937329054] [adl_controller_node]: is_near_home: current arm is not at target (worst=joint_7:1.420 rad > 0.100).
[ros2_control_node-1] [WARN] [1776901360.013461189] [controller_manager]: Overrun might occur, Total time : 2431.925 us (Expected < 1000.000 us) --> Read time : 57.496 us, Update time : 269.776 us, Write time : 2104.653 us
[ros2_control_node-1] [WARN] [1776901360.013541695] [controller_manager]: Overrun detected! The controller manager missed its desired rate of 1000 Hz. The loop took 2.535035 ms (missed cycles : 3).
[adl_ui-15] 127.0.0.1 - - [22/Apr/2026 19:42:40] "GET /status_json HTTP/1.1" 200 -
[vision_apriltag-9] [INFO] [1776901360.128342217] [vision_apriltag_node]: Service: Tag 0 found and base-frame pose returned.
[adl_controller-11] [INFO] [1776901360.188252208] [adl_controller_node]: is_near_retract: current arm is not at target (worst=joint_7:1.420 rad > 0.100).
[adl_controller-11] [INFO] [1776901360.189138864] [adl_controller_node]: is_near_home: current arm is not at target (worst=joint_7:1.420 rad > 0.100).
[adl_controller-11] [INFO] [1776901360.440375600] [adl_controller_node]: is_near_retract: current arm is not at target (worst=joint_7:1.420 rad > 0.100).
[adl_controller-11] [INFO] [1776901360.441164506] [adl_controller_node]: is_near_home: current arm is not at target (worst=joint_7:1.420 rad > 0.100).
[adl_controller-11] [INFO] [1776901360.693421747] [adl_controller_node]: is_near_retract: current arm is not at target (worst=joint_7:1.420 rad > 0.100).
[adl_controller-11] [INFO] [1776901360.694412219] [adl_controller_node]: is_near_home: current arm is not at target (worst=joint_7:1.420 rad > 0.100).
[vision_apriltag-9] [INFO] [1776901360.757457463] [vision_apriltag_node]: Vision AprilTag: images are arriving, but no AprilTag has been seen for 8.9s.
[adl_ui-15] 127.0.0.1 - - [22/Apr/2026 19:42:40] "GET /status_json HTTP/1.1" 200 -
[adl_controller-11] [INFO] [1776901360.945322028] [adl_controller_node]: is_near_retract: current arm is not at target (worst=joint_7:1.420 rad > 0.100).
[adl_controller-11] [INFO] [1776901360.946087618] [adl_controller_node]: is_near_home: current arm is not at target (worst=joint_7:1.420 rad > 0.100).
[ros2_control_node-1] [WARN] [1776901361.015950684] [controller_manager]: Overrun might occur, Total time : 2898.319 us (Expected < 1000.000 us) --> Read time : 23.559 us, Update time : 150.079 us, Write time : 2724.681 us
[ros2_control_node-1] [WARN] [1776901361.016010118] [controller_manager]: Overrun detected! The controller manager missed its desired rate of 1000 Hz. The loop took 3.003817 ms (missed cycles : 4).
[vision_apriltag-9] [INFO] [1776901361.127727250] [vision_apriltag_node]: Service: Tag 0 found and base-frame pose returned.
[adl_controller-11] [INFO] [1776901361.204890525] [adl_controller_node]: is_near_retract: current arm is not at target (worst=joint_7:1.420 rad > 0.100).
[adl_controller-11] [INFO] [1776901361.205860344] [adl_controller_node]: is_near_home: current arm is not at target (worst=joint_7:1.420 rad > 0.100).
[adl_controller-11] [INFO] [1776901361.457054231] [adl_controller_node]: is_near_retract: current arm is not at target (worst=joint_7:1.420 rad > 0.100).
[adl_controller-11] [INFO] [1776901361.458825167] [adl_controller_node]: is_near_home: current arm is not at target (worst=joint_7:1.420 rad > 0.100).
[vision_apriltag-9] [INFO] [1776901361.576024941] [vision_apriltag_node]: Vision AprilTag detection debug: no tags found after raw/CLAHE/sharp/adaptive/upscaled/tiled passes.
[adl_ui-15] 127.0.0.1 - - [22/Apr/2026 19:42:41] "GET /status_json HTTP/1.1" 200 -
[adl_controller-11] [INFO] [1776901361.710157328] [adl_controller_node]: is_near_retract: current arm is not at target (worst=joint_7:1.420 rad > 0.100).
[adl_controller-11] [INFO] [1776901361.711013158] [adl_controller_node]: is_near_home: current arm is not at target (worst=joint_7:1.420 rad > 0.100).
[adl_controller-11] [INFO] [1776901361.963058559] [adl_controller_node]: is_near_retract: current arm is not at target (worst=joint_7:1.420 rad > 0.100).
[adl_controller-11] [INFO] [1776901361.963878760] [adl_controller_node]: is_near_home: current arm is not at target (worst=joint_7:1.420 rad > 0.100).
[ros2_control_node-1] [WARN] [1776901362.016212309] [controller_manager]: Overrun might occur, Total time : 3180.439 us (Expected < 1000.000 us) --> Read time : 40.541 us, Update time : 232.722 us, Write time : 2907.176 us
[ros2_control_node-1] [WARN] [1776901362.016299044] [controller_manager]: Overrun detected! The controller manager missed its desired rate of 1000 Hz. The loop took 3.292381 ms (missed cycles : 4).
[adl_controller-11] [INFO] [1776901362.235860930] [adl_controller_node]: is_near_retract: current arm is not at target (worst=joint_7:1.420 rad > 0.100).
[adl_controller-11] [INFO] [1776901362.236868113] [adl_controller_node]: is_near_home: current arm is not at target (worst=joint_7:1.420 rad > 0.100).
[adl_ui-15] 127.0.0.1 - - [22/Apr/2026 19:42:42] "GET /status_json HTTP/1.1" 200 -
[vision_apriltag-9] [INFO] [1776901362.476821590] [vision_apriltag_node]: Service: Tag 0 found and base-frame pose returned.
[adl_controller-11] [INFO] [1776901362.489300577] [adl_controller_node]: is_near_retract: current arm is not at target (worst=joint_7:1.420 rad > 0.100).
[adl_controller-11] [INFO] [1776901362.491193261] [adl_controller_node]: is_near_home: current arm is not at target (worst=joint_7:1.420 rad > 0.100).
[wrist_camera_usb_publisher-8] [INFO] [1776901362.636066146] [wrist_camera_usb_publisher_node]: USB camera publisher heartbeat: publishing 1280x720 frames on /wrist_mounted_camera/image; camera_info fx=920.87, fy=921.57, cx=644.76, cy=343.15.
[adl_controller-11] [INFO] [1776901362.746984892] [adl_controller_node]: is_near_retract: current arm is not at target (worst=joint_7:1.420 rad > 0.100).
[adl_controller-11] [INFO] [1776901362.750429084] [adl_controller_node]: is_near_home: current arm is not at target (worst=joint_7:1.420 rad > 0.100).
[vision_apriltag-9] [INFO] [1776901362.757244042] [vision_apriltag_node]: Vision AprilTag: images are arriving, but no AprilTag has been seen for 10.9s.
[joint_state_sanitizer-3] [WARN] [1776901362.983313637] [joint_state_sanitizer_node]: [joint_state_sanitizer] Published sanitized joint state: joint_3:+3.142->+3.132
[adl_controller-11] [INFO] [1776901363.003402761] [adl_controller_node]: is_near_retract: current arm is not at target (worst=joint_7:1.420 rad > 0.100).
[adl_controller-11] [INFO] [1776901363.004302278] [adl_controller_node]: is_near_home: current arm is not at target (worst=joint_7:1.420 rad > 0.100).
[ros2_control_node-1] [WARN] [1776901363.017907863] [controller_manager]: Overrun might occur, Total time : 2874.622 us (Expected < 1000.000 us) --> Read time : 41.518 us, Update time : 268.262 us, Write time : 2564.842 us
[ros2_control_node-1] [WARN] [1776901363.018029629] [controller_manager]: Overrun detected! The controller manager missed its desired rate of 1000 Hz. The loop took 3.022032 ms (missed cycles : 4).
[adl_ui-15] 127.0.0.1 - - [22/Apr/2026 19:42:43] "GET /status_json HTTP/1.1" 200 -
[vision_apriltag-9] [INFO] [1776901363.143874960] [vision_apriltag_node]: Service: Tag 0 found and base-frame pose returned.
[adl_controller-11] [INFO] [1776901363.256264708] [adl_controller_node]: is_near_retract: current arm is not at target (worst=joint_7:1.420 rad > 0.100).
[adl_controller-11] [INFO] [1776901363.257135416] [adl_controller_node]: is_near_home: current arm is not at target (worst=joint_7:1.420 rad > 0.100).
[adl_controller-11] [INFO] [1776901363.508176042] [adl_controller_node]: is_near_retract: current arm is not at target (worst=joint_7:1.420 rad > 0.100).
[adl_controller-11] [INFO] [1776901363.510026081] [adl_controller_node]: is_near_home: current arm is not at target (worst=joint_7:1.420 rad > 0.100).
[adl_controller-11] [INFO] [1776901363.761255257] [adl_controller_node]: is_near_retract: current arm is not at target (worst=joint_7:1.420 rad > 0.100).
[adl_controller-11] [INFO] [1776901363.766298438] [adl_controller_node]: is_near_home: current arm is not at target (worst=joint_7:1.420 rad > 0.100).
[adl_ui-15] 127.0.0.1 - - [22/Apr/2026 19:42:43] "GET /status_json HTTP/1.1" 200 -
[adl_controller-11] [INFO] [1776901364.016956227] [adl_controller_node]: is_near_retract: current arm is not at target (worst=joint_7:1.420 rad > 0.100).
[adl_controller-11] [INFO] [1776901364.017676379] [adl_controller_node]: is_near_home: current arm is not at target (worst=joint_7:1.420 rad > 0.100).
[ros2_control_node-1] [WARN] [1776901364.019364320] [controller_manager]: Overrun might occur, Total time : 2334.726 us (Expected < 1000.000 us) --> Read time : 32.570 us, Update time : 222.734 us, Write time : 2079.422 us
[ros2_control_node-1] [WARN] [1776901364.019429094] [controller_manager]: Overrun detected! The controller manager missed its desired rate of 1000 Hz. The loop took 2.422402 ms (missed cycles : 3).
[vision_apriltag-9] [INFO] [1776901364.131106113] [vision_apriltag_node]: Service: Tag 0 found and base-frame pose returned.
[adl_controller-11] [INFO] [1776901364.451352027] [adl_controller_node]: is_near_retract: current arm is not at target (worst=joint_7:1.420 rad > 0.100).
[adl_controller-11] [INFO] [1776901364.452083006] [adl_controller_node]: go_retract: planning to RETRACT_JOINTS...
[move_group-20] [ERROR] [1776901364.454470860] [move_group.moveit.moveit.core.conversions]: Found empty JointState message
[adl_controller-11] [ERROR] [1776901364.460833704] [adl_controller_node]: Start state: INVALID — 3 contact(s):
[adl_controller-11] [ERROR] [1776901364.465040827] [adl_controller_node]:   COLLISION: robotiq_85_left_finger_link <-> table_edge_lip_front, depth=0.0244m
[adl_controller-11] [ERROR] [1776901364.465878495] [adl_controller_node]:   COLLISION: robotiq_85_left_finger_tip_link <-> table_edge_lip_front, depth=0.0026m
[adl_controller-11] [ERROR] [1776901364.470641053] [adl_controller_node]:   COLLISION: robotiq_85_left_knuckle_link <-> table_edge_lip_front, depth=0.0010m
[move_group-20] [INFO] [1776901364.473883485] [move_group.moveit.moveit.ros.move_group.move_action]: MoveGroupMoveAction: Received request
[move_group-20] [INFO] [1776901364.474191370] [move_group.moveit.moveit.ros.move_group.move_action]: executing..
[move_group-20] [INFO] [1776901364.482438808] [move_group.moveit.moveit.ros.move_group.move_action]: Combined planning and execution request received for MoveGroup action. Forwarding to planning and execution pipeline.
[move_group-20] [WARN] [1776901364.482516775] [move_group.moveit.moveit.ros.move_group.capability]: Execution of motions should always start at the robot's current state. Ignoring the state supplied as start state in the motion planning request
[move_group-20] [WARN] [1776901364.482539823] [move_group.moveit.moveit.ros.move_group.capability]: Execution of motions should always start at the robot's current state. Ignoring the state supplied as difference in the planning scene diff
[move_group-20] [INFO] [1776901364.482552528] [move_group.moveit.moveit.ros.plan_execution]: Planning attempt 1 of at most 1
[move_group-20] [INFO] [1776901364.483422374] [move_group]: Calling PlanningRequestAdapter 'ResolveConstraintFrames'
[move_group-20] [INFO] [1776901364.483472486] [move_group]: Calling PlanningRequestAdapter 'ValidateWorkspaceBounds'
[move_group-20] [INFO] [1776901364.483489278] [move_group]: Calling PlanningRequestAdapter 'CheckStartStateBounds'
[move_group-20] [INFO] [1776901364.483522760] [move_group]: Calling PlanningRequestAdapter 'CheckStartStateCollision'
[move_group-20] [ERROR] [1776901364.483682490] [move_group]: PlanningRequestAdapter 'CheckStartStateCollision' failed, because '3 contact(s) detected : robotiq_85_left_finger_link - table_edge_lip_front, robotiq_85_left_finger_tip_link - table_edge_lip_front, robotiq_85_left_knuckle_link - table_edge_lip_front, '. Aborting planning pipeline.
[move_group-20] [INFO] [1776901364.486328489] [move_group.moveit.moveit.ros.move_group.move_action]: START_STATE_IN_COLLISION
[adl_controller-11] [ERROR] [1776901364.495763626] [adl_controller_node]: MoveGroup execution failed.
[adl_controller-11]   error_code.val = -10
[adl_controller-11]   group_name      = manipulator
[adl_controller-11]   num_attempts    = 10
[adl_controller-11]   allowed_time    = 15.0
[adl_controller-11]   vel_scale       = 0.25
[adl_controller-11]   accel_scale     = 0.25
[adl_controller-11] If this persists, check move_group / controller logs for the meaning of this code (often control abort, invalid start state, or planning pipeline failure).
[adl_controller-11] [WARN] [1776901364.497086013] [adl_controller_node]: _recover_after_failure(): MoveGroup error_code=-10
[adl_ui-15] 127.0.0.1 - - [22/Apr/2026 19:42:44] "GET /status_json HTTP/1.1" 200 -
[vision_apriltag-9] [INFO] [1776901364.757434330] [vision_apriltag_node]: Vision AprilTag: images are arriving, but no AprilTag has been seen for 12.9s.
[ros2_control_node-1] [WARN] [1776901365.021676173] [controller_manager]: Overrun might occur, Total time : 2622.829 us (Expected < 1000.000 us) --> Read time : 98.212 us, Update time : 387.348 us, Write time : 2137.269 us
[ros2_control_node-1] [WARN] [1776901365.021774889] [controller_manager]: Overrun detected! The controller manager missed its desired rate of 1000 Hz. The loop took 2.767154 ms (missed cycles : 3).
[vision_apriltag-9] [INFO] [1776901365.127646422] [vision_apriltag_node]: Service: Tag 0 found and base-frame pose returned.
[adl_ui-15] 127.0.0.1 - - [22/Apr/2026 19:42:45] "GET /status_json HTTP/1.1" 200 -
[adl_controller-11] [INFO] [1776901365.808290785] [adl_controller_node]: is_near_retract: current arm is not at target (worst=joint_7:1.420 rad > 0.100).
[adl_controller-11] [INFO] [1776901365.809053949] [adl_controller_node]: is_near_retract: current arm is not at target (worst=joint_7:1.420 rad > 0.100).
[ros2_control_node-1] [WARN] [1776901366.024024093] [controller_manager]: Overrun might occur, Total time : 2988.650 us (Expected < 1000.000 us) --> Read time : 65.152 us, Update time : 352.629 us, Write time : 2570.869 us
[ros2_control_node-1] [WARN] [1776901366.024093933] [controller_manager]: Overrun detected! The controller manager missed its desired rate of 1000 Hz. The loop took 3.087199 ms (missed cycles : 4).
[adl_controller-11] [INFO] [1776901366.059774536] [adl_controller_node]: is_near_retract: current arm is not at target (worst=joint_7:1.420 rad > 0.100).
[adl_ui-15] 127.0.0.1 - - [22/Apr/2026 19:42:46] "GET /status_json HTTP/1.1" 200 -
[vision_apriltag-9] [INFO] [1776901366.127504151] [vision_apriltag_node]: Service: Tag 0 found and base-frame pose returned.
[adl_controller-11] [INFO] [1776901366.310745499] [adl_controller_node]: is_near_retract: current arm is not at target (worst=joint_7:1.420 rad > 0.100).
[adl_controller-11] [INFO] [1776901366.567395518] [adl_controller_node]: is_near_retract: current arm is not at target (worst=joint_7:1.420 rad > 0.100).
[adl_controller-11] [INFO] [1776901366.818471093] [adl_controller_node]: is_near_retract: current arm is not at target (worst=joint_7:1.420 rad > 0.100).
[adl_ui-15] 127.0.0.1 - - [22/Apr/2026 19:42:46] "GET /status_json HTTP/1.1" 200 -
[ros2_control_node-1] [WARN] [1776901367.027109795] [controller_manager]: Overrun might occur, Total time : 3082.649 us (Expected < 1000.000 us) --> Read time : 32.304 us, Update time : 273.636 us, Write time : 2776.709 us
[ros2_control_node-1] [WARN] [1776901367.027187128] [controller_manager]: Overrun detected! The controller manager missed its desired rate of 1000 Hz. The loop took 3.180562 ms (missed cycles : 4).
[vision_apriltag-9] [INFO] [1776901367.061476043] [vision_apriltag_node]: Vision AprilTag detection debug: no tags found after raw/CLAHE/sharp/adaptive/upscaled/tiled passes.
[adl_controller-11] [INFO] [1776901367.069542704] [adl_controller_node]: is_near_retract: current arm is not at target (worst=joint_7:1.420 rad > 0.100).
[vision_apriltag-9] [INFO] [1776901367.073181449] [vision_apriltag_node]: Vision AprilTag: images are arriving, but no AprilTag has been seen for 15.2s.
[vision_apriltag-9] [INFO] [1776901367.152104717] [vision_apriltag_node]: Service: Tag 0 found and base-frame pose returned.
[adl_controller-11] [INFO] [1776901367.320975126] [adl_controller_node]: is_near_retract: current arm is not at target (worst=joint_7:1.420 rad > 0.100).
[adl_controller-11] [INFO] [1776901367.572081963] [adl_controller_node]: is_near_retract: current arm is not at target (worst=joint_7:1.420 rad > 0.100).
[adl_ui-15] 127.0.0.1 - - [22/Apr/2026 19:42:47] "GET /status_json HTTP/1.1" 200 -
[wrist_camera_usb_publisher-8] [INFO] [1776901367.771881315] [wrist_camera_usb_publisher_node]: USB camera publisher heartbeat: publishing 1280x720 frames on /wrist_mounted_camera/image; camera_info fx=920.87, fy=921.57, cx=644.76, cy=343.15.
[adl_controller-11] [INFO] [1776901367.824163100] [adl_controller_node]: is_near_retract: current arm is not at target (worst=joint_7:1.420 rad > 0.100).
[joint_state_sanitizer-3] [WARN] [1776901367.984542141] [joint_state_sanitizer_node]: [joint_state_sanitizer] Published sanitized joint state: joint_3:+3.142->+3.132
[ros2_control_node-1] [WARN] [1776901368.028006946] [controller_manager]: Overrun might occur, Total time : 2968.540 us (Expected < 1000.000 us) --> Read time : 61.493 us, Update time : 274.458 us, Write time : 2632.589 us
[ros2_control_node-1] [WARN] [1776901368.028081647] [controller_manager]: Overrun detected! The controller manager missed its desired rate of 1000 Hz. The loop took 3.074323 ms (missed cycles : 4).
[adl_controller-11] [INFO] [1776901368.075181115] [adl_controller_node]: is_near_retract: current arm is not at target (worst=joint_7:1.420 rad > 0.100).
[vision_apriltag-9] [INFO] [1776901368.126181267] [vision_apriltag_node]: Service: Tag 0 found and base-frame pose returned.
[adl_controller-11] [INFO] [1776901368.326088590] [adl_controller_node]: is_near_retract: current arm is not at target (worst=joint_7:1.420 rad > 0.100).
[adl_ui-15] 127.0.0.1 - - [22/Apr/2026 19:42:48] "GET /status_json HTTP/1.1" 200 -
[adl_controller-11] [INFO] [1776901368.577046851] [adl_controller_node]: is_near_retract: current arm is not at target (worst=joint_7:1.420 rad > 0.100).
[adl_controller-11] [INFO] [1776901368.828863898] [adl_controller_node]: is_near_retract: current arm is not at target (worst=joint_7:1.420 rad > 0.100).
[vision_apriltag-9] [INFO] [1776901368.881979792] [vision_apriltag_node]: Vision AprilTag: images are arriving, but no AprilTag has been seen for 17.0s.
[ros2_control_node-1] [WARN] [1776901369.028497079] [controller_manager]: Overrun might occur, Total time : 3455.053 us (Expected < 1000.000 us) --> Read time : 66.719 us, Update time : 298.456 us, Write time : 3089.878 us
[ros2_control_node-1] [WARN] [1776901369.028573363] [controller_manager]: Overrun detected! The controller manager missed its desired rate of 1000 Hz. The loop took 3.567035 ms (missed cycles : 4).
[adl_controller-11] [INFO] [1776901369.085568184] [adl_controller_node]: is_near_retract: current arm is not at target (worst=joint_7:1.420 rad > 0.100).
[adl_ui-15] 127.0.0.1 - - [22/Apr/2026 19:42:49] "GET /status_json HTTP/1.1" 200 -
[vision_apriltag-9] [INFO] [1776901369.159138920] [vision_apriltag_node]: Service: Tag 0 found and base-frame pose returned.
[adl_controller-11] [INFO] [1776901369.336862263] [adl_controller_node]: is_near_retract: current arm is not at target (worst=joint_7:1.420 rad > 0.100).
[adl_controller-11] [INFO] [1776901369.588012090] [adl_controller_node]: is_near_retract: current arm is not at target (worst=joint_7:1.420 rad > 0.100).
[adl_controller-11] [INFO] [1776901369.839072842] [adl_controller_node]: is_near_retract: current arm is not at target (worst=joint_7:1.420 rad > 0.100).
[adl_ui-15] 127.0.0.1 - - [22/Apr/2026 19:42:49] "GET /status_json HTTP/1.1" 200 -
[ros2_control_node-1] [WARN] [1776901370.029195867] [controller_manager]: Overrun might occur, Total time : 3166.744 us (Expected < 1000.000 us) --> Read time : 39.949 us, Update time : 225.358 us, Write time : 2901.437 us
[ros2_control_node-1] [WARN] [1776901370.029267063] [controller_manager]: Overrun detected! The controller manager missed its desired rate of 1000 Hz. The loop took 3.260590 ms (missed cycles : 4).
[adl_controller-11] [INFO] [1776901370.089801826] [adl_controller_node]: is_near_retract: current arm is not at target (worst=joint_7:1.420 rad > 0.100).
[vision_apriltag-9] [INFO] [1776901370.125930516] [vision_apriltag_node]: Service: Tag 0 found and base-frame pose returned.
[adl_controller-11] [INFO] [1776901370.340597801] [adl_controller_node]: is_near_retract: current arm is not at target (worst=joint_7:1.420 rad > 0.100).
[adl_controller-11] [INFO] [1776901370.591598006] [adl_controller_node]: is_near_retract: current arm is not at target (worst=joint_7:1.420 rad > 0.100).
[adl_ui-15] 127.0.0.1 - - [22/Apr/2026 19:42:50] "GET /status_json HTTP/1.1" 200 -
[vision_apriltag-9] [INFO] [1776901370.756953105] [vision_apriltag_node]: Vision AprilTag: images are arriving, but no AprilTag has been seen for 18.9s.
[adl_controller-11] [INFO] [1776901370.844190593] [adl_controller_node]: is_near_retract: current arm is not at target (worst=joint_7:1.420 rad > 0.100).
[ros2_control_node-1] [WARN] [1776901371.030422790] [controller_manager]: Overrun might occur, Total time : 2390.570 us (Expected < 1000.000 us) --> Read time : 35.659 us, Update time : 256.347 us, Write time : 2098.564 us
[ros2_control_node-1] [WARN] [1776901371.030498624] [controller_manager]: Overrun detected! The controller manager missed its desired rate of 1000 Hz. The loop took 2.491987 ms (missed cycles : 3).
[adl_controller-11] [INFO] [1776901371.096734243] [adl_controller_node]: is_near_retract: current arm is not at target (worst=joint_7:1.420 rad > 0.100).
[vision_apriltag-9] [INFO] [1776901371.129267048] [vision_apriltag_node]: Service: Tag 0 found and base-frame pose returned.
[adl_controller-11] [INFO] [1776901371.348367654] [adl_controller_node]: is_near_retract: current arm is not at target (worst=joint_7:1.420 rad > 0.100).
[adl_ui-15] 127.0.0.1 - - [22/Apr/2026 19:42:51] "GET /status_json HTTP/1.1" 200 -
[adl_controller-11] [INFO] [1776901371.599347736] [adl_controller_node]: is_near_retract: current arm is not at target (worst=joint_7:1.420 rad > 0.100).
[adl_controller-11] [INFO] [1776901371.850625967] [adl_controller_node]: is_near_retract: current arm is not at target (worst=joint_7:1.420 rad > 0.100).
[vision_apriltag-9] [INFO] [1776901371.955803961] [vision_apriltag_node]: Removed stale tag ID 0 from detected tags
[ros2_control_node-1] [WARN] [1776901372.033125739] [controller_manager]: Overrun might occur, Total time : 3072.039 us (Expected < 1000.000 us) --> Read time : 86.447 us, Update time : 283.373 us, Write time : 2702.219 us
[ros2_control_node-1] [WARN] [1776901372.033208973] [controller_manager]: Overrun detected! The controller manager missed its desired rate of 1000 Hz. The loop took 3.202470 ms (missed cycles : 4).
[adl_controller-11] [INFO] [1776901372.102187744] [adl_controller_node]: is_near_retract: current arm is not at target (worst=joint_7:1.420 rad > 0.100).
[adl_ui-15] 127.0.0.1 - - [22/Apr/2026 19:42:52] "GET /status_json HTTP/1.1" 200 -
[vision_apriltag-9] [INFO] [1776901372.212997576] [vision_apriltag_node]: Vision AprilTag detection debug: no tags found after raw/CLAHE/sharp/adaptive/upscaled/tiled passes.
[adl_controller-11] [INFO] [1776901372.353082281] [adl_controller_node]: is_near_retract: current arm is not at target (worst=joint_7:1.420 rad > 0.100).
[adl_controller-11] [INFO] [1776901372.605754353] [adl_controller_node]: is_near_retract: current arm is not at target (worst=joint_7:1.420 rad > 0.100).
[vision_apriltag-9] [INFO] [1776901372.760254787] [vision_apriltag_node]: Vision AprilTag: images are arriving, but no AprilTag has been seen for 20.9s.
[wrist_camera_usb_publisher-8] [INFO] [1776901372.774263186] [wrist_camera_usb_publisher_node]: USB camera publisher heartbeat: publishing 1280x720 frames on /wrist_mounted_camera/image; camera_info fx=920.87, fy=921.57, cx=644.76, cy=343.15.
[adl_controller-11] [INFO] [1776901372.858001219] [adl_controller_node]: is_near_retract: current arm is not at target (worst=joint_7:1.420 rad > 0.100).
[adl_ui-15] 127.0.0.1 - - [22/Apr/2026 19:42:52] "GET /status_json HTTP/1.1" 200 -
[joint_state_sanitizer-3] [WARN] [1776901372.986019728] [joint_state_sanitizer_node]: [joint_state_sanitizer] Published sanitized joint state: joint_3:+3.142->+3.132
[ros2_control_node-1] [WARN] [1776901373.034888711] [controller_manager]: Overrun might occur, Total time : 2858.160 us (Expected < 1000.000 us) --> Read time : 32.887 us, Update time : 216.550 us, Write time : 2608.723 us
[ros2_control_node-1] [WARN] [1776901373.034992614] [controller_manager]: Overrun detected! The controller manager missed its desired rate of 1000 Hz. The loop took 2.985178 ms (missed cycles : 3).
[adl_controller-11] [INFO] [1776901373.109026193] [adl_controller_node]: is_near_retract: current arm is not at target (worst=joint_7:1.420 rad > 0.100).
[adl_controller-11] [INFO] [1776901373.359927443] [adl_controller_node]: is_near_retract: current arm is not at target (worst=joint_7:1.420 rad > 0.100).
[adl_ui-15] 127.0.0.1 - - [22/Apr/2026 19:42:53] "GET /status_json HTTP/1.1" 200 -
[adl_controller-11] [INFO] [1776901373.623574395] [adl_controller_node]: is_near_retract: current arm is not at target (worst=joint_7:1.420 rad > 0.100).
[adl_controller-11] [INFO] [1776901373.874997034] [adl_controller_node]: is_near_retract: current arm is not at target (worst=joint_7:1.420 rad > 0.100).
[ros2_control_node-1] [WARN] [1776901374.035538987] [controller_manager]: Overrun might occur, Total time : 3507.538 us (Expected < 1000.000 us) --> Read time : 32.024 us, Update time : 254.987 us, Write time : 3220.527 us
[ros2_control_node-1] [WARN] [1776901374.035672715] [controller_manager]: Overrun detected! The controller manager missed its desired rate of 1000 Hz. The loop took 3.666164 ms (missed cycles : 4).
[adl_controller-11] [INFO] [1776901374.126397326] [adl_controller_node]: is_near_retract: current arm is not at target (worst=joint_7:1.420 rad > 0.100).
[adl_ui-15] 127.0.0.1 - - [22/Apr/2026 19:42:54] "GET /status_json HTTP/1.1" 200 -
[adl_controller-11] [INFO] [1776901374.377396626] [adl_controller_node]: is_near_retract: current arm is not at target (worst=joint_7:1.420 rad > 0.100).
[adl_controller-11] [INFO] [1776901374.628244802] [adl_controller_node]: is_near_retract: current arm is not at target (worst=joint_7:1.420 rad > 0.100).
[vision_apriltag-9] [INFO] [1776901374.758795284] [vision_apriltag_node]: Vision AprilTag: images are arriving, but no AprilTag has been seen for 22.9s.
[adl_controller-11] [INFO] [1776901374.879256449] [adl_controller_node]: is_near_retract: current arm is not at target (worst=joint_7:1.420 rad > 0.100).
[vision_apriltag-9] [INFO] [1776901374.916969307] [vision_apriltag_node]: Vision AprilTag visible IDs: [0]
[ros2_control_node-1] [WARN] [1776901375.037043441] [controller_manager]: Overrun might occur, Total time : 2993.527 us (Expected < 1000.000 us) --> Read time : 40.791 us, Update time : 339.240 us, Write time : 2613.496 us
[ros2_control_node-1] [WARN] [1776901375.037141094] [controller_manager]: Overrun detected! The controller manager missed its desired rate of 1000 Hz. The loop took 3.132312 ms (missed cycles : 4).
[adl_ui-15] 127.0.0.1 - - [22/Apr/2026 19:42:55] "GET /status_json HTTP/1.1" 200 -
[vision_apriltag-9] [INFO] [1776901375.129134811] [vision_apriltag_node]: Service: Tag 0 found and base-frame pose returned.
[adl_controller-11] [INFO] [1776901375.130562183] [adl_controller_node]: is_near_retract: current arm is not at target (worst=joint_7:1.420 rad > 0.100).
[adl_controller-11] [INFO] [1776901375.384136482] [adl_controller_node]: is_near_retract: current arm is not at target (worst=joint_7:1.420 rad > 0.100).
[adl_controller-11] [INFO] [1776901375.641952696] [adl_controller_node]: is_near_retract: current arm is not at target (worst=joint_7:1.420 rad > 0.100).
[adl_ui-15] 127.0.0.1 - - [22/Apr/2026 19:42:55] "GET /status_json HTTP/1.1" 200 -
[scene_from_vision-10] [INFO] [1776901375.901566665] [scene_from_vision_node]: Scene memory cleared. Removed remembered IDs: []
[ros2_control_node-1] [WARN] [1776901376.041417382] [controller_manager]: Overrun might occur, Total time : 4383.916 us (Expected < 1000.000 us) --> Read time : 58.492 us, Update time : 284.936 us, Write time : 4040.488 us
[ros2_control_node-1] [WARN] [1776901376.041509010] [controller_manager]: Overrun detected! The controller manager missed its desired rate of 1000 Hz. The loop took 4.501773 ms (missed cycles : 5).
[vision_apriltag-9] [INFO] [1776901376.134869010] [vision_apriltag_node]: Service: Tag 0 found and base-frame pose returned.
[adl_ui-15] 127.0.0.1 - - [22/Apr/2026 19:42:56] "GET /status_json HTTP/1.1" 200 -
[ros2_control_node-1] [WARN] [1776901377.043786988] [controller_manager]: Overrun might occur, Total time : 2756.598 us (Expected < 1000.000 us) --> Read time : 45.434 us, Update time : 261.004 us, Write time : 2450.160 us
[ros2_control_node-1] [WARN] [1776901377.043855057] [controller_manager]: Overrun detected! The controller manager missed its desired rate of 1000 Hz. The loop took 2.848524 ms (missed cycles : 3).
[vision_apriltag-9] [INFO] [1776901377.127755254] [vision_apriltag_node]: Service: Tag 0 found and base-frame pose returned.
[adl_ui-15] 127.0.0.1 - - [22/Apr/2026 19:42:57] "GET /status_json HTTP/1.1" 200 -
[vision_apriltag-9] [INFO] [1776901377.555643012] [vision_apriltag_node]: Vision AprilTag detection debug: no tags found after raw/CLAHE/sharp/adaptive/upscaled/tiled passes.
[wrist_camera_usb_publisher-8] [INFO] [1776901377.923625146] [wrist_camera_usb_publisher_node]: USB camera publisher heartbeat: publishing 1280x720 frames on /wrist_mounted_camera/image; camera_info fx=920.87, fy=921.57, cx=644.76, cy=343.15.
[joint_state_sanitizer-3] [WARN] [1776901377.988306752] [joint_state_sanitizer_node]: [joint_state_sanitizer] Published sanitized joint state: joint_3:+3.142->+3.132
[ros2_control_node-1] [WARN] [1776901378.046560320] [controller_manager]: Overrun might occur, Total time : 2518.995 us (Expected < 1000.000 us) --> Read time : 72.507 us, Update time : 307.183 us, Write time : 2139.305 us
[ros2_control_node-1] [WARN] [1776901378.046638900] [controller_manager]: Overrun detected! The controller manager missed its desired rate of 1000 Hz. The loop took 2.632149 ms (missed cycles : 3).
[adl_ui-15] 127.0.0.1 - - [22/Apr/2026 19:42:58] "GET /status_json HTTP/1.1" 200 -
[vision_apriltag-9] [INFO] [1776901378.129817227] [vision_apriltag_node]: Service: Tag 0 found and base-frame pose returned.
[vision_apriltag-9] [INFO] [1776901378.758901370] [vision_apriltag_node]: Vision AprilTag: images are arriving, but no AprilTag has been seen for 3.8s.
[adl_ui-15] 127.0.0.1 - - [22/Apr/2026 19:42:58] "GET /status_json HTTP/1.1" 200 -
[ros2_control_node-1] [WARN] [1776901379.048307894] [controller_manager]: Overrun might occur, Total time : 3272.319 us (Expected < 1000.000 us) --> Read time : 50.517 us, Update time : 259.205 us, Write time : 2962.597 us
[ros2_control_node-1] [WARN] [1776901379.048407140] [controller_manager]: Overrun detected! The controller manager missed its desired rate of 1000 Hz. The loop took 3.399598 ms (missed cycles : 4).
[vision_apriltag-9] [INFO] [1776901379.127425618] [vision_apriltag_node]: Service: Tag 0 found and base-frame pose returned.
[adl_ui-15] 127.0.0.1 - - [22/Apr/2026 19:42:59] "GET /status_json HTTP/1.1" 200 -
[ros2_control_node-1] [WARN] [1776901380.051402874] [controller_manager]: Overrun might occur, Total time : 4366.265 us (Expected < 1000.000 us) --> Read time : 46.458 us, Update time : 261.011 us, Write time : 4058.796 us
[ros2_control_node-1] [WARN] [1776901380.051478593] [controller_manager]: Overrun detected! The controller manager missed its desired rate of 1000 Hz. The loop took 4.472044 ms (missed cycles : 5).
[adl_ui-15] 127.0.0.1 - - [22/Apr/2026 19:43:00] "GET /status_json HTTP/1.1" 200 -
[vision_apriltag-9] [INFO] [1776901380.532608331] [vision_apriltag_node]: Service: Tag 0 found and base-frame pose returned.
[adl_controller-11] [WARN] [1776901380.946684070] [adl_controller_node]: Scene clear timed out after idle emergency stop retract.
[vision_apriltag-9] [INFO] [1776901380.987008657] [vision_apriltag_node]: Vision AprilTag: images are arriving, but no AprilTag has been seen for 6.1s.
[ros2_control_node-1] [WARN] [1776901381.052909241] [controller_manager]: Overrun might occur, Total time : 2878.210 us (Expected < 1000.000 us) --> Read time : 46.565 us, Update time : 238.616 us, Write time : 2593.029 us
[ros2_control_node-1] [WARN] [1776901381.053013319] [controller_manager]: Overrun detected! The controller manager missed its desired rate of 1000 Hz. The loop took 3.006403 ms (missed cycles : 4).
[adl_ui-15] 127.0.0.1 - - [22/Apr/2026 19:43:01] "GET /status_json HTTP/1.1" 200 -
[vision_apriltag-9] [INFO] [1776901381.128606549] [vision_apriltag_node]: Service: Tag 0 found and base-frame pose returned.
[adl_ui-15] 127.0.0.1 - - [22/Apr/2026 19:43:01] "GET /status_json HTTP/1.1" 200 -
[ros2_control_node-1] [WARN] [1776901382.055948235] [controller_manager]: Overrun might occur, Total time : 2897.573 us (Expected < 1000.000 us) --> Read time : 32.881 us, Update time : 237.297 us, Write time : 2627.395 us
[ros2_control_node-1] [WARN] [1776901382.056021911] [controller_manager]: Overrun detected! The controller manager missed its desired rate of 1000 Hz. The loop took 3.014813 ms (missed cycles : 4).
[vision_apriltag-9] [INFO] [1776901382.126515920] [vision_apriltag_node]: Service: Tag 0 found and base-frame pose returned.
[adl_ui-15] 127.0.0.1 - - [22/Apr/2026 19:43:02] "GET /status_json HTTP/1.1" 200 -
[vision_apriltag-9] [INFO] [1776901382.691053434] [vision_apriltag_node]: Vision AprilTag detection debug: no tags found after raw/CLAHE/sharp/adaptive/upscaled/tiled passes.
[vision_apriltag-9] [INFO] [1776901382.755983358] [vision_apriltag_node]: Vision AprilTag: images are arriving, but no AprilTag has been seen for 7.8s.
[joint_state_sanitizer-3] [WARN] [1776901382.990657474] [joint_state_sanitizer_node]: [joint_state_sanitizer] Published sanitized joint state: joint_3:+3.142->+3.132
[ros2_control_node-1] [WARN] [1776901383.056842436] [controller_manager]: Overrun might occur, Total time : 2810.577 us (Expected < 1000.000 us) --> Read time : 39.674 us, Update time : 262.429 us, Write time : 2508.474 us
[ros2_control_node-1] [WARN] [1776901383.056940299] [controller_manager]: Overrun detected! The controller manager missed its desired rate of 1000 Hz. The loop took 2.933603 ms (missed cycles : 3).
[wrist_camera_usb_publisher-8] [INFO] [1776901383.086415776] [wrist_camera_usb_publisher_node]: USB camera publisher heartbeat: publishing 1280x720 frames on /wrist_mounted_camera/image; camera_info fx=920.87, fy=921.57, cx=644.76, cy=343.15.
[vision_apriltag-9] [INFO] [1776901383.126802748] [vision_apriltag_node]: Service: Tag 0 found and base-frame pose returned.
[adl_ui-15] 127.0.0.1 - - [22/Apr/2026 19:43:03] "GET /status_json HTTP/1.1" 200 -
[ros2_control_node-1] [WARN] [1776901384.060690245] [controller_manager]: Overrun might occur, Total time : 7655.139 us (Expected < 1000.000 us) --> Read time : 43.807 us, Update time : 269.668 us, Write time : 7341.664 us
[ros2_control_node-1] [WARN] [1776901384.060811680] [controller_manager]: Overrun detected! The controller manager missed its desired rate of 1000 Hz. The loop took 7.802665 ms (missed cycles : 8).
[adl_ui-15] 127.0.0.1 - - [22/Apr/2026 19:43:04] "GET /status_json HTTP/1.1" 200 -
[vision_apriltag-9] [INFO] [1776901384.131512962] [vision_apriltag_node]: Service: Tag 0 found and base-frame pose returned.
[vision_apriltag-9] [INFO] [1776901384.758737313] [vision_apriltag_node]: Vision AprilTag: images are arriving, but no AprilTag has been seen for 9.8s.
[adl_ui-15] 127.0.0.1 - - [22/Apr/2026 19:43:04] "GET /status_json HTTP/1.1" 200 -
[ros2_control_node-1] [WARN] [1776901385.062826954] [controller_manager]: Overrun might occur, Total time : 2798.764 us (Expected < 1000.000 us) --> Read time : 39.592 us, Update time : 268.179 us, Write time : 2490.993 us
[ros2_control_node-1] [WARN] [1776901385.062898114] [controller_manager]: Overrun detected! The controller manager missed its desired rate of 1000 Hz. The loop took 2.891544 ms (missed cycles : 3).
[vision_apriltag-9] [INFO] [1776901385.126747029] [vision_apriltag_node]: Service: Tag 0 found and base-frame pose returned.
[adl_ui-15] 127.0.0.1 - - [22/Apr/2026 19:43:05] "GET /status_json HTTP/1.1" 200 -
[ros2_control_node-1] [WARN] [1776901386.063315978] [controller_manager]: Overrun might occur, Total time : 3285.181 us (Expected < 1000.000 us) --> Read time : 42.875 us, Update time : 279.293 us, Write time : 2963.013 us
[ros2_control_node-1] [WARN] [1776901386.063396760] [controller_manager]: Overrun detected! The controller manager missed its desired rate of 1000 Hz. The loop took 3.390096 ms (missed cycles : 4).
[vision_apriltag-9] [INFO] [1776901386.126170173] [vision_apriltag_node]: Service: Tag 0 found and base-frame pose returned.
[adl_ui-15] 127.0.0.1 - - [22/Apr/2026 19:43:06] "GET /status_json HTTP/1.1" 200 -
[vision_apriltag-9] [INFO] [1776901386.756811274] [vision_apriltag_node]: Vision AprilTag: images are arriving, but no AprilTag has been seen for 11.8s.
[ros2_control_node-1] [WARN] [1776901387.065823861] [controller_manager]: Overrun might occur, Total time : 2795.060 us (Expected < 1000.000 us) --> Read time : 34.592 us, Update time : 272.551 us, Write time : 2487.917 us
[ros2_control_node-1] [WARN] [1776901387.065944627] [controller_manager]: Overrun detected! The controller manager missed its desired rate of 1000 Hz. The loop took 2.937860 ms (missed cycles : 3).
[vision_apriltag-9] [INFO] [1776901387.126248132] [vision_apriltag_node]: Service: Tag 0 found and base-frame pose returned.
[adl_ui-15] 127.0.0.1 - - [22/Apr/2026 19:43:07] "GET /status_json HTTP/1.1" 200 -
[adl_ui-15] 127.0.0.1 - - [22/Apr/2026 19:43:07] "GET /status_json HTTP/1.1" 200 -
[joint_state_sanitizer-3] [WARN] [1776901387.990594334] [joint_state_sanitizer_node]: [joint_state_sanitizer] Published sanitized joint state: joint_3:+3.142->+3.132
[ros2_control_node-1] [WARN] [1776901388.067466224] [controller_manager]: Overrun might occur, Total time : 7420.888 us (Expected < 1000.000 us) --> Read time : 85.592 us, Update time : 433.749 us, Write time : 6901.547 us
[ros2_control_node-1] [WARN] [1776901388.067556135] [controller_manager]: Overrun detected! The controller manager missed its desired rate of 1000 Hz. The loop took 7.549242 ms (missed cycles : 8).
[wrist_camera_usb_publisher-8] [INFO] [1776901388.251471568] [wrist_camera_usb_publisher_node]: USB camera publisher heartbeat: publishing 1280x720 frames on /wrist_mounted_camera/image; camera_info fx=920.87, fy=921.57, cx=644.76, cy=343.15.
[vision_apriltag-9] [INFO] [1776901388.255373569] [vision_apriltag_node]: Vision AprilTag detection debug: no tags found after raw/CLAHE/sharp/adaptive/upscaled/tiled passes.
[vision_apriltag-9] [INFO] [1776901388.423839786] [vision_apriltag_node]: Service: Tag 0 found and base-frame pose returned.
[adl_ui-15] 127.0.0.1 - - [22/Apr/2026 19:43:08] "GET /status_json HTTP/1.1" 200 -
[ros2_control_node-1] [WARN] [1776901389.068428147] [controller_manager]: Overrun might occur, Total time : 6398.523 us (Expected < 1000.000 us) --> Read time : 39.841 us, Update time : 232.814 us, Write time : 6125.868 us
[ros2_control_node-1] [WARN] [1776901389.068500676] [controller_manager]: Overrun detected! The controller manager missed its desired rate of 1000 Hz. The loop took 6.493708 ms (missed cycles : 7).
[vision_apriltag-9] [INFO] [1776901389.328695599] [vision_apriltag_node]: Vision AprilTag: images are arriving, but no AprilTag has been seen for 14.4s.
[vision_apriltag-9] [INFO] [1776901389.330992407] [vision_apriltag_node]: Service: Tag 0 found and base-frame pose returned.
[adl_ui-15] 127.0.0.1 - - [22/Apr/2026 19:43:09] "GET /status_json HTTP/1.1" 200 -
[ros2_control_node-1] [WARN] [1776901390.071398442] [controller_manager]: Overrun might occur, Total time : 2367.266 us (Expected < 1000.000 us) --> Read time : 55.529 us, Update time : 253.196 us, Write time : 2058.541 us
[ros2_control_node-1] [WARN] [1776901390.071479343] [controller_manager]: Overrun detected! The controller manager missed its desired rate of 1000 Hz. The loop took 2.472388 ms (missed cycles : 3).
[vision_apriltag-9] [INFO] [1776901390.125943433] [vision_apriltag_node]: Service: Tag 0 found and base-frame pose returned.
[adl_ui-15] 127.0.0.1 - - [22/Apr/2026 19:43:10] "GET /status_json HTTP/1.1" 200 -
[vision_apriltag-9] [INFO] [1776901390.756488228] [vision_apriltag_node]: Vision AprilTag: images are arriving, but no AprilTag has been seen for 15.8s.
[adl_ui-15] 127.0.0.1 - - [22/Apr/2026 19:43:10] "GET /status_json HTTP/1.1" 200 -
[ros2_control_node-1] [WARN] [1776901391.073144841] [controller_manager]: Overrun might occur, Total time : 3101.880 us (Expected < 1000.000 us) --> Read time : 78.090 us, Update time : 465.023 us, Write time : 2558.767 us
[ros2_control_node-1] [WARN] [1776901391.073246425] [controller_manager]: Overrun detected! The controller manager missed its desired rate of 1000 Hz. The loop took 3.239545 ms (missed cycles : 4).
[vision_apriltag-9] [INFO] [1776901391.129661495] [vision_apriltag_node]: Service: Tag 0 found and base-frame pose returned.
[adl_ui-15] 127.0.0.1 - - [22/Apr/2026 19:43:11] "GET /status_json HTTP/1.1" 200 -
[ros2_control_node-1] [WARN] [1776901392.074057925] [controller_manager]: Overrun might occur, Total time : 3026.669 us (Expected < 1000.000 us) --> Read time : 51.878 us, Update time : 284.246 us, Write time : 2690.545 us
[ros2_control_node-1] [WARN] [1776901392.074163453] [controller_manager]: Overrun detected! The controller manager missed its desired rate of 1000 Hz. The loop took 3.156618 ms (missed cycles : 4).
[vision_apriltag-9] [INFO] [1776901392.126877403] [vision_apriltag_node]: Service: Tag 0 found and base-frame pose returned.
[adl_ui-15] 127.0.0.1 - - [22/Apr/2026 19:43:12] "GET /status_json HTTP/1.1" 200 -
[vision_apriltag-9] [INFO] [1776901392.755910280] [vision_apriltag_node]: Vision AprilTag: images are arriving, but no AprilTag has been seen for 17.8s.
[joint_state_sanitizer-3] [WARN] [1776901392.992379803] [joint_state_sanitizer_node]: [joint_state_sanitizer] Published sanitized joint state: joint_3:+3.142->+3.132
[ros2_control_node-1] [WARN] [1776901393.076024538] [controller_manager]: Overrun might occur, Total time : 2967.565 us (Expected < 1000.000 us) --> Read time : 57.022 us, Update time : 295.861 us, Write time : 2614.682 us
[ros2_control_node-1] [WARN] [1776901393.076136246] [controller_manager]: Overrun detected! The controller manager missed its desired rate of 1000 Hz. The loop took 3.129206 ms (missed cycles : 4).
[vision_apriltag-9] [INFO] [1776901393.130700068] [vision_apriltag_node]: Service: Tag 0 found and base-frame pose returned.
[adl_ui-15] 127.0.0.1 - - [22/Apr/2026 19:43:13] "GET /status_json HTTP/1.1" 200 -
[vision_apriltag-9] [INFO] [1776901393.358917525] [vision_apriltag_node]: Vision AprilTag detection debug: no tags found after raw/CLAHE/sharp/adaptive/upscaled/tiled passes.
[wrist_camera_usb_publisher-8] [INFO] [1776901393.409724126] [wrist_camera_usb_publisher_node]: USB camera publisher heartbeat: publishing 1280x720 frames on /wrist_mounted_camera/image; camera_info fx=920.87, fy=921.57, cx=644.76, cy=343.15.
[adl_ui-15] 127.0.0.1 - - [22/Apr/2026 19:43:13] "GET /status_json HTTP/1.1" 200 -
[ros2_control_node-1] [WARN] [1776901394.078868156] [controller_manager]: Overrun might occur, Total time : 2838.462 us (Expected < 1000.000 us) --> Read time : 34.024 us, Update time : 192.486 us, Write time : 2611.952 us
[ros2_control_node-1] [WARN] [1776901394.078958898] [controller_manager]: Overrun detected! The controller manager missed its desired rate of 1000 Hz. The loop took 2.951758 ms (missed cycles : 3).
[vision_apriltag-9] [INFO] [1776901394.128426999] [vision_apriltag_node]: Service: Tag 0 found and base-frame pose returned.
[adl_ui-15] 127.0.0.1 - - [22/Apr/2026 19:43:14] "GET /status_json HTTP/1.1" 200 -
[vision_apriltag-9] [INFO] [1776901394.758099831] [vision_apriltag_node]: Vision AprilTag: images are arriving, but no AprilTag has been seen for 19.8s.
[vision_apriltag-9] [INFO] [1776901394.956426684] [vision_apriltag_node]: Removed stale tag ID 0 from detected tags
[ros2_control_node-1] [WARN] [1776901395.080749516] [controller_manager]: Overrun might occur, Total time : 2719.896 us (Expected < 1000.000 us) --> Read time : 36.605 us, Update time : 247.952 us, Write time : 2435.339 us
[ros2_control_node-1] [WARN] [1776901395.080841794] [controller_manager]: Overrun detected! The controller manager missed its desired rate of 1000 Hz. The loop took 2.834692 ms (missed cycles : 3).
[adl_ui-15] 127.0.0.1 - - [22/Apr/2026 19:43:15] "GET /status_json HTTP/1.1" 200 -
[ros2_control_node-1] [WARN] [1776901396.080770021] [controller_manager]: Overrun might occur, Total time : 3732.550 us (Expected < 1000.000 us) --> Read time : 44.249 us, Update time : 246.163 us, Write time : 3442.138 us
[ros2_control_node-1] [WARN] [1776901396.080880985] [controller_manager]: Overrun detected! The controller manager missed its desired rate of 1000 Hz. The loop took 3.874158 ms (missed cycles : 4).
[adl_ui-15] 127.0.0.1 - - [22/Apr/2026 19:43:16] "GET /status_json HTTP/1.1" 200 -
[vision_apriltag-9] [INFO] [1776901396.757050811] [vision_apriltag_node]: Vision AprilTag: images are arriving, but no AprilTag has been seen for 21.8s.
[adl_ui-15] 127.0.0.1 - - [22/Apr/2026 19:43:16] "GET /status_json HTTP/1.1" 200 -
[ros2_control_node-1] [WARN] [1776901397.084438400] [controller_manager]: Overrun might occur, Total time : 3404.370 us (Expected < 1000.000 us) --> Read time : 39.375 us, Update time : 246.966 us, Write time : 3118.029 us
[ros2_control_node-1] [WARN] [1776901397.084529269] [controller_manager]: Overrun detected! The controller manager missed its desired rate of 1000 Hz. The loop took 3.522504 ms (missed cycles : 4).
[adl_ui-15] 127.0.0.1 - - [22/Apr/2026 19:43:17] "GET /status_json HTTP/1.1" 200 -
[joint_state_sanitizer-3] [WARN] [1776901397.994378709] [joint_state_sanitizer_node]: [joint_state_sanitizer] Published sanitized joint state: joint_3:+3.142->+3.132
[ros2_control_node-1] [WARN] [1776901398.085732916] [controller_manager]: Overrun might occur, Total time : 2701.052 us (Expected < 1000.000 us) --> Read time : 38.902 us, Update time : 228.962 us, Write time : 2433.188 us
[ros2_control_node-1] [WARN] [1776901398.085808231] [controller_manager]: Overrun detected! The controller manager missed its desired rate of 1000 Hz. The loop took 2.801763 ms (missed cycles : 3).
[adl_ui-15] 127.0.0.1 - - [22/Apr/2026 19:43:18] "GET /status_json HTTP/1.1" 200 -
[wrist_camera_usb_publisher-8] [INFO] [1776901398.568323832] [wrist_camera_usb_publisher_node]: USB camera publisher heartbeat: publishing 1280x720 frames on /wrist_mounted_camera/image; camera_info fx=920.87, fy=921.57, cx=644.76, cy=343.15.
[vision_apriltag-9] [INFO] [1776901398.637734301] [vision_apriltag_node]: Vision AprilTag detection debug: no tags found after raw/CLAHE/sharp/adaptive/upscaled/tiled passes.
[vision_apriltag-9] [INFO] [1776901398.755926184] [vision_apriltag_node]: Vision AprilTag: images are arriving, but no AprilTag has been seen for 23.8s.
[ros2_control_node-1] [WARN] [1776901399.088835233] [controller_manager]: Overrun might occur, Total time : 2801.674 us (Expected < 1000.000 us) --> Read time : 46.069 us, Update time : 303.913 us, Write time : 2451.692 us
[ros2_control_node-1] [WARN] [1776901399.088914874] [controller_manager]: Overrun detected! The controller manager missed its desired rate of 1000 Hz. The loop took 2.908200 ms (missed cycles : 3).
[adl_ui-15] 127.0.0.1 - - [22/Apr/2026 19:43:19] "GET /status_json HTTP/1.1" 200 -
[adl_ui-15] 127.0.0.1 - - [22/Apr/2026 19:43:19] "GET /status_json HTTP/1.1" 200 -
[ros2_control_node-1] [WARN] [1776901400.092643170] [controller_manager]: Overrun might occur, Total time : 4613.586 us (Expected < 1000.000 us) --> Read time : 42.652 us, Update time : 237.460 us, Write time : 4333.474 us
[ros2_control_node-1] [WARN] [1776901400.092717251] [controller_manager]: Overrun detected! The controller manager missed its desired rate of 1000 Hz. The loop took 4.710152 ms (missed cycles : 5).
[adl_ui-15] 127.0.0.1 - - [22/Apr/2026 19:43:20] "GET /status_json HTTP/1.1" 200 -
[vision_apriltag-9] [INFO] [1776901400.756870871] [vision_apriltag_node]: Vision AprilTag: images are arriving, but no AprilTag has been seen for 25.8s.
[ros2_control_node-1] [WARN] [1776901401.094780415] [controller_manager]: Overrun might occur, Total time : 2747.067 us (Expected < 1000.000 us) --> Read time : 50.072 us, Update time : 273.242 us, Write time : 2423.753 us
[ros2_control_node-1] [WARN] [1776901401.094841260] [controller_manager]: Overrun detected! The controller manager missed its desired rate of 1000 Hz. The loop took 2.835167 ms (missed cycles : 3).
[adl_ui-15] 127.0.0.1 - - [22/Apr/2026 19:43:21] "GET /status_json HTTP/1.1" 200 -
[ros2_control_node-1] [WARN] [1776901402.097423578] [controller_manager]: Overrun might occur, Total time : 4386.663 us (Expected < 1000.000 us) --> Read time : 56.265 us, Update time : 231.169 us, Write time : 4099.229 us
[ros2_control_node-1] [WARN] [1776901402.097515898] [controller_manager]: Overrun detected! The controller manager missed its desired rate of 1000 Hz. The loop took 4.508587 ms (missed cycles : 5).
[adl_ui-15] 127.0.0.1 - - [22/Apr/2026 19:43:22] "GET /status_json HTTP/1.1" 200 -
[vision_apriltag-9] [INFO] [1776901402.759311351] [vision_apriltag_node]: Vision AprilTag: images are arriving, but no AprilTag has been seen for 27.8s.
[adl_ui-15] 127.0.0.1 - - [22/Apr/2026 19:43:22] "GET /status_json HTTP/1.1" 200 -
[vision_apriltag-9] [INFO] [1776901402.962978178] [vision_apriltag_node]: Vision AprilTag visible IDs: [0]
[joint_state_sanitizer-3] [WARN] [1776901402.996655268] [joint_state_sanitizer_node]: [joint_state_sanitizer] Published sanitized joint state: joint_3:+3.142->+3.132
[ros2_control_node-1] [WARN] [1776901403.097866535] [controller_manager]: Overrun might occur, Total time : 2833.085 us (Expected < 1000.000 us) --> Read time : 38.969 us, Update time : 249.500 us, Write time : 2544.616 us
[ros2_control_node-1] [WARN] [1776901403.097951928] [controller_manager]: Overrun detected! The controller manager missed its desired rate of 1000 Hz. The loop took 2.944575 ms (missed cycles : 3).
[vision_apriltag-9] [INFO] [1776901403.127628413] [vision_apriltag_node]: Service: Tag 0 found and base-frame pose returned.
[adl_ui-15] 127.0.0.1 - - [22/Apr/2026 19:43:23] "GET /status_json HTTP/1.1" 200 -
[wrist_camera_usb_publisher-8] [INFO] [1776901403.730086727] [wrist_camera_usb_publisher_node]: USB camera publisher heartbeat: publishing 1280x720 frames on /wrist_mounted_camera/image; camera_info fx=920.87, fy=921.57, cx=644.76, cy=343.15.
[ros2_control_node-1] [WARN] [1776901404.099629167] [controller_manager]: Overrun might occur, Total time : 2598.863 us (Expected < 1000.000 us) --> Read time : 43.366 us, Update time : 236.798 us, Write time : 2318.699 us
[ros2_control_node-1] [WARN] [1776901404.099700265] [controller_manager]: Overrun detected! The controller manager missed its desired rate of 1000 Hz. The loop took 2.693630 ms (missed cycles : 3).
[vision_apriltag-9] [INFO] [1776901404.290925331] [vision_apriltag_node]: Vision AprilTag detection debug: no tags found after raw/CLAHE/sharp/adaptive/upscaled/tiled passes.
[vision_apriltag-9] [INFO] [1776901404.361734661] [vision_apriltag_node]: Service: Tag 0 found and base-frame pose returned.
[adl_ui-15] 127.0.0.1 - - [22/Apr/2026 19:43:24] "GET /status_json HTTP/1.1" 200 -
[ros2_control_node-1] [WARN] [1776901405.103215281] [controller_manager]: Overrun might occur, Total time : 3189.602 us (Expected < 1000.000 us) --> Read time : 31.080 us, Update time : 208.920 us, Write time : 2949.602 us
[ros2_control_node-1] [WARN] [1776901405.103298925] [controller_manager]: Overrun detected! The controller manager missed its desired rate of 1000 Hz. The loop took 3.292058 ms (missed cycles : 4).
[adl_ui-15] 127.0.0.1 - - [22/Apr/2026 19:43:25] "GET /status_json HTTP/1.1" 200 -
[vision_apriltag-9] [INFO] [1776901405.282951650] [vision_apriltag_node]: Vision AprilTag: images are arriving, but no AprilTag has been seen for 2.3s.
[vision_apriltag-9] [INFO] [1776901405.310308225] [vision_apriltag_node]: Service: Tag 0 found and base-frame pose returned.
[adl_ui-15] 127.0.0.1 - - [22/Apr/2026 19:43:25] "GET /status_json HTTP/1.1" 200 -
[ros2_control_node-1] [WARN] [1776901406.104812374] [controller_manager]: Overrun might occur, Total time : 2766.576 us (Expected < 1000.000 us) --> Read time : 60.256 us, Update time : 330.062 us, Write time : 2376.258 us
[ros2_control_node-1] [WARN] [1776901406.104900856] [controller_manager]: Overrun detected! The controller manager missed its desired rate of 1000 Hz. The loop took 2.893971 ms (missed cycles : 3).
[vision_apriltag-9] [INFO] [1776901406.127008681] [vision_apriltag_node]: Service: Tag 0 found and base-frame pose returned.
[adl_ui-15] 127.0.0.1 - - [22/Apr/2026 19:43:26] "GET /status_json HTTP/1.1" 200 -
[vision_apriltag-9] [INFO] [1776901406.756310579] [vision_apriltag_node]: Vision AprilTag: images are arriving, but no AprilTag has been seen for 3.8s.
[ros2_control_node-1] [WARN] [1776901407.106770945] [controller_manager]: Overrun might occur, Total time : 3708.416 us (Expected < 1000.000 us) --> Read time : 121.340 us, Update time : 396.944 us, Write time : 3190.132 us
[ros2_control_node-1] [WARN] [1776901407.106869554] [controller_manager]: Overrun detected! The controller manager missed its desired rate of 1000 Hz. The loop took 3.862882 ms (missed cycles : 4).
[vision_apriltag-9] [INFO] [1776901407.147141203] [vision_apriltag_node]: Service: Tag 0 found and base-frame pose returned.
[adl_ui-15] 127.0.0.1 - - [22/Apr/2026 19:43:27] "GET /status_json HTTP/1.1" 200 -
[joint_state_sanitizer-3] [WARN] [1776901407.997849744] [joint_state_sanitizer_node]: [joint_state_sanitizer] Published sanitized joint state: joint_3:+3.142->+3.132
[ros2_control_node-1] [WARN] [1776901408.109687064] [controller_manager]: Overrun might occur, Total time : 2660.227 us (Expected < 1000.000 us) --> Read time : 29.557 us, Update time : 190.627 us, Write time : 2440.043 us
[ros2_control_node-1] [WARN] [1776901408.109766515] [controller_manager]: Overrun detected! The controller manager missed its desired rate of 1000 Hz. The loop took 2.760103 ms (missed cycles : 3).
[vision_apriltag-9] [INFO] [1776901408.126294859] [vision_apriltag_node]: Service: Tag 0 found and base-frame pose returned.
[adl_ui-15] 127.0.0.1 - - [22/Apr/2026 19:43:28] "GET /status_json HTTP/1.1" 200 -
[vision_apriltag-9] [INFO] [1776901408.757023931] [vision_apriltag_node]: Vision AprilTag: images are arriving, but no AprilTag has been seen for 5.8s.
[wrist_camera_usb_publisher-8] [INFO] [1776901408.891065886] [wrist_camera_usb_publisher_node]: USB camera publisher heartbeat: publishing 1280x720 frames on /wrist_mounted_camera/image; camera_info fx=920.87, fy=921.57, cx=644.76, cy=343.15.
[adl_ui-15] 127.0.0.1 - - [22/Apr/2026 19:43:28] "GET /status_json HTTP/1.1" 200 -
[ros2_control_node-1] [WARN] [1776901409.120528534] [controller_manager]: Overrun might occur, Total time : 10491.962 us (Expected < 1000.000 us) --> Read time : 40.301 us, Update time : 232.395 us, Write time : 10219.266 us
[ros2_control_node-1] [WARN] [1776901409.120617515] [controller_manager]: Overrun detected! The controller manager missed its desired rate of 1000 Hz. The loop took 10.610756 ms (missed cycles : 11).
[vision_apriltag-9] [INFO] [1776901409.318099347] [vision_apriltag_node]: Vision AprilTag detection debug: no tags found after raw/CLAHE/sharp/adaptive/upscaled/tiled passes.
[vision_apriltag-9] [INFO] [1776901409.329762774] [vision_apriltag_node]: Service: Tag 0 found and base-frame pose returned.
[adl_ui-15] 127.0.0.1 - - [22/Apr/2026 19:43:29] "GET /status_json HTTP/1.1" 200 -
[ros2_control_node-1] [WARN] [1776901410.121619613] [controller_manager]: Overrun might occur, Total time : 2587.514 us (Expected < 1000.000 us) --> Read time : 43.191 us, Update time : 230.727 us, Write time : 2313.596 us
[ros2_control_node-1] [WARN] [1776901410.121690799] [controller_manager]: Overrun detected! The controller manager missed its desired rate of 1000 Hz. The loop took 2.684306 ms (missed cycles : 3).
[vision_apriltag-9] [INFO] [1776901410.127316888] [vision_apriltag_node]: Service: Tag 0 found and base-frame pose returned.
[adl_ui-15] 127.0.0.1 - - [22/Apr/2026 19:43:30] "GET /status_json HTTP/1.1" 200 -
[ros2_control_node-1] [WARN] [1776901411.123961151] [controller_manager]: Overrun might occur, Total time : 2930.693 us (Expected < 1000.000 us) --> Read time : 38.786 us, Update time : 241.644 us, Write time : 2650.263 us
[ros2_control_node-1] [WARN] [1776901411.124042414] [controller_manager]: Overrun detected! The controller manager missed its desired rate of 1000 Hz. The loop took 3.035977 ms (missed cycles : 4).
[vision_apriltag-9] [INFO] [1776901411.126871322] [vision_apriltag_node]: Service: Tag 0 found and base-frame pose returned.
[adl_ui-15] 127.0.0.1 - - [22/Apr/2026 19:43:31] "GET /status_json HTTP/1.1" 200 -
[adl_ui-15] 127.0.0.1 - - [22/Apr/2026 19:43:31] "GET /status_json HTTP/1.1" 200 -
[ros2_control_node-1] [WARN] [1776901412.123989529] [controller_manager]: Overrun might occur, Total time : 2952.820 us (Expected < 1000.000 us) --> Read time : 76.959 us, Update time : 394.138 us, Write time : 2481.723 us
[ros2_control_node-1] [WARN] [1776901412.124061454] [controller_manager]: Overrun detected! The controller manager missed its desired rate of 1000 Hz. The loop took 3.054986 ms (missed cycles : 4).
[vision_apriltag-9] [INFO] [1776901412.126800081] [vision_apriltag_node]: Service: Tag 0 found and base-frame pose returned.
[adl_ui-15] 127.0.0.1 - - [22/Apr/2026 19:43:32] "GET /status_json HTTP/1.1" 200 -
[joint_state_sanitizer-3] [WARN] [1776901412.999745614] [joint_state_sanitizer_node]: [joint_state_sanitizer] Published sanitized joint state: joint_3:+3.142->+3.132
[ros2_control_node-1] [WARN] [1776901413.124121362] [controller_manager]: Overrun might occur, Total time : 3087.472 us (Expected < 1000.000 us) --> Read time : 51.154 us, Update time : 235.060 us, Write time : 2801.258 us
[ros2_control_node-1] [WARN] [1776901413.124206684] [controller_manager]: Overrun detected! The controller manager missed its desired rate of 1000 Hz. The loop took 3.199574 ms (missed cycles : 4).
[vision_apriltag-9] [INFO] [1776901413.125630670] [vision_apriltag_node]: Service: Tag 0 found and base-frame pose returned.
[adl_ui-15] 127.0.0.1 - - [22/Apr/2026 19:43:33] "GET /status_json HTTP/1.1" 200 -
[wrist_camera_usb_publisher-8] [INFO] [1776901414.049629046] [wrist_camera_usb_publisher_node]: USB camera publisher heartbeat: publishing 1280x720 frames on /wrist_mounted_camera/image; camera_info fx=920.87, fy=921.57, cx=644.76, cy=343.15.
[ros2_control_node-1] [WARN] [1776901414.126931840] [controller_manager]: Overrun might occur, Total time : 2903.221 us (Expected < 1000.000 us) --> Read time : 37.557 us, Update time : 244.963 us, Write time : 2620.701 us
[ros2_control_node-1] [WARN] [1776901414.127005471] [controller_manager]: Overrun detected! The controller manager missed its desired rate of 1000 Hz. The loop took 2.999158 ms (missed cycles : 3).
[vision_apriltag-9] [INFO] [1776901414.128084232] [vision_apriltag_node]: Service: Tag 0 found and base-frame pose returned.
[adl_ui-15] 127.0.0.1 - - [22/Apr/2026 19:43:34] "GET /status_json HTTP/1.1" 200 -
[vision_apriltag-9] [INFO] [1776901414.550597718] [vision_apriltag_node]: Vision AprilTag detection debug: no tags found after raw/CLAHE/sharp/adaptive/upscaled/tiled passes.
[vision_apriltag-9] [INFO] [1776901414.775219785] [vision_apriltag_node]: Vision AprilTag: images are arriving, but no AprilTag has been seen for 3.9s.
[adl_ui-15] 127.0.0.1 - - [22/Apr/2026 19:43:34] "GET /status_json HTTP/1.1" 200 -
[ros2_control_node-1] [WARN] [1776901415.128495410] [controller_manager]: Overrun might occur, Total time : 2462.362 us (Expected < 1000.000 us) --> Read time : 40.981 us, Update time : 265.346 us, Write time : 2156.035 us
[ros2_control_node-1] [WARN] [1776901415.128581081] [controller_manager]: Overrun detected! The controller manager missed its desired rate of 1000 Hz. The loop took 2.573285 ms (missed cycles : 3).
[vision_apriltag-9] [INFO] [1776901415.404589743] [vision_apriltag_node]: Service: Tag 0 found and base-frame pose returned.
[adl_ui-15] 127.0.0.1 - - [22/Apr/2026 19:43:35] "GET /status_json HTTP/1.1" 200 -
[vision_apriltag-9] [INFO] [1776901416.126979943] [vision_apriltag_node]: Service: Tag 0 found and base-frame pose returned.
[ros2_control_node-1] [WARN] [1776901416.129754213] [controller_manager]: Overrun might occur, Total time : 2725.620 us (Expected < 1000.000 us) --> Read time : 35.559 us, Update time : 260.723 us, Write time : 2429.338 us
[ros2_control_node-1] [WARN] [1776901416.129877568] [controller_manager]: Overrun detected! The controller manager missed its desired rate of 1000 Hz. The loop took 2.870392 ms (missed cycles : 3).
[adl_ui-15] 127.0.0.1 - - [22/Apr/2026 19:43:36] "GET /status_json HTTP/1.1" 200 -
[vision_apriltag-9] [INFO] [1776901417.129202400] [vision_apriltag_node]: Service: Tag 0 found and base-frame pose returned.
[ros2_control_node-1] [WARN] [1776901417.130237382] [controller_manager]: Overrun might occur, Total time : 3206.610 us (Expected < 1000.000 us) --> Read time : 41.038 us, Update time : 266.371 us, Write time : 2899.201 us
[ros2_control_node-1] [WARN] [1776901417.130317458] [controller_manager]: Overrun detected! The controller manager missed its desired rate of 1000 Hz. The loop took 3.311047 ms (missed cycles : 4).
[adl_ui-15] 127.0.0.1 - - [22/Apr/2026 19:43:37] "GET /status_json HTTP/1.1" 200 -
[adl_ui-15] 127.0.0.1 - - [22/Apr/2026 19:43:37] "GET /status_json HTTP/1.1" 200 -
[joint_state_sanitizer-3] [WARN] [1776901418.002592492] [joint_state_sanitizer_node]: [joint_state_sanitizer] Published sanitized joint state: joint_3:+3.142->+3.132
[vision_apriltag-9] [INFO] [1776901418.127806244] [vision_apriltag_node]: Service: Tag 0 found and base-frame pose returned.
[ros2_control_node-1] [WARN] [1776901418.132574206] [controller_manager]: Overrun might occur, Total time : 2537.999 us (Expected < 1000.000 us) --> Read time : 44.812 us, Update time : 241.216 us, Write time : 2251.971 us
[ros2_control_node-1] [WARN] [1776901418.132653279] [controller_manager]: Overrun detected! The controller manager missed its desired rate of 1000 Hz. The loop took 2.646460 ms (missed cycles : 3).
[adl_ui-15] 127.0.0.1 - - [22/Apr/2026 19:43:38] "GET /status_json HTTP/1.1" 200 -
[vision_apriltag-9] [INFO] [1776901419.127409053] [vision_apriltag_node]: Service: Tag 0 found and base-frame pose returned.
[ros2_control_node-1] [WARN] [1776901419.134988699] [controller_manager]: Overrun might occur, Total time : 2944.267 us (Expected < 1000.000 us) --> Read time : 39.444 us, Update time : 304.309 us, Write time : 2600.514 us
[ros2_control_node-1] [WARN] [1776901419.135057519] [controller_manager]: Overrun detected! The controller manager missed its desired rate of 1000 Hz. The loop took 3.051027 ms (missed cycles : 4).
[wrist_camera_usb_publisher-8] [INFO] [1776901419.211459615] [wrist_camera_usb_publisher_node]: USB camera publisher heartbeat: publishing 1280x720 frames on /wrist_mounted_camera/image; camera_info fx=920.87, fy=921.57, cx=644.76, cy=343.15.
[adl_ui-15] 127.0.0.1 - - [22/Apr/2026 19:43:39] "GET /status_json HTTP/1.1" 200 -
[vision_apriltag-9] [INFO] [1776901420.005363378] [vision_apriltag_node]: Vision AprilTag detection debug: no tags found after raw/CLAHE/sharp/adaptive/upscaled/tiled passes.
[vision_apriltag-9] [INFO] [1776901420.131563462] [vision_apriltag_node]: Service: Tag 0 found and base-frame pose returned.
[ros2_control_node-1] [WARN] [1776901420.135531072] [controller_manager]: Overrun might occur, Total time : 2501.948 us (Expected < 1000.000 us) --> Read time : 38.937 us, Update time : 247.273 us, Write time : 2215.738 us
[ros2_control_node-1] [WARN] [1776901420.135614746] [controller_manager]: Overrun detected! The controller manager missed its desired rate of 1000 Hz. The loop took 2.608065 ms (missed cycles : 3).
[adl_ui-15] 127.0.0.1 - - [22/Apr/2026 19:43:40] "GET /status_json HTTP/1.1" 200 -
[adl_ui-15] 127.0.0.1 - - [22/Apr/2026 19:43:40] "GET /status_json HTTP/1.1" 200 -
[ros2_control_node-1] [WARN] [1776901421.136505034] [controller_manager]: Overrun might occur, Total time : 2475.407 us (Expected < 1000.000 us) --> Read time : 39.710 us, Update time : 261.147 us, Write time : 2174.550 us
[ros2_control_node-1] [WARN] [1776901421.136581553] [controller_manager]: Overrun detected! The controller manager missed its desired rate of 1000 Hz. The loop took 2.574612 ms (missed cycles : 3).
[vision_apriltag-9] [INFO] [1776901421.259340890] [vision_apriltag_node]: Service: Tag 0 found and base-frame pose returned.
[adl_ui-15] 127.0.0.1 - - [22/Apr/2026 19:43:41] "GET /status_json HTTP/1.1" 200 -
[vision_apriltag-9] [INFO] [1776901422.126796044] [vision_apriltag_node]: Service: Tag 0 found and base-frame pose returned.
[ros2_control_node-1] [WARN] [1776901422.136919605] [controller_manager]: Overrun might occur, Total time : 2886.247 us (Expected < 1000.000 us) --> Read time : 46.380 us, Update time : 333.447 us, Write time : 2506.420 us
[ros2_control_node-1] [WARN] [1776901422.136997375] [controller_manager]: Overrun detected! The controller manager missed its desired rate of 1000 Hz. The loop took 2.990395 ms (missed cycles : 3).
[adl_ui-15] 127.0.0.1 - - [22/Apr/2026 19:43:42] "GET /status_json HTTP/1.1" 200 -
[joint_state_sanitizer-3] [WARN] [1776901423.002904533] [joint_state_sanitizer_node]: [joint_state_sanitizer] Published sanitized joint state: joint_3:+3.142->+3.132
[vision_apriltag-9] [INFO] [1776901423.082523183] [vision_apriltag_node]: Vision AprilTag: images are arriving, but no AprilTag has been seen for 4.3s.
[vision_apriltag-9] [INFO] [1776901423.129829118] [vision_apriltag_node]: Service: Tag 0 found and base-frame pose returned.
[ros2_control_node-1] [WARN] [1776901423.137798283] [controller_manager]: Overrun might occur, Total time : 2763.617 us (Expected < 1000.000 us) --> Read time : 40.016 us, Update time : 280.145 us, Write time : 2443.456 us
[ros2_control_node-1] [WARN] [1776901423.137881353] [controller_manager]: Overrun detected! The controller manager missed its desired rate of 1000 Hz. The loop took 2.874386 ms (missed cycles : 3).
[adl_ui-15] 127.0.0.1 - - [22/Apr/2026 19:43:43] "GET /status_json HTTP/1.1" 200 -
[adl_ui-15] 127.0.0.1 - - [22/Apr/2026 19:43:43] "GET /status_json HTTP/1.1" 200 -
[vision_apriltag-9] [INFO] [1776901424.126870851] [vision_apriltag_node]: Service: Tag 0 found and base-frame pose returned.
[ros2_control_node-1] [WARN] [1776901424.138893933] [controller_manager]: Overrun might occur, Total time : 2866.558 us (Expected < 1000.000 us) --> Read time : 34.400 us, Update time : 249.669 us, Write time : 2582.489 us
[ros2_control_node-1] [WARN] [1776901424.138964981] [controller_manager]: Overrun detected! The controller manager missed its desired rate of 1000 Hz. The loop took 2.958406 ms (missed cycles : 3).
[wrist_camera_usb_publisher-8] [INFO] [1776901424.371165545] [wrist_camera_usb_publisher_node]: USB camera publisher heartbeat: publishing 1280x720 frames on /wrist_mounted_camera/image; camera_info fx=920.87, fy=921.57, cx=644.76, cy=343.15.
[adl_ui-15] 127.0.0.1 - - [22/Apr/2026 19:43:44] "GET /status_json HTTP/1.1" 200 -
[ros2_control_node-1] [WARN] [1776901425.141506224] [controller_manager]: Overrun might occur, Total time : 3475.811 us (Expected < 1000.000 us) --> Read time : 42.040 us, Update time : 212.328 us, Write time : 3221.443 us
[ros2_control_node-1] [WARN] [1776901425.141599422] [controller_manager]: Overrun detected! The controller manager missed its desired rate of 1000 Hz. The loop took 3.593031 ms (missed cycles : 4).
[vision_apriltag-9] [INFO] [1776901425.231677270] [vision_apriltag_node]: Vision AprilTag detection debug: no tags found after raw/CLAHE/sharp/adaptive/upscaled/tiled passes.
[vision_apriltag-9] [INFO] [1776901425.238190320] [vision_apriltag_node]: Service: Tag 0 found and base-frame pose returned.
[adl_ui-15] 127.0.0.1 - - [22/Apr/2026 19:43:45] "GET /status_json HTTP/1.1" 200 -
[vision_apriltag-9] [INFO] [1776901426.126699404] [vision_apriltag_node]: Service: Tag 0 found and base-frame pose returned.
[ros2_control_node-1] [WARN] [1776901426.142522725] [controller_manager]: Overrun might occur, Total time : 2494.650 us (Expected < 1000.000 us) --> Read time : 38.312 us, Update time : 281.644 us, Write time : 2174.694 us
[ros2_control_node-1] [WARN] [1776901426.142594703] [controller_manager]: Overrun detected! The controller manager missed its desired rate of 1000 Hz. The loop took 2.588388 ms (missed cycles : 3).
[adl_ui-15] 127.0.0.1 - - [22/Apr/2026 19:43:46] "GET /status_json HTTP/1.1" 200 -
[adl_ui-15] 127.0.0.1 - - [22/Apr/2026 19:43:46] "GET /status_json HTTP/1.1" 200 -
[vision_apriltag-9] [INFO] [1776901426.962515019] [vision_apriltag_node]: Vision AprilTag: images are arriving, but no AprilTag has been seen for 2.4s.
[vision_apriltag-9] [INFO] [1776901427.126993495] [vision_apriltag_node]: Service: Tag 0 found and base-frame pose returned.
[ros2_control_node-1] [WARN] [1776901427.143642868] [controller_manager]: Overrun might occur, Total time : 2613.738 us (Expected < 1000.000 us) --> Read time : 36.378 us, Update time : 238.071 us, Write time : 2339.289 us
[ros2_control_node-1] [WARN] [1776901427.143703824] [controller_manager]: Overrun detected! The controller manager missed its desired rate of 1000 Hz. The loop took 2.697588 ms (missed cycles : 3).
[adl_ui-15] 127.0.0.1 - - [22/Apr/2026 19:43:47] "GET /status_json HTTP/1.1" 200 -
[joint_state_sanitizer-3] [WARN] [1776901428.005083682] [joint_state_sanitizer_node]: [joint_state_sanitizer] Published sanitized joint state: joint_3:+3.142->+3.132
[vision_apriltag-9] [INFO] [1776901428.129562146] [vision_apriltag_node]: Service: Tag 0 found and base-frame pose returned.
[ros2_control_node-1] [WARN] [1776901428.144442746] [controller_manager]: Overrun might occur, Total time : 3413.159 us (Expected < 1000.000 us) --> Read time : 36.472 us, Update time : 231.291 us, Write time : 3145.396 us
[ros2_control_node-1] [WARN] [1776901428.144515923] [controller_manager]: Overrun detected! The controller manager missed its desired rate of 1000 Hz. The loop took 3.509355 ms (missed cycles : 4).
[adl_ui-15] 127.0.0.1 - - [22/Apr/2026 19:43:48] "GET /status_json HTTP/1.1" 200 -
[vision_apriltag-9] [INFO] [1776901429.126064225] [vision_apriltag_node]: Service: Tag 0 found and base-frame pose returned.
[ros2_control_node-1] [WARN] [1776901429.145632206] [controller_manager]: Overrun might occur, Total time : 2596.704 us (Expected < 1000.000 us) --> Read time : 49.959 us, Update time : 286.126 us, Write time : 2260.619 us
[ros2_control_node-1] [WARN] [1776901429.145730090] [controller_manager]: Overrun detected! The controller manager missed its desired rate of 1000 Hz. The loop took 2.723153 ms (missed cycles : 3).
[adl_ui-15] 127.0.0.1 - - [22/Apr/2026 19:43:49] "GET /status_json HTTP/1.1" 200 -
[wrist_camera_usb_publisher-8] [INFO] [1776901429.373802768] [wrist_camera_usb_publisher_node]: USB camera publisher heartbeat: publishing 1280x720 frames on /wrist_mounted_camera/image; camera_info fx=920.87, fy=921.57, cx=644.76, cy=343.15.
[adl_ui-15] 127.0.0.1 - - [22/Apr/2026 19:43:49] "GET /status_json HTTP/1.1" 200 -
[ros2_control_node-1] [WARN] [1776901430.147524862] [controller_manager]: Overrun might occur, Total time : 6455.696 us (Expected < 1000.000 us) --> Read time : 145.328 us, Update time : 396.308 us, Write time : 5914.060 us
[ros2_control_node-1] [WARN] [1776901430.147596283] [controller_manager]: Overrun detected! The controller manager missed its desired rate of 1000 Hz. The loop took 6.589211 ms (missed cycles : 7).
[vision_apriltag-9] [INFO] [1776901430.305374003] [vision_apriltag_node]: Vision AprilTag detection debug: no tags found after raw/CLAHE/sharp/adaptive/upscaled/tiled passes.
[vision_apriltag-9] [INFO] [1776901430.318973391] [vision_apriltag_node]: Service: Tag 0 found and base-frame pose returned.
[adl_ui-15] 127.0.0.1 - - [22/Apr/2026 19:43:50] "GET /status_json HTTP/1.1" 200 -
[vision_apriltag-9] [INFO] [1776901430.758392913] [vision_apriltag_node]: Vision AprilTag: images are arriving, but no AprilTag has been seen for 2.3s.
[vision_apriltag-9] [INFO] [1776901431.134619098] [vision_apriltag_node]: Service: Tag 0 found and base-frame pose returned.
[ros2_control_node-1] [WARN] [1776901431.149302124] [controller_manager]: Overrun might occur, Total time : 3268.234 us (Expected < 1000.000 us) --> Read time : 43.945 us, Update time : 256.958 us, Write time : 2967.331 us
[ros2_control_node-1] [WARN] [1776901431.149384648] [controller_manager]: Overrun detected! The controller manager missed its desired rate of 1000 Hz. The loop took 3.377832 ms (missed cycles : 4).
[adl_ui-15] 127.0.0.1 - - [22/Apr/2026 19:43:51] "GET /status_json HTTP/1.1" 200 -
[vision_apriltag-9] [INFO] [1776901432.127996305] [vision_apriltag_node]: Service: Tag 0 found and base-frame pose returned.
[ros2_control_node-1] [WARN] [1776901432.150001216] [controller_manager]: Overrun might occur, Total time : 2972.056 us (Expected < 1000.000 us) --> Read time : 36.577 us, Update time : 232.413 us, Write time : 2703.066 us
[ros2_control_node-1] [WARN] [1776901432.150081363] [controller_manager]: Overrun detected! The controller manager missed its desired rate of 1000 Hz. The loop took 3.074490 ms (missed cycles : 4).
[adl_ui-15] 127.0.0.1 - - [22/Apr/2026 19:43:52] "GET /status_json HTTP/1.1" 200 -
[vision_apriltag-9] [INFO] [1776901432.766652734] [vision_apriltag_node]: Vision AprilTag: images are arriving, but no AprilTag has been seen for 4.3s.
[adl_ui-15] 127.0.0.1 - - [22/Apr/2026 19:43:52] "GET /status_json HTTP/1.1" 200 -
[joint_state_sanitizer-3] [WARN] [1776901433.005404793] [joint_state_sanitizer_node]: [joint_state_sanitizer] Published sanitized joint state: joint_3:+3.142->+3.132
[vision_apriltag-9] [INFO] [1776901433.127119729] [vision_apriltag_node]: Service: Tag 0 found and base-frame pose returned.
[ros2_control_node-1] [WARN] [1776901433.152116255] [controller_manager]: Overrun might occur, Total time : 3078.862 us (Expected < 1000.000 us) --> Read time : 56.458 us, Update time : 316.132 us, Write time : 2706.272 us
[ros2_control_node-1] [WARN] [1776901433.152195602] [controller_manager]: Overrun detected! The controller manager missed its desired rate of 1000 Hz. The loop took 3.188966 ms (missed cycles : 4).
[adl_ui-15] 127.0.0.1 - - [22/Apr/2026 19:43:53] "GET /status_json HTTP/1.1" 200 -
[vision_apriltag-9] [INFO] [1776901434.125861455] [vision_apriltag_node]: Service: Tag 0 found and base-frame pose returned.
[ros2_control_node-1] [WARN] [1776901434.154912358] [controller_manager]: Overrun might occur, Total time : 2866.259 us (Expected < 1000.000 us) --> Read time : 45.533 us, Update time : 256.762 us, Write time : 2563.964 us
[ros2_control_node-1] [WARN] [1776901434.155073928] [controller_manager]: Overrun detected! The controller manager missed its desired rate of 1000 Hz. The loop took 3.065552 ms (missed cycles : 4).
[adl_ui-15] 127.0.0.1 - - [22/Apr/2026 19:43:54] "GET /status_json HTTP/1.1" 200 -
[wrist_camera_usb_publisher-8] [INFO] [1776901434.529146516] [wrist_camera_usb_publisher_node]: USB camera publisher heartbeat: publishing 1280x720 frames on /wrist_mounted_camera/image; camera_info fx=920.87, fy=921.57, cx=644.76, cy=343.15.
[vision_apriltag-9] [INFO] [1776901435.127371334] [vision_apriltag_node]: Service: Tag 0 found and base-frame pose returned.
[ros2_control_node-1] [WARN] [1776901435.158498508] [controller_manager]: Overrun might occur, Total time : 3469.318 us (Expected < 1000.000 us) --> Read time : 44.295 us, Update time : 244.461 us, Write time : 3180.562 us
[ros2_control_node-1] [WARN] [1776901435.158557559] [controller_manager]: Overrun detected! The controller manager missed its desired rate of 1000 Hz. The loop took 3.551701 ms (missed cycles : 4).
[adl_ui-15] 127.0.0.1 - - [22/Apr/2026 19:43:55] "GET /status_json HTTP/1.1" 200 -
[vision_apriltag-9] [INFO] [1776901435.572248281] [vision_apriltag_node]: Vision AprilTag detection debug: no tags found after raw/CLAHE/sharp/adaptive/upscaled/tiled passes.
[adl_ui-15] 127.0.0.1 - - [22/Apr/2026 19:43:55] "GET /status_json HTTP/1.1" 200 -
[vision_apriltag-9] [INFO] [1776901436.125493419] [vision_apriltag_node]: Service: Tag 0 found and base-frame pose returned.
[ros2_control_node-1] [WARN] [1776901436.159499455] [controller_manager]: Overrun might occur, Total time : 2463.222 us (Expected < 1000.000 us) --> Read time : 61.246 us, Update time : 297.463 us, Write time : 2104.513 us
[ros2_control_node-1] [WARN] [1776901436.159557234] [controller_manager]: Overrun detected! The controller manager missed its desired rate of 1000 Hz. The loop took 2.550846 ms (missed cycles : 3).
[adl_ui-15] 127.0.0.1 - - [22/Apr/2026 19:43:56] "GET /status_json HTTP/1.1" 200 -
[vision_apriltag-9] [INFO] [1776901436.757338282] [vision_apriltag_node]: Vision AprilTag: images are arriving, but no AprilTag has been seen for 2.1s.
[vision_apriltag-9] [INFO] [1776901437.127025612] [vision_apriltag_node]: Service: Tag 0 found and base-frame pose returned.
[ros2_control_node-1] [WARN] [1776901437.162317853] [controller_manager]: Overrun might occur, Total time : 3280.199 us (Expected < 1000.000 us) --> Read time : 62.852 us, Update time : 313.149 us, Write time : 2904.198 us
[ros2_control_node-1] [WARN] [1776901437.162392214] [controller_manager]: Overrun detected! The controller manager missed its desired rate of 1000 Hz. The loop took 3.385811 ms (missed cycles : 4).
[adl_ui-15] 127.0.0.1 - - [22/Apr/2026 19:43:57] "GET /status_json HTTP/1.1" 200 -
[joint_state_sanitizer-3] [WARN] [1776901438.007227152] [joint_state_sanitizer_node]: [joint_state_sanitizer] Published sanitized joint state: joint_3:+3.142->+3.132
[vision_apriltag-9] [INFO] [1776901438.126042444] [vision_apriltag_node]: Service: Tag 0 found and base-frame pose returned.
[ros2_control_node-1] [WARN] [1776901438.164587156] [controller_manager]: Overrun might occur, Total time : 2558.641 us (Expected < 1000.000 us) --> Read time : 37.702 us, Update time : 216.619 us, Write time : 2304.320 us
[ros2_control_node-1] [WARN] [1776901438.164665912] [controller_manager]: Overrun detected! The controller manager missed its desired rate of 1000 Hz. The loop took 2.659476 ms (missed cycles : 3).
[adl_ui-15] 127.0.0.1 - - [22/Apr/2026 19:43:58] "GET /status_json HTTP/1.1" 200 -
[vision_apriltag-9] [INFO] [1776901438.876670265] [vision_apriltag_node]: Vision AprilTag: images are arriving, but no AprilTag has been seen for 4.3s.
[adl_ui-15] 127.0.0.1 - - [22/Apr/2026 19:43:58] "GET /status_json HTTP/1.1" 200 -
[ros2_control_node-1] [WARN] [1776901439.167655153] [controller_manager]: Overrun might occur, Total time : 2618.959 us (Expected < 1000.000 us) --> Read time : 42.827 us, Update time : 234.971 us, Write time : 2341.161 us
[ros2_control_node-1] [WARN] [1776901439.167745101] [controller_manager]: Overrun detected! The controller manager missed its desired rate of 1000 Hz. The loop took 2.738283 ms (missed cycles : 3).
[vision_apriltag-9] [INFO] [1776901439.174361686] [vision_apriltag_node]: Service: Tag 0 found and base-frame pose returned.
[wrist_camera_usb_publisher-8] [INFO] [1776901439.690071084] [wrist_camera_usb_publisher_node]: USB camera publisher heartbeat: publishing 1280x720 frames on /wrist_mounted_camera/image; camera_info fx=920.87, fy=921.57, cx=644.76, cy=343.15.
[adl_ui-15] 127.0.0.1 - - [22/Apr/2026 19:43:59] "GET /status_json HTTP/1.1" 200 -
[vision_apriltag-9] [INFO] [1776901440.129607975] [vision_apriltag_node]: Service: Tag 0 found and base-frame pose returned.
[ros2_control_node-1] [WARN] [1776901440.169739492] [controller_manager]: Overrun might occur, Total time : 2702.202 us (Expected < 1000.000 us) --> Read time : 50.138 us, Update time : 233.239 us, Write time : 2418.825 us
[ros2_control_node-1] [WARN] [1776901440.169816983] [controller_manager]: Overrun detected! The controller manager missed its desired rate of 1000 Hz. The loop took 2.810534 ms (missed cycles : 3).
[adl_ui-15] 127.0.0.1 - - [22/Apr/2026 19:44:00] "GET /status_json HTTP/1.1" 200 -
[vision_apriltag-9] [INFO] [1776901440.757146034] [vision_apriltag_node]: Vision AprilTag: images are arriving, but no AprilTag has been seen for 6.1s.
[vision_apriltag-9] [INFO] [1776901440.962327325] [vision_apriltag_node]: Vision AprilTag detection debug: no tags found after raw/CLAHE/sharp/adaptive/upscaled/tiled passes.
[vision_apriltag-9] [INFO] [1776901441.126080605] [vision_apriltag_node]: Service: Tag 0 found and base-frame pose returned.
[ros2_control_node-1] [WARN] [1776901441.170680184] [controller_manager]: Overrun might occur, Total time : 2650.152 us (Expected < 1000.000 us) --> Read time : 40.293 us, Update time : 260.144 us, Write time : 2349.715 us
[ros2_control_node-1] [WARN] [1776901441.170741809] [controller_manager]: Overrun detected! The controller manager missed its desired rate of 1000 Hz. The loop took 2.735111 ms (missed cycles : 3).
[adl_ui-15] 127.0.0.1 - - [22/Apr/2026 19:44:01] "GET /status_json HTTP/1.1" 200 -
[adl_ui-15] 127.0.0.1 - - [22/Apr/2026 19:44:01] "GET /status_json HTTP/1.1" 200 -
[vision_apriltag-9] [INFO] [1776901442.132495402] [vision_apriltag_node]: Service: Tag 0 found and base-frame pose returned.
[ros2_control_node-1] [WARN] [1776901442.171574887] [controller_manager]: Overrun might occur, Total time : 2536.023 us (Expected < 1000.000 us) --> Read time : 39.911 us, Update time : 260.966 us, Write time : 2235.146 us
[ros2_control_node-1] [WARN] [1776901442.171728960] [controller_manager]: Overrun detected! The controller manager missed its desired rate of 1000 Hz. The loop took 2.720087 ms (missed cycles : 3).
[adl_ui-15] 127.0.0.1 - - [22/Apr/2026 19:44:02] "GET /status_json HTTP/1.1" 200 -
[joint_state_sanitizer-3] [WARN] [1776901443.008231592] [joint_state_sanitizer_node]: [joint_state_sanitizer] Published sanitized joint state: joint_3:+3.142->+3.132
[vision_apriltag-9] [INFO] [1776901443.130238484] [vision_apriltag_node]: Service: Tag 0 found and base-frame pose returned.
[ros2_control_node-1] [WARN] [1776901443.172728720] [controller_manager]: Overrun might occur, Total time : 2700.522 us (Expected < 1000.000 us) --> Read time : 38.032 us, Update time : 248.751 us, Write time : 2413.739 us
[ros2_control_node-1] [WARN] [1776901443.172812880] [controller_manager]: Overrun detected! The controller manager missed its desired rate of 1000 Hz. The loop took 2.805481 ms (missed cycles : 3).
[adl_ui-15] 127.0.0.1 - - [22/Apr/2026 19:44:03] "GET /status_json HTTP/1.1" 200 -
[vision_apriltag-9] [INFO] [1776901444.127183426] [vision_apriltag_node]: Service: Tag 0 found and base-frame pose returned.
[ros2_control_node-1] [WARN] [1776901444.175405472] [controller_manager]: Overrun might occur, Total time : 2382.850 us (Expected < 1000.000 us) --> Read time : 37.374 us, Update time : 177.587 us, Write time : 2167.889 us
[ros2_control_node-1] [WARN] [1776901444.175464300] [controller_manager]: Overrun detected! The controller manager missed its desired rate of 1000 Hz. The loop took 2.458003 ms (missed cycles : 3).
[adl_ui-15] 127.0.0.1 - - [22/Apr/2026 19:44:04] "GET /status_json HTTP/1.1" 200 -
[vision_apriltag-9] [INFO] [1776901444.756802718] [vision_apriltag_node]: Vision AprilTag: images are arriving, but no AprilTag has been seen for 2.5s.
[wrist_camera_usb_publisher-8] [INFO] [1776901444.849351212] [wrist_camera_usb_publisher_node]: USB camera publisher heartbeat: publishing 1280x720 frames on /wrist_mounted_camera/image; camera_info fx=920.87, fy=921.57, cx=644.76, cy=343.15.
[adl_ui-15] 127.0.0.1 - - [22/Apr/2026 19:44:04] "GET /status_json HTTP/1.1" 200 -
[vision_apriltag-9] [INFO] [1776901445.126042329] [vision_apriltag_node]: Service: Tag 0 found and base-frame pose returned.
[ros2_control_node-1] [WARN] [1776901445.178797363] [controller_manager]: Overrun might occur, Total time : 2737.590 us (Expected < 1000.000 us) --> Read time : 74.856 us, Update time : 300.249 us, Write time : 2362.485 us
[ros2_control_node-1] [WARN] [1776901445.178978382] [controller_manager]: Overrun detected! The controller manager missed its desired rate of 1000 Hz. The loop took 2.968476 ms (missed cycles : 3).
[adl_ui-15] 127.0.0.1 - - [22/Apr/2026 19:44:05] "GET /status_json HTTP/1.1" 200 -
[vision_apriltag-9] [INFO] [1776901446.125768263] [vision_apriltag_node]: Service: Tag 0 found and base-frame pose returned.
[ros2_control_node-1] [WARN] [1776901446.179676595] [controller_manager]: Overrun might occur, Total time : 2645.444 us (Expected < 1000.000 us) --> Read time : 47.589 us, Update time : 330.851 us, Write time : 2267.004 us
[ros2_control_node-1] [WARN] [1776901446.179769183] [controller_manager]: Overrun detected! The controller manager missed its desired rate of 1000 Hz. The loop took 2.762023 ms (missed cycles : 3).
[adl_ui-15] 127.0.0.1 - - [22/Apr/2026 19:44:06] "GET /status_json HTTP/1.1" 200 -
[vision_apriltag-9] [INFO] [1776901446.496090768] [vision_apriltag_node]: Vision AprilTag detection debug: no tags found after raw/CLAHE/sharp/adaptive/upscaled/tiled passes.
[vision_apriltag-9] [INFO] [1776901447.128497338] [vision_apriltag_node]: Service: Tag 0 found and base-frame pose returned.
[ros2_control_node-1] [WARN] [1776901447.181031501] [controller_manager]: Overrun might occur, Total time : 2998.597 us (Expected < 1000.000 us) --> Read time : 38.018 us, Update time : 240.304 us, Write time : 2720.275 us
[ros2_control_node-1] [WARN] [1776901447.181100462] [controller_manager]: Overrun detected! The controller manager missed its desired rate of 1000 Hz. The loop took 3.093518 ms (missed cycles : 4).
[adl_ui-15] 127.0.0.1 - - [22/Apr/2026 19:44:07] "GET /status_json HTTP/1.1" 200 -
[adl_ui-15] 127.0.0.1 - - [22/Apr/2026 19:44:07] "GET /status_json HTTP/1.1" 200 -
[joint_state_sanitizer-3] [WARN] [1776901448.009364940] [joint_state_sanitizer_node]: [joint_state_sanitizer] Published sanitized joint state: joint_3:+3.142->+3.132
[vision_apriltag-9] [INFO] [1776901448.126397988] [vision_apriltag_node]: Service: Tag 0 found and base-frame pose returned.
[ros2_control_node-1] [WARN] [1776901448.183531068] [controller_manager]: Overrun might occur, Total time : 4477.847 us (Expected < 1000.000 us) --> Read time : 69.420 us, Update time : 320.649 us, Write time : 4087.778 us
[ros2_control_node-1] [WARN] [1776901448.183701622] [controller_manager]: Overrun detected! The controller manager missed its desired rate of 1000 Hz. The loop took 4.690710 ms (missed cycles : 5).
[adl_ui-15] 127.0.0.1 - - [22/Apr/2026 19:44:08] "GET /status_json HTTP/1.1" 200 -
[vision_apriltag-9] [INFO] [1776901448.756221197] [vision_apriltag_node]: Vision AprilTag: images are arriving, but no AprilTag has been seen for 3.6s.
[vision_apriltag-9] [INFO] [1776901449.125767891] [vision_apriltag_node]: Service: Tag 0 found and base-frame pose returned.
[ros2_control_node-1] [WARN] [1776901449.184231171] [controller_manager]: Overrun might occur, Total time : 4176.433 us (Expected < 1000.000 us) --> Read time : 107.564 us, Update time : 459.100 us, Write time : 3609.769 us
[ros2_control_node-1] [WARN] [1776901449.184335365] [controller_manager]: Overrun detected! The controller manager missed its desired rate of 1000 Hz. The loop took 4.327772 ms (missed cycles : 5).
[adl_ui-15] 127.0.0.1 - - [22/Apr/2026 19:44:09] "GET /status_json HTTP/1.1" 200 -
[wrist_camera_usb_publisher-8] [INFO] [1776901450.010582505] [wrist_camera_usb_publisher_node]: USB camera publisher heartbeat: publishing 1280x720 frames on /wrist_mounted_camera/image; camera_info fx=920.87, fy=921.57, cx=644.76, cy=343.15.
[vision_apriltag-9] [INFO] [1776901450.125844709] [vision_apriltag_node]: Service: Tag 0 found and base-frame pose returned.
[ros2_control_node-1] [WARN] [1776901450.184357095] [controller_manager]: Overrun might occur, Total time : 3296.753 us (Expected < 1000.000 us) --> Read time : 67.259 us, Update time : 296.827 us, Write time : 2932.667 us
[ros2_control_node-1] [WARN] [1776901450.184471741] [controller_manager]: Overrun detected! The controller manager missed its desired rate of 1000 Hz. The loop took 3.464289 ms (missed cycles : 4).
[adl_ui-15] 127.0.0.1 - - [22/Apr/2026 19:44:10] "GET /status_json HTTP/1.1" 200 -
[adl_ui-15] 127.0.0.1 - - [22/Apr/2026 19:44:10] "GET /status_json HTTP/1.1" 200 -
[vision_apriltag-9] [INFO] [1776901451.125654018] [vision_apriltag_node]: Service: Tag 0 found and base-frame pose returned.
[ros2_control_node-1] [WARN] [1776901451.184808709] [controller_manager]: Overrun might occur, Total time : 2773.001 us (Expected < 1000.000 us) --> Read time : 41.985 us, Update time : 248.808 us, Write time : 2482.208 us
[ros2_control_node-1] [WARN] [1776901451.184909361] [controller_manager]: Overrun detected! The controller manager missed its desired rate of 1000 Hz. The loop took 2.902896 ms (missed cycles : 3).
[vision_apriltag-9] [INFO] [1776901451.559065701] [vision_apriltag_node]: Vision AprilTag detection debug: no tags found after raw/CLAHE/sharp/adaptive/upscaled/tiled passes.
[adl_ui-15] 127.0.0.1 - - [22/Apr/2026 19:44:11] "GET /status_json HTTP/1.1" 200 -
[vision_apriltag-9] [INFO] [1776901452.127343837] [vision_apriltag_node]: Service: Tag 0 found and base-frame pose returned.
[ros2_control_node-1] [WARN] [1776901452.186720652] [controller_manager]: Overrun might occur, Total time : 2683.335 us (Expected < 1000.000 us) --> Read time : 47.896 us, Update time : 254.128 us, Write time : 2381.311 us
[ros2_control_node-1] [WARN] [1776901452.186830821] [controller_manager]: Overrun detected! The controller manager missed its desired rate of 1000 Hz. The loop took 2.824395 ms (missed cycles : 3).
[adl_ui-15] 127.0.0.1 - - [22/Apr/2026 19:44:12] "GET /status_json HTTP/1.1" 200 -
[joint_state_sanitizer-3] [WARN] [1776901453.009591204] [joint_state_sanitizer_node]: [joint_state_sanitizer] Published sanitized joint state: joint_3:+3.142->+3.132
[vision_apriltag-9] [INFO] [1776901453.126971325] [vision_apriltag_node]: Service: Tag 0 found and base-frame pose returned.
[ros2_control_node-1] [WARN] [1776901453.191170550] [controller_manager]: Overrun might occur, Total time : 4102.200 us (Expected < 1000.000 us) --> Read time : 124.550 us, Update time : 492.189 us, Write time : 3485.461 us
[ros2_control_node-1] [WARN] [1776901453.191246533] [controller_manager]: Overrun detected! The controller manager missed its desired rate of 1000 Hz. The loop took 4.239953 ms (missed cycles : 5).
[adl_ui-15] 127.0.0.1 - - [22/Apr/2026 19:44:13] "GET /status_json HTTP/1.1" 200 -
[adl_ui-15] 127.0.0.1 - - [22/Apr/2026 19:44:13] "GET /status_json HTTP/1.1" 200 -
[vision_apriltag-9] [INFO] [1776901454.126689710] [vision_apriltag_node]: Service: Tag 0 found and base-frame pose returned.
[ros2_control_node-1] [WARN] [1776901454.191551120] [controller_manager]: Overrun might occur, Total time : 2516.808 us (Expected < 1000.000 us) --> Read time : 41.760 us, Update time : 225.584 us, Write time : 2249.464 us
[ros2_control_node-1] [WARN] [1776901454.191636038] [controller_manager]: Overrun detected! The controller manager missed its desired rate of 1000 Hz. The loop took 2.629280 ms (missed cycles : 3).
[adl_ui-15] 127.0.0.1 - - [22/Apr/2026 19:44:14] "GET /status_json HTTP/1.1" 200 -
[vision_apriltag-9] [INFO] [1776901454.759408612] [vision_apriltag_node]: Vision AprilTag: images are arriving, but no AprilTag has been seen for 3.7s.
[vision_apriltag-9] [INFO] [1776901455.126516493] [vision_apriltag_node]: Service: Tag 0 found and base-frame pose returned.
[wrist_camera_usb_publisher-8] [INFO] [1776901455.171818737] [wrist_camera_usb_publisher_node]: USB camera publisher heartbeat: publishing 1280x720 frames on /wrist_mounted_camera/image; camera_info fx=920.87, fy=921.57, cx=644.76, cy=343.15.
[ros2_control_node-1] [WARN] [1776901455.193045841] [controller_manager]: Overrun might occur, Total time : 3001.602 us (Expected < 1000.000 us) --> Read time : 42.751 us, Update time : 311.380 us, Write time : 2647.471 us
[ros2_control_node-1] [WARN] [1776901455.193164028] [controller_manager]: Overrun detected! The controller manager missed its desired rate of 1000 Hz. The loop took 3.155701 ms (missed cycles : 4).
[adl_ui-15] 127.0.0.1 - - [22/Apr/2026 19:44:15] "GET /status_json HTTP/1.1" 200 -
[vision_apriltag-9] [INFO] [1776901456.127636641] [vision_apriltag_node]: Service: Tag 0 found and base-frame pose returned.
[ros2_control_node-1] [WARN] [1776901456.196304481] [controller_manager]: Overrun might occur, Total time : 3270.469 us (Expected < 1000.000 us) --> Read time : 44.541 us, Update time : 300.128 us, Write time : 2925.800 us
[ros2_control_node-1] [WARN] [1776901456.196393380] [controller_manager]: Overrun detected! The controller manager missed its desired rate of 1000 Hz. The loop took 3.386545 ms (missed cycles : 4).
[adl_ui-15] 127.0.0.1 - - [22/Apr/2026 19:44:16] "GET /status_json HTTP/1.1" 200 -
[vision_apriltag-9] [INFO] [1776901456.780818553] [vision_apriltag_node]: Vision AprilTag detection debug: no tags found after raw/CLAHE/sharp/adaptive/upscaled/tiled passes.
[adl_ui-15] 127.0.0.1 - - [22/Apr/2026 19:44:16] "GET /status_json HTTP/1.1" 200 -
[vision_apriltag-9] [INFO] [1776901457.126070070] [vision_apriltag_node]: Service: Tag 0 found and base-frame pose returned.
[ros2_control_node-1] [WARN] [1776901457.200015727] [controller_manager]: Overrun might occur, Total time : 4984.690 us (Expected < 1000.000 us) --> Read time : 59.334 us, Update time : 254.333 us, Write time : 4671.023 us
[ros2_control_node-1] [WARN] [1776901457.200104986] [controller_manager]: Overrun detected! The controller manager missed its desired rate of 1000 Hz. The loop took 5.098244 ms (missed cycles : 6).
[adl_ui-15] 127.0.0.1 - - [22/Apr/2026 19:44:17] "GET /status_json HTTP/1.1" 200 -
[joint_state_sanitizer-3] [WARN] [1776901458.013757708] [joint_state_sanitizer_node]: [joint_state_sanitizer] Published sanitized joint state: joint_3:+3.142->+3.132
[vision_apriltag-9] [INFO] [1776901458.127046176] [vision_apriltag_node]: Service: Tag 0 found and base-frame pose returned.
[ros2_control_node-1] [WARN] [1776901458.204041841] [controller_manager]: Overrun might occur, Total time : 5011.626 us (Expected < 1000.000 us) --> Read time : 39.033 us, Update time : 234.350 us, Write time : 4738.243 us
[ros2_control_node-1] [WARN] [1776901458.204141650] [controller_manager]: Overrun detected! The controller manager missed its desired rate of 1000 Hz. The loop took 5.134176 ms (missed cycles : 6).
[adl_ui-15] 127.0.0.1 - - [22/Apr/2026 19:44:18] "GET /status_json HTTP/1.1" 200 -
[vision_apriltag-9] [INFO] [1776901458.755927559] [vision_apriltag_node]: Vision AprilTag: images are arriving, but no AprilTag has been seen for 3.9s.
[ros2_control_node-1] [WARN] [1776901459.205947432] [controller_manager]: Overrun might occur, Total time : 2923.528 us (Expected < 1000.000 us) --> Read time : 31.334 us, Update time : 239.581 us, Write time : 2652.613 us
[ros2_control_node-1] [WARN] [1776901459.206016845] [controller_manager]: Overrun detected! The controller manager missed its desired rate of 1000 Hz. The loop took 3.010604 ms (missed cycles : 4).
[adl_ui-15] 127.0.0.1 - - [22/Apr/2026 19:44:19] "GET /status_json HTTP/1.1" 200 -
[vision_apriltag-9] [INFO] [1776901459.408223679] [vision_apriltag_node]: Service: Tag 0 found and base-frame pose returned.
[adl_ui-15] 127.0.0.1 - - [22/Apr/2026 19:44:19] "GET /status_json HTTP/1.1" 200 -
[vision_apriltag-9] [INFO] [1776901460.129093232] [vision_apriltag_node]: Service: Tag 0 found and base-frame pose returned.
[ros2_control_node-1] [WARN] [1776901460.206494675] [controller_manager]: Overrun might occur, Total time : 2464.170 us (Expected < 1000.000 us) --> Read time : 39.109 us, Update time : 209.802 us, Write time : 2215.259 us
[ros2_control_node-1] [WARN] [1776901460.206564913] [controller_manager]: Overrun detected! The controller manager missed its desired rate of 1000 Hz. The loop took 2.558448 ms (missed cycles : 3).
[wrist_camera_usb_publisher-8] [INFO] [1776901460.331488026] [wrist_camera_usb_publisher_node]: USB camera publisher heartbeat: publishing 1280x720 frames on /wrist_mounted_camera/image; camera_info fx=920.87, fy=921.57, cx=644.76, cy=343.15.
[adl_ui-15] 127.0.0.1 - - [22/Apr/2026 19:44:20] "GET /status_json HTTP/1.1" 200 -
[vision_apriltag-9] [INFO] [1776901460.756573830] [vision_apriltag_node]: Vision AprilTag: images are arriving, but no AprilTag has been seen for 5.9s.
[vision_apriltag-9] [INFO] [1776901461.130463635] [vision_apriltag_node]: Service: Tag 0 found and base-frame pose returned.
[ros2_control_node-1] [WARN] [1776901461.208775287] [controller_manager]: Overrun might occur, Total time : 2739.466 us (Expected < 1000.000 us) --> Read time : 46.010 us, Update time : 259.135 us, Write time : 2434.321 us
[ros2_control_node-1] [WARN] [1776901461.208854530] [controller_manager]: Overrun detected! The controller manager missed its desired rate of 1000 Hz. The loop took 2.847540 ms (missed cycles : 3).
[adl_ui-15] 127.0.0.1 - - [22/Apr/2026 19:44:21] "GET /status_json HTTP/1.1" 200 -
[vision_apriltag-9] [INFO] [1776901461.886298052] [vision_apriltag_node]: Vision AprilTag detection debug: no tags found after raw/CLAHE/sharp/adaptive/upscaled/tiled passes.
[vision_apriltag-9] [INFO] [1776901462.125717525] [vision_apriltag_node]: Service: Tag 0 found and base-frame pose returned.
[ros2_control_node-1] [WARN] [1776901462.209708862] [controller_manager]: Overrun might occur, Total time : 2682.289 us (Expected < 1000.000 us) --> Read time : 34.362 us, Update time : 281.075 us, Write time : 2366.852 us
[ros2_control_node-1] [WARN] [1776901462.209793695] [controller_manager]: Overrun detected! The controller manager missed its desired rate of 1000 Hz. The loop took 2.786994 ms (missed cycles : 3).
[adl_ui-15] 127.0.0.1 - - [22/Apr/2026 19:44:22] "GET /status_json HTTP/1.1" 200 -
[adl_ui-15] 127.0.0.1 - - [22/Apr/2026 19:44:22] "GET /status_json HTTP/1.1" 200 -
[joint_state_sanitizer-3] [WARN] [1776901463.015601772] [joint_state_sanitizer_node]: [joint_state_sanitizer] Published sanitized joint state: joint_3:+3.142->+3.132
[vision_apriltag-9] [INFO] [1776901463.126555388] [vision_apriltag_node]: Service: Tag 0 found and base-frame pose returned.
[ros2_control_node-1] [WARN] [1776901463.212718641] [controller_manager]: Overrun might occur, Total time : 2687.611 us (Expected < 1000.000 us) --> Read time : 33.937 us, Update time : 236.940 us, Write time : 2416.734 us
[ros2_control_node-1] [WARN] [1776901463.212794930] [controller_manager]: Overrun detected! The controller manager missed its desired rate of 1000 Hz. The loop took 2.788186 ms (missed cycles : 3).
[adl_ui-15] 127.0.0.1 - - [22/Apr/2026 19:44:23] "GET /status_json HTTP/1.1" 200 -
[vision_apriltag-9] [INFO] [1776901464.126414097] [vision_apriltag_node]: Service: Tag 0 found and base-frame pose returned.
[ros2_control_node-1] [WARN] [1776901464.215452919] [controller_manager]: Overrun might occur, Total time : 2414.291 us (Expected < 1000.000 us) --> Read time : 64.723 us, Update time : 295.757 us, Write time : 2053.811 us
[ros2_control_node-1] [WARN] [1776901464.215574113] [controller_manager]: Overrun detected! The controller manager missed its desired rate of 1000 Hz. The loop took 2.566666 ms (missed cycles : 3).
[adl_ui-15] 127.0.0.1 - - [22/Apr/2026 19:44:24] "GET /status_json HTTP/1.1" 200 -
[vision_apriltag-9] [INFO] [1776901465.126482175] [vision_apriltag_node]: Service: Tag 0 found and base-frame pose returned.
[ros2_control_node-1] [WARN] [1776901465.216708175] [controller_manager]: Overrun might occur, Total time : 2682.441 us (Expected < 1000.000 us) --> Read time : 27.781 us, Update time : 272.264 us, Write time : 2382.396 us
[ros2_control_node-1] [WARN] [1776901465.216785434] [controller_manager]: Overrun detected! The controller manager missed its desired rate of 1000 Hz. The loop took 2.778707 ms (missed cycles : 3).
[adl_ui-15] 127.0.0.1 - - [22/Apr/2026 19:44:25] "GET /status_json HTTP/1.1" 200 -
[wrist_camera_usb_publisher-8] [INFO] [1776901465.490811493] [wrist_camera_usb_publisher_node]: USB camera publisher heartbeat: publishing 1280x720 frames on /wrist_mounted_camera/image; camera_info fx=920.87, fy=921.57, cx=644.76, cy=343.15.
[adl_ui-15] 127.0.0.1 - - [22/Apr/2026 19:44:25] "GET /status_json HTTP/1.1" 200 -
[vision_apriltag-9] [INFO] [1776901466.126994387] [vision_apriltag_node]: Service: Tag 0 found and base-frame pose returned.
[ros2_control_node-1] [WARN] [1776901466.218689301] [controller_manager]: Overrun might occur, Total time : 2638.503 us (Expected < 1000.000 us) --> Read time : 35.742 us, Update time : 231.174 us, Write time : 2371.587 us
[ros2_control_node-1] [WARN] [1776901466.218773677] [controller_manager]: Overrun detected! The controller manager missed its desired rate of 1000 Hz. The loop took 2.766876 ms (missed cycles : 3).
[adl_ui-15] 127.0.0.1 - - [22/Apr/2026 19:44:26] "GET /status_json HTTP/1.1" 200 -
[vision_apriltag-9] [INFO] [1776901466.756559693] [vision_apriltag_node]: Vision AprilTag: images are arriving, but no AprilTag has been seen for 2.2s.
[vision_apriltag-9] [INFO] [1776901467.129436715] [vision_apriltag_node]: Service: Tag 0 found and base-frame pose returned.
[ros2_control_node-1] [WARN] [1776901467.218892957] [controller_manager]: Overrun might occur, Total time : 2851.174 us (Expected < 1000.000 us) --> Read time : 59.868 us, Update time : 304.334 us, Write time : 2486.972 us
[ros2_control_node-1] [WARN] [1776901467.218962180] [controller_manager]: Overrun detected! The controller manager missed its desired rate of 1000 Hz. The loop took 2.955538 ms (missed cycles : 3).
[vision_apriltag-9] [INFO] [1776901467.223567052] [vision_apriltag_node]: Vision AprilTag detection debug: 0:cv2.solvePnP_ippe_square:clahe_sharp@(708,510)
[adl_ui-15] 127.0.0.1 - - [22/Apr/2026 19:44:27] "GET /status_json HTTP/1.1" 200 -
[joint_state_sanitizer-3] [WARN] [1776901468.017524963] [joint_state_sanitizer_node]: [joint_state_sanitizer] Published sanitized joint state: joint_3:+3.142->+3.132
[vision_apriltag-9] [INFO] [1776901468.129071958] [vision_apriltag_node]: Service: Tag 0 found and base-frame pose returned.
[ros2_control_node-1] [WARN] [1776901468.220665064] [controller_manager]: Overrun might occur, Total time : 2600.609 us (Expected < 1000.000 us) --> Read time : 51.427 us, Update time : 422.016 us, Write time : 2127.166 us
[ros2_control_node-1] [WARN] [1776901468.220739004] [controller_manager]: Overrun detected! The controller manager missed its desired rate of 1000 Hz. The loop took 2.732216 ms (missed cycles : 3).
[adl_ui-15] 127.0.0.1 - - [22/Apr/2026 19:44:28] "GET /status_json HTTP/1.1" 200 -
[adl_ui-15] 127.0.0.1 - - [22/Apr/2026 19:44:28] "GET /status_json HTTP/1.1" 200 -
[vision_apriltag-9] [INFO] [1776901469.129547849] [vision_apriltag_node]: Service: Tag 0 found and base-frame pose returned.
[ros2_control_node-1] [WARN] [1776901469.223644189] [controller_manager]: Overrun might occur, Total time : 2604.654 us (Expected < 1000.000 us) --> Read time : 51.781 us, Update time : 247.726 us, Write time : 2305.147 us
[ros2_control_node-1] [WARN] [1776901469.223724580] [controller_manager]: Overrun detected! The controller manager missed its desired rate of 1000 Hz. The loop took 2.717983 ms (missed cycles : 3).
[adl_ui-15] 127.0.0.1 - - [22/Apr/2026 19:44:29] "GET /status_json HTTP/1.1" 200 -
[vision_apriltag-9] [INFO] [1776901470.129397899] [vision_apriltag_node]: Service: Tag 0 found and base-frame pose returned.
[ros2_control_node-1] [WARN] [1776901470.224602626] [controller_manager]: Overrun might occur, Total time : 2571.606 us (Expected < 1000.000 us) --> Read time : 40.112 us, Update time : 227.377 us, Write time : 2304.117 us
[ros2_control_node-1] [WARN] [1776901470.224674541] [controller_manager]: Overrun detected! The controller manager missed its desired rate of 1000 Hz. The loop took 2.667793 ms (missed cycles : 3).
[adl_ui-15] 127.0.0.1 - - [22/Apr/2026 19:44:30] "GET /status_json HTTP/1.1" 200 -
[wrist_camera_usb_publisher-8] [INFO] [1776901470.653546836] [wrist_camera_usb_publisher_node]: USB camera publisher heartbeat: publishing 1280x720 frames on /wrist_mounted_camera/image; camera_info fx=920.87, fy=921.57, cx=644.76, cy=343.15.
[vision_apriltag-9] [INFO] [1776901471.125597448] [vision_apriltag_node]: Service: Tag 0 found and base-frame pose returned.
[ros2_control_node-1] [WARN] [1776901471.228192594] [controller_manager]: Overrun might occur, Total time : 3148.375 us (Expected < 1000.000 us) --> Read time : 96.474 us, Update time : 301.213 us, Write time : 2750.688 us
[ros2_control_node-1] [WARN] [1776901471.228276497] [controller_manager]: Overrun detected! The controller manager missed its desired rate of 1000 Hz. The loop took 3.268854 ms (missed cycles : 4).
[adl_ui-15] 127.0.0.1 - - [22/Apr/2026 19:44:31] "GET /status_json HTTP/1.1" 200 -
[adl_ui-15] 127.0.0.1 - - [22/Apr/2026 19:44:31] "GET /status_json HTTP/1.1" 200 -
[vision_apriltag-9] [INFO] [1776901472.126468015] [vision_apriltag_node]: Service: Tag 0 found and base-frame pose returned.
[ros2_control_node-1] [WARN] [1776901472.230582834] [controller_manager]: Overrun might occur, Total time : 2553.918 us (Expected < 1000.000 us) --> Read time : 40.535 us, Update time : 243.876 us, Write time : 2269.507 us
[ros2_control_node-1] [WARN] [1776901472.230674648] [controller_manager]: Overrun detected! The controller manager missed its desired rate of 1000 Hz. The loop took 2.667991 ms (missed cycles : 3).
[vision_apriltag-9] [INFO] [1776901472.504838538] [vision_apriltag_node]: Vision AprilTag detection debug: no tags found after raw/CLAHE/sharp/adaptive/upscaled/tiled passes.
[adl_ui-15] 127.0.0.1 - - [22/Apr/2026 19:44:32] "GET /status_json HTTP/1.1" 200 -
[joint_state_sanitizer-3] [WARN] [1776901473.019990344] [joint_state_sanitizer_node]: [joint_state_sanitizer] Published sanitized joint state: joint_3:+3.142->+3.132
[vision_apriltag-9] [INFO] [1776901473.137672920] [vision_apriltag_node]: Service: Tag 0 found and base-frame pose returned.
[ros2_control_node-1] [WARN] [1776901473.232231676] [controller_manager]: Overrun might occur, Total time : 3197.143 us (Expected < 1000.000 us) --> Read time : 37.191 us, Update time : 247.228 us, Write time : 2912.724 us
[ros2_control_node-1] [WARN] [1776901473.232356524] [controller_manager]: Overrun detected! The controller manager missed its desired rate of 1000 Hz. The loop took 3.348883 ms (missed cycles : 4).
[adl_ui-15] 127.0.0.1 - - [22/Apr/2026 19:44:33] "GET /status_json HTTP/1.1" 200 -
[vision_apriltag-9] [INFO] [1776901474.125999508] [vision_apriltag_node]: Service: Tag 0 found and base-frame pose returned.
[ros2_control_node-1] [WARN] [1776901474.233137490] [controller_manager]: Overrun might occur, Total time : 3086.568 us (Expected < 1000.000 us) --> Read time : 101.477 us, Update time : 402.299 us, Write time : 2582.792 us
[ros2_control_node-1] [WARN] [1776901474.233231358] [controller_manager]: Overrun detected! The controller manager missed its desired rate of 1000 Hz. The loop took 3.223827 ms (missed cycles : 4).
[adl_ui-15] 127.0.0.1 - - [22/Apr/2026 19:44:34] "GET /status_json HTTP/1.1" 200 -
[adl_ui-15] 127.0.0.1 - - [22/Apr/2026 19:44:34] "GET /status_json HTTP/1.1" 200 -
[vision_apriltag-9] [INFO] [1776901475.132156481] [vision_apriltag_node]: Service: Tag 0 found and base-frame pose returned.
[ros2_control_node-1] [WARN] [1776901475.235106588] [controller_manager]: Overrun might occur, Total time : 3070.956 us (Expected < 1000.000 us) --> Read time : 45.814 us, Update time : 232.281 us, Write time : 2792.861 us
[ros2_control_node-1] [WARN] [1776901475.235247442] [controller_manager]: Overrun detected! The controller manager missed its desired rate of 1000 Hz. The loop took 3.238112 ms (missed cycles : 4).
[adl_ui-15] 127.0.0.1 - - [22/Apr/2026 19:44:35] "GET /status_json HTTP/1.1" 200 -
[wrist_camera_usb_publisher-8] [INFO] [1776901475.814891690] [wrist_camera_usb_publisher_node]: USB camera publisher heartbeat: publishing 1280x720 frames on /wrist_mounted_camera/image; camera_info fx=920.87, fy=921.57, cx=644.76, cy=343.15.
[vision_apriltag-9] [INFO] [1776901476.128098377] [vision_apriltag_node]: Service: Tag 0 found and base-frame pose returned.
[ros2_control_node-1] [WARN] [1776901476.235567485] [controller_manager]: Overrun might occur, Total time : 2538.128 us (Expected < 1000.000 us) --> Read time : 50.285 us, Update time : 223.112 us, Write time : 2264.731 us
[ros2_control_node-1] [WARN] [1776901476.235653097] [controller_manager]: Overrun detected! The controller manager missed its desired rate of 1000 Hz. The loop took 2.646620 ms (missed cycles : 3).
[adl_ui-15] 127.0.0.1 - - [22/Apr/2026 19:44:36] "GET /status_json HTTP/1.1" 200 -
[vision_apriltag-9] [INFO] [1776901476.755758100] [vision_apriltag_node]: Vision AprilTag: images are arriving, but no AprilTag has been seen for 2.8s.
[vision_apriltag-9] [INFO] [1776901477.183989203] [vision_apriltag_node]: Service: Tag 0 found and base-frame pose returned.
[ros2_control_node-1] [WARN] [1776901477.235830666] [controller_manager]: Overrun might occur, Total time : 2794.267 us (Expected < 1000.000 us) --> Read time : 48.387 us, Update time : 239.129 us, Write time : 2506.751 us
[ros2_control_node-1] [WARN] [1776901477.235931232] [controller_manager]: Overrun detected! The controller manager missed its desired rate of 1000 Hz. The loop took 2.923673 ms (missed cycles : 3).
[adl_ui-15] 127.0.0.1 - - [22/Apr/2026 19:44:37] "GET /status_json HTTP/1.1" 200 -
[vision_apriltag-9] [INFO] [1776901477.744303613] [vision_apriltag_node]: Vision AprilTag detection debug: no tags found after raw/CLAHE/sharp/adaptive/upscaled/tiled passes.
[adl_ui-15] 127.0.0.1 - - [22/Apr/2026 19:44:37] "GET /status_json HTTP/1.1" 200 -
[joint_state_sanitizer-3] [WARN] [1776901478.025245569] [joint_state_sanitizer_node]: [joint_state_sanitizer] Published sanitized joint state: joint_3:+3.142->+3.132
[vision_apriltag-9] [INFO] [1776901478.127598637] [vision_apriltag_node]: Service: Tag 0 found and base-frame pose returned.
[ros2_control_node-1] [WARN] [1776901478.236517772] [controller_manager]: Overrun might occur, Total time : 2464.454 us (Expected < 1000.000 us) --> Read time : 52.852 us, Update time : 291.011 us, Write time : 2120.591 us
[ros2_control_node-1] [WARN] [1776901478.236584951] [controller_manager]: Overrun detected! The controller manager missed its desired rate of 1000 Hz. The loop took 2.578341 ms (missed cycles : 3).
[adl_ui-15] 127.0.0.1 - - [22/Apr/2026 19:44:38] "GET /status_json HTTP/1.1" 200 -
[vision_apriltag-9] [INFO] [1776901478.756314156] [vision_apriltag_node]: Vision AprilTag: images are arriving, but no AprilTag has been seen for 4.8s.
[vision_apriltag-9] [INFO] [1776901479.128402475] [vision_apriltag_node]: Service: Tag 0 found and base-frame pose returned.
[ros2_control_node-1] [WARN] [1776901479.237635969] [controller_manager]: Overrun might occur, Total time : 2590.014 us (Expected < 1000.000 us) --> Read time : 26.930 us, Update time : 194.678 us, Write time : 2368.406 us
[ros2_control_node-1] [WARN] [1776901479.237688792] [controller_manager]: Overrun detected! The controller manager missed its desired rate of 1000 Hz. The loop took 2.682279 ms (missed cycles : 3).
[adl_ui-15] 127.0.0.1 - - [22/Apr/2026 19:44:39] "GET /status_json HTTP/1.1" 200 -
[vision_apriltag-9] [INFO] [1776901480.128128635] [vision_apriltag_node]: Service: Tag 0 found and base-frame pose returned.
[ros2_control_node-1] [WARN] [1776901480.238377598] [controller_manager]: Overrun might occur, Total time : 3345.374 us (Expected < 1000.000 us) --> Read time : 41.295 us, Update time : 229.503 us, Write time : 3074.576 us
[ros2_control_node-1] [WARN] [1776901480.238455277] [controller_manager]: Overrun detected! The controller manager missed its desired rate of 1000 Hz. The loop took 3.448528 ms (missed cycles : 4).
[adl_ui-15] 127.0.0.1 - - [22/Apr/2026 19:44:40] "GET /status_json HTTP/1.1" 200 -
[vision_apriltag-9] [INFO] [1776901480.755893623] [vision_apriltag_node]: Vision AprilTag: images are arriving, but no AprilTag has been seen for 6.8s.
[wrist_camera_usb_publisher-8] [INFO] [1776901480.975007384] [wrist_camera_usb_publisher_node]: USB camera publisher heartbeat: publishing 1280x720 frames on /wrist_mounted_camera/image; camera_info fx=920.87, fy=921.57, cx=644.76, cy=343.15.
[adl_ui-15] 127.0.0.1 - - [22/Apr/2026 19:44:41] "GET /status_json HTTP/1.1" 200 -
[vision_apriltag-9] [INFO] [1776901481.126700506] [vision_apriltag_node]: Service: Tag 0 found and base-frame pose returned.
[ros2_control_node-1] [WARN] [1776901481.240802825] [controller_manager]: Overrun might occur, Total time : 2766.264 us (Expected < 1000.000 us) --> Read time : 41.638 us, Update time : 297.453 us, Write time : 2427.173 us
[ros2_control_node-1] [WARN] [1776901481.240902381] [controller_manager]: Overrun detected! The controller manager missed its desired rate of 1000 Hz. The loop took 2.895160 ms (missed cycles : 3).
[adl_ui-15] 127.0.0.1 - - [22/Apr/2026 19:44:41] "GET /status_json HTTP/1.1" 200 -
[vision_apriltag-9] [INFO] [1776901482.125927134] [vision_apriltag_node]: Service: Tag 0 found and base-frame pose returned.
[ros2_control_node-1] [WARN] [1776901482.241640435] [controller_manager]: Overrun might occur, Total time : 2617.759 us (Expected < 1000.000 us) --> Read time : 24.595 us, Update time : 174.119 us, Write time : 2419.045 us
[ros2_control_node-1] [WARN] [1776901482.241710724] [controller_manager]: Overrun detected! The controller manager missed its desired rate of 1000 Hz. The loop took 2.704500 ms (missed cycles : 3).
[adl_ui-15] 127.0.0.1 - - [22/Apr/2026 19:44:42] "GET /status_json HTTP/1.1" 200 -
[joint_state_sanitizer-3] [WARN] [1776901483.024370570] [joint_state_sanitizer_node]: [joint_state_sanitizer] Published sanitized joint state: joint_3:+3.142->+3.132
[vision_apriltag-9] [INFO] [1776901483.042209914] [vision_apriltag_node]: Vision AprilTag detection debug: no tags found after raw/CLAHE/sharp/adaptive/upscaled/tiled passes.
[vision_apriltag-9] [INFO] [1776901483.125550710] [vision_apriltag_node]: Service: Tag 0 found and base-frame pose returned.
[ros2_control_node-1] [WARN] [1776901483.243956402] [controller_manager]: Overrun might occur, Total time : 2926.433 us (Expected < 1000.000 us) --> Read time : 39.686 us, Update time : 233.508 us, Write time : 2653.239 us
[ros2_control_node-1] [WARN] [1776901483.244026869] [controller_manager]: Overrun detected! The controller manager missed its desired rate of 1000 Hz. The loop took 3.020244 ms (missed cycles : 4).
[adl_ui-15] 127.0.0.1 - - [22/Apr/2026 19:44:43] "GET /status_json HTTP/1.1" 200 -
[adl_ui-15] 127.0.0.1 - - [22/Apr/2026 19:44:44] "GET /status_json HTTP/1.1" 200 -
[vision_apriltag-9] [INFO] [1776901484.127061014] [vision_apriltag_node]: Service: Tag 0 found and base-frame pose returned.
[ros2_control_node-1] [WARN] [1776901484.246648455] [controller_manager]: Overrun might occur, Total time : 2607.736 us (Expected < 1000.000 us) --> Read time : 53.244 us, Update time : 318.944 us, Write time : 2235.548 us
[ros2_control_node-1] [WARN] [1776901484.246782154] [controller_manager]: Overrun detected! The controller manager missed its desired rate of 1000 Hz. The loop took 2.775163 ms (missed cycles : 3).
[adl_ui-15] 127.0.0.1 - - [22/Apr/2026 19:44:44] "GET /status_json HTTP/1.1" 200 -
[vision_apriltag-9] [INFO] [1776901485.125636678] [vision_apriltag_node]: Service: Tag 0 found and base-frame pose returned.
[ros2_control_node-1] [WARN] [1776901485.247683117] [controller_manager]: Overrun might occur, Total time : 2643.961 us (Expected < 1000.000 us) --> Read time : 45.230 us, Update time : 235.096 us, Write time : 2363.635 us
[ros2_control_node-1] [WARN] [1776901485.247787570] [controller_manager]: Overrun detected! The controller manager missed its desired rate of 1000 Hz. The loop took 2.780886 ms (missed cycles : 3).
[adl_ui-15] 127.0.0.1 - - [22/Apr/2026 19:44:45] "GET /status_json HTTP/1.1" 200 -
[vision_apriltag-9] [INFO] [1776901486.125778896] [vision_apriltag_node]: Service: Tag 0 found and base-frame pose returned.
[wrist_camera_usb_publisher-8] [INFO] [1776901486.140509038] [wrist_camera_usb_publisher_node]: USB camera publisher heartbeat: publishing 1280x720 frames on /wrist_mounted_camera/image; camera_info fx=920.87, fy=921.57, cx=644.76, cy=343.15.
[ros2_control_node-1] [WARN] [1776901486.247983096] [controller_manager]: Overrun might occur, Total time : 2941.676 us (Expected < 1000.000 us) --> Read time : 60.077 us, Update time : 254.781 us, Write time : 2626.818 us
[ros2_control_node-1] [WARN] [1776901486.248078696] [controller_manager]: Overrun detected! The controller manager missed its desired rate of 1000 Hz. The loop took 3.072469 ms (missed cycles : 4).
[adl_ui-15] 127.0.0.1 - - [22/Apr/2026 19:44:46] "GET /status_json HTTP/1.1" 200 -
[adl_ui-15] 127.0.0.1 - - [22/Apr/2026 19:44:47] "GET /status_json HTTP/1.1" 200 -
[vision_apriltag-9] [INFO] [1776901487.126269625] [vision_apriltag_node]: Service: Tag 0 found and base-frame pose returned.
[ros2_control_node-1] [WARN] [1776901487.250064771] [controller_manager]: Overrun might occur, Total time : 6031.253 us (Expected < 1000.000 us) --> Read time : 41.503 us, Update time : 236.437 us, Write time : 5753.313 us
[ros2_control_node-1] [WARN] [1776901487.250143618] [controller_manager]: Overrun detected! The controller manager missed its desired rate of 1000 Hz. The loop took 6.137099 ms (missed cycles : 7).
[adl_ui-15] 127.0.0.1 - - [22/Apr/2026 19:44:47] "GET /status_json HTTP/1.1" 200 -
[joint_state_sanitizer-3] [WARN] [1776901488.024384729] [joint_state_sanitizer_node]: [joint_state_sanitizer] Published sanitized joint state: joint_3:+3.142->+3.132
[vision_apriltag-9] [INFO] [1776901488.102436884] [vision_apriltag_node]: Vision AprilTag detection debug: no tags found after raw/CLAHE/sharp/adaptive/upscaled/tiled passes.
[vision_apriltag-9] [INFO] [1776901488.129766506] [vision_apriltag_node]: Service: Tag 0 found and base-frame pose returned.
[ros2_control_node-1] [WARN] [1776901488.250659615] [controller_manager]: Overrun might occur, Total time : 3607.018 us (Expected < 1000.000 us) --> Read time : 82.386 us, Update time : 371.725 us, Write time : 3152.907 us
[ros2_control_node-1] [WARN] [1776901488.250852084] [controller_manager]: Overrun detected! The controller manager missed its desired rate of 1000 Hz. The loop took 3.844186 ms (missed cycles : 4).
[adl_ui-15] 127.0.0.1 - - [22/Apr/2026 19:44:48] "GET /status_json HTTP/1.1" 200 -
[vision_apriltag-9] [INFO] [1776901488.757273258] [vision_apriltag_node]: Vision AprilTag: images are arriving, but no AprilTag has been seen for 3.3s.
[vision_apriltag-9] [INFO] [1776901489.125796883] [vision_apriltag_node]: Service: Tag 0 found and base-frame pose returned.
[ros2_control_node-1] [WARN] [1776901489.252697880] [controller_manager]: Overrun might occur, Total time : 2657.790 us (Expected < 1000.000 us) --> Read time : 70.545 us, Update time : 351.758 us, Write time : 2235.487 us
[ros2_control_node-1] [WARN] [1776901489.252780218] [controller_manager]: Overrun detected! The controller manager missed its desired rate of 1000 Hz. The loop took 2.773316 ms (missed cycles : 3).
[adl_ui-15] 127.0.0.1 - - [22/Apr/2026 19:44:49] "GET /status_json HTTP/1.1" 200 -
[adl_ui-15] 127.0.0.1 - - [22/Apr/2026 19:44:50] "GET /status_json HTTP/1.1" 200 -
[vision_apriltag-9] [INFO] [1776901490.127858676] [vision_apriltag_node]: Service: Tag 0 found and base-frame pose returned.
[ros2_control_node-1] [WARN] [1776901490.255185623] [controller_manager]: Overrun might occur, Total time : 3149.294 us (Expected < 1000.000 us) --> Read time : 41.401 us, Update time : 236.091 us, Write time : 2871.802 us
[ros2_control_node-1] [WARN] [1776901490.255307184] [controller_manager]: Overrun detected! The controller manager missed its desired rate of 1000 Hz. The loop took 3.299348 ms (missed cycles : 4).
[vision_apriltag-9] [INFO] [1776901490.756901633] [vision_apriltag_node]: Vision AprilTag: images are arriving, but no AprilTag has been seen for 5.3s.
[adl_ui-15] 127.0.0.1 - - [22/Apr/2026 19:44:50] "GET /status_json HTTP/1.1" 200 -
[vision_apriltag-9] [INFO] [1776901491.130564367] [vision_apriltag_node]: Service: Tag 0 found and base-frame pose returned.
[ros2_control_node-1] [WARN] [1776901491.257023504] [controller_manager]: Overrun might occur, Total time : 2994.225 us (Expected < 1000.000 us) --> Read time : 34.407 us, Update time : 244.017 us, Write time : 2715.801 us
[ros2_control_node-1] [WARN] [1776901491.257135977] [controller_manager]: Overrun detected! The controller manager missed its desired rate of 1000 Hz. The loop took 3.122116 ms (missed cycles : 4).
[wrist_camera_usb_publisher-8] [INFO] [1776901491.302375976] [wrist_camera_usb_publisher_node]: USB camera publisher heartbeat: publishing 1280x720 frames on /wrist_mounted_camera/image; camera_info fx=920.87, fy=921.57, cx=644.76, cy=343.15.
[adl_ui-15] 127.0.0.1 - - [22/Apr/2026 19:44:51] "GET /status_json HTTP/1.1" 200 -
[vision_apriltag-9] [INFO] [1776901492.154657200] [vision_apriltag_node]: Service: Tag 0 found and base-frame pose returned.
[ros2_control_node-1] [WARN] [1776901492.259592951] [controller_manager]: Overrun might occur, Total time : 2558.281 us (Expected < 1000.000 us) --> Read time : 39.488 us, Update time : 234.706 us, Write time : 2284.087 us
[ros2_control_node-1] [WARN] [1776901492.259705012] [controller_manager]: Overrun detected! The controller manager missed its desired rate of 1000 Hz. The loop took 2.697605 ms (missed cycles : 3).
[adl_ui-15] 127.0.0.1 - - [22/Apr/2026 19:44:52] "GET /status_json HTTP/1.1" 200 -
[adl_ui-15] 127.0.0.1 - - [22/Apr/2026 19:44:53] "GET /status_json HTTP/1.1" 200 -
[joint_state_sanitizer-3] [WARN] [1776901493.026717633] [joint_state_sanitizer_node]: [joint_state_sanitizer] Published sanitized joint state: joint_3:+3.142->+3.132
[vision_apriltag-9] [INFO] [1776901493.129058000] [vision_apriltag_node]: Service: Tag 0 found and base-frame pose returned.
[vision_apriltag-9] [INFO] [1776901493.184069107] [vision_apriltag_node]: Vision AprilTag detection debug: 0:cv2.solvePnP_ippe_square:clahe_sharp@(708,510)
[ros2_control_node-1] [WARN] [1776901493.262676262] [controller_manager]: Overrun might occur, Total time : 2627.898 us (Expected < 1000.000 us) --> Read time : 28.043 us, Update time : 175.796 us, Write time : 2424.059 us
[ros2_control_node-1] [WARN] [1776901493.262743944] [controller_manager]: Overrun detected! The controller manager missed its desired rate of 1000 Hz. The loop took 2.737213 ms (missed cycles : 3).
[adl_ui-15] 127.0.0.1 - - [22/Apr/2026 19:44:53] "GET /status_json HTTP/1.1" 200 -
[vision_apriltag-9] [INFO] [1776901494.132381147] [vision_apriltag_node]: Service: Tag 0 found and base-frame pose returned.
[ros2_control_node-1] [WARN] [1776901494.263368483] [controller_manager]: Overrun might occur, Total time : 3335.254 us (Expected < 1000.000 us) --> Read time : 43.432 us, Update time : 246.216 us, Write time : 3045.606 us
[ros2_control_node-1] [WARN] [1776901494.263457877] [controller_manager]: Overrun detected! The controller manager missed its desired rate of 1000 Hz. The loop took 3.450882 ms (missed cycles : 4).
[adl_ui-15] 127.0.0.1 - - [22/Apr/2026 19:44:54] "GET /status_json HTTP/1.1" 200 -
[vision_apriltag-9] [INFO] [1776901495.149170502] [vision_apriltag_node]: Service: Tag 0 found and base-frame pose returned.
[ros2_control_node-1] [WARN] [1776901495.265663219] [controller_manager]: Overrun might occur, Total time : 2634.875 us (Expected < 1000.000 us) --> Read time : 35.847 us, Update time : 215.684 us, Write time : 2383.344 us
[ros2_control_node-1] [WARN] [1776901495.265732989] [controller_manager]: Overrun detected! The controller manager missed its desired rate of 1000 Hz. The loop took 2.726112 ms (missed cycles : 3).
[adl_ui-15] 127.0.0.1 - - [22/Apr/2026 19:44:55] "GET /status_json HTTP/1.1" 200 -
[adl_ui-15] 127.0.0.1 - - [22/Apr/2026 19:44:56] "GET /status_json HTTP/1.1" 200 -
[vision_apriltag-9] [INFO] [1776901496.140094146] [vision_apriltag_node]: Service: Tag 0 found and base-frame pose returned.
[ros2_control_node-1] [WARN] [1776901496.266242080] [controller_manager]: Overrun might occur, Total time : 3214.205 us (Expected < 1000.000 us) --> Read time : 32.474 us, Update time : 241.034 us, Write time : 2940.697 us
[ros2_control_node-1] [WARN] [1776901496.266330485] [controller_manager]: Overrun detected! The controller manager missed its desired rate of 1000 Hz. The loop took 3.323656 ms (missed cycles : 4).
[wrist_camera_usb_publisher-8] [INFO] [1776901496.459533179] [wrist_camera_usb_publisher_node]: USB camera publisher heartbeat: publishing 1280x720 frames on /wrist_mounted_camera/image; camera_info fx=920.87, fy=921.57, cx=644.76, cy=343.15.
[vision_apriltag-9] [INFO] [1776901496.756171483] [vision_apriltag_node]: Vision AprilTag: images are arriving, but no AprilTag has been seen for 3.6s.
[adl_ui-15] 127.0.0.1 - - [22/Apr/2026 19:44:56] "GET /status_json HTTP/1.1" 200 -
[vision_apriltag-9] [INFO] [1776901497.128857150] [vision_apriltag_node]: Service: Tag 0 found and base-frame pose returned.
[ros2_control_node-1] [WARN] [1776901497.270143423] [controller_manager]: Overrun might occur, Total time : 3106.608 us (Expected < 1000.000 us) --> Read time : 52.165 us, Update time : 246.711 us, Write time : 2807.732 us
[ros2_control_node-1] [WARN] [1776901497.270219138] [controller_manager]: Overrun detected! The controller manager missed its desired rate of 1000 Hz. The loop took 3.212340 ms (missed cycles : 4).
[adl_ui-15] 127.0.0.1 - - [22/Apr/2026 19:44:57] "GET /status_json HTTP/1.1" 200 -
[joint_state_sanitizer-3] [WARN] [1776901498.027557943] [joint_state_sanitizer_node]: [joint_state_sanitizer] Published sanitized joint state: joint_3:+3.142->+3.132
[vision_apriltag-9] [INFO] [1776901498.127641636] [vision_apriltag_node]: Service: Tag 0 found and base-frame pose returned.
[adl_ui-15] 127.0.0.1 - - [22/Apr/2026 19:44:58] "GET /status_json HTTP/1.1" 200 -
[ros2_control_node-1] [WARN] [1776901498.273002043] [controller_manager]: Overrun might occur, Total time : 2974.388 us (Expected < 1000.000 us) --> Read time : 39.993 us, Update time : 245.182 us, Write time : 2689.213 us
[ros2_control_node-1] [WARN] [1776901498.273075318] [controller_manager]: Overrun detected! The controller manager missed its desired rate of 1000 Hz. The loop took 3.068909 ms (missed cycles : 4).
[vision_apriltag-9] [INFO] [1776901498.347393435] [vision_apriltag_node]: Vision AprilTag detection debug: no tags found after raw/CLAHE/sharp/adaptive/upscaled/tiled passes.
[vision_apriltag-9] [INFO] [1776901498.757373595] [vision_apriltag_node]: Vision AprilTag: images are arriving, but no AprilTag has been seen for 5.6s.
[adl_ui-15] 127.0.0.1 - - [22/Apr/2026 19:44:59] "GET /status_json HTTP/1.1" 200 -
[vision_apriltag-9] [INFO] [1776901499.127744186] [vision_apriltag_node]: Service: Tag 0 found and base-frame pose returned.
[ros2_control_node-1] [WARN] [1776901499.273846839] [controller_manager]: Overrun might occur, Total time : 2817.945 us (Expected < 1000.000 us) --> Read time : 42.424 us, Update time : 238.435 us, Write time : 2537.086 us
[ros2_control_node-1] [WARN] [1776901499.273915151] [controller_manager]: Overrun detected! The controller manager missed its desired rate of 1000 Hz. The loop took 2.909384 ms (missed cycles : 3).
[adl_ui-15] 127.0.0.1 - - [22/Apr/2026 19:44:59] "GET /status_json HTTP/1.1" 200 -
[vision_apriltag-9] [INFO] [1776901500.129296567] [vision_apriltag_node]: Service: Tag 0 found and base-frame pose returned.
[ros2_control_node-1] [WARN] [1776901500.276558944] [controller_manager]: Overrun might occur, Total time : 2528.123 us (Expected < 1000.000 us) --> Read time : 35.634 us, Update time : 313.393 us, Write time : 2179.096 us
[ros2_control_node-1] [WARN] [1776901500.276647076] [controller_manager]: Overrun detected! The controller manager missed its desired rate of 1000 Hz. The loop took 2.640272 ms (missed cycles : 3).
[adl_ui-15] 127.0.0.1 - - [22/Apr/2026 19:45:00] "GET /status_json HTTP/1.1" 200 -
[vision_apriltag-9] [INFO] [1776901501.173106984] [vision_apriltag_node]: Service: Tag 0 found and base-frame pose returned.
[adl_ui-15] 127.0.0.1 - - [22/Apr/2026 19:45:01] "GET /status_json HTTP/1.1" 200 -
[ros2_control_node-1] [WARN] [1776901501.278660588] [controller_manager]: Overrun might occur, Total time : 2610.081 us (Expected < 1000.000 us) --> Read time : 88.430 us, Update time : 346.163 us, Write time : 2175.488 us
[ros2_control_node-1] [WARN] [1776901501.278738713] [controller_manager]: Overrun detected! The controller manager missed its desired rate of 1000 Hz. The loop took 2.732198 ms (missed cycles : 3).
[wrist_camera_usb_publisher-8] [INFO] [1776901501.619662891] [wrist_camera_usb_publisher_node]: USB camera publisher heartbeat: publishing 1280x720 frames on /wrist_mounted_camera/image; camera_info fx=920.87, fy=921.57, cx=644.76, cy=343.15.
[adl_ui-15] 127.0.0.1 - - [22/Apr/2026 19:45:02] "GET /status_json HTTP/1.1" 200 -
[vision_apriltag-9] [INFO] [1776901502.126883492] [vision_apriltag_node]: Service: Tag 0 found and base-frame pose returned.
[ros2_control_node-1] [WARN] [1776901502.280422714] [controller_manager]: Overrun might occur, Total time : 3390.050 us (Expected < 1000.000 us) --> Read time : 34.594 us, Update time : 220.143 us, Write time : 3135.313 us
[ros2_control_node-1] [WARN] [1776901502.280508968] [controller_manager]: Overrun detected! The controller manager missed its desired rate of 1000 Hz. The loop took 3.501667 ms (missed cycles : 4).
[adl_ui-15] 127.0.0.1 - - [22/Apr/2026 19:45:02] "GET /status_json HTTP/1.1" 200 -
[joint_state_sanitizer-3] [WARN] [1776901503.030104786] [joint_state_sanitizer_node]: [joint_state_sanitizer] Published sanitized joint state: joint_3:+3.142->+3.132
[vision_apriltag-9] [INFO] [1776901503.129438531] [vision_apriltag_node]: Service: Tag 0 found and base-frame pose returned.
[ros2_control_node-1] [WARN] [1776901503.285265409] [controller_manager]: Overrun might occur, Total time : 6211.266 us (Expected < 1000.000 us) --> Read time : 55.713 us, Update time : 397.333 us, Write time : 5758.220 us
[ros2_control_node-1] [WARN] [1776901503.285359294] [controller_manager]: Overrun detected! The controller manager missed its desired rate of 1000 Hz. The loop took 6.351463 ms (missed cycles : 7).
[adl_ui-15] 127.0.0.1 - - [22/Apr/2026 19:45:03] "GET /status_json HTTP/1.1" 200 -
[vision_apriltag-9] [INFO] [1776901504.014945515] [vision_apriltag_node]: Vision AprilTag detection debug: no tags found after raw/CLAHE/sharp/adaptive/upscaled/tiled passes.
[vision_apriltag-9] [INFO] [1776901504.126042627] [vision_apriltag_node]: Service: Tag 0 found and base-frame pose returned.
[adl_ui-15] 127.0.0.1 - - [22/Apr/2026 19:45:04] "GET /status_json HTTP/1.1" 200 -
[ros2_control_node-1] [WARN] [1776901504.285393665] [controller_manager]: Overrun might occur, Total time : 3335.115 us (Expected < 1000.000 us) --> Read time : 93.012 us, Update time : 330.412 us, Write time : 2911.691 us
[ros2_control_node-1] [WARN] [1776901504.285466547] [controller_manager]: Overrun detected! The controller manager missed its desired rate of 1000 Hz. The loop took 3.459673 ms (missed cycles : 4).
[adl_ui-15] 127.0.0.1 - - [22/Apr/2026 19:45:05] "GET /status_json HTTP/1.1" 200 -
[vision_apriltag-9] [INFO] [1776901505.126502820] [vision_apriltag_node]: Service: Tag 0 found and base-frame pose returned.
[ros2_control_node-1] [WARN] [1776901505.288915081] [controller_manager]: Overrun might occur, Total time : 2885.714 us (Expected < 1000.000 us) --> Read time : 43.702 us, Update time : 225.737 us, Write time : 2616.275 us
[ros2_control_node-1] [WARN] [1776901505.288982718] [controller_manager]: Overrun detected! The controller manager missed its desired rate of 1000 Hz. The loop took 2.976027 ms (missed cycles : 3).
[adl_ui-15] 127.0.0.1 - - [22/Apr/2026 19:45:05] "GET /status_json HTTP/1.1" 200 -
[vision_apriltag-9] [INFO] [1776901506.198359968] [vision_apriltag_node]: Service: Tag 0 found and base-frame pose returned.
[ros2_control_node-1] [WARN] [1776901506.290857890] [controller_manager]: Overrun might occur, Total time : 2833.754 us (Expected < 1000.000 us) --> Read time : 32.027 us, Update time : 216.672 us, Write time : 2585.055 us
[ros2_control_node-1] [WARN] [1776901506.290936323] [controller_manager]: Overrun detected! The controller manager missed its desired rate of 1000 Hz. The loop took 2.929489 ms (missed cycles : 3).
[adl_ui-15] 127.0.0.1 - - [22/Apr/2026 19:45:06] "GET /status_json HTTP/1.1" 200 -
[wrist_camera_usb_publisher-8] [INFO] [1776901506.788277152] [wrist_camera_usb_publisher_node]: USB camera publisher heartbeat: publishing 1280x720 frames on /wrist_mounted_camera/image; camera_info fx=920.87, fy=921.57, cx=644.76, cy=343.15.
[vision_apriltag-9] [INFO] [1776901506.806603653] [vision_apriltag_node]: Vision AprilTag: images are arriving, but no AprilTag has been seen for 2.5s.
[vision_apriltag-9] [INFO] [1776901507.127930131] [vision_apriltag_node]: Service: Tag 0 found and base-frame pose returned.
[adl_ui-15] 127.0.0.1 - - [22/Apr/2026 19:45:07] "GET /status_json HTTP/1.1" 200 -
[ros2_control_node-1] [WARN] [1776901507.292832278] [controller_manager]: Overrun might occur, Total time : 4793.229 us (Expected < 1000.000 us) --> Read time : 45.365 us, Update time : 289.578 us, Write time : 4458.286 us
[ros2_control_node-1] [WARN] [1776901507.292944824] [controller_manager]: Overrun detected! The controller manager missed its desired rate of 1000 Hz. The loop took 4.937038 ms (missed cycles : 5).
[adl_ui-15] 127.0.0.1 - - [22/Apr/2026 19:45:08] "GET /status_json HTTP/1.1" 200 -
[joint_state_sanitizer-3] [WARN] [1776901508.032122268] [joint_state_sanitizer_node]: [joint_state_sanitizer] Published sanitized joint state: joint_3:+3.142->+3.132
[vision_apriltag-9] [INFO] [1776901508.126648583] [vision_apriltag_node]: Service: Tag 0 found and base-frame pose returned.
[ros2_control_node-1] [WARN] [1776901508.293932906] [controller_manager]: Overrun might occur, Total time : 2907.319 us (Expected < 1000.000 us) --> Read time : 33.119 us, Update time : 255.946 us, Write time : 2618.254 us
[ros2_control_node-1] [WARN] [1776901508.294014460] [controller_manager]: Overrun detected! The controller manager missed its desired rate of 1000 Hz. The loop took 3.007175 ms (missed cycles : 4).
[adl_ui-15] 127.0.0.1 - - [22/Apr/2026 19:45:08] "GET /status_json HTTP/1.1" 200 -
[vision_apriltag-9] [INFO] [1776901509.063740141] [vision_apriltag_node]: Vision AprilTag detection debug: no tags found after raw/CLAHE/sharp/adaptive/upscaled/tiled passes.
[vision_apriltag-9] [INFO] [1776901509.126316676] [vision_apriltag_node]: Service: Tag 0 found and base-frame pose returned.
[ros2_control_node-1] [WARN] [1776901509.296939671] [controller_manager]: Overrun might occur, Total time : 2913.013 us (Expected < 1000.000 us) --> Read time : 48.610 us, Update time : 261.132 us, Write time : 2603.271 us
[ros2_control_node-1] [WARN] [1776901509.297016336] [controller_manager]: Overrun detected! The controller manager missed its desired rate of 1000 Hz. The loop took 3.009271 ms (missed cycles : 4).
[adl_ui-15] 127.0.0.1 - - [22/Apr/2026 19:45:09] "GET /status_json HTTP/1.1" 200 -
[vision_apriltag-9] [INFO] [1776901510.125607684] [vision_apriltag_node]: Service: Tag 0 found and base-frame pose returned.
[adl_ui-15] 127.0.0.1 - - [22/Apr/2026 19:45:10] "GET /status_json HTTP/1.1" 200 -
[ros2_control_node-1] [WARN] [1776901510.298779916] [controller_manager]: Overrun might occur, Total time : 2713.416 us (Expected < 1000.000 us) --> Read time : 57.013 us, Update time : 262.119 us, Write time : 2394.284 us
[ros2_control_node-1] [WARN] [1776901510.298850004] [controller_manager]: Overrun detected! The controller manager missed its desired rate of 1000 Hz. The loop took 2.843584 ms (missed cycles : 3).
[vision_apriltag-9] [INFO] [1776901510.758325791] [vision_apriltag_node]: Vision AprilTag: images are arriving, but no AprilTag has been seen for 3.8s.
[adl_ui-15] 127.0.0.1 - - [22/Apr/2026 19:45:11] "GET /status_json HTTP/1.1" 200 -
[vision_apriltag-9] [INFO] [1776901511.129921201] [vision_apriltag_node]: Service: Tag 0 found and base-frame pose returned.
[ros2_control_node-1] [WARN] [1776901511.299397927] [controller_manager]: Overrun might occur, Total time : 4367.930 us (Expected < 1000.000 us) --> Read time : 40.962 us, Update time : 233.362 us, Write time : 4093.606 us
[ros2_control_node-1] [WARN] [1776901511.299468529] [controller_manager]: Overrun detected! The controller manager missed its desired rate of 1000 Hz. The loop took 4.462257 ms (missed cycles : 5).
[adl_ui-15] 127.0.0.1 - - [22/Apr/2026 19:45:11] "GET /status_json HTTP/1.1" 200 -
[wrist_camera_usb_publisher-8] [INFO] [1776901511.939520489] [wrist_camera_usb_publisher_node]: USB camera publisher heartbeat: publishing 1280x720 frames on /wrist_mounted_camera/image; camera_info fx=920.87, fy=921.57, cx=644.76, cy=343.15.
[ros2_control_node-1] [WARN] [1776901512.299495053] [controller_manager]: Overrun might occur, Total time : 2468.554 us (Expected < 1000.000 us) --> Read time : 55.888 us, Update time : 232.291 us, Write time : 2180.375 us
[ros2_control_node-1] [WARN] [1776901512.299573715] [controller_manager]: Overrun detected! The controller manager missed its desired rate of 1000 Hz. The loop took 2.566902 ms (missed cycles : 3).
[vision_apriltag-9] [INFO] [1776901512.358118887] [vision_apriltag_node]: Service: Tag 0 found and base-frame pose returned.
[adl_ui-15] 127.0.0.1 - - [22/Apr/2026 19:45:12] "GET /status_json HTTP/1.1" 200 -
[joint_state_sanitizer-3] [WARN] [1776901513.034311722] [joint_state_sanitizer_node]: [joint_state_sanitizer] Published sanitized joint state: joint_3:+3.142->+3.132
[vision_apriltag-9] [INFO] [1776901513.125900473] [vision_apriltag_node]: Service: Tag 0 found and base-frame pose returned.
[adl_ui-15] 127.0.0.1 - - [22/Apr/2026 19:45:13] "GET /status_json HTTP/1.1" 200 -
[ros2_control_node-1] [WARN] [1776901513.300434429] [controller_manager]: Overrun might occur, Total time : 3404.935 us (Expected < 1000.000 us) --> Read time : 35.613 us, Update time : 260.474 us, Write time : 3108.848 us
[ros2_control_node-1] [WARN] [1776901513.300514447] [controller_manager]: Overrun detected! The controller manager missed its desired rate of 1000 Hz. The loop took 3.507711 ms (missed cycles : 4).
[adl_ui-15] 127.0.0.1 - - [22/Apr/2026 19:45:14] "GET /status_json HTTP/1.1" 200 -
[vision_apriltag-9] [INFO] [1776901514.127829756] [vision_apriltag_node]: Service: Tag 0 found and base-frame pose returned.
[ros2_control_node-1] [WARN] [1776901514.300472451] [controller_manager]: Overrun might occur, Total time : 2437.477 us (Expected < 1000.000 us) --> Read time : 46.424 us, Update time : 305.023 us, Write time : 2086.030 us
[ros2_control_node-1] [WARN] [1776901514.300570999] [controller_manager]: Overrun detected! The controller manager missed its desired rate of 1000 Hz. The loop took 2.564175 ms (missed cycles : 3).
[vision_apriltag-9] [INFO] [1776901514.356879798] [vision_apriltag_node]: Vision AprilTag detection debug: no tags found after raw/CLAHE/sharp/adaptive/upscaled/tiled passes.
[adl_ui-15] 127.0.0.1 - - [22/Apr/2026 19:45:14] "GET /status_json HTTP/1.1" 200 -
[vision_apriltag-9] [INFO] [1776901515.125636274] [vision_apriltag_node]: Service: Tag 0 found and base-frame pose returned.
[ros2_control_node-1] [WARN] [1776901515.302892073] [controller_manager]: Overrun might occur, Total time : 2855.350 us (Expected < 1000.000 us) --> Read time : 51.558 us, Update time : 255.336 us, Write time : 2548.456 us
[ros2_control_node-1] [WARN] [1776901515.302973094] [controller_manager]: Overrun detected! The controller manager missed its desired rate of 1000 Hz. The loop took 2.966305 ms (missed cycles : 3).
[adl_ui-15] 127.0.0.1 - - [22/Apr/2026 19:45:15] "GET /status_json HTTP/1.1" 200 -
[vision_apriltag-9] [INFO] [1776901516.140263268] [vision_apriltag_node]: Service: Tag 0 found and base-frame pose returned.
[adl_ui-15] 127.0.0.1 - - [22/Apr/2026 19:45:16] "GET /status_json HTTP/1.1" 200 -
[ros2_control_node-1] [WARN] [1776901516.303434649] [controller_manager]: Overrun might occur, Total time : 4392.014 us (Expected < 1000.000 us) --> Read time : 53.205 us, Update time : 271.983 us, Write time : 4066.826 us
[ros2_control_node-1] [WARN] [1776901516.303521836] [controller_manager]: Overrun detected! The controller manager missed its desired rate of 1000 Hz. The loop took 4.514531 ms (missed cycles : 5).
[adl_ui-15] 127.0.0.1 - - [22/Apr/2026 19:45:17] "GET /status_json HTTP/1.1" 200 -
[wrist_camera_usb_publisher-8] [INFO] [1776901517.099668445] [wrist_camera_usb_publisher_node]: USB camera publisher heartbeat: publishing 1280x720 frames on /wrist_mounted_camera/image; camera_info fx=920.87, fy=921.57, cx=644.76, cy=343.15.
[vision_apriltag-9] [INFO] [1776901517.130076804] [vision_apriltag_node]: Service: Tag 0 found and base-frame pose returned.
[ros2_control_node-1] [WARN] [1776901517.306417012] [controller_manager]: Overrun might occur, Total time : 3383.298 us (Expected < 1000.000 us) --> Read time : 38.425 us, Update time : 239.087 us, Write time : 3105.786 us
[ros2_control_node-1] [WARN] [1776901517.306509123] [controller_manager]: Overrun detected! The controller manager missed its desired rate of 1000 Hz. The loop took 3.501842 ms (missed cycles : 4).
[adl_ui-15] 127.0.0.1 - - [22/Apr/2026 19:45:17] "GET /status_json HTTP/1.1" 200 -
[joint_state_sanitizer-3] [WARN] [1776901518.036118361] [joint_state_sanitizer_node]: [joint_state_sanitizer] Published sanitized joint state: joint_3:+3.142->+3.132
[vision_apriltag-9] [INFO] [1776901518.131459505] [vision_apriltag_node]: Service: Tag 0 found and base-frame pose returned.
[ros2_control_node-1] [WARN] [1776901518.308581031] [controller_manager]: Overrun might occur, Total time : 2547.706 us (Expected < 1000.000 us) --> Read time : 38.612 us, Update time : 214.842 us, Write time : 2294.252 us
[ros2_control_node-1] [WARN] [1776901518.308666804] [controller_manager]: Overrun detected! The controller manager missed its desired rate of 1000 Hz. The loop took 2.660122 ms (missed cycles : 3).
[adl_ui-15] 127.0.0.1 - - [22/Apr/2026 19:45:18] "GET /status_json HTTP/1.1" 200 -
[vision_apriltag-9] [INFO] [1776901518.759693790] [vision_apriltag_node]: Vision AprilTag: images are arriving, but no AprilTag has been seen for 3.2s.
[vision_apriltag-9] [INFO] [1776901519.131159715] [vision_apriltag_node]: Service: Tag 0 found and base-frame pose returned.
[adl_ui-15] 127.0.0.1 - - [22/Apr/2026 19:45:19] "GET /status_json HTTP/1.1" 200 -
[ros2_control_node-1] [WARN] [1776901519.309348263] [controller_manager]: Overrun might occur, Total time : 2321.207 us (Expected < 1000.000 us) --> Read time : 33.137 us, Update time : 224.924 us, Write time : 2063.146 us
[ros2_control_node-1] [WARN] [1776901519.309404924] [controller_manager]: Overrun detected! The controller manager missed its desired rate of 1000 Hz. The loop took 2.398935 ms (missed cycles : 3).
[vision_apriltag-9] [INFO] [1776901519.492361047] [vision_apriltag_node]: Vision AprilTag detection debug: no tags found after raw/CLAHE/sharp/adaptive/upscaled/tiled passes.
[adl_ui-15] 127.0.0.1 - - [22/Apr/2026 19:45:20] "GET /status_json HTTP/1.1" 200 -
[vision_apriltag-9] [INFO] [1776901520.135446340] [vision_apriltag_node]: Service: Tag 0 found and base-frame pose returned.
[ros2_control_node-1] [WARN] [1776901520.310979744] [controller_manager]: Overrun might occur, Total time : 3941.976 us (Expected < 1000.000 us) --> Read time : 30.296 us, Update time : 245.807 us, Write time : 3665.873 us
[ros2_control_node-1] [WARN] [1776901520.311129997] [controller_manager]: Overrun detected! The controller manager missed its desired rate of 1000 Hz. The loop took 4.123183 ms (missed cycles : 5).
[vision_apriltag-9] [INFO] [1776901520.760261966] [vision_apriltag_node]: Vision AprilTag: images are arriving, but no AprilTag has been seen for 5.2s.
[adl_ui-15] 127.0.0.1 - - [22/Apr/2026 19:45:20] "GET /status_json HTTP/1.1" 200 -
[vision_apriltag-9] [INFO] [1776901521.125484352] [vision_apriltag_node]: Service: Tag 0 found and base-frame pose returned.
[ros2_control_node-1] [WARN] [1776901521.311272684] [controller_manager]: Overrun might occur, Total time : 3220.192 us (Expected < 1000.000 us) --> Read time : 71.851 us, Update time : 286.905 us, Write time : 2861.436 us
[ros2_control_node-1] [WARN] [1776901521.311407848] [controller_manager]: Overrun detected! The controller manager missed its desired rate of 1000 Hz. The loop took 3.399873 ms (missed cycles : 4).
[adl_ui-15] 127.0.0.1 - - [22/Apr/2026 19:45:21] "GET /status_json HTTP/1.1" 200 -
[vision_apriltag-9] [INFO] [1776901522.126003948] [vision_apriltag_node]: Service: Tag 0 found and base-frame pose returned.
[wrist_camera_usb_publisher-8] [INFO] [1776901522.259863453] [wrist_camera_usb_publisher_node]: USB camera publisher heartbeat: publishing 1280x720 frames on /wrist_mounted_camera/image; camera_info fx=920.87, fy=921.57, cx=644.76, cy=343.15.
[adl_ui-15] 127.0.0.1 - - [22/Apr/2026 19:45:22] "GET /status_json HTTP/1.1" 200 -
[ros2_control_node-1] [WARN] [1776901522.313437291] [controller_manager]: Overrun might occur, Total time : 3405.341 us (Expected < 1000.000 us) --> Read time : 54.947 us, Update time : 242.794 us, Write time : 3107.600 us
[ros2_control_node-1] [WARN] [1776901522.313527063] [controller_manager]: Overrun detected! The controller manager missed its desired rate of 1000 Hz. The loop took 3.520137 ms (missed cycles : 4).
[adl_ui-15] 127.0.0.1 - - [22/Apr/2026 19:45:23] "GET /status_json HTTP/1.1" 200 -
[joint_state_sanitizer-3] [WARN] [1776901523.039966953] [joint_state_sanitizer_node]: [joint_state_sanitizer] Published sanitized joint state: joint_3:+3.142->+3.132
[vision_apriltag-9] [INFO] [1776901523.135020435] [vision_apriltag_node]: Service: Tag 0 found and base-frame pose returned.
[ros2_control_node-1] [WARN] [1776901523.315384131] [controller_manager]: Overrun might occur, Total time : 2312.853 us (Expected < 1000.000 us) --> Read time : 28.297 us, Update time : 223.886 us, Write time : 2060.670 us
[ros2_control_node-1] [WARN] [1776901523.315461004] [controller_manager]: Overrun detected! The controller manager missed its desired rate of 1000 Hz. The loop took 2.454681 ms (missed cycles : 3).
[adl_ui-15] 127.0.0.1 - - [22/Apr/2026 19:45:23] "GET /status_json HTTP/1.1" 200 -
[vision_apriltag-9] [INFO] [1776901524.131003979] [vision_apriltag_node]: Service: Tag 0 found and base-frame pose returned.
[ros2_control_node-1] [WARN] [1776901524.317040789] [controller_manager]: Overrun might occur, Total time : 2961.667 us (Expected < 1000.000 us) --> Read time : 160.320 us, Update time : 514.170 us, Write time : 2287.177 us
[ros2_control_node-1] [WARN] [1776901524.317131004] [controller_manager]: Overrun detected! The controller manager missed its desired rate of 1000 Hz. The loop took 3.124190 ms (missed cycles : 4).
[adl_ui-15] 127.0.0.1 - - [22/Apr/2026 19:45:24] "GET /status_json HTTP/1.1" 200 -
[vision_apriltag-9] [INFO] [1776901524.594838522] [vision_apriltag_node]: Vision AprilTag detection debug: no tags found after raw/CLAHE/sharp/adaptive/upscaled/tiled passes.
[vision_apriltag-9] [INFO] [1776901525.126570933] [vision_apriltag_node]: Service: Tag 0 found and base-frame pose returned.
[adl_ui-15] 127.0.0.1 - - [22/Apr/2026 19:45:25] "GET /status_json HTTP/1.1" 200 -
[ros2_control_node-1] [WARN] [1776901525.319809586] [controller_manager]: Overrun might occur, Total time : 2779.105 us (Expected < 1000.000 us) --> Read time : 43.935 us, Update time : 266.360 us, Write time : 2468.810 us
[ros2_control_node-1] [WARN] [1776901525.319884555] [controller_manager]: Overrun detected! The controller manager missed its desired rate of 1000 Hz. The loop took 2.877849 ms (missed cycles : 3).
[adl_ui-15] 127.0.0.1 - - [22/Apr/2026 19:45:26] "GET /status_json HTTP/1.1" 200 -
[vision_apriltag-9] [INFO] [1776901526.129376781] [vision_apriltag_node]: Service: Tag 0 found and base-frame pose returned.
[ros2_control_node-1] [WARN] [1776901526.322764494] [controller_manager]: Overrun might occur, Total time : 2735.177 us (Expected < 1000.000 us) --> Read time : 30.385 us, Update time : 230.729 us, Write time : 2474.063 us
[ros2_control_node-1] [WARN] [1776901526.322830385] [controller_manager]: Overrun detected! The controller manager missed its desired rate of 1000 Hz. The loop took 2.823794 ms (missed cycles : 3).
[vision_apriltag-9] [INFO] [1776901526.760611533] [vision_apriltag_node]: Vision AprilTag: images are arriving, but no AprilTag has been seen for 3.5s.
[adl_ui-15] 127.0.0.1 - - [22/Apr/2026 19:45:26] "GET /status_json HTTP/1.1" 200 -
[vision_apriltag-9] [INFO] [1776901527.132078282] [vision_apriltag_node]: Service: Tag 0 found and base-frame pose returned.
[wrist_camera_usb_publisher-8] [INFO] [1776901527.266802473] [wrist_camera_usb_publisher_node]: USB camera publisher heartbeat: publishing 1280x720 frames on /wrist_mounted_camera/image; camera_info fx=920.87, fy=921.57, cx=644.76, cy=343.15.
[ros2_control_node-1] [WARN] [1776901527.325367444] [controller_manager]: Overrun might occur, Total time : 3305.270 us (Expected < 1000.000 us) --> Read time : 101.730 us, Update time : 352.899 us, Write time : 2850.641 us
[ros2_control_node-1] [WARN] [1776901527.325450384] [controller_manager]: Overrun detected! The controller manager missed its desired rate of 1000 Hz. The loop took 3.444003 ms (missed cycles : 4).
[adl_ui-15] 127.0.0.1 - - [22/Apr/2026 19:45:27] "GET /status_json HTTP/1.1" 200 -
[joint_state_sanitizer-3] [WARN] [1776901528.043741522] [joint_state_sanitizer_node]: [joint_state_sanitizer] Published sanitized joint state: joint_3:+3.142->+3.132
[vision_apriltag-9] [INFO] [1776901528.126139828] [vision_apriltag_node]: Service: Tag 0 found and base-frame pose returned.
[adl_ui-15] 127.0.0.1 - - [22/Apr/2026 19:45:28] "GET /status_json HTTP/1.1" 200 -
[ros2_control_node-1] [WARN] [1776901528.326379370] [controller_manager]: Overrun might occur, Total time : 2354.914 us (Expected < 1000.000 us) --> Read time : 27.242 us, Update time : 208.605 us, Write time : 2119.067 us
[ros2_control_node-1] [WARN] [1776901528.326455066] [controller_manager]: Overrun detected! The controller manager missed its desired rate of 1000 Hz. The loop took 2.448546 ms (missed cycles : 3).
[vision_apriltag-9] [INFO] [1776901528.767333478] [vision_apriltag_node]: Vision AprilTag: images are arriving, but no AprilTag has been seen for 5.5s.
[adl_ui-15] 127.0.0.1 - - [22/Apr/2026 19:45:29] "GET /status_json HTTP/1.1" 200 -
[vision_apriltag-9] [INFO] [1776901529.127645582] [vision_apriltag_node]: Service: Tag 0 found and base-frame pose returned.
[ros2_control_node-1] [WARN] [1776901529.328874991] [controller_manager]: Overrun might occur, Total time : 2840.886 us (Expected < 1000.000 us) --> Read time : 40.659 us, Update time : 234.398 us, Write time : 2565.829 us
[ros2_control_node-1] [WARN] [1776901529.328961379] [controller_manager]: Overrun detected! The controller manager missed its desired rate of 1000 Hz. The loop took 2.954076 ms (missed cycles : 3).
[adl_ui-15] 127.0.0.1 - - [22/Apr/2026 19:45:29] "GET /status_json HTTP/1.1" 200 -
[vision_apriltag-9] [INFO] [1776901529.979139930] [vision_apriltag_node]: Vision AprilTag detection debug: no tags found after raw/CLAHE/sharp/adaptive/upscaled/tiled passes.
[vision_apriltag-9] [INFO] [1776901530.126987022] [vision_apriltag_node]: Service: Tag 0 found and base-frame pose returned.
[ros2_control_node-1] [WARN] [1776901530.331165577] [controller_manager]: Overrun might occur, Total time : 3118.397 us (Expected < 1000.000 us) --> Read time : 78.413 us, Update time : 325.497 us, Write time : 2714.487 us
[ros2_control_node-1] [WARN] [1776901530.331244299] [controller_manager]: Overrun detected! The controller manager missed its desired rate of 1000 Hz. The loop took 3.237203 ms (missed cycles : 4).
[adl_ui-15] 127.0.0.1 - - [22/Apr/2026 19:45:30] "GET /status_json HTTP/1.1" 200 -
[vision_apriltag-9] [INFO] [1776901530.783058242] [vision_apriltag_node]: Vision AprilTag: images are arriving, but no AprilTag has been seen for 7.5s.
[vision_apriltag-9] [INFO] [1776901531.238659318] [vision_apriltag_node]: Service: Tag 0 found and base-frame pose returned.
[adl_ui-15] 127.0.0.1 - - [22/Apr/2026 19:45:31] "GET /status_json HTTP/1.1" 200 -
[ros2_control_node-1] [WARN] [1776901531.331888280] [controller_manager]: Overrun might occur, Total time : 2858.975 us (Expected < 1000.000 us) --> Read time : 38.941 us, Update time : 236.888 us, Write time : 2583.146 us
[ros2_control_node-1] [WARN] [1776901531.331961730] [controller_manager]: Overrun detected! The controller manager missed its desired rate of 1000 Hz. The loop took 2.955386 ms (missed cycles : 3).
[adl_ui-15] 127.0.0.1 - - [22/Apr/2026 19:45:32] "GET /status_json HTTP/1.1" 200 -
[vision_apriltag-9] [INFO] [1776901532.127388940] [vision_apriltag_node]: Service: Tag 0 found and base-frame pose returned.
[ros2_control_node-1] [WARN] [1776901532.332766898] [controller_manager]: Overrun might occur, Total time : 2738.474 us (Expected < 1000.000 us) --> Read time : 36.308 us, Update time : 240.512 us, Write time : 2461.654 us
[ros2_control_node-1] [WARN] [1776901532.332844509] [controller_manager]: Overrun detected! The controller manager missed its desired rate of 1000 Hz. The loop took 2.837872 ms (missed cycles : 3).
[wrist_camera_usb_publisher-8] [INFO] [1776901532.416917804] [wrist_camera_usb_publisher_node]: USB camera publisher heartbeat: publishing 1280x720 frames on /wrist_mounted_camera/image; camera_info fx=920.87, fy=921.57, cx=644.76, cy=343.15.
[adl_ui-15] 127.0.0.1 - - [22/Apr/2026 19:45:32] "GET /status_json HTTP/1.1" 200 -
[joint_state_sanitizer-3] [WARN] [1776901533.045298517] [joint_state_sanitizer_node]: [joint_state_sanitizer] Published sanitized joint state: joint_3:+3.142->+3.132
[vision_apriltag-9] [INFO] [1776901533.127161330] [vision_apriltag_node]: Service: Tag 0 found and base-frame pose returned.
[ros2_control_node-1] [WARN] [1776901533.334835526] [controller_manager]: Overrun might occur, Total time : 2798.943 us (Expected < 1000.000 us) --> Read time : 36.225 us, Update time : 200.470 us, Write time : 2562.248 us
[ros2_control_node-1] [WARN] [1776901533.334979037] [controller_manager]: Overrun detected! The controller manager missed its desired rate of 1000 Hz. The loop took 2.971406 ms (missed cycles : 3).
[adl_ui-15] 127.0.0.1 - - [22/Apr/2026 19:45:33] "GET /status_json HTTP/1.1" 200 -
[vision_apriltag-9] [INFO] [1776901534.127324764] [vision_apriltag_node]: Service: Tag 0 found and base-frame pose returned.
[adl_ui-15] 127.0.0.1 - - [22/Apr/2026 19:45:34] "GET /status_json HTTP/1.1" 200 -
[ros2_control_node-1] [WARN] [1776901534.335861601] [controller_manager]: Overrun might occur, Total time : 2831.845 us (Expected < 1000.000 us) --> Read time : 58.058 us, Update time : 276.597 us, Write time : 2497.190 us
[ros2_control_node-1] [WARN] [1776901534.335960741] [controller_manager]: Overrun detected! The controller manager missed its desired rate of 1000 Hz. The loop took 2.953972 ms (missed cycles : 3).
[adl_ui-15] 127.0.0.1 - - [22/Apr/2026 19:45:35] "GET /status_json HTTP/1.1" 200 -
[vision_apriltag-9] [INFO] [1776901535.129178250] [vision_apriltag_node]: Service: Tag 0 found and base-frame pose returned.
[vision_apriltag-9] [INFO] [1776901535.334923551] [vision_apriltag_node]: Vision AprilTag detection debug: no tags found after raw/CLAHE/sharp/adaptive/upscaled/tiled passes.
[ros2_control_node-1] [WARN] [1776901535.338943927] [controller_manager]: Overrun might occur, Total time : 2909.397 us (Expected < 1000.000 us) --> Read time : 69.505 us, Update time : 384.739 us, Write time : 2455.153 us
[ros2_control_node-1] [WARN] [1776901535.339006352] [controller_manager]: Overrun detected! The controller manager missed its desired rate of 1000 Hz. The loop took 2.999896 ms (missed cycles : 3).
[adl_ui-15] 127.0.0.1 - - [22/Apr/2026 19:45:35] "GET /status_json HTTP/1.1" 200 -
[vision_apriltag-9] [INFO] [1776901536.167962383] [vision_apriltag_node]: Service: Tag 0 found and base-frame pose returned.
[ros2_control_node-1] [WARN] [1776901536.342836408] [controller_manager]: Overrun might occur, Total time : 3804.795 us (Expected < 1000.000 us) --> Read time : 37.939 us, Update time : 262.945 us, Write time : 3503.911 us
[ros2_control_node-1] [WARN] [1776901536.342920928] [controller_manager]: Overrun detected! The controller manager missed its desired rate of 1000 Hz. The loop took 3.913977 ms (missed cycles : 4).
[adl_ui-15] 127.0.0.1 - - [22/Apr/2026 19:45:36] "GET /status_json HTTP/1.1" 200 -
[vision_apriltag-9] [INFO] [1776901536.756150543] [vision_apriltag_node]: Vision AprilTag: images are arriving, but no AprilTag has been seen for 2.7s.
[vision_apriltag-9] [INFO] [1776901537.127040055] [vision_apriltag_node]: Service: Tag 0 found and base-frame pose returned.
[adl_ui-15] 127.0.0.1 - - [22/Apr/2026 19:45:37] "GET /status_json HTTP/1.1" 200 -
[ros2_control_node-1] [WARN] [1776901537.344725537] [controller_manager]: Overrun might occur, Total time : 2683.925 us (Expected < 1000.000 us) --> Read time : 35.865 us, Update time : 248.770 us, Write time : 2399.290 us
[ros2_control_node-1] [WARN] [1776901537.344788810] [controller_manager]: Overrun detected! The controller manager missed its desired rate of 1000 Hz. The loop took 2.782616 ms (missed cycles : 3).
[wrist_camera_usb_publisher-8] [INFO] [1776901537.577357705] [wrist_camera_usb_publisher_node]: USB camera publisher heartbeat: publishing 1280x720 frames on /wrist_mounted_camera/image; camera_info fx=920.87, fy=921.57, cx=644.76, cy=343.15.
[adl_ui-15] 127.0.0.1 - - [22/Apr/2026 19:45:38] "GET /status_json HTTP/1.1" 200 -
[joint_state_sanitizer-3] [WARN] [1776901538.047126809] [joint_state_sanitizer_node]: [joint_state_sanitizer] Published sanitized joint state: joint_3:+3.142->+3.132
[vision_apriltag-9] [INFO] [1776901538.126558068] [vision_apriltag_node]: Service: Tag 0 found and base-frame pose returned.
[ros2_control_node-1] [WARN] [1776901538.347732776] [controller_manager]: Overrun might occur, Total time : 2699.689 us (Expected < 1000.000 us) --> Read time : 37.353 us, Update time : 226.552 us, Write time : 2435.784 us
[ros2_control_node-1] [WARN] [1776901538.347798716] [controller_manager]: Overrun detected! The controller manager missed its desired rate of 1000 Hz. The loop took 2.791903 ms (missed cycles : 3).
[adl_ui-15] 127.0.0.1 - - [22/Apr/2026 19:45:38] "GET /status_json HTTP/1.1" 200 -
[vision_apriltag-9] [INFO] [1776901539.128261387] [vision_apriltag_node]: Service: Tag 0 found and base-frame pose returned.
[ros2_control_node-1] [WARN] [1776901539.347935374] [controller_manager]: Overrun might occur, Total time : 7901.197 us (Expected < 1000.000 us) --> Read time : 37.108 us, Update time : 235.041 us, Write time : 7629.048 us
[ros2_control_node-1] [WARN] [1776901539.348009575] [controller_manager]: Overrun detected! The controller manager missed its desired rate of 1000 Hz. The loop took 8.002604 ms (missed cycles : 9).
[adl_ui-15] 127.0.0.1 - - [22/Apr/2026 19:45:39] "GET /status_json HTTP/1.1" 200 -
[vision_apriltag-9] [INFO] [1776901540.126271743] [vision_apriltag_node]: Service: Tag 0 found and base-frame pose returned.
[adl_ui-15] 127.0.0.1 - - [22/Apr/2026 19:45:40] "GET /status_json HTTP/1.1" 200 -
[ros2_control_node-1] [WARN] [1776901540.348216935] [controller_manager]: Overrun might occur, Total time : 3149.918 us (Expected < 1000.000 us) --> Read time : 104.970 us, Update time : 432.034 us, Write time : 2612.914 us
[ros2_control_node-1] [WARN] [1776901540.348347955] [controller_manager]: Overrun detected! The controller manager missed its desired rate of 1000 Hz. The loop took 3.340616 ms (missed cycles : 4).
[vision_apriltag-9] [INFO] [1776901540.466516276] [vision_apriltag_node]: Vision AprilTag detection debug: 0:cv2.solvePnP_ippe_square:clahe_sharp@(708,510)
[adl_ui-15] 127.0.0.1 - - [22/Apr/2026 19:45:41] "GET /status_json HTTP/1.1" 200 -
[ros2_control_node-1] [WARN] [1776901541.348711754] [controller_manager]: Overrun might occur, Total time : 2684.182 us (Expected < 1000.000 us) --> Read time : 35.209 us, Update time : 207.796 us, Write time : 2441.177 us
[ros2_control_node-1] [WARN] [1776901541.348779695] [controller_manager]: Overrun detected! The controller manager missed its desired rate of 1000 Hz. The loop took 2.773346 ms (missed cycles : 3).
[vision_apriltag-9] [INFO] [1776901541.412842419] [vision_apriltag_node]: Service: Tag 0 found and base-frame pose returned.
[adl_ui-15] 127.0.0.1 - - [22/Apr/2026 19:45:41] "GET /status_json HTTP/1.1" 200 -
[vision_apriltag-9] [INFO] [1776901542.126784752] [vision_apriltag_node]: Service: Tag 0 found and base-frame pose returned.
[ros2_control_node-1] [WARN] [1776901542.349751780] [controller_manager]: Overrun might occur, Total time : 2713.282 us (Expected < 1000.000 us) --> Read time : 37.607 us, Update time : 233.106 us, Write time : 2442.569 us
[ros2_control_node-1] [WARN] [1776901542.349844342] [controller_manager]: Overrun detected! The controller manager missed its desired rate of 1000 Hz. The loop took 2.837703 ms (missed cycles : 3).
[adl_ui-15] 127.0.0.1 - - [22/Apr/2026 19:45:42] "GET /status_json HTTP/1.1" 200 -
[wrist_camera_usb_publisher-8] [INFO] [1776901542.739690558] [wrist_camera_usb_publisher_node]: USB camera publisher heartbeat: publishing 1280x720 frames on /wrist_mounted_camera/image; camera_info fx=920.87, fy=921.57, cx=644.76, cy=343.15.
[vision_apriltag-9] [INFO] [1776901542.755798935] [vision_apriltag_node]: Vision AprilTag: images are arriving, but no AprilTag has been seen for 2.3s.
[joint_state_sanitizer-3] [WARN] [1776901543.050967245] [joint_state_sanitizer_node]: [joint_state_sanitizer] Published sanitized joint state: joint_3:+3.142->+3.132
[vision_apriltag-9] [INFO] [1776901543.126627547] [vision_apriltag_node]: Service: Tag 0 found and base-frame pose returned.
[adl_ui-15] 127.0.0.1 - - [22/Apr/2026 19:45:43] "GET /status_json HTTP/1.1" 200 -
[ros2_control_node-1] [WARN] [1776901543.351012566] [controller_manager]: Overrun might occur, Total time : 2971.630 us (Expected < 1000.000 us) --> Read time : 58.067 us, Update time : 271.815 us, Write time : 2641.748 us
[ros2_control_node-1] [WARN] [1776901543.351113524] [controller_manager]: Overrun detected! The controller manager missed its desired rate of 1000 Hz. The loop took 3.106298 ms (missed cycles : 4).
[adl_ui-15] 127.0.0.1 - - [22/Apr/2026 19:45:44] "GET /status_json HTTP/1.1" 200 -
[vision_apriltag-9] [INFO] [1776901544.126116321] [vision_apriltag_node]: Service: Tag 0 found and base-frame pose returned.
[ros2_control_node-1] [WARN] [1776901544.353497891] [controller_manager]: Overrun might occur, Total time : 3471.799 us (Expected < 1000.000 us) --> Read time : 29.837 us, Update time : 250.773 us, Write time : 3191.189 us
[ros2_control_node-1] [WARN] [1776901544.353591789] [controller_manager]: Overrun detected! The controller manager missed its desired rate of 1000 Hz. The loop took 3.584482 ms (missed cycles : 4).
[adl_ui-15] 127.0.0.1 - - [22/Apr/2026 19:45:44] "GET /status_json HTTP/1.1" 200 -
[vision_apriltag-9] [INFO] [1776901545.126638423] [vision_apriltag_node]: Service: Tag 0 found and base-frame pose returned.
[ros2_control_node-1] [WARN] [1776901545.356927431] [controller_manager]: Overrun might occur, Total time : 2894.945 us (Expected < 1000.000 us) --> Read time : 40.849 us, Update time : 224.159 us, Write time : 2629.937 us
[ros2_control_node-1] [WARN] [1776901545.357003032] [controller_manager]: Overrun detected! The controller manager missed its desired rate of 1000 Hz. The loop took 2.996481 ms (missed cycles : 3).
[adl_ui-15] 127.0.0.1 - - [22/Apr/2026 19:45:45] "GET /status_json HTTP/1.1" 200 -
[vision_apriltag-9] [INFO] [1776901545.687506358] [vision_apriltag_node]: Vision AprilTag detection debug: no tags found after raw/CLAHE/sharp/adaptive/upscaled/tiled passes.
[vision_apriltag-9] [INFO] [1776901546.126203239] [vision_apriltag_node]: Service: Tag 0 found and base-frame pose returned.
[adl_ui-15] 127.0.0.1 - - [22/Apr/2026 19:45:46] "GET /status_json HTTP/1.1" 200 -
[ros2_control_node-1] [WARN] [1776901546.359754529] [controller_manager]: Overrun might occur, Total time : 2720.944 us (Expected < 1000.000 us) --> Read time : 36.685 us, Update time : 217.458 us, Write time : 2466.801 us
[ros2_control_node-1] [WARN] [1776901546.359846188] [controller_manager]: Overrun detected! The controller manager missed its desired rate of 1000 Hz. The loop took 2.839848 ms (missed cycles : 3).
[adl_ui-15] 127.0.0.1 - - [22/Apr/2026 19:45:47] "GET /status_json HTTP/1.1" 200 -
[vision_apriltag-9] [INFO] [1776901547.147505387] [vision_apriltag_node]: Service: Tag 0 found and base-frame pose returned.
[ros2_control_node-1] [WARN] [1776901547.360690181] [controller_manager]: Overrun might occur, Total time : 2655.999 us (Expected < 1000.000 us) --> Read time : 35.630 us, Update time : 222.273 us, Write time : 2398.096 us
[ros2_control_node-1] [WARN] [1776901547.360761764] [controller_manager]: Overrun detected! The controller manager missed its desired rate of 1000 Hz. The loop took 2.754723 ms (missed cycles : 3).
[adl_ui-15] 127.0.0.1 - - [22/Apr/2026 19:45:47] "GET /status_json HTTP/1.1" 200 -
[wrist_camera_usb_publisher-8] [INFO] [1776901547.901113138] [wrist_camera_usb_publisher_node]: USB camera publisher heartbeat: publishing 1280x720 frames on /wrist_mounted_camera/image; camera_info fx=920.87, fy=921.57, cx=644.76, cy=343.15.
[joint_state_sanitizer-3] [WARN] [1776901548.053589874] [joint_state_sanitizer_node]: [joint_state_sanitizer] Published sanitized joint state: joint_3:+3.142->+3.132
[vision_apriltag-9] [INFO] [1776901548.126551433] [vision_apriltag_node]: Service: Tag 0 found and base-frame pose returned.
[ros2_control_node-1] [WARN] [1776901548.360713254] [controller_manager]: Overrun might occur, Total time : 2672.372 us (Expected < 1000.000 us) --> Read time : 44.504 us, Update time : 254.528 us, Write time : 2373.340 us
[ros2_control_node-1] [WARN] [1776901548.360799908] [controller_manager]: Overrun detected! The controller manager missed its desired rate of 1000 Hz. The loop took 2.792848 ms (missed cycles : 3).
[adl_ui-15] 127.0.0.1 - - [22/Apr/2026 19:45:48] "GET /status_json HTTP/1.1" 200 -
[vision_apriltag-9] [INFO] [1776901548.761833970] [vision_apriltag_node]: Vision AprilTag: images are arriving, but no AprilTag has been seen for 3.7s.
[adl_ui-15] 127.0.0.1 - - [22/Apr/2026 19:45:49] "GET /status_json HTTP/1.1" 200 -
[vision_apriltag-9] [INFO] [1776901549.357368608] [vision_apriltag_node]: Service: Tag 0 found and base-frame pose returned.
[ros2_control_node-1] [WARN] [1776901549.364364433] [controller_manager]: Overrun might occur, Total time : 3328.731 us (Expected < 1000.000 us) --> Read time : 50.517 us, Update time : 248.294 us, Write time : 3029.920 us
[ros2_control_node-1] [WARN] [1776901549.364442270] [controller_manager]: Overrun detected! The controller manager missed its desired rate of 1000 Hz. The loop took 3.434814 ms (missed cycles : 4).
[adl_ui-15] 127.0.0.1 - - [22/Apr/2026 19:45:50] "GET /status_json HTTP/1.1" 200 -
[vision_apriltag-9] [INFO] [1776901550.126821989] [vision_apriltag_node]: Service: Tag 0 found and base-frame pose returned.
[ros2_control_node-1] [WARN] [1776901550.365406994] [controller_manager]: Overrun might occur, Total time : 4359.046 us (Expected < 1000.000 us) --> Read time : 66.590 us, Update time : 436.431 us, Write time : 3856.025 us
[ros2_control_node-1] [WARN] [1776901550.365499124] [controller_manager]: Overrun detected! The controller manager missed its desired rate of 1000 Hz. The loop took 4.492244 ms (missed cycles : 5).
[vision_apriltag-9] [INFO] [1776901550.756159827] [vision_apriltag_node]: Vision AprilTag: images are arriving, but no AprilTag has been seen for 5.7s.
[adl_ui-15] 127.0.0.1 - - [22/Apr/2026 19:45:50] "GET /status_json HTTP/1.1" 200 -
[vision_apriltag-9] [INFO] [1776901551.046143666] [vision_apriltag_node]: Vision AprilTag detection debug: no tags found after raw/CLAHE/sharp/adaptive/upscaled/tiled passes.
[vision_apriltag-9] [INFO] [1776901551.126804134] [vision_apriltag_node]: Service: Tag 0 found and base-frame pose returned.
[ros2_control_node-1] [WARN] [1776901551.367831814] [controller_manager]: Overrun might occur, Total time : 2803.862 us (Expected < 1000.000 us) --> Read time : 33.467 us, Update time : 242.732 us, Write time : 2527.663 us
[ros2_control_node-1] [WARN] [1776901551.367898700] [controller_manager]: Overrun detected! The controller manager missed its desired rate of 1000 Hz. The loop took 2.891842 ms (missed cycles : 3).
[adl_ui-15] 127.0.0.1 - - [22/Apr/2026 19:45:51] "GET /status_json HTTP/1.1" 200 -
[vision_apriltag-9] [INFO] [1776901552.126453591] [vision_apriltag_node]: Service: Tag 0 found and base-frame pose returned.
[adl_ui-15] 127.0.0.1 - - [22/Apr/2026 19:45:52] "GET /status_json HTTP/1.1" 200 -
[ros2_control_node-1] [WARN] [1776901552.369722071] [controller_manager]: Overrun might occur, Total time : 2669.031 us (Expected < 1000.000 us) --> Read time : 31.584 us, Update time : 209.092 us, Write time : 2428.355 us
[ros2_control_node-1] [WARN] [1776901552.369779739] [controller_manager]: Overrun detected! The controller manager missed its desired rate of 1000 Hz. The loop took 2.773901 ms (missed cycles : 3).
[vision_apriltag-9] [INFO] [1776901552.756552120] [vision_apriltag_node]: Vision AprilTag: images are arriving, but no AprilTag has been seen for 7.7s.
[joint_state_sanitizer-3] [WARN] [1776901553.056913588] [joint_state_sanitizer_node]: [joint_state_sanitizer] Published sanitized joint state: joint_3:+3.142->+3.132
[adl_ui-15] 127.0.0.1 - - [22/Apr/2026 19:45:53] "GET /status_json HTTP/1.1" 200 -
[wrist_camera_usb_publisher-8] [INFO] [1776901553.068535616] [wrist_camera_usb_publisher_node]: USB camera publisher heartbeat: publishing 1280x720 frames on /wrist_mounted_camera/image; camera_info fx=920.87, fy=921.57, cx=644.76, cy=343.15.
[vision_apriltag-9] [INFO] [1776901553.226097887] [vision_apriltag_node]: Service: Tag 0 found and base-frame pose returned.
[ros2_control_node-1] [WARN] [1776901553.370072919] [controller_manager]: Overrun might occur, Total time : 3035.315 us (Expected < 1000.000 us) --> Read time : 41.998 us, Update time : 242.712 us, Write time : 2750.605 us
[ros2_control_node-1] [WARN] [1776901553.370190858] [controller_manager]: Overrun detected! The controller manager missed its desired rate of 1000 Hz. The loop took 3.183030 ms (missed cycles : 4).
[adl_ui-15] 127.0.0.1 - - [22/Apr/2026 19:45:53] "GET /status_json HTTP/1.1" 200 -
[vision_apriltag-9] [INFO] [1776901554.128298348] [vision_apriltag_node]: Service: Tag 0 found and base-frame pose returned.
[ros2_control_node-1] [WARN] [1776901554.370735403] [controller_manager]: Overrun might occur, Total time : 2687.738 us (Expected < 1000.000 us) --> Read time : 43.136 us, Update time : 253.592 us, Write time : 2391.010 us
[ros2_control_node-1] [WARN] [1776901554.370835921] [controller_manager]: Overrun detected! The controller manager missed its desired rate of 1000 Hz. The loop took 2.828994 ms (missed cycles : 3).
[adl_ui-15] 127.0.0.1 - - [22/Apr/2026 19:45:54] "GET /status_json HTTP/1.1" 200 -
[vision_apriltag-9] [INFO] [1776901554.763127071] [vision_apriltag_node]: Vision AprilTag: images are arriving, but no AprilTag has been seen for 9.7s.
[vision_apriltag-9] [INFO] [1776901555.126345113] [vision_apriltag_node]: Service: Tag 0 found and base-frame pose returned.
[adl_ui-15] 127.0.0.1 - - [22/Apr/2026 19:45:55] "GET /status_json HTTP/1.1" 200 -
[ros2_control_node-1] [WARN] [1776901555.373787448] [controller_manager]: Overrun might occur, Total time : 2761.404 us (Expected < 1000.000 us) --> Read time : 29.178 us, Update time : 255.778 us, Write time : 2476.448 us
[ros2_control_node-1] [WARN] [1776901555.373872559] [controller_manager]: Overrun detected! The controller manager missed its desired rate of 1000 Hz. The loop took 2.865700 ms (missed cycles : 3).
[adl_ui-15] 127.0.0.1 - - [22/Apr/2026 19:45:56] "GET /status_json HTTP/1.1" 200 -
[vision_apriltag-9] [INFO] [1776901556.130211203] [vision_apriltag_node]: Service: Tag 0 found and base-frame pose returned.
[vision_apriltag-9] [INFO] [1776901556.174304017] [vision_apriltag_node]: Vision AprilTag detection debug: no tags found after raw/CLAHE/sharp/adaptive/upscaled/tiled passes.
[ros2_control_node-1] [WARN] [1776901556.374049007] [controller_manager]: Overrun might occur, Total time : 3018.491 us (Expected < 1000.000 us) --> Read time : 36.428 us, Update time : 235.569 us, Write time : 2746.494 us
[ros2_control_node-1] [WARN] [1776901556.374141702] [controller_manager]: Overrun detected! The controller manager missed its desired rate of 1000 Hz. The loop took 3.134081 ms (missed cycles : 4).
[vision_apriltag-9] [INFO] [1776901556.756548439] [vision_apriltag_node]: Vision AprilTag: images are arriving, but no AprilTag has been seen for 11.7s.
[adl_ui-15] 127.0.0.1 - - [22/Apr/2026 19:45:56] "GET /status_json HTTP/1.1" 200 -
[vision_apriltag-9] [INFO] [1776901557.130093317] [vision_apriltag_node]: Service: Tag 0 found and base-frame pose returned.
[ros2_control_node-1] [WARN] [1776901557.377784795] [controller_manager]: Overrun might occur, Total time : 2726.310 us (Expected < 1000.000 us) --> Read time : 59.033 us, Update time : 293.825 us, Write time : 2373.452 us
[ros2_control_node-1] [WARN] [1776901557.377864860] [controller_manager]: Overrun detected! The controller manager missed its desired rate of 1000 Hz. The loop took 2.858783 ms (missed cycles : 3).
[adl_ui-15] 127.0.0.1 - - [22/Apr/2026 19:45:57] "GET /status_json HTTP/1.1" 200 -
[joint_state_sanitizer-3] [WARN] [1776901558.061204980] [joint_state_sanitizer_node]: [joint_state_sanitizer] Published sanitized joint state: joint_3:+3.142->+3.132
[wrist_camera_usb_publisher-8] [INFO] [1776901558.223086267] [wrist_camera_usb_publisher_node]: USB camera publisher heartbeat: publishing 1280x720 frames on /wrist_mounted_camera/image; camera_info fx=920.87, fy=921.57, cx=644.76, cy=343.15.
[vision_apriltag-9] [INFO] [1776901558.279067854] [vision_apriltag_node]: Service: Tag 0 found and base-frame pose returned.
[adl_ui-15] 127.0.0.1 - - [22/Apr/2026 19:45:58] "GET /status_json HTTP/1.1" 200 -
[ros2_control_node-1] [WARN] [1776901558.381150137] [controller_manager]: Overrun might occur, Total time : 3086.621 us (Expected < 1000.000 us) --> Read time : 70.622 us, Update time : 337.412 us, Write time : 2678.587 us
[ros2_control_node-1] [WARN] [1776901558.381221944] [controller_manager]: Overrun detected! The controller manager missed its desired rate of 1000 Hz. The loop took 3.215274 ms (missed cycles : 4).
[vision_apriltag-9] [INFO] [1776901558.863949280] [vision_apriltag_node]: Vision AprilTag: images are arriving, but no AprilTag has been seen for 13.8s.
[adl_ui-15] 127.0.0.1 - - [22/Apr/2026 19:45:59] "GET /status_json HTTP/1.1" 200 -
[vision_apriltag-9] [INFO] [1776901559.131145278] [vision_apriltag_node]: Service: Tag 0 found and base-frame pose returned.
[ros2_control_node-1] [WARN] [1776901559.381865118] [controller_manager]: Overrun might occur, Total time : 3829.783 us (Expected < 1000.000 us) --> Read time : 43.645 us, Update time : 272.652 us, Write time : 3513.486 us
[ros2_control_node-1] [WARN] [1776901559.381950170] [controller_manager]: Overrun detected! The controller manager missed its desired rate of 1000 Hz. The loop took 3.943049 ms (missed cycles : 4).
[adl_ui-15] 127.0.0.1 - - [22/Apr/2026 19:45:59] "GET /status_json HTTP/1.1" 200 -
[vision_apriltag-9] [INFO] [1776901560.130511447] [vision_apriltag_node]: Service: Tag 0 found and base-frame pose returned.
[ros2_control_node-1] [WARN] [1776901560.382113517] [controller_manager]: Overrun might occur, Total time : 4068.256 us (Expected < 1000.000 us) --> Read time : 80.080 us, Update time : 415.070 us, Write time : 3573.106 us
[ros2_control_node-1] [WARN] [1776901560.382196881] [controller_manager]: Overrun detected! The controller manager missed its desired rate of 1000 Hz. The loop took 4.190141 ms (missed cycles : 5).
[adl_ui-15] 127.0.0.1 - - [22/Apr/2026 19:46:00] "GET /status_json HTTP/1.1" 200 -
[vision_apriltag-9] [INFO] [1776901560.758938268] [vision_apriltag_node]: Vision AprilTag: images are arriving, but no AprilTag has been seen for 15.7s.
[vision_apriltag-9] [INFO] [1776901561.125377371] [vision_apriltag_node]: Service: Tag 0 found and base-frame pose returned.
[adl_ui-15] 127.0.0.1 - - [22/Apr/2026 19:46:01] "GET /status_json HTTP/1.1" 200 -
[vision_apriltag-9] [INFO] [1776901561.378489748] [vision_apriltag_node]: Vision AprilTag detection debug: no tags found after raw/CLAHE/sharp/adaptive/upscaled/tiled passes.
[ros2_control_node-1] [WARN] [1776901561.382842940] [controller_manager]: Overrun might occur, Total time : 2801.901 us (Expected < 1000.000 us) --> Read time : 68.857 us, Update time : 353.912 us, Write time : 2379.132 us
[ros2_control_node-1] [WARN] [1776901561.382945736] [controller_manager]: Overrun detected! The controller manager missed its desired rate of 1000 Hz. The loop took 2.938116 ms (missed cycles : 3).
[adl_ui-15] 127.0.0.1 - - [22/Apr/2026 19:46:02] "GET /status_json HTTP/1.1" 200 -
[vision_apriltag-9] [INFO] [1776901562.127188337] [vision_apriltag_node]: Service: Tag 0 found and base-frame pose returned.
[ros2_control_node-1] [WARN] [1776901562.384561567] [controller_manager]: Overrun might occur, Total time : 3519.314 us (Expected < 1000.000 us) --> Read time : 43.022 us, Update time : 241.445 us, Write time : 3234.847 us
[ros2_control_node-1] [WARN] [1776901562.384635377] [controller_manager]: Overrun detected! The controller manager missed its desired rate of 1000 Hz. The loop took 3.628188 ms (missed cycles : 4).
[vision_apriltag-9] [INFO] [1776901562.756067329] [vision_apriltag_node]: Vision AprilTag: images are arriving, but no AprilTag has been seen for 17.7s.
[adl_ui-15] 127.0.0.1 - - [22/Apr/2026 19:46:02] "GET /status_json HTTP/1.1" 200 -
[joint_state_sanitizer-3] [WARN] [1776901563.065486939] [joint_state_sanitizer_node]: [joint_state_sanitizer] Published sanitized joint state: joint_3:+3.142->+3.132
[vision_apriltag-9] [INFO] [1776901563.125967199] [vision_apriltag_node]: Service: Tag 0 found and base-frame pose returned.
[wrist_camera_usb_publisher-8] [INFO] [1776901563.380607488] [wrist_camera_usb_publisher_node]: USB camera publisher heartbeat: publishing 1280x720 frames on /wrist_mounted_camera/image; camera_info fx=920.87, fy=921.57, cx=644.76, cy=343.15.
[ros2_control_node-1] [WARN] [1776901563.387740313] [controller_manager]: Overrun might occur, Total time : 2694.807 us (Expected < 1000.000 us) --> Read time : 76.400 us, Update time : 439.530 us, Write time : 2178.877 us
[ros2_control_node-1] [WARN] [1776901563.387827857] [controller_manager]: Overrun detected! The controller manager missed its desired rate of 1000 Hz. The loop took 2.820887 ms (missed cycles : 3).
[adl_ui-15] 127.0.0.1 - - [22/Apr/2026 19:46:03] "GET /status_json HTTP/1.1" 200 -
[adl_ui-15] 127.0.0.1 - - [22/Apr/2026 19:46:04] "GET /status_json HTTP/1.1" 200 -
[ros2_control_node-1] [WARN] [1776901564.389055521] [controller_manager]: Overrun might occur, Total time : 4008.125 us (Expected < 1000.000 us) --> Read time : 42.345 us, Update time : 273.107 us, Write time : 3692.673 us
[ros2_control_node-1] [WARN] [1776901564.389138799] [controller_manager]: Overrun detected! The controller manager missed its desired rate of 1000 Hz. The loop took 4.131510 ms (missed cycles : 5).
[vision_apriltag-9] [INFO] [1776901564.612243335] [vision_apriltag_node]: Service: Tag 0 found and base-frame pose returned.
[vision_apriltag-9] [INFO] [1776901564.765560368] [vision_apriltag_node]: Vision AprilTag: images are arriving, but no AprilTag has been seen for 19.7s.
[adl_ui-15] 127.0.0.1 - - [22/Apr/2026 19:46:05] "GET /status_json HTTP/1.1" 200 -
[ros2_control_node-1] [WARN] [1776901565.390891052] [controller_manager]: Overrun might occur, Total time : 2863.311 us (Expected < 1000.000 us) --> Read time : 36.092 us, Update time : 247.062 us, Write time : 2580.157 us
[ros2_control_node-1] [WARN] [1776901565.390984256] [controller_manager]: Overrun detected! The controller manager missed its desired rate of 1000 Hz. The loop took 2.977234 ms (missed cycles : 3).
[adl_ui-15] 127.0.0.1 - - [22/Apr/2026 19:46:05] "GET /status_json HTTP/1.1" 200 -
[ros2_control_node-1] [WARN] [1776901566.393459617] [controller_manager]: Overrun might occur, Total time : 3431.567 us (Expected < 1000.000 us) --> Read time : 29.273 us, Update time : 226.969 us, Write time : 3175.325 us
[ros2_control_node-1] [WARN] [1776901566.393546259] [controller_manager]: Overrun detected! The controller manager missed its desired rate of 1000 Hz. The loop took 3.539121 ms (missed cycles : 4).
[adl_ui-15] 127.0.0.1 - - [22/Apr/2026 19:46:06] "GET /status_json HTTP/1.1" 200 -
[vision_apriltag-9] [INFO] [1776901566.670630413] [vision_apriltag_node]: Vision AprilTag detection debug: no tags found after raw/CLAHE/sharp/adaptive/upscaled/tiled passes.
[vision_apriltag-9] [INFO] [1776901566.756383435] [vision_apriltag_node]: Vision AprilTag: images are arriving, but no AprilTag has been seen for 21.7s.
[adl_ui-15] 127.0.0.1 - - [22/Apr/2026 19:46:07] "GET /status_json HTTP/1.1" 200 -
[ros2_control_node-1] [WARN] [1776901567.394395977] [controller_manager]: Overrun might occur, Total time : 4354.569 us (Expected < 1000.000 us) --> Read time : 51.169 us, Update time : 266.501 us, Write time : 4036.899 us
[ros2_control_node-1] [WARN] [1776901567.394483245] [controller_manager]: Overrun detected! The controller manager missed its desired rate of 1000 Hz. The loop took 4.476356 ms (missed cycles : 5).
[joint_state_sanitizer-3] [WARN] [1776901568.069260379] [joint_state_sanitizer_node]: [joint_state_sanitizer] Published sanitized joint state: joint_3:+3.142->+3.132
[adl_ui-15] 127.0.0.1 - - [22/Apr/2026 19:46:08] "GET /status_json HTTP/1.1" 200 -
[ros2_control_node-1] [WARN] [1776901568.395588049] [controller_manager]: Overrun might occur, Total time : 2548.605 us (Expected < 1000.000 us) --> Read time : 28.995 us, Update time : 255.399 us, Write time : 2264.211 us
[ros2_control_node-1] [WARN] [1776901568.395663592] [controller_manager]: Overrun detected! The controller manager missed its desired rate of 1000 Hz. The loop took 2.657147 ms (missed cycles : 3).
[wrist_camera_usb_publisher-8] [INFO] [1776901568.544232312] [wrist_camera_usb_publisher_node]: USB camera publisher heartbeat: publishing 1280x720 frames on /wrist_mounted_camera/image; camera_info fx=920.87, fy=921.57, cx=644.76, cy=343.15.
[adl_ui-15] 127.0.0.1 - - [22/Apr/2026 19:46:08] "GET /status_json HTTP/1.1" 200 -
[ros2_control_node-1] [WARN] [1776901569.397517553] [controller_manager]: Overrun might occur, Total time : 2486.780 us (Expected < 1000.000 us) --> Read time : 41.532 us, Update time : 235.674 us, Write time : 2209.574 us
[ros2_control_node-1] [WARN] [1776901569.397590408] [controller_manager]: Overrun detected! The controller manager missed its desired rate of 1000 Hz. The loop took 2.583439 ms (missed cycles : 3).
[vision_apriltag-9] [INFO] [1776901569.561983416] [vision_apriltag_node]: Vision AprilTag: images are arriving, but no AprilTag has been seen for 24.5s.
[adl_ui-15] 127.0.0.1 - - [22/Apr/2026 19:46:09] "GET /status_json HTTP/1.1" 200 -
[vision_apriltag-9] [WARN] [1776901570.162008392] [vision_apriltag_node]: Tag ID 0 did not produce a fresh base_link pose within 5.0s.
[scene_from_vision-10] [WARN] [1776901570.172025548] [scene_from_vision_node]: Failed to get pose for tag ID 0: Tag ID 0 did not produce a fresh base_link pose within 5.0s.
[adl_ui-15] 127.0.0.1 - - [22/Apr/2026 19:46:10] "GET /status_json HTTP/1.1" 200 -
[ros2_control_node-1] [WARN] [1776901570.397834231] [controller_manager]: Overrun might occur, Total time : 2798.361 us (Expected < 1000.000 us) --> Read time : 48.362 us, Update time : 296.631 us, Write time : 2453.368 us
[ros2_control_node-1] [WARN] [1776901570.397902444] [controller_manager]: Overrun detected! The controller manager missed its desired rate of 1000 Hz. The loop took 2.896011 ms (missed cycles : 3).
[vision_apriltag-9] [INFO] [1776901570.758181859] [vision_apriltag_node]: Vision AprilTag: images are arriving, but no AprilTag has been seen for 25.7s.
[adl_ui-15] 127.0.0.1 - - [22/Apr/2026 19:46:11] "GET /status_json HTTP/1.1" 200 -
[ros2_control_node-1] [WARN] [1776901571.400535614] [controller_manager]: Overrun might occur, Total time : 2509.780 us (Expected < 1000.000 us) --> Read time : 33.978 us, Update time : 215.129 us, Write time : 2260.673 us
[ros2_control_node-1] [WARN] [1776901571.400599221] [controller_manager]: Overrun detected! The controller manager missed its desired rate of 1000 Hz. The loop took 2.592708 ms (missed cycles : 3).
[adl_ui-15] 127.0.0.1 - - [22/Apr/2026 19:46:11] "GET /status_json HTTP/1.1" 200 -
[vision_apriltag-9] [INFO] [1776901572.076921058] [vision_apriltag_node]: Vision AprilTag detection debug: no tags found after raw/CLAHE/sharp/adaptive/upscaled/tiled passes.
[ros2_control_node-1] [WARN] [1776901572.403397399] [controller_manager]: Overrun might occur, Total time : 3359.340 us (Expected < 1000.000 us) --> Read time : 74.853 us, Update time : 305.575 us, Write time : 2978.912 us
[ros2_control_node-1] [WARN] [1776901572.403472322] [controller_manager]: Overrun detected! The controller manager missed its desired rate of 1000 Hz. The loop took 3.465760 ms (missed cycles : 4).
[adl_ui-15] 127.0.0.1 - - [22/Apr/2026 19:46:12] "GET /status_json HTTP/1.1" 200 -
[vision_apriltag-9] [INFO] [1776901572.756486273] [vision_apriltag_node]: Vision AprilTag: images are arriving, but no AprilTag has been seen for 27.7s.
[joint_state_sanitizer-3] [WARN] [1776901573.071202924] [joint_state_sanitizer_node]: [joint_state_sanitizer] Published sanitized joint state: joint_3:+3.142->+3.132
[adl_ui-15] 127.0.0.1 - - [22/Apr/2026 19:46:13] "GET /status_json HTTP/1.1" 200 -
[ros2_control_node-1] [WARN] [1776901573.403947707] [controller_manager]: Overrun might occur, Total time : 3913.512 us (Expected < 1000.000 us) --> Read time : 54.711 us, Update time : 308.679 us, Write time : 3550.122 us
[ros2_control_node-1] [WARN] [1776901573.404027931] [controller_manager]: Overrun detected! The controller manager missed its desired rate of 1000 Hz. The loop took 4.020729 ms (missed cycles : 5).
[wrist_camera_usb_publisher-8] [INFO] [1776901573.705060044] [wrist_camera_usb_publisher_node]: USB camera publisher heartbeat: publishing 1280x720 frames on /wrist_mounted_camera/image; camera_info fx=920.87, fy=921.57, cx=644.76, cy=343.15.
[adl_ui-15] 127.0.0.1 - - [22/Apr/2026 19:46:14] "GET /status_json HTTP/1.1" 200 -
[ros2_control_node-1] [WARN] [1776901574.404994483] [controller_manager]: Overrun might occur, Total time : 2962.320 us (Expected < 1000.000 us) --> Read time : 52.450 us, Update time : 269.250 us, Write time : 2640.620 us
[ros2_control_node-1] [WARN] [1776901574.405062310] [controller_manager]: Overrun detected! The controller manager missed its desired rate of 1000 Hz. The loop took 3.055936 ms (missed cycles : 4).
[adl_ui-15] 127.0.0.1 - - [22/Apr/2026 19:46:14] "GET /status_json HTTP/1.1" 200 -
[vision_apriltag-9] [INFO] [1776901575.126696397] [vision_apriltag_node]: Service: Tag 0 found and base-frame pose returned.
[ros2_control_node-1] [WARN] [1776901575.407293179] [controller_manager]: Overrun might occur, Total time : 3255.714 us (Expected < 1000.000 us) --> Read time : 45.778 us, Update time : 238.414 us, Write time : 2971.522 us
[ros2_control_node-1] [WARN] [1776901575.407356349] [controller_manager]: Overrun detected! The controller manager missed its desired rate of 1000 Hz. The loop took 3.349932 ms (missed cycles : 4).
[adl_ui-15] 127.0.0.1 - - [22/Apr/2026 19:46:15] "GET /status_json HTTP/1.1" 200 -
[vision_apriltag-9] [INFO] [1776901576.225437840] [vision_apriltag_node]: Service: Tag 0 found and base-frame pose returned.
[adl_ui-15] 127.0.0.1 - - [22/Apr/2026 19:46:16] "GET /status_json HTTP/1.1" 200 -
[ros2_control_node-1] [WARN] [1776901576.408382066] [controller_manager]: Overrun might occur, Total time : 3327.791 us (Expected < 1000.000 us) --> Read time : 40.105 us, Update time : 250.504 us, Write time : 3037.182 us
[ros2_control_node-1] [WARN] [1776901576.408509464] [controller_manager]: Overrun detected! The controller manager missed its desired rate of 1000 Hz. The loop took 3.500659 ms (missed cycles : 4).
[adl_ui-15] 127.0.0.1 - - [22/Apr/2026 19:46:17] "GET /status_json HTTP/1.1" 200 -
[vision_apriltag-9] [INFO] [1776901577.129321806] [vision_apriltag_node]: Service: Tag 0 found and base-frame pose returned.
[vision_apriltag-9] [INFO] [1776901577.310538303] [vision_apriltag_node]: Vision AprilTag detection debug: no tags found after raw/CLAHE/sharp/adaptive/upscaled/tiled passes.
[ros2_control_node-1] [WARN] [1776901577.410742787] [controller_manager]: Overrun might occur, Total time : 2713.836 us (Expected < 1000.000 us) --> Read time : 39.603 us, Update time : 237.746 us, Write time : 2436.487 us
[ros2_control_node-1] [WARN] [1776901577.410814937] [controller_manager]: Overrun detected! The controller manager missed its desired rate of 1000 Hz. The loop took 2.808465 ms (missed cycles : 3).
[adl_ui-15] 127.0.0.1 - - [22/Apr/2026 19:46:17] "GET /status_json HTTP/1.1" 200 -
[joint_state_sanitizer-3] [WARN] [1776901578.078675805] [joint_state_sanitizer_node]: [joint_state_sanitizer] Published sanitized joint state: joint_3:+3.142->+3.132
[vision_apriltag-9] [INFO] [1776901578.126492990] [vision_apriltag_node]: Service: Tag 0 found and base-frame pose returned.
[ros2_control_node-1] [WARN] [1776901578.412549061] [controller_manager]: Overrun might occur, Total time : 2525.508 us (Expected < 1000.000 us) --> Read time : 26.509 us, Update time : 227.608 us, Write time : 2271.391 us
[ros2_control_node-1] [WARN] [1776901578.412614969] [controller_manager]: Overrun detected! The controller manager missed its desired rate of 1000 Hz. The loop took 2.608520 ms (missed cycles : 3).
[adl_ui-15] 127.0.0.1 - - [22/Apr/2026 19:46:18] "GET /status_json HTTP/1.1" 200 -
[vision_apriltag-9] [INFO] [1776901578.757132079] [vision_apriltag_node]: Vision AprilTag: images are arriving, but no AprilTag has been seen for 3.0s.
[wrist_camera_usb_publisher-8] [INFO] [1776901578.868384022] [wrist_camera_usb_publisher_node]: USB camera publisher heartbeat: publishing 1280x720 frames on /wrist_mounted_camera/image; camera_info fx=920.87, fy=921.57, cx=644.76, cy=343.15.
[vision_apriltag-9] [INFO] [1776901579.134127341] [vision_apriltag_node]: Service: Tag 0 found and base-frame pose returned.
[adl_ui-15] 127.0.0.1 - - [22/Apr/2026 19:46:19] "GET /status_json HTTP/1.1" 200 -
[ros2_control_node-1] [WARN] [1776901579.413644637] [controller_manager]: Overrun might occur, Total time : 2608.023 us (Expected < 1000.000 us) --> Read time : 48.667 us, Update time : 297.362 us, Write time : 2261.994 us
[ros2_control_node-1] [WARN] [1776901579.413736685] [controller_manager]: Overrun detected! The controller manager missed its desired rate of 1000 Hz. The loop took 2.729580 ms (missed cycles : 3).
[adl_ui-15] 127.0.0.1 - - [22/Apr/2026 19:46:20] "GET /status_json HTTP/1.1" 200 -
[vision_apriltag-9] [INFO] [1776901580.128990388] [vision_apriltag_node]: Service: Tag 0 found and base-frame pose returned.
[ros2_control_node-1] [WARN] [1776901580.415179555] [controller_manager]: Overrun might occur, Total time : 3154.903 us (Expected < 1000.000 us) --> Read time : 53.283 us, Update time : 252.661 us, Write time : 2848.959 us
[ros2_control_node-1] [WARN] [1776901580.415252217] [controller_manager]: Overrun detected! The controller manager missed its desired rate of 1000 Hz. The loop took 3.246302 ms (missed cycles : 4).
[vision_apriltag-9] [INFO] [1776901580.759815723] [vision_apriltag_node]: Vision AprilTag: images are arriving, but no AprilTag has been seen for 5.0s.
[adl_ui-15] 127.0.0.1 - - [22/Apr/2026 19:46:20] "GET /status_json HTTP/1.1" 200 -
[vision_apriltag-9] [INFO] [1776901581.130597196] [vision_apriltag_node]: Service: Tag 0 found and base-frame pose returned.
[ros2_control_node-1] [WARN] [1776901581.415722114] [controller_manager]: Overrun might occur, Total time : 2691.871 us (Expected < 1000.000 us) --> Read time : 42.480 us, Update time : 265.538 us, Write time : 2383.853 us
[ros2_control_node-1] [WARN] [1776901581.415778192] [controller_manager]: Overrun detected! The controller manager missed its desired rate of 1000 Hz. The loop took 2.772311 ms (missed cycles : 3).
[adl_ui-15] 127.0.0.1 - - [22/Apr/2026 19:46:21] "GET /status_json HTTP/1.1" 200 -
[vision_apriltag-9] [INFO] [1776901582.126053927] [vision_apriltag_node]: Service: Tag 0 found and base-frame pose returned.
[adl_ui-15] 127.0.0.1 - - [22/Apr/2026 19:46:22] "GET /status_json HTTP/1.1" 200 -
[ros2_control_node-1] [WARN] [1776901582.417833790] [controller_manager]: Overrun might occur, Total time : 2801.482 us (Expected < 1000.000 us) --> Read time : 44.314 us, Update time : 314.867 us, Write time : 2442.301 us
[ros2_control_node-1] [WARN] [1776901582.417921697] [controller_manager]: Overrun detected! The controller manager missed its desired rate of 1000 Hz. The loop took 2.914563 ms (missed cycles : 3).
[vision_apriltag-9] [INFO] [1776901582.581144817] [vision_apriltag_node]: Vision AprilTag detection debug: no tags found after raw/CLAHE/sharp/adaptive/upscaled/tiled passes.
[joint_state_sanitizer-3] [WARN] [1776901583.076346166] [joint_state_sanitizer_node]: [joint_state_sanitizer] Published sanitized joint state: joint_3:+3.142->+3.132
[adl_ui-15] 127.0.0.1 - - [22/Apr/2026 19:46:23] "GET /status_json HTTP/1.1" 200 -
[vision_apriltag-9] [INFO] [1776901583.125972583] [vision_apriltag_node]: Service: Tag 0 found and base-frame pose returned.
[ros2_control_node-1] [WARN] [1776901583.418162855] [controller_manager]: Overrun might occur, Total time : 3132.174 us (Expected < 1000.000 us) --> Read time : 61.115 us, Update time : 380.711 us, Write time : 2690.348 us
[ros2_control_node-1] [WARN] [1776901583.418233157] [controller_manager]: Overrun detected! The controller manager missed its desired rate of 1000 Hz. The loop took 3.226613 ms (missed cycles : 4).
[adl_ui-15] 127.0.0.1 - - [22/Apr/2026 19:46:23] "GET /status_json HTTP/1.1" 200 -
[wrist_camera_usb_publisher-8] [INFO] [1776901584.023741142] [wrist_camera_usb_publisher_node]: USB camera publisher heartbeat: publishing 1280x720 frames on /wrist_mounted_camera/image; camera_info fx=920.87, fy=921.57, cx=644.76, cy=343.15.
[vision_apriltag-9] [INFO] [1776901584.126927299] [vision_apriltag_node]: Service: Tag 0 found and base-frame pose returned.
[ros2_control_node-1] [WARN] [1776901584.419418741] [controller_manager]: Overrun might occur, Total time : 2395.556 us (Expected < 1000.000 us) --> Read time : 31.066 us, Update time : 249.928 us, Write time : 2114.562 us
[ros2_control_node-1] [WARN] [1776901584.419477565] [controller_manager]: Overrun detected! The controller manager missed its desired rate of 1000 Hz. The loop took 2.471194 ms (missed cycles : 3).
[adl_ui-15] 127.0.0.1 - - [22/Apr/2026 19:46:24] "GET /status_json HTTP/1.1" 200 -
[vision_apriltag-9] [INFO] [1776901584.756169032] [vision_apriltag_node]: Vision AprilTag: images are arriving, but no AprilTag has been seen for 2.9s.
[vision_apriltag-9] [INFO] [1776901585.125791592] [vision_apriltag_node]: Service: Tag 0 found and base-frame pose returned.
[adl_ui-15] 127.0.0.1 - - [22/Apr/2026 19:46:25] "GET /status_json HTTP/1.1" 200 -
[ros2_control_node-1] [WARN] [1776901585.419872493] [controller_manager]: Overrun might occur, Total time : 2825.780 us (Expected < 1000.000 us) --> Read time : 72.205 us, Update time : 400.560 us, Write time : 2353.015 us
[ros2_control_node-1] [WARN] [1776901585.419943689] [controller_manager]: Overrun detected! The controller manager missed its desired rate of 1000 Hz. The loop took 2.936918 ms (missed cycles : 3).
[adl_ui-15] 127.0.0.1 - - [22/Apr/2026 19:46:26] "GET /status_json HTTP/1.1" 200 -
[vision_apriltag-9] [INFO] [1776901586.126847021] [vision_apriltag_node]: Service: Tag 0 found and base-frame pose returned.
[ros2_control_node-1] [WARN] [1776901586.426077963] [controller_manager]: Overrun might occur, Total time : 6044.810 us (Expected < 1000.000 us) --> Read time : 38.156 us, Update time : 265.394 us, Write time : 5741.260 us
[ros2_control_node-1] [WARN] [1776901586.426182978] [controller_manager]: Overrun detected! The controller manager missed its desired rate of 1000 Hz. The loop took 6.175846 ms (missed cycles : 7).
[vision_apriltag-9] [INFO] [1776901586.758013263] [vision_apriltag_node]: Vision AprilTag: images are arriving, but no AprilTag has been seen for 4.9s.
[adl_ui-15] 127.0.0.1 - - [22/Apr/2026 19:46:26] "GET /status_json HTTP/1.1" 200 -
[vision_apriltag-9] [INFO] [1776901587.125885388] [vision_apriltag_node]: Service: Tag 0 found and base-frame pose returned.
[ros2_control_node-1] [WARN] [1776901587.427143144] [controller_manager]: Overrun might occur, Total time : 3113.505 us (Expected < 1000.000 us) --> Read time : 35.603 us, Update time : 219.014 us, Write time : 2858.888 us
[ros2_control_node-1] [WARN] [1776901587.427226144] [controller_manager]: Overrun detected! The controller manager missed its desired rate of 1000 Hz. The loop took 3.218992 ms (missed cycles : 4).
[adl_ui-15] 127.0.0.1 - - [22/Apr/2026 19:46:27] "GET /status_json HTTP/1.1" 200 -
[vision_apriltag-9] [INFO] [1776901587.977558957] [vision_apriltag_node]: Vision AprilTag detection debug: no tags found after raw/CLAHE/sharp/adaptive/upscaled/tiled passes.
[joint_state_sanitizer-3] [WARN] [1776901588.078665429] [joint_state_sanitizer_node]: [joint_state_sanitizer] Published sanitized joint state: joint_3:+3.142->+3.132
[vision_apriltag-9] [INFO] [1776901588.127302663] [vision_apriltag_node]: Service: Tag 0 found and base-frame pose returned.
[adl_ui-15] 127.0.0.1 - - [22/Apr/2026 19:46:28] "GET /status_json HTTP/1.1" 200 -
[ros2_control_node-1] [WARN] [1776901588.427239092] [controller_manager]: Overrun might occur, Total time : 3205.634 us (Expected < 1000.000 us) --> Read time : 50.463 us, Update time : 247.591 us, Write time : 2907.580 us
[ros2_control_node-1] [WARN] [1776901588.427305586] [controller_manager]: Overrun detected! The controller manager missed its desired rate of 1000 Hz. The loop took 3.298813 ms (missed cycles : 4).
[vision_apriltag-9] [INFO] [1776901588.760199180] [vision_apriltag_node]: Vision AprilTag: images are arriving, but no AprilTag has been seen for 6.9s.
[adl_ui-15] 127.0.0.1 - - [22/Apr/2026 19:46:29] "GET /status_json HTTP/1.1" 200 -
[vision_apriltag-9] [INFO] [1776901589.127152322] [vision_apriltag_node]: Service: Tag 0 found and base-frame pose returned.
[wrist_camera_usb_publisher-8] [INFO] [1776901589.184879098] [wrist_camera_usb_publisher_node]: USB camera publisher heartbeat: publishing 1280x720 frames on /wrist_mounted_camera/image; camera_info fx=920.87, fy=921.57, cx=644.76, cy=343.15.
[ros2_control_node-1] [WARN] [1776901589.428394236] [controller_manager]: Overrun might occur, Total time : 5360.359 us (Expected < 1000.000 us) --> Read time : 33.137 us, Update time : 250.619 us, Write time : 5076.603 us
[ros2_control_node-1] [WARN] [1776901589.428460748] [controller_manager]: Overrun detected! The controller manager missed its desired rate of 1000 Hz. The loop took 5.454111 ms (missed cycles : 6).
[adl_ui-15] 127.0.0.1 - - [22/Apr/2026 19:46:29] "GET /status_json HTTP/1.1" 200 -
[vision_apriltag-9] [INFO] [1776901590.126020852] [vision_apriltag_node]: Service: Tag 0 found and base-frame pose returned.
[ros2_control_node-1] [WARN] [1776901590.431613469] [controller_manager]: Overrun might occur, Total time : 2583.843 us (Expected < 1000.000 us) --> Read time : 45.309 us, Update time : 254.122 us, Write time : 2284.412 us
[ros2_control_node-1] [WARN] [1776901590.431714818] [controller_manager]: Overrun detected! The controller manager missed its desired rate of 1000 Hz. The loop took 2.706773 ms (missed cycles : 3).
[adl_ui-15] 127.0.0.1 - - [22/Apr/2026 19:46:30] "GET /status_json HTTP/1.1" 200 -
[vision_apriltag-9] [INFO] [1776901590.757063279] [vision_apriltag_node]: Vision AprilTag: images are arriving, but no AprilTag has been seen for 8.9s.
[vision_apriltag-9] [INFO] [1776901591.128609930] [vision_apriltag_node]: Service: Tag 0 found and base-frame pose returned.
[adl_ui-15] 127.0.0.1 - - [22/Apr/2026 19:46:31] "GET /status_json HTTP/1.1" 200 -
[ros2_control_node-1] [WARN] [1776901591.434825532] [controller_manager]: Overrun might occur, Total time : 2795.234 us (Expected < 1000.000 us) --> Read time : 44.063 us, Update time : 245.203 us, Write time : 2505.968 us
[ros2_control_node-1] [WARN] [1776901591.434896460] [controller_manager]: Overrun detected! The controller manager missed its desired rate of 1000 Hz. The loop took 2.889173 ms (missed cycles : 3).
[adl_ui-15] 127.0.0.1 - - [22/Apr/2026 19:46:32] "GET /status_json HTTP/1.1" 200 -
[vision_apriltag-9] [INFO] [1776901592.129481191] [vision_apriltag_node]: Service: Tag 0 found and base-frame pose returned.
[ros2_control_node-1] [WARN] [1776901592.438519650] [controller_manager]: Overrun might occur, Total time : 3486.994 us (Expected < 1000.000 us) --> Read time : 39.890 us, Update time : 253.138 us, Write time : 3193.966 us
[ros2_control_node-1] [WARN] [1776901592.438592989] [controller_manager]: Overrun detected! The controller manager missed its desired rate of 1000 Hz. The loop took 3.585939 ms (missed cycles : 4).
[adl_ui-15] 127.0.0.1 - - [22/Apr/2026 19:46:32] "GET /status_json HTTP/1.1" 200 -
[joint_state_sanitizer-3] [WARN] [1776901593.084268634] [joint_state_sanitizer_node]: [joint_state_sanitizer] Published sanitized joint state: joint_3:+3.142->+3.132
[vision_apriltag-9] [INFO] [1776901593.096750845] [vision_apriltag_node]: Vision AprilTag detection debug: no tags found after raw/CLAHE/sharp/adaptive/upscaled/tiled passes.
[vision_apriltag-9] [INFO] [1776901593.126055874] [vision_apriltag_node]: Service: Tag 0 found and base-frame pose returned.
[ros2_control_node-1] [WARN] [1776901593.440640865] [controller_manager]: Overrun might occur, Total time : 2615.324 us (Expected < 1000.000 us) --> Read time : 29.537 us, Update time : 204.310 us, Write time : 2381.477 us
[ros2_control_node-1] [WARN] [1776901593.440713585] [controller_manager]: Overrun detected! The controller manager missed its desired rate of 1000 Hz. The loop took 2.707090 ms (missed cycles : 3).
[adl_ui-15] 127.0.0.1 - - [22/Apr/2026 19:46:33] "GET /status_json HTTP/1.1" 200 -
[wrist_camera_usb_publisher-8] [INFO] [1776901594.349335788] [wrist_camera_usb_publisher_node]: USB camera publisher heartbeat: publishing 1280x720 frames on /wrist_mounted_camera/image; camera_info fx=920.87, fy=921.57, cx=644.76, cy=343.15.
[adl_ui-15] 127.0.0.1 - - [22/Apr/2026 19:46:34] "GET /status_json HTTP/1.1" 200 -
[vision_apriltag-9] [INFO] [1776901594.366542316] [vision_apriltag_node]: Service: Tag 0 found and base-frame pose returned.
[ros2_control_node-1] [WARN] [1776901594.442073453] [controller_manager]: Overrun might occur, Total time : 4041.789 us (Expected < 1000.000 us) --> Read time : 39.950 us, Update time : 226.304 us, Write time : 3775.535 us
[ros2_control_node-1] [WARN] [1776901594.442148738] [controller_manager]: Overrun detected! The controller manager missed its desired rate of 1000 Hz. The loop took 4.141957 ms (missed cycles : 5).
[vision_apriltag-9] [INFO] [1776901594.757736416] [vision_apriltag_node]: Vision AprilTag: images are arriving, but no AprilTag has been seen for 2.6s.
[adl_ui-15] 127.0.0.1 - - [22/Apr/2026 19:46:35] "GET /status_json HTTP/1.1" 200 -
[vision_apriltag-9] [INFO] [1776901595.128146355] [vision_apriltag_node]: Service: Tag 0 found and base-frame pose returned.
[ros2_control_node-1] [WARN] [1776901595.442912102] [controller_manager]: Overrun might occur, Total time : 2871.316 us (Expected < 1000.000 us) --> Read time : 55.379 us, Update time : 293.078 us, Write time : 2522.859 us
[ros2_control_node-1] [WARN] [1776901595.442980827] [controller_manager]: Overrun detected! The controller manager missed its desired rate of 1000 Hz. The loop took 2.973859 ms (missed cycles : 3).
[adl_ui-15] 127.0.0.1 - - [22/Apr/2026 19:46:35] "GET /status_json HTTP/1.1" 200 -
[vision_apriltag-9] [INFO] [1776901596.127873835] [vision_apriltag_node]: Service: Tag 0 found and base-frame pose returned.
[ros2_control_node-1] [WARN] [1776901596.446011866] [controller_manager]: Overrun might occur, Total time : 2936.406 us (Expected < 1000.000 us) --> Read time : 91.499 us, Update time : 398.482 us, Write time : 2446.425 us
[ros2_control_node-1] [WARN] [1776901596.446091805] [controller_manager]: Overrun detected! The controller manager missed its desired rate of 1000 Hz. The loop took 3.084891 ms (missed cycles : 4).
[adl_ui-15] 127.0.0.1 - - [22/Apr/2026 19:46:36] "GET /status_json HTTP/1.1" 200 -
[vision_apriltag-9] [INFO] [1776901596.756532733] [vision_apriltag_node]: Vision AprilTag: images are arriving, but no AprilTag has been seen for 4.6s.
[vision_apriltag-9] [INFO] [1776901597.126095173] [vision_apriltag_node]: Service: Tag 0 found and base-frame pose returned.
[adl_ui-15] 127.0.0.1 - - [22/Apr/2026 19:46:37] "GET /status_json HTTP/1.1" 200 -
[ros2_control_node-1] [WARN] [1776901597.446524504] [controller_manager]: Overrun might occur, Total time : 2495.568 us (Expected < 1000.000 us) --> Read time : 40.010 us, Update time : 228.006 us, Write time : 2227.552 us
[ros2_control_node-1] [WARN] [1776901597.446604234] [controller_manager]: Overrun detected! The controller manager missed its desired rate of 1000 Hz. The loop took 2.597098 ms (missed cycles : 3).
[joint_state_sanitizer-3] [WARN] [1776901598.083453430] [joint_state_sanitizer_node]: [joint_state_sanitizer] Published sanitized joint state: joint_3:+3.142->+3.132
[adl_ui-15] 127.0.0.1 - - [22/Apr/2026 19:46:38] "GET /status_json HTTP/1.1" 200 -
[vision_apriltag-9] [INFO] [1776901598.126034960] [vision_apriltag_node]: Service: Tag 0 found and base-frame pose returned.
[vision_apriltag-9] [INFO] [1776901598.446025404] [vision_apriltag_node]: Vision AprilTag detection debug: no tags found after raw/CLAHE/sharp/adaptive/upscaled/tiled passes.
[ros2_control_node-1] [WARN] [1776901598.447482461] [controller_manager]: Overrun might occur, Total time : 2435.176 us (Expected < 1000.000 us) --> Read time : 66.746 us, Update time : 249.107 us, Write time : 2119.323 us
[ros2_control_node-1] [WARN] [1776901598.447549367] [controller_manager]: Overrun detected! The controller manager missed its desired rate of 1000 Hz. The loop took 2.543032 ms (missed cycles : 3).
[vision_apriltag-9] [INFO] [1776901598.758451020] [vision_apriltag_node]: Vision AprilTag: images are arriving, but no AprilTag has been seen for 6.6s.
[adl_ui-15] 127.0.0.1 - - [22/Apr/2026 19:46:38] "GET /status_json HTTP/1.1" 200 -
[vision_apriltag-9] [INFO] [1776901599.126146877] [vision_apriltag_node]: Service: Tag 0 found and base-frame pose returned.
[ros2_control_node-1] [WARN] [1776901599.450722756] [controller_manager]: Overrun might occur, Total time : 2690.781 us (Expected < 1000.000 us) --> Read time : 40.431 us, Update time : 254.212 us, Write time : 2396.138 us
[ros2_control_node-1] [WARN] [1776901599.450791652] [controller_manager]: Overrun detected! The controller manager missed its desired rate of 1000 Hz. The loop took 2.785299 ms (missed cycles : 3).
[wrist_camera_usb_publisher-8] [INFO] [1776901599.507486574] [wrist_camera_usb_publisher_node]: USB camera publisher heartbeat: publishing 1280x720 frames on /wrist_mounted_camera/image; camera_info fx=920.87, fy=921.57, cx=644.76, cy=343.15.
[adl_ui-15] 127.0.0.1 - - [22/Apr/2026 19:46:39] "GET /status_json HTTP/1.1" 200 -
[vision_apriltag-9] [INFO] [1776901600.126845184] [vision_apriltag_node]: Service: Tag 0 found and base-frame pose returned.
[adl_ui-15] 127.0.0.1 - - [22/Apr/2026 19:46:40] "GET /status_json HTTP/1.1" 200 -
[ros2_control_node-1] [WARN] [1776901600.451879256] [controller_manager]: Overrun might occur, Total time : 2831.015 us (Expected < 1000.000 us) --> Read time : 44.568 us, Update time : 246.878 us, Write time : 2539.569 us
[ros2_control_node-1] [WARN] [1776901600.451951876] [controller_manager]: Overrun detected! The controller manager missed its desired rate of 1000 Hz. The loop took 2.945107 ms (missed cycles : 3).
[adl_ui-15] 127.0.0.1 - - [22/Apr/2026 19:46:41] "GET /status_json HTTP/1.1" 200 -
[vision_apriltag-9] [INFO] [1776901601.187634268] [vision_apriltag_node]: Service: Tag 0 found and base-frame pose returned.
[ros2_control_node-1] [WARN] [1776901601.453674505] [controller_manager]: Overrun might occur, Total time : 2646.049 us (Expected < 1000.000 us) --> Read time : 33.506 us, Update time : 238.287 us, Write time : 2374.256 us
[ros2_control_node-1] [WARN] [1776901601.453745454] [controller_manager]: Overrun detected! The controller manager missed its desired rate of 1000 Hz. The loop took 2.738444 ms (missed cycles : 3).
[adl_ui-15] 127.0.0.1 - - [22/Apr/2026 19:46:41] "GET /status_json HTTP/1.1" 200 -
[vision_apriltag-9] [INFO] [1776901602.127161389] [vision_apriltag_node]: Service: Tag 0 found and base-frame pose returned.
[ros2_control_node-1] [WARN] [1776901602.453754031] [controller_manager]: Overrun might occur, Total time : 4722.085 us (Expected < 1000.000 us) --> Read time : 40.358 us, Update time : 236.677 us, Write time : 4445.050 us
[ros2_control_node-1] [WARN] [1776901602.453828191] [controller_manager]: Overrun detected! The controller manager missed its desired rate of 1000 Hz. The loop took 4.821724 ms (missed cycles : 5).
[adl_ui-15] 127.0.0.1 - - [22/Apr/2026 19:46:42] "GET /status_json HTTP/1.1" 200 -
[vision_apriltag-9] [INFO] [1776901602.760916792] [vision_apriltag_node]: Vision AprilTag: images are arriving, but no AprilTag has been seen for 2.1s.
[joint_state_sanitizer-3] [WARN] [1776901603.086358136] [joint_state_sanitizer_node]: [joint_state_sanitizer] Published sanitized joint state: joint_3:+3.142->+3.132
[adl_ui-15] 127.0.0.1 - - [22/Apr/2026 19:46:43] "GET /status_json HTTP/1.1" 200 -
[vision_apriltag-9] [INFO] [1776901603.376061464] [vision_apriltag_node]: Service: Tag 0 found and base-frame pose returned.
[ros2_control_node-1] [WARN] [1776901603.453832061] [controller_manager]: Overrun might occur, Total time : 2794.476 us (Expected < 1000.000 us) --> Read time : 43.614 us, Update time : 237.542 us, Write time : 2513.320 us
[ros2_control_node-1] [WARN] [1776901603.453925694] [controller_manager]: Overrun detected! The controller manager missed its desired rate of 1000 Hz. The loop took 2.918237 ms (missed cycles : 3).
[vision_apriltag-9] [INFO] [1776901603.745533472] [vision_apriltag_node]: Vision AprilTag detection debug: no tags found after raw/CLAHE/sharp/adaptive/upscaled/tiled passes.
[adl_ui-15] 127.0.0.1 - - [22/Apr/2026 19:46:44] "GET /status_json HTTP/1.1" 200 -
[vision_apriltag-9] [INFO] [1776901604.130808917] [vision_apriltag_node]: Service: Tag 0 found and base-frame pose returned.
[ros2_control_node-1] [WARN] [1776901604.455622338] [controller_manager]: Overrun might occur, Total time : 2599.661 us (Expected < 1000.000 us) --> Read time : 47.520 us, Update time : 198.321 us, Write time : 2353.820 us
[ros2_control_node-1] [WARN] [1776901604.455689890] [controller_manager]: Overrun detected! The controller manager missed its desired rate of 1000 Hz. The loop took 2.683341 ms (missed cycles : 3).
[wrist_camera_usb_publisher-8] [INFO] [1776901604.670382790] [wrist_camera_usb_publisher_node]: USB camera publisher heartbeat: publishing 1280x720 frames on /wrist_mounted_camera/image; camera_info fx=920.87, fy=921.57, cx=644.76, cy=343.15.
[vision_apriltag-9] [INFO] [1776901604.756730029] [vision_apriltag_node]: Vision AprilTag: images are arriving, but no AprilTag has been seen for 4.1s.
[adl_ui-15] 127.0.0.1 - - [22/Apr/2026 19:46:44] "GET /status_json HTTP/1.1" 200 -
[vision_apriltag-9] [INFO] [1776901605.126742237] [vision_apriltag_node]: Service: Tag 0 found and base-frame pose returned.
[ros2_control_node-1] [WARN] [1776901605.458858989] [controller_manager]: Overrun might occur, Total time : 4822.961 us (Expected < 1000.000 us) --> Read time : 42.496 us, Update time : 258.526 us, Write time : 4521.939 us
[ros2_control_node-1] [WARN] [1776901605.458934329] [controller_manager]: Overrun detected! The controller manager missed its desired rate of 1000 Hz. The loop took 4.927343 ms (missed cycles : 5).
[adl_ui-15] 127.0.0.1 - - [22/Apr/2026 19:46:45] "GET /status_json HTTP/1.1" 200 -
[adl_ui-15] 127.0.0.1 - - [22/Apr/2026 19:46:46] "GET /status_json HTTP/1.1" 200 -
[ros2_control_node-1] [WARN] [1776901606.463789547] [controller_manager]: Overrun might occur, Total time : 4712.630 us (Expected < 1000.000 us) --> Read time : 95.613 us, Update time : 519.122 us, Write time : 4097.895 us
[ros2_control_node-1] [WARN] [1776901606.463910506] [controller_manager]: Overrun detected! The controller manager missed its desired rate of 1000 Hz. The loop took 4.903110 ms (missed cycles : 5).
[vision_apriltag-9] [INFO] [1776901606.672312669] [vision_apriltag_node]: Service: Tag 0 found and base-frame pose returned.
[vision_apriltag-9] [INFO] [1776901606.757419749] [vision_apriltag_node]: Vision AprilTag: images are arriving, but no AprilTag has been seen for 6.1s.
[adl_ui-15] 127.0.0.1 - - [22/Apr/2026 19:46:47] "GET /status_json HTTP/1.1" 200 -
[vision_apriltag-9] [INFO] [1776901607.217755792] [vision_apriltag_node]: Service: Tag 0 found and base-frame pose returned.
[ros2_control_node-1] [WARN] [1776901607.471386407] [controller_manager]: Overrun might occur, Total time : 27351.248 us (Expected < 1000.000 us) --> Read time : 50.566 us, Update time : 259.036 us, Write time : 27041.646 us
[ros2_control_node-1] [WARN] [1776901607.471450898] [controller_manager]: Overrun detected! The controller manager missed its desired rate of 1000 Hz. The loop took 27.444521 ms (missed cycles : 28).
[adl_ui-15] 127.0.0.1 - - [22/Apr/2026 19:46:47] "GET /status_json HTTP/1.1" 200 -
[joint_state_sanitizer-3] [WARN] [1776901608.084760313] [joint_state_sanitizer_node]: [joint_state_sanitizer] Published sanitized joint state: joint_3:+3.142->+3.132
[vision_apriltag-9] [INFO] [1776901608.127476830] [vision_apriltag_node]: Service: Tag 0 found and base-frame pose returned.
[ros2_control_node-1] [WARN] [1776901608.472210984] [controller_manager]: Overrun might occur, Total time : 3164.121 us (Expected < 1000.000 us) --> Read time : 34.743 us, Update time : 227.245 us, Write time : 2902.133 us
[ros2_control_node-1] [WARN] [1776901608.472374124] [controller_manager]: Overrun detected! The controller manager missed its desired rate of 1000 Hz. The loop took 3.366148 ms (missed cycles : 4).
[adl_ui-15] 127.0.0.1 - - [22/Apr/2026 19:46:48] "GET /status_json HTTP/1.1" 200 -
[vision_apriltag-9] [INFO] [1776901608.815526869] [vision_apriltag_node]: Vision AprilTag detection debug: no tags found after raw/CLAHE/sharp/adaptive/upscaled/tiled passes.
[vision_apriltag-9] [INFO] [1776901609.262297412] [vision_apriltag_node]: Service: Tag 0 found and base-frame pose returned.
[adl_ui-15] 127.0.0.1 - - [22/Apr/2026 19:46:49] "GET /status_json HTTP/1.1" 200 -
[ros2_control_node-1] [WARN] [1776901609.472825742] [controller_manager]: Overrun might occur, Total time : 2767.235 us (Expected < 1000.000 us) --> Read time : 56.367 us, Update time : 272.555 us, Write time : 2438.313 us
[ros2_control_node-1] [WARN] [1776901609.472900526] [controller_manager]: Overrun detected! The controller manager missed its desired rate of 1000 Hz. The loop took 2.893567 ms (missed cycles : 3).
[wrist_camera_usb_publisher-8] [INFO] [1776901609.827733654] [wrist_camera_usb_publisher_node]: USB camera publisher heartbeat: publishing 1280x720 frames on /wrist_mounted_camera/image; camera_info fx=920.87, fy=921.57, cx=644.76, cy=343.15.
[adl_ui-15] 127.0.0.1 - - [22/Apr/2026 19:46:50] "GET /status_json HTTP/1.1" 200 -
[vision_apriltag-9] [INFO] [1776901610.135546964] [vision_apriltag_node]: Service: Tag 0 found and base-frame pose returned.
[ros2_control_node-1] [WARN] [1776901610.473689500] [controller_manager]: Overrun might occur, Total time : 3654.756 us (Expected < 1000.000 us) --> Read time : 44.703 us, Update time : 303.501 us, Write time : 3306.552 us
[ros2_control_node-1] [WARN] [1776901610.473768846] [controller_manager]: Overrun detected! The controller manager missed its desired rate of 1000 Hz. The loop took 3.761844 ms (missed cycles : 4).
[vision_apriltag-9] [INFO] [1776901610.827740836] [vision_apriltag_node]: Vision AprilTag: images are arriving, but no AprilTag has been seen for 2.2s.
[adl_ui-15] 127.0.0.1 - - [22/Apr/2026 19:46:50] "GET /status_json HTTP/1.1" 200 -
[vision_apriltag-9] [INFO] [1776901611.127864551] [vision_apriltag_node]: Service: Tag 0 found and base-frame pose returned.
[ros2_control_node-1] [WARN] [1776901611.477115956] [controller_manager]: Overrun might occur, Total time : 3074.638 us (Expected < 1000.000 us) --> Read time : 74.409 us, Update time : 312.829 us, Write time : 2687.400 us
[ros2_control_node-1] [WARN] [1776901611.477179652] [controller_manager]: Overrun detected! The controller manager missed its desired rate of 1000 Hz. The loop took 3.173422 ms (missed cycles : 4).
[adl_ui-15] 127.0.0.1 - - [22/Apr/2026 19:46:51] "GET /status_json HTTP/1.1" 200 -
[vision_apriltag-9] [INFO] [1776901612.128400201] [vision_apriltag_node]: Service: Tag 0 found and base-frame pose returned.
[adl_ui-15] 127.0.0.1 - - [22/Apr/2026 19:46:52] "GET /status_json HTTP/1.1" 200 -
[ros2_control_node-1] [WARN] [1776901612.478577387] [controller_manager]: Overrun might occur, Total time : 2554.511 us (Expected < 1000.000 us) --> Read time : 30.763 us, Update time : 227.908 us, Write time : 2295.840 us
[ros2_control_node-1] [WARN] [1776901612.478642025] [controller_manager]: Overrun detected! The controller manager missed its desired rate of 1000 Hz. The loop took 2.636078 ms (missed cycles : 3).
[vision_apriltag-9] [INFO] [1776901612.758049491] [vision_apriltag_node]: Vision AprilTag: images are arriving, but no AprilTag has been seen for 4.2s.
[joint_state_sanitizer-3] [WARN] [1776901613.086375922] [joint_state_sanitizer_node]: [joint_state_sanitizer] Published sanitized joint state: joint_3:+3.142->+3.132
[adl_ui-15] 127.0.0.1 - - [22/Apr/2026 19:46:53] "GET /status_json HTTP/1.1" 200 -
[vision_apriltag-9] [INFO] [1776901613.130709454] [vision_apriltag_node]: Service: Tag 0 found and base-frame pose returned.
[ros2_control_node-1] [WARN] [1776901613.478868762] [controller_manager]: Overrun might occur, Total time : 2826.892 us (Expected < 1000.000 us) --> Read time : 36.841 us, Update time : 227.968 us, Write time : 2562.083 us
[ros2_control_node-1] [WARN] [1776901613.478923951] [controller_manager]: Overrun detected! The controller manager missed its desired rate of 1000 Hz. The loop took 2.917983 ms (missed cycles : 3).
[adl_ui-15] 127.0.0.1 - - [22/Apr/2026 19:46:53] "GET /status_json HTTP/1.1" 200 -
[vision_apriltag-9] [INFO] [1776901614.128463942] [vision_apriltag_node]: Service: Tag 0 found and base-frame pose returned.
[vision_apriltag-9] [INFO] [1776901614.387114097] [vision_apriltag_node]: Vision AprilTag detection debug: no tags found after raw/CLAHE/sharp/adaptive/upscaled/tiled passes.
[ros2_control_node-1] [WARN] [1776901614.480441957] [controller_manager]: Overrun might occur, Total time : 2419.332 us (Expected < 1000.000 us) --> Read time : 27.621 us, Update time : 191.242 us, Write time : 2200.469 us
[ros2_control_node-1] [WARN] [1776901614.480508323] [controller_manager]: Overrun detected! The controller manager missed its desired rate of 1000 Hz. The loop took 2.502142 ms (missed cycles : 3).
[adl_ui-15] 127.0.0.1 - - [22/Apr/2026 19:46:54] "GET /status_json HTTP/1.1" 200 -
[wrist_camera_usb_publisher-8] [INFO] [1776901614.989986587] [wrist_camera_usb_publisher_node]: USB camera publisher heartbeat: publishing 1280x720 frames on /wrist_mounted_camera/image; camera_info fx=920.87, fy=921.57, cx=644.76, cy=343.15.
[vision_apriltag-9] [INFO] [1776901615.142740694] [vision_apriltag_node]: Service: Tag 0 found and base-frame pose returned.
[adl_ui-15] 127.0.0.1 - - [22/Apr/2026 19:46:55] "GET /status_json HTTP/1.1" 200 -
[ros2_control_node-1] [WARN] [1776901615.480956329] [controller_manager]: Overrun might occur, Total time : 2923.264 us (Expected < 1000.000 us) --> Read time : 38.204 us, Update time : 236.434 us, Write time : 2648.626 us
[ros2_control_node-1] [WARN] [1776901615.481042716] [controller_manager]: Overrun detected! The controller manager missed its desired rate of 1000 Hz. The loop took 3.036129 ms (missed cycles : 4).
[vision_apriltag-9] [INFO] [1776901616.126579966] [vision_apriltag_node]: Service: Tag 0 found and base-frame pose returned.
[adl_ui-15] 127.0.0.1 - - [22/Apr/2026 19:46:56] "GET /status_json HTTP/1.1" 200 -
[ros2_control_node-1] [WARN] [1776901616.482848804] [controller_manager]: Overrun might occur, Total time : 2820.857 us (Expected < 1000.000 us) --> Read time : 49.239 us, Update time : 192.961 us, Write time : 2578.657 us
[ros2_control_node-1] [WARN] [1776901616.482951548] [controller_manager]: Overrun detected! The controller manager missed its desired rate of 1000 Hz. The loop took 2.944517 ms (missed cycles : 3).
[adl_ui-15] 127.0.0.1 - - [22/Apr/2026 19:46:56] "GET /status_json HTTP/1.1" 200 -
[vision_apriltag-9] [INFO] [1776901617.125740398] [vision_apriltag_node]: Service: Tag 0 found and base-frame pose returned.
[ros2_control_node-1] [WARN] [1776901617.484401067] [controller_manager]: Overrun might occur, Total time : 3368.410 us (Expected < 1000.000 us) --> Read time : 40.021 us, Update time : 248.011 us, Write time : 3080.378 us
[ros2_control_node-1] [WARN] [1776901617.484473672] [controller_manager]: Overrun detected! The controller manager missed its desired rate of 1000 Hz. The loop took 3.467072 ms (missed cycles : 4).
[adl_ui-15] 127.0.0.1 - - [22/Apr/2026 19:46:57] "GET /status_json HTTP/1.1" 200 -
[joint_state_sanitizer-3] [WARN] [1776901618.088456247] [joint_state_sanitizer_node]: [joint_state_sanitizer] Published sanitized joint state: joint_3:+3.142->+3.132
[vision_apriltag-9] [INFO] [1776901618.128701620] [vision_apriltag_node]: Service: Tag 0 found and base-frame pose returned.
[adl_ui-15] 127.0.0.1 - - [22/Apr/2026 19:46:58] "GET /status_json HTTP/1.1" 200 -
[ros2_control_node-1] [WARN] [1776901618.486606953] [controller_manager]: Overrun might occur, Total time : 3554.834 us (Expected < 1000.000 us) --> Read time : 75.332 us, Update time : 353.225 us, Write time : 3126.277 us
[ros2_control_node-1] [WARN] [1776901618.486729622] [controller_manager]: Overrun detected! The controller manager missed its desired rate of 1000 Hz. The loop took 3.718773 ms (missed cycles : 4).
[vision_apriltag-9] [INFO] [1776901619.046790983] [vision_apriltag_node]: Vision AprilTag: images are arriving, but no AprilTag has been seen for 3.7s.
[vision_apriltag-9] [INFO] [1776901619.126030101] [vision_apriltag_node]: Service: Tag 0 found and base-frame pose returned.
[adl_ui-15] 127.0.0.1 - - [22/Apr/2026 19:46:59] "GET /status_json HTTP/1.1" 200 -
[vision_apriltag-9] [INFO] [1776901619.399061271] [vision_apriltag_node]: Vision AprilTag detection debug: no tags found after raw/CLAHE/sharp/adaptive/upscaled/tiled passes.
[ros2_control_node-1] [WARN] [1776901619.490794073] [controller_manager]: Overrun might occur, Total time : 3756.659 us (Expected < 1000.000 us) --> Read time : 62.864 us, Update time : 402.951 us, Write time : 3290.844 us
[ros2_control_node-1] [WARN] [1776901619.490911563] [controller_manager]: Overrun detected! The controller manager missed its desired rate of 1000 Hz. The loop took 3.903862 ms (missed cycles : 4).
[adl_ui-15] 127.0.0.1 - - [22/Apr/2026 19:46:59] "GET /status_json HTTP/1.1" 200 -
[vision_apriltag-9] [INFO] [1776901620.127637589] [vision_apriltag_node]: Service: Tag 0 found and base-frame pose returned.
[wrist_camera_usb_publisher-8] [INFO] [1776901620.153861952] [wrist_camera_usb_publisher_node]: USB camera publisher heartbeat: publishing 1280x720 frames on /wrist_mounted_camera/image; camera_info fx=920.87, fy=921.57, cx=644.76, cy=343.15.
[ros2_control_node-1] [WARN] [1776901620.491800112] [controller_manager]: Overrun might occur, Total time : 2775.653 us (Expected < 1000.000 us) --> Read time : 29.748 us, Update time : 207.447 us, Write time : 2538.458 us
[ros2_control_node-1] [WARN] [1776901620.491868286] [controller_manager]: Overrun detected! The controller manager missed its desired rate of 1000 Hz. The loop took 2.861838 ms (missed cycles : 3).
[adl_ui-15] 127.0.0.1 - - [22/Apr/2026 19:47:00] "GET /status_json HTTP/1.1" 200 -
[vision_apriltag-9] [INFO] [1776901621.127770196] [vision_apriltag_node]: Service: Tag 0 found and base-frame pose returned.
[adl_ui-15] 127.0.0.1 - - [22/Apr/2026 19:47:01] "GET /status_json HTTP/1.1" 200 -
[ros2_control_node-1] [WARN] [1776901621.494812345] [controller_manager]: Overrun might occur, Total time : 2783.897 us (Expected < 1000.000 us) --> Read time : 36.123 us, Update time : 218.410 us, Write time : 2529.364 us
[ros2_control_node-1] [WARN] [1776901621.494886840] [controller_manager]: Overrun detected! The controller manager missed its desired rate of 1000 Hz. The loop took 2.880309 ms (missed cycles : 3).
[adl_ui-15] 127.0.0.1 - - [22/Apr/2026 19:47:02] "GET /status_json HTTP/1.1" 200 -
[ros2_control_node-1] [WARN] [1776901622.495936941] [controller_manager]: Overrun might occur, Total time : 2902.904 us (Expected < 1000.000 us) --> Read time : 41.306 us, Update time : 257.412 us, Write time : 2604.186 us
[ros2_control_node-1] [WARN] [1776901622.496024555] [controller_manager]: Overrun detected! The controller manager missed its desired rate of 1000 Hz. The loop took 3.017872 ms (missed cycles : 4).
[vision_apriltag-9] [INFO] [1776901622.780065355] [vision_apriltag_node]: Service: Tag 0 found and base-frame pose returned.
[adl_ui-15] 127.0.0.1 - - [22/Apr/2026 19:47:02] "GET /status_json HTTP/1.1" 200 -
[joint_state_sanitizer-3] [WARN] [1776901623.092852371] [joint_state_sanitizer_node]: [joint_state_sanitizer] Published sanitized joint state: joint_3:+3.142->+3.132
[vision_apriltag-9] [INFO] [1776901623.120861237] [vision_apriltag_node]: Vision AprilTag: images are arriving, but no AprilTag has been seen for 3.1s.
[ros2_control_node-1] [WARN] [1776901623.498993173] [controller_manager]: Overrun might occur, Total time : 2957.704 us (Expected < 1000.000 us) --> Read time : 41.950 us, Update time : 234.345 us, Write time : 2681.409 us
[ros2_control_node-1] [WARN] [1776901623.499084567] [controller_manager]: Overrun detected! The controller manager missed its desired rate of 1000 Hz. The loop took 3.077657 ms (missed cycles : 4).
[vision_apriltag-9] [INFO] [1776901623.527735057] [vision_apriltag_node]: Service: Tag 0 found and base-frame pose returned.
[adl_ui-15] 127.0.0.1 - - [22/Apr/2026 19:47:03] "GET /status_json HTTP/1.1" 200 -
[vision_apriltag-9] [INFO] [1776901624.160662359] [vision_apriltag_node]: Service: Tag 0 found and base-frame pose returned.
[adl_ui-15] 127.0.0.1 - - [22/Apr/2026 19:47:04] "GET /status_json HTTP/1.1" 200 -
[vision_apriltag-9] [INFO] [1776901624.487746685] [vision_apriltag_node]: Vision AprilTag detection debug: no tags found after raw/CLAHE/sharp/adaptive/upscaled/tiled passes.
[ros2_control_node-1] [WARN] [1776901624.499838465] [controller_manager]: Overrun might occur, Total time : 3806.550 us (Expected < 1000.000 us) --> Read time : 38.328 us, Update time : 305.558 us, Write time : 3462.664 us
[ros2_control_node-1] [WARN] [1776901624.499932015] [controller_manager]: Overrun detected! The controller manager missed its desired rate of 1000 Hz. The loop took 3.925071 ms (missed cycles : 4).
[vision_apriltag-9] [INFO] [1776901625.126659136] [vision_apriltag_node]: Service: Tag 0 found and base-frame pose returned.
[adl_ui-15] 127.0.0.1 - - [22/Apr/2026 19:47:05] "GET /status_json HTTP/1.1" 200 -
[wrist_camera_usb_publisher-8] [INFO] [1776901625.318717858] [wrist_camera_usb_publisher_node]: USB camera publisher heartbeat: publishing 1280x720 frames on /wrist_mounted_camera/image; camera_info fx=920.87, fy=921.57, cx=644.76, cy=343.15.
[ros2_control_node-1] [WARN] [1776901625.502395351] [controller_manager]: Overrun might occur, Total time : 3336.727 us (Expected < 1000.000 us) --> Read time : 104.302 us, Update time : 365.081 us, Write time : 2867.344 us
[ros2_control_node-1] [WARN] [1776901625.502465138] [controller_manager]: Overrun detected! The controller manager missed its desired rate of 1000 Hz. The loop took 3.458610 ms (missed cycles : 4).
[adl_ui-15] 127.0.0.1 - - [22/Apr/2026 19:47:05] "GET /status_json HTTP/1.1" 200 -
[vision_apriltag-9] [INFO] [1776901626.127521695] [vision_apriltag_node]: Service: Tag 0 found and base-frame pose returned.
[ros2_control_node-1] [WARN] [1776901626.506389236] [controller_manager]: Overrun might occur, Total time : 6357.113 us (Expected < 1000.000 us) --> Read time : 35.089 us, Update time : 232.352 us, Write time : 6089.672 us
[ros2_control_node-1] [WARN] [1776901626.506467875] [controller_manager]: Overrun detected! The controller manager missed its desired rate of 1000 Hz. The loop took 6.461144 ms (missed cycles : 7).
[adl_ui-15] 127.0.0.1 - - [22/Apr/2026 19:47:06] "GET /status_json HTTP/1.1" 200 -
[vision_apriltag-9] [INFO] [1776901627.128786438] [vision_apriltag_node]: Service: Tag 0 found and base-frame pose returned.
[adl_ui-15] 127.0.0.1 - - [22/Apr/2026 19:47:07] "GET /status_json HTTP/1.1" 200 -
[ros2_control_node-1] [WARN] [1776901627.507764878] [controller_manager]: Overrun might occur, Total time : 2730.990 us (Expected < 1000.000 us) --> Read time : 47.566 us, Update time : 276.658 us, Write time : 2406.766 us
[ros2_control_node-1] [WARN] [1776901627.507853831] [controller_manager]: Overrun detected! The controller manager missed its desired rate of 1000 Hz. The loop took 2.846967 ms (missed cycles : 3).
[joint_state_sanitizer-3] [WARN] [1776901628.095245596] [joint_state_sanitizer_node]: [joint_state_sanitizer] Published sanitized joint state: joint_3:+3.142->+3.132
[vision_apriltag-9] [INFO] [1776901628.126653259] [vision_apriltag_node]: Service: Tag 0 found and base-frame pose returned.
[adl_ui-15] 127.0.0.1 - - [22/Apr/2026 19:47:08] "GET /status_json HTTP/1.1" 200 -
[ros2_control_node-1] [WARN] [1776901628.507844878] [controller_manager]: Overrun might occur, Total time : 2808.187 us (Expected < 1000.000 us) --> Read time : 37.739 us, Update time : 217.964 us, Write time : 2552.484 us
[ros2_control_node-1] [WARN] [1776901628.507940306] [controller_manager]: Overrun detected! The controller manager missed its desired rate of 1000 Hz. The loop took 2.933065 ms (missed cycles : 3).
[adl_ui-15] 127.0.0.1 - - [22/Apr/2026 19:47:08] "GET /status_json HTTP/1.1" 200 -
[vision_apriltag-9] [INFO] [1776901629.126900808] [vision_apriltag_node]: Service: Tag 0 found and base-frame pose returned.
[ros2_control_node-1] [WARN] [1776901629.509686295] [controller_manager]: Overrun might occur, Total time : 2639.973 us (Expected < 1000.000 us) --> Read time : 38.832 us, Update time : 232.722 us, Write time : 2368.419 us
[ros2_control_node-1] [WARN] [1776901629.509798034] [controller_manager]: Overrun detected! The controller manager missed its desired rate of 1000 Hz. The loop took 2.791060 ms (missed cycles : 3).
[vision_apriltag-9] [INFO] [1776901629.533587938] [vision_apriltag_node]: Vision AprilTag detection debug: no tags found after raw/CLAHE/sharp/adaptive/upscaled/tiled passes.
[adl_ui-15] 127.0.0.1 - - [22/Apr/2026 19:47:09] "GET /status_json HTTP/1.1" 200 -
[vision_apriltag-9] [INFO] [1776901630.145358478] [vision_apriltag_node]: Service: Tag 0 found and base-frame pose returned.
[adl_ui-15] 127.0.0.1 - - [22/Apr/2026 19:47:10] "GET /status_json HTTP/1.1" 200 -
[wrist_camera_usb_publisher-8] [INFO] [1776901630.474907094] [wrist_camera_usb_publisher_node]: USB camera publisher heartbeat: publishing 1280x720 frames on /wrist_mounted_camera/image; camera_info fx=920.87, fy=921.57, cx=644.76, cy=343.15.
[ros2_control_node-1] [WARN] [1776901630.511947302] [controller_manager]: Overrun might occur, Total time : 2916.607 us (Expected < 1000.000 us) --> Read time : 43.525 us, Update time : 280.518 us, Write time : 2592.564 us
[ros2_control_node-1] [WARN] [1776901630.512014803] [controller_manager]: Overrun detected! The controller manager missed its desired rate of 1000 Hz. The loop took 3.008456 ms (missed cycles : 4).
[vision_apriltag-9] [INFO] [1776901631.127490738] [vision_apriltag_node]: Service: Tag 0 found and base-frame pose returned.
[adl_ui-15] 127.0.0.1 - - [22/Apr/2026 19:47:11] "GET /status_json HTTP/1.1" 200 -
[ros2_control_node-1] [WARN] [1776901631.513975498] [controller_manager]: Overrun might occur, Total time : 2941.202 us (Expected < 1000.000 us) --> Read time : 42.184 us, Update time : 298.408 us, Write time : 2600.610 us
[ros2_control_node-1] [WARN] [1776901631.514078804] [controller_manager]: Overrun detected! The controller manager missed its desired rate of 1000 Hz. The loop took 3.071930 ms (missed cycles : 4).
[adl_ui-15] 127.0.0.1 - - [22/Apr/2026 19:47:11] "GET /status_json HTTP/1.1" 200 -
[vision_apriltag-9] [INFO] [1776901632.126071125] [vision_apriltag_node]: Service: Tag 0 found and base-frame pose returned.
[ros2_control_node-1] [WARN] [1776901632.514817817] [controller_manager]: Overrun might occur, Total time : 2770.371 us (Expected < 1000.000 us) --> Read time : 43.093 us, Update time : 260.510 us, Write time : 2466.768 us
[ros2_control_node-1] [WARN] [1776901632.514903117] [controller_manager]: Overrun detected! The controller manager missed its desired rate of 1000 Hz. The loop took 2.896406 ms (missed cycles : 3).
[adl_ui-15] 127.0.0.1 - - [22/Apr/2026 19:47:12] "GET /status_json HTTP/1.1" 200 -
[joint_state_sanitizer-3] [WARN] [1776901633.098646862] [joint_state_sanitizer_node]: [joint_state_sanitizer] Published sanitized joint state: joint_3:+3.142->+3.132
[vision_apriltag-9] [INFO] [1776901633.126455766] [vision_apriltag_node]: Service: Tag 0 found and base-frame pose returned.
[adl_ui-15] 127.0.0.1 - - [22/Apr/2026 19:47:13] "GET /status_json HTTP/1.1" 200 -
[ros2_control_node-1] [WARN] [1776901633.517627086] [controller_manager]: Overrun might occur, Total time : 2594.206 us (Expected < 1000.000 us) --> Read time : 54.015 us, Update time : 299.484 us, Write time : 2240.707 us
[ros2_control_node-1] [WARN] [1776901633.517705249] [controller_manager]: Overrun detected! The controller manager missed its desired rate of 1000 Hz. The loop took 2.698828 ms (missed cycles : 3).
[vision_apriltag-9] [INFO] [1776901634.128168217] [vision_apriltag_node]: Service: Tag 0 found and base-frame pose returned.
[adl_ui-15] 127.0.0.1 - - [22/Apr/2026 19:47:14] "GET /status_json HTTP/1.1" 200 -
[ros2_control_node-1] [WARN] [1776901634.518417283] [controller_manager]: Overrun might occur, Total time : 4377.586 us (Expected < 1000.000 us) --> Read time : 38.287 us, Update time : 231.027 us, Write time : 4108.272 us
[ros2_control_node-1] [WARN] [1776901634.518540941] [controller_manager]: Overrun detected! The controller manager missed its desired rate of 1000 Hz. The loop took 4.533176 ms (missed cycles : 5).
[vision_apriltag-9] [INFO] [1776901634.726970595] [vision_apriltag_node]: Vision AprilTag detection debug: no tags found after raw/CLAHE/sharp/adaptive/upscaled/tiled passes.
[adl_ui-15] 127.0.0.1 - - [22/Apr/2026 19:47:14] "GET /status_json HTTP/1.1" 200 -
[vision_apriltag-9] [INFO] [1776901635.127018032] [vision_apriltag_node]: Service: Tag 0 found and base-frame pose returned.
[ros2_control_node-1] [WARN] [1776901635.520513707] [controller_manager]: Overrun might occur, Total time : 2488.706 us (Expected < 1000.000 us) --> Read time : 30.052 us, Update time : 196.700 us, Write time : 2261.954 us
[ros2_control_node-1] [WARN] [1776901635.520592386] [controller_manager]: Overrun detected! The controller manager missed its desired rate of 1000 Hz. The loop took 2.585946 ms (missed cycles : 3).
[wrist_camera_usb_publisher-8] [INFO] [1776901635.632674844] [wrist_camera_usb_publisher_node]: USB camera publisher heartbeat: publishing 1280x720 frames on /wrist_mounted_camera/image; camera_info fx=920.87, fy=921.57, cx=644.76, cy=343.15.
[adl_ui-15] 127.0.0.1 - - [22/Apr/2026 19:47:15] "GET /status_json HTTP/1.1" 200 -
[vision_apriltag-9] [INFO] [1776901636.126757978] [vision_apriltag_node]: Service: Tag 0 found and base-frame pose returned.
[adl_ui-15] 127.0.0.1 - - [22/Apr/2026 19:47:16] "GET /status_json HTTP/1.1" 200 -
[ros2_control_node-1] [WARN] [1776901636.522055124] [controller_manager]: Overrun might occur, Total time : 3024.887 us (Expected < 1000.000 us) --> Read time : 34.377 us, Update time : 302.860 us, Write time : 2687.650 us
[ros2_control_node-1] [WARN] [1776901636.522129455] [controller_manager]: Overrun detected! The controller manager missed its desired rate of 1000 Hz. The loop took 3.122340 ms (missed cycles : 4).
[adl_ui-15] 127.0.0.1 - - [22/Apr/2026 19:47:17] "GET /status_json HTTP/1.1" 200 -
[vision_apriltag-9] [INFO] [1776901637.272716112] [vision_apriltag_node]: Service: Tag 0 found and base-frame pose returned.
[ros2_control_node-1] [WARN] [1776901637.522293104] [controller_manager]: Overrun might occur, Total time : 3257.810 us (Expected < 1000.000 us) --> Read time : 37.502 us, Update time : 210.060 us, Write time : 3010.248 us
[ros2_control_node-1] [WARN] [1776901637.522371870] [controller_manager]: Overrun detected! The controller manager missed its desired rate of 1000 Hz. The loop took 3.364961 ms (missed cycles : 4).
[adl_ui-15] 127.0.0.1 - - [22/Apr/2026 19:47:17] "GET /status_json HTTP/1.1" 200 -
[joint_state_sanitizer-3] [WARN] [1776901638.100341652] [joint_state_sanitizer_node]: [joint_state_sanitizer] Published sanitized joint state: joint_3:+3.142->+3.132
[vision_apriltag-9] [INFO] [1776901638.128367657] [vision_apriltag_node]: Service: Tag 0 found and base-frame pose returned.
[ros2_control_node-1] [WARN] [1776901638.524958095] [controller_manager]: Overrun might occur, Total time : 2889.028 us (Expected < 1000.000 us) --> Read time : 77.381 us, Update time : 300.542 us, Write time : 2511.105 us
[ros2_control_node-1] [WARN] [1776901638.525039841] [controller_manager]: Overrun detected! The controller manager missed its desired rate of 1000 Hz. The loop took 3.033466 ms (missed cycles : 4).
[adl_ui-15] 127.0.0.1 - - [22/Apr/2026 19:47:18] "GET /status_json HTTP/1.1" 200 -
[vision_apriltag-9] [INFO] [1776901639.150565086] [vision_apriltag_node]: Service: Tag 0 found and base-frame pose returned.
[adl_ui-15] 127.0.0.1 - - [22/Apr/2026 19:47:19] "GET /status_json HTTP/1.1" 200 -
[ros2_control_node-1] [WARN] [1776901639.526598099] [controller_manager]: Overrun might occur, Total time : 2567.778 us (Expected < 1000.000 us) --> Read time : 43.475 us, Update time : 336.842 us, Write time : 2187.461 us
[ros2_control_node-1] [WARN] [1776901639.526700834] [controller_manager]: Overrun detected! The controller manager missed its desired rate of 1000 Hz. The loop took 2.694089 ms (missed cycles : 3).
[vision_apriltag-9] [INFO] [1776901639.866099894] [vision_apriltag_node]: Vision AprilTag detection debug: 0:cv2.solvePnP_ippe_square:sharp_up2@(708,510)
[vision_apriltag-9] [INFO] [1776901640.135506152] [vision_apriltag_node]: Service: Tag 0 found and base-frame pose returned.
[adl_ui-15] 127.0.0.1 - - [22/Apr/2026 19:47:20] "GET /status_json HTTP/1.1" 200 -
[ros2_control_node-1] [WARN] [1776901640.527594110] [controller_manager]: Overrun might occur, Total time : 2553.259 us (Expected < 1000.000 us) --> Read time : 40.335 us, Update time : 253.775 us, Write time : 2259.149 us
[ros2_control_node-1] [WARN] [1776901640.527676660] [controller_manager]: Overrun detected! The controller manager missed its desired rate of 1000 Hz. The loop took 2.669761 ms (missed cycles : 3).
[wrist_camera_usb_publisher-8] [INFO] [1776901640.639554585] [wrist_camera_usb_publisher_node]: USB camera publisher heartbeat: publishing 1280x720 frames on /wrist_mounted_camera/image; camera_info fx=920.87, fy=921.57, cx=644.76, cy=343.15.
[adl_ui-15] 127.0.0.1 - - [22/Apr/2026 19:47:20] "GET /status_json HTTP/1.1" 200 -
[vision_apriltag-9] [INFO] [1776901641.131694650] [vision_apriltag_node]: Service: Tag 0 found and base-frame pose returned.
[ros2_control_node-1] [WARN] [1776901641.528608305] [controller_manager]: Overrun might occur, Total time : 4577.334 us (Expected < 1000.000 us) --> Read time : 32.717 us, Update time : 200.732 us, Write time : 4343.885 us
[ros2_control_node-1] [WARN] [1776901641.528722580] [controller_manager]: Overrun detected! The controller manager missed its desired rate of 1000 Hz. The loop took 4.715651 ms (missed cycles : 5).
[adl_ui-15] 127.0.0.1 - - [22/Apr/2026 19:47:21] "GET /status_json HTTP/1.1" 200 -
[vision_apriltag-9] [INFO] [1776901642.130820416] [vision_apriltag_node]: Service: Tag 0 found and base-frame pose returned.
[adl_ui-15] 127.0.0.1 - - [22/Apr/2026 19:47:22] "GET /status_json HTTP/1.1" 200 -
[ros2_control_node-1] [WARN] [1776901642.529158894] [controller_manager]: Overrun might occur, Total time : 3124.405 us (Expected < 1000.000 us) --> Read time : 37.289 us, Update time : 205.341 us, Write time : 2881.775 us
[ros2_control_node-1] [WARN] [1776901642.529262889] [controller_manager]: Overrun detected! The controller manager missed its desired rate of 1000 Hz. The loop took 3.254618 ms (missed cycles : 4).
[joint_state_sanitizer-3] [WARN] [1776901643.102434692] [joint_state_sanitizer_node]: [joint_state_sanitizer] Published sanitized joint state: joint_3:+3.142->+3.132
[vision_apriltag-9] [INFO] [1776901643.127493241] [vision_apriltag_node]: Service: Tag 0 found and base-frame pose returned.
[adl_ui-15] 127.0.0.1 - - [22/Apr/2026 19:47:23] "GET /status_json HTTP/1.1" 200 -
[ros2_control_node-1] [WARN] [1776901643.531537687] [controller_manager]: Overrun might occur, Total time : 2509.613 us (Expected < 1000.000 us) --> Read time : 36.179 us, Update time : 232.220 us, Write time : 2241.214 us
[ros2_control_node-1] [WARN] [1776901643.531644035] [controller_manager]: Overrun detected! The controller manager missed its desired rate of 1000 Hz. The loop took 2.636535 ms (missed cycles : 3).
[adl_ui-15] 127.0.0.1 - - [22/Apr/2026 19:47:23] "GET /status_json HTTP/1.1" 200 -
[vision_apriltag-9] [INFO] [1776901644.131273125] [vision_apriltag_node]: Service: Tag 0 found and base-frame pose returned.
[ros2_control_node-1] [WARN] [1776901644.532410988] [controller_manager]: Overrun might occur, Total time : 7364.365 us (Expected < 1000.000 us) --> Read time : 42.846 us, Update time : 239.663 us, Write time : 7081.856 us
[ros2_control_node-1] [WARN] [1776901644.532508708] [controller_manager]: Overrun detected! The controller manager missed its desired rate of 1000 Hz. The loop took 7.501563 ms (missed cycles : 8).
[adl_ui-15] 127.0.0.1 - - [22/Apr/2026 19:47:24] "GET /status_json HTTP/1.1" 200 -
[vision_apriltag-9] [INFO] [1776901644.881754207] [vision_apriltag_node]: Vision AprilTag detection debug: no tags found after raw/CLAHE/sharp/adaptive/upscaled/tiled passes.
[vision_apriltag-9] [INFO] [1776901645.126957025] [vision_apriltag_node]: Service: Tag 0 found and base-frame pose returned.
[adl_ui-15] 127.0.0.1 - - [22/Apr/2026 19:47:25] "GET /status_json HTTP/1.1" 200 -
[ros2_control_node-1] [WARN] [1776901645.534576811] [controller_manager]: Overrun might occur, Total time : 2546.649 us (Expected < 1000.000 us) --> Read time : 35.841 us, Update time : 261.269 us, Write time : 2249.539 us
[ros2_control_node-1] [WARN] [1776901645.534678611] [controller_manager]: Overrun detected! The controller manager missed its desired rate of 1000 Hz. The loop took 2.659254 ms (missed cycles : 3).
[wrist_camera_usb_publisher-8] [INFO] [1776901645.790471571] [wrist_camera_usb_publisher_node]: USB camera publisher heartbeat: publishing 1280x720 frames on /wrist_mounted_camera/image; camera_info fx=920.87, fy=921.57, cx=644.76, cy=343.15.
[vision_apriltag-9] [INFO] [1776901646.126104665] [vision_apriltag_node]: Service: Tag 0 found and base-frame pose returned.
[adl_ui-15] 127.0.0.1 - - [22/Apr/2026 19:47:26] "GET /status_json HTTP/1.1" 200 -
[ros2_control_node-1] [WARN] [1776901646.536824643] [controller_manager]: Overrun might occur, Total time : 2796.994 us (Expected < 1000.000 us) --> Read time : 34.839 us, Update time : 218.503 us, Write time : 2543.652 us
[ros2_control_node-1] [WARN] [1776901646.536905305] [controller_manager]: Overrun detected! The controller manager missed its desired rate of 1000 Hz. The loop took 2.898312 ms (missed cycles : 3).
[vision_apriltag-9] [INFO] [1776901646.755970778] [vision_apriltag_node]: Vision AprilTag: images are arriving, but no AprilTag has been seen for 3.7s.
[adl_ui-15] 127.0.0.1 - - [22/Apr/2026 19:47:26] "GET /status_json HTTP/1.1" 200 -
[vision_apriltag-9] [INFO] [1776901647.127175835] [vision_apriltag_node]: Service: Tag 0 found and base-frame pose returned.
[ros2_control_node-1] [WARN] [1776901647.538117690] [controller_manager]: Overrun might occur, Total time : 3086.353 us (Expected < 1000.000 us) --> Read time : 38.467 us, Update time : 271.510 us, Write time : 2776.376 us
[ros2_control_node-1] [WARN] [1776901647.538208389] [controller_manager]: Overrun detected! The controller manager missed its desired rate of 1000 Hz. The loop took 3.201113 ms (missed cycles : 4).
[adl_ui-15] 127.0.0.1 - - [22/Apr/2026 19:47:27] "GET /status_json HTTP/1.1" 200 -
[joint_state_sanitizer-3] [WARN] [1776901648.103439882] [joint_state_sanitizer_node]: [joint_state_sanitizer] Published sanitized joint state: joint_3:+3.142->+3.132
[vision_apriltag-9] [INFO] [1776901648.253766432] [vision_apriltag_node]: Service: Tag 0 found and base-frame pose returned.
[adl_ui-15] 127.0.0.1 - - [22/Apr/2026 19:47:28] "GET /status_json HTTP/1.1" 200 -
[ros2_control_node-1] [WARN] [1776901648.538995365] [controller_manager]: Overrun might occur, Total time : 2956.800 us (Expected < 1000.000 us) --> Read time : 43.760 us, Update time : 249.008 us, Write time : 2664.032 us
[ros2_control_node-1] [WARN] [1776901648.539075414] [controller_manager]: Overrun detected! The controller manager missed its desired rate of 1000 Hz. The loop took 3.068951 ms (missed cycles : 4).
[adl_ui-15] 127.0.0.1 - - [22/Apr/2026 19:47:29] "GET /status_json HTTP/1.1" 200 -
[ros2_control_node-1] [WARN] [1776901649.540192522] [controller_manager]: Overrun might occur, Total time : 3165.011 us (Expected < 1000.000 us) --> Read time : 42.047 us, Update time : 240.151 us, Write time : 2882.813 us
[ros2_control_node-1] [WARN] [1776901649.540269484] [controller_manager]: Overrun detected! The controller manager missed its desired rate of 1000 Hz. The loop took 3.262744 ms (missed cycles : 4).
[vision_apriltag-9] [INFO] [1776901649.665122005] [vision_apriltag_node]: Service: Tag 0 found and base-frame pose returned.
[adl_ui-15] 127.0.0.1 - - [22/Apr/2026 19:47:29] "GET /status_json HTTP/1.1" 200 -
[vision_apriltag-9] [INFO] [1776901650.045078913] [vision_apriltag_node]: Vision AprilTag detection debug: no tags found after raw/CLAHE/sharp/adaptive/upscaled/tiled passes.
[vision_apriltag-9] [INFO] [1776901650.125659348] [vision_apriltag_node]: Service: Tag 0 found and base-frame pose returned.
[ros2_control_node-1] [WARN] [1776901650.544541133] [controller_manager]: Overrun might occur, Total time : 4501.983 us (Expected < 1000.000 us) --> Read time : 61.885 us, Update time : 255.592 us, Write time : 4184.506 us
[ros2_control_node-1] [WARN] [1776901650.544616485] [controller_manager]: Overrun detected! The controller manager missed its desired rate of 1000 Hz. The loop took 4.610083 ms (missed cycles : 5).
[adl_ui-15] 127.0.0.1 - - [22/Apr/2026 19:47:30] "GET /status_json HTTP/1.1" 200 -
[vision_apriltag-9] [INFO] [1776901650.758227095] [vision_apriltag_node]: Vision AprilTag: images are arriving, but no AprilTag has been seen for 2.8s.
[wrist_camera_usb_publisher-8] [INFO] [1776901650.952942571] [wrist_camera_usb_publisher_node]: USB camera publisher heartbeat: publishing 1280x720 frames on /wrist_mounted_camera/image; camera_info fx=920.87, fy=921.57, cx=644.76, cy=343.15.
[vision_apriltag-9] [INFO] [1776901651.126189313] [vision_apriltag_node]: Service: Tag 0 found and base-frame pose returned.
[adl_ui-15] 127.0.0.1 - - [22/Apr/2026 19:47:31] "GET /status_json HTTP/1.1" 200 -
[ros2_control_node-1] [WARN] [1776901651.545605119] [controller_manager]: Overrun might occur, Total time : 2573.929 us (Expected < 1000.000 us) --> Read time : 43.866 us, Update time : 241.669 us, Write time : 2288.394 us
[ros2_control_node-1] [WARN] [1776901651.545669192] [controller_manager]: Overrun detected! The controller manager missed its desired rate of 1000 Hz. The loop took 2.663233 ms (missed cycles : 3).
[adl_ui-15] 127.0.0.1 - - [22/Apr/2026 19:47:32] "GET /status_json HTTP/1.1" 200 -
[vision_apriltag-9] [INFO] [1776901652.357007351] [vision_apriltag_node]: Service: Tag 0 found and base-frame pose returned.
[ros2_control_node-1] [WARN] [1776901652.546696220] [controller_manager]: Overrun might occur, Total time : 3661.768 us (Expected < 1000.000 us) --> Read time : 40.771 us, Update time : 274.029 us, Write time : 3346.968 us
[ros2_control_node-1] [WARN] [1776901652.546773540] [controller_manager]: Overrun detected! The controller manager missed its desired rate of 1000 Hz. The loop took 3.766342 ms (missed cycles : 4).
[vision_apriltag-9] [INFO] [1776901652.878365354] [vision_apriltag_node]: Vision AprilTag: images are arriving, but no AprilTag has been seen for 4.9s.
[adl_ui-15] 127.0.0.1 - - [22/Apr/2026 19:47:32] "GET /status_json HTTP/1.1" 200 -
[joint_state_sanitizer-3] [WARN] [1776901653.104930779] [joint_state_sanitizer_node]: [joint_state_sanitizer] Published sanitized joint state: joint_3:+3.142->+3.132
[ros2_control_node-1] [WARN] [1776901653.548330159] [controller_manager]: Overrun might occur, Total time : 2302.109 us (Expected < 1000.000 us) --> Read time : 33.873 us, Update time : 220.885 us, Write time : 2047.351 us
[ros2_control_node-1] [WARN] [1776901653.548398134] [controller_manager]: Overrun detected! The controller manager missed its desired rate of 1000 Hz. The loop took 2.391694 ms (missed cycles : 3).
[vision_apriltag-9] [INFO] [1776901653.563152374] [vision_apriltag_node]: Service: Tag 0 found and base-frame pose returned.
[adl_ui-15] 127.0.0.1 - - [22/Apr/2026 19:47:33] "GET /status_json HTTP/1.1" 200 -
[adl_ui-15] 127.0.0.1 - - [22/Apr/2026 19:47:34] "GET /status_json HTTP/1.1" 200 -
[vision_apriltag-9] [INFO] [1776901654.503303190] [vision_apriltag_node]: Service: Tag 0 found and base-frame pose returned.
[ros2_control_node-1] [WARN] [1776901654.548613318] [controller_manager]: Overrun might occur, Total time : 2578.496 us (Expected < 1000.000 us) --> Read time : 50.706 us, Update time : 236.782 us, Write time : 2291.008 us
[ros2_control_node-1] [WARN] [1776901654.548690669] [controller_manager]: Overrun detected! The controller manager missed its desired rate of 1000 Hz. The loop took 2.682977 ms (missed cycles : 3).
[vision_apriltag-9] [INFO] [1776901654.767866940] [vision_apriltag_node]: Vision AprilTag: images are arriving, but no AprilTag has been seen for 6.8s.
[vision_apriltag-9] [INFO] [1776901655.125915819] [vision_apriltag_node]: Service: Tag 0 found and base-frame pose returned.
[adl_ui-15] 127.0.0.1 - - [22/Apr/2026 19:47:35] "GET /status_json HTTP/1.1" 200 -
[vision_apriltag-9] [INFO] [1776901655.507952488] [vision_apriltag_node]: Vision AprilTag detection debug: no tags found after raw/CLAHE/sharp/adaptive/upscaled/tiled passes.
[ros2_control_node-1] [WARN] [1776901655.550650935] [controller_manager]: Overrun might occur, Total time : 2619.214 us (Expected < 1000.000 us) --> Read time : 39.883 us, Update time : 213.089 us, Write time : 2366.242 us
[ros2_control_node-1] [WARN] [1776901655.550718255] [controller_manager]: Overrun detected! The controller manager missed its desired rate of 1000 Hz. The loop took 2.711585 ms (missed cycles : 3).
[adl_ui-15] 127.0.0.1 - - [22/Apr/2026 19:47:35] "GET /status_json HTTP/1.1" 200 -
[wrist_camera_usb_publisher-8] [INFO] [1776901655.967944750] [wrist_camera_usb_publisher_node]: USB camera publisher heartbeat: publishing 1280x720 frames on /wrist_mounted_camera/image; camera_info fx=920.87, fy=921.57, cx=644.76, cy=343.15.
[vision_apriltag-9] [INFO] [1776901656.126541438] [vision_apriltag_node]: Service: Tag 0 found and base-frame pose returned.
[ros2_control_node-1] [WARN] [1776901656.552655991] [controller_manager]: Overrun might occur, Total time : 2633.137 us (Expected < 1000.000 us) --> Read time : 28.668 us, Update time : 232.331 us, Write time : 2372.138 us
[ros2_control_node-1] [WARN] [1776901656.552707764] [controller_manager]: Overrun detected! The controller manager missed its desired rate of 1000 Hz. The loop took 2.701850 ms (missed cycles : 3).
[adl_ui-15] 127.0.0.1 - - [22/Apr/2026 19:47:36] "GET /status_json HTTP/1.1" 200 -
[vision_apriltag-9] [INFO] [1776901657.170390082] [vision_apriltag_node]: Service: Tag 0 found and base-frame pose returned.
[adl_ui-15] 127.0.0.1 - - [22/Apr/2026 19:47:37] "GET /status_json HTTP/1.1" 200 -
[ros2_control_node-1] [WARN] [1776901657.555764143] [controller_manager]: Overrun might occur, Total time : 2738.236 us (Expected < 1000.000 us) --> Read time : 30.564 us, Update time : 221.384 us, Write time : 2486.288 us
[ros2_control_node-1] [WARN] [1776901657.555834286] [controller_manager]: Overrun detected! The controller manager missed its desired rate of 1000 Hz. The loop took 2.827527 ms (missed cycles : 3).
[joint_state_sanitizer-3] [WARN] [1776901658.115085398] [joint_state_sanitizer_node]: [joint_state_sanitizer] Published sanitized joint state: joint_3:+3.142->+3.132
[adl_ui-15] 127.0.0.1 - - [22/Apr/2026 19:47:38] "GET /status_json HTTP/1.1" 200 -
[vision_apriltag-9] [INFO] [1776901658.218728358] [vision_apriltag_node]: Service: Tag 0 found and base-frame pose returned.
[ros2_control_node-1] [WARN] [1776901658.557682385] [controller_manager]: Overrun might occur, Total time : 2638.586 us (Expected < 1000.000 us) --> Read time : 91.666 us, Update time : 304.173 us, Write time : 2242.747 us
[ros2_control_node-1] [WARN] [1776901658.557760761] [controller_manager]: Overrun detected! The controller manager missed its desired rate of 1000 Hz. The loop took 2.753247 ms (missed cycles : 3).
[vision_apriltag-9] [INFO] [1776901658.756659242] [vision_apriltag_node]: Vision AprilTag: images are arriving, but no AprilTag has been seen for 3.8s.
[adl_ui-15] 127.0.0.1 - - [22/Apr/2026 19:47:38] "GET /status_json HTTP/1.1" 200 -
[vision_apriltag-9] [INFO] [1776901659.126380747] [vision_apriltag_node]: Service: Tag 0 found and base-frame pose returned.
[ros2_control_node-1] [WARN] [1776901659.557737658] [controller_manager]: Overrun might occur, Total time : 3705.150 us (Expected < 1000.000 us) --> Read time : 41.254 us, Update time : 226.836 us, Write time : 3437.060 us
[ros2_control_node-1] [WARN] [1776901659.557816294] [controller_manager]: Overrun detected! The controller manager missed its desired rate of 1000 Hz. The loop took 3.809556 ms (missed cycles : 4).
[adl_ui-15] 127.0.0.1 - - [22/Apr/2026 19:47:39] "GET /status_json HTTP/1.1" 200 -
[vision_apriltag-9] [INFO] [1776901660.131212749] [vision_apriltag_node]: Service: Tag 0 found and base-frame pose returned.
[adl_ui-15] 127.0.0.1 - - [22/Apr/2026 19:47:40] "GET /status_json HTTP/1.1" 200 -
[ros2_control_node-1] [WARN] [1776901660.558448750] [controller_manager]: Overrun might occur, Total time : 2418.728 us (Expected < 1000.000 us) --> Read time : 40.370 us, Update time : 251.627 us, Write time : 2126.731 us
[ros2_control_node-1] [WARN] [1776901660.558522324] [controller_manager]: Overrun detected! The controller manager missed its desired rate of 1000 Hz. The loop took 2.516043 ms (missed cycles : 3).
[vision_apriltag-9] [INFO] [1776901660.646331995] [vision_apriltag_node]: Vision AprilTag detection debug: no tags found after raw/CLAHE/sharp/adaptive/upscaled/tiled passes.
[wrist_camera_usb_publisher-8] [INFO] [1776901661.111532819] [wrist_camera_usb_publisher_node]: USB camera publisher heartbeat: publishing 1280x720 frames on /wrist_mounted_camera/image; camera_info fx=920.87, fy=921.57, cx=644.76, cy=343.15.
[adl_ui-15] 127.0.0.1 - - [22/Apr/2026 19:47:41] "GET /status_json HTTP/1.1" 200 -
[vision_apriltag-9] [INFO] [1776901661.168647689] [vision_apriltag_node]: Service: Tag 0 found and base-frame pose returned.
[ros2_control_node-1] [WARN] [1776901661.559986990] [controller_manager]: Overrun might occur, Total time : 2946.030 us (Expected < 1000.000 us) --> Read time : 48.522 us, Update time : 235.193 us, Write time : 2662.315 us
[ros2_control_node-1] [WARN] [1776901661.560110428] [controller_manager]: Overrun detected! The controller manager missed its desired rate of 1000 Hz. The loop took 3.103189 ms (missed cycles : 4).
[adl_ui-15] 127.0.0.1 - - [22/Apr/2026 19:47:41] "GET /status_json HTTP/1.1" 200 -
[vision_apriltag-9] [INFO] [1776901662.127054826] [vision_apriltag_node]: Service: Tag 0 found and base-frame pose returned.
[ros2_control_node-1] [WARN] [1776901662.562887857] [controller_manager]: Overrun might occur, Total time : 2858.516 us (Expected < 1000.000 us) --> Read time : 30.172 us, Update time : 196.400 us, Write time : 2631.944 us
[ros2_control_node-1] [WARN] [1776901662.563000952] [controller_manager]: Overrun detected! The controller manager missed its desired rate of 1000 Hz. The loop took 2.993895 ms (missed cycles : 3).
[adl_ui-15] 127.0.0.1 - - [22/Apr/2026 19:47:42] "GET /status_json HTTP/1.1" 200 -
[joint_state_sanitizer-3] [WARN] [1776901663.116771974] [joint_state_sanitizer_node]: [joint_state_sanitizer] Published sanitized joint state: joint_3:+3.142->+3.132
[vision_apriltag-9] [INFO] [1776901663.128471247] [vision_apriltag_node]: Service: Tag 0 found and base-frame pose returned.
[adl_ui-15] 127.0.0.1 - - [22/Apr/2026 19:47:43] "GET /status_json HTTP/1.1" 200 -
[ros2_control_node-1] [WARN] [1776901663.564569880] [controller_manager]: Overrun might occur, Total time : 2542.682 us (Expected < 1000.000 us) --> Read time : 36.372 us, Update time : 218.209 us, Write time : 2288.101 us
[ros2_control_node-1] [WARN] [1776901663.564628023] [controller_manager]: Overrun detected! The controller manager missed its desired rate of 1000 Hz. The loop took 2.621852 ms (missed cycles : 3).
[vision_apriltag-9] [INFO] [1776901664.126690108] [vision_apriltag_node]: Service: Tag 0 found and base-frame pose returned.
[adl_ui-15] 127.0.0.1 - - [22/Apr/2026 19:47:44] "GET /status_json HTTP/1.1" 200 -
[ros2_control_node-1] [WARN] [1776901664.566693281] [controller_manager]: Overrun might occur, Total time : 2650.764 us (Expected < 1000.000 us) --> Read time : 58.327 us, Update time : 252.401 us, Write time : 2340.036 us
[ros2_control_node-1] [WARN] [1776901664.566799903] [controller_manager]: Overrun detected! The controller manager missed its desired rate of 1000 Hz. The loop took 2.792187 ms (missed cycles : 3).
[vision_apriltag-9] [INFO] [1776901664.758345544] [vision_apriltag_node]: Vision AprilTag: images are arriving, but no AprilTag has been seen for 3.4s.
[adl_ui-15] 127.0.0.1 - - [22/Apr/2026 19:47:44] "GET /status_json HTTP/1.1" 200 -
[vision_apriltag-9] [INFO] [1776901665.127621500] [vision_apriltag_node]: Service: Tag 0 found and base-frame pose returned.
[ros2_control_node-1] [WARN] [1776901665.568191353] [controller_manager]: Overrun might occur, Total time : 3150.871 us (Expected < 1000.000 us) --> Read time : 78.049 us, Update time : 300.315 us, Write time : 2772.507 us
[ros2_control_node-1] [WARN] [1776901665.568268982] [controller_manager]: Overrun detected! The controller manager missed its desired rate of 1000 Hz. The loop took 3.261853 ms (missed cycles : 4).
[adl_ui-15] 127.0.0.1 - - [22/Apr/2026 19:47:45] "GET /status_json HTTP/1.1" 200 -
[vision_apriltag-9] [INFO] [1776901666.142863709] [vision_apriltag_node]: Vision AprilTag detection debug: no tags found after raw/CLAHE/sharp/adaptive/upscaled/tiled passes.
[vision_apriltag-9] [INFO] [1776901666.147931128] [vision_apriltag_node]: Service: Tag 0 found and base-frame pose returned.
[wrist_camera_usb_publisher-8] [INFO] [1776901666.267040086] [wrist_camera_usb_publisher_node]: USB camera publisher heartbeat: publishing 1280x720 frames on /wrist_mounted_camera/image; camera_info fx=920.87, fy=921.57, cx=644.76, cy=343.15.
[adl_ui-15] 127.0.0.1 - - [22/Apr/2026 19:47:46] "GET /status_json HTTP/1.1" 200 -
[ros2_control_node-1] [WARN] [1776901666.569484628] [controller_manager]: Overrun might occur, Total time : 4452.638 us (Expected < 1000.000 us) --> Read time : 37.304 us, Update time : 249.138 us, Write time : 4166.196 us
[ros2_control_node-1] [WARN] [1776901666.569585340] [controller_manager]: Overrun detected! The controller manager missed its desired rate of 1000 Hz. The loop took 4.578331 ms (missed cycles : 5).
[vision_apriltag-9] [INFO] [1776901666.755915418] [vision_apriltag_node]: Vision AprilTag: images are arriving, but no AprilTag has been seen for 5.4s.
[vision_apriltag-9] [INFO] [1776901667.130978714] [vision_apriltag_node]: Service: Tag 0 found and base-frame pose returned.
[adl_ui-15] 127.0.0.1 - - [22/Apr/2026 19:47:47] "GET /status_json HTTP/1.1" 200 -
[ros2_control_node-1] [WARN] [1776901667.570620068] [controller_manager]: Overrun might occur, Total time : 2587.314 us (Expected < 1000.000 us) --> Read time : 35.859 us, Update time : 223.618 us, Write time : 2327.837 us
[ros2_control_node-1] [WARN] [1776901667.570698432] [controller_manager]: Overrun detected! The controller manager missed its desired rate of 1000 Hz. The loop took 2.691994 ms (missed cycles : 3).
[adl_ui-15] 127.0.0.1 - - [22/Apr/2026 19:47:47] "GET /status_json HTTP/1.1" 200 -
[joint_state_sanitizer-3] [WARN] [1776901668.117531983] [joint_state_sanitizer_node]: [joint_state_sanitizer] Published sanitized joint state: joint_3:+3.142->+3.132
[vision_apriltag-9] [INFO] [1776901668.128236938] [vision_apriltag_node]: Service: Tag 0 found and base-frame pose returned.
[ros2_control_node-1] [WARN] [1776901668.572215650] [controller_manager]: Overrun might occur, Total time : 3145.957 us (Expected < 1000.000 us) --> Read time : 106.088 us, Update time : 425.786 us, Write time : 2614.083 us
[ros2_control_node-1] [WARN] [1776901668.572289335] [controller_manager]: Overrun detected! The controller manager missed its desired rate of 1000 Hz. The loop took 3.283005 ms (missed cycles : 4).
[adl_ui-15] 127.0.0.1 - - [22/Apr/2026 19:47:48] "GET /status_json HTTP/1.1" 200 -
[vision_apriltag-9] [INFO] [1776901668.756114647] [vision_apriltag_node]: Vision AprilTag: images are arriving, but no AprilTag has been seen for 7.4s.
[vision_apriltag-9] [INFO] [1776901669.131237205] [vision_apriltag_node]: Service: Tag 0 found and base-frame pose returned.
[adl_ui-15] 127.0.0.1 - - [22/Apr/2026 19:47:49] "GET /status_json HTTP/1.1" 200 -
[ros2_control_node-1] [WARN] [1776901669.574519975] [controller_manager]: Overrun might occur, Total time : 2489.762 us (Expected < 1000.000 us) --> Read time : 34.735 us, Update time : 263.860 us, Write time : 2191.167 us
[ros2_control_node-1] [WARN] [1776901669.574601794] [controller_manager]: Overrun detected! The controller manager missed its desired rate of 1000 Hz. The loop took 2.594901 ms (missed cycles : 3).
[vision_apriltag-9] [INFO] [1776901670.129003237] [vision_apriltag_node]: Service: Tag 0 found and base-frame pose returned.
[adl_ui-15] 127.0.0.1 - - [22/Apr/2026 19:47:50] "GET /status_json HTTP/1.1" 200 -
[ros2_control_node-1] [WARN] [1776901670.578252882] [controller_manager]: Overrun might occur, Total time : 3226.058 us (Expected < 1000.000 us) --> Read time : 32.694 us, Update time : 212.443 us, Write time : 2980.921 us
[ros2_control_node-1] [WARN] [1776901670.578333767] [controller_manager]: Overrun detected! The controller manager missed its desired rate of 1000 Hz. The loop took 3.326925 ms (missed cycles : 4).
[adl_ui-15] 127.0.0.1 - - [22/Apr/2026 19:47:50] "GET /status_json HTTP/1.1" 200 -
[vision_apriltag-9] [INFO] [1776901671.127561520] [vision_apriltag_node]: Service: Tag 0 found and base-frame pose returned.
[wrist_camera_usb_publisher-8] [INFO] [1776901671.428967754] [wrist_camera_usb_publisher_node]: USB camera publisher heartbeat: publishing 1280x720 frames on /wrist_mounted_camera/image; camera_info fx=920.87, fy=921.57, cx=644.76, cy=343.15.
[vision_apriltag-9] [INFO] [1776901671.550031004] [vision_apriltag_node]: Vision AprilTag detection debug: no tags found after raw/CLAHE/sharp/adaptive/upscaled/tiled passes.
[ros2_control_node-1] [WARN] [1776901671.579540196] [controller_manager]: Overrun might occur, Total time : 3504.561 us (Expected < 1000.000 us) --> Read time : 44.105 us, Update time : 235.389 us, Write time : 3225.067 us
[ros2_control_node-1] [WARN] [1776901671.579630905] [controller_manager]: Overrun detected! The controller manager missed its desired rate of 1000 Hz. The loop took 3.623591 ms (missed cycles : 4).
[adl_ui-15] 127.0.0.1 - - [22/Apr/2026 19:47:51] "GET /status_json HTTP/1.1" 200 -
[vision_apriltag-9] [INFO] [1776901672.128782610] [vision_apriltag_node]: Service: Tag 0 found and base-frame pose returned.
[adl_ui-15] 127.0.0.1 - - [22/Apr/2026 19:47:52] "GET /status_json HTTP/1.1" 200 -
[ros2_control_node-1] [WARN] [1776901672.581742194] [controller_manager]: Overrun might occur, Total time : 2714.369 us (Expected < 1000.000 us) --> Read time : 35.019 us, Update time : 222.839 us, Write time : 2456.511 us
[ros2_control_node-1] [WARN] [1776901672.581811182] [controller_manager]: Overrun detected! The controller manager missed its desired rate of 1000 Hz. The loop took 2.804246 ms (missed cycles : 3).
[vision_apriltag-9] [INFO] [1776901672.756635077] [vision_apriltag_node]: Vision AprilTag: images are arriving, but no AprilTag has been seen for 2.4s.
[joint_state_sanitizer-3] [WARN] [1776901673.120424114] [joint_state_sanitizer_node]: [joint_state_sanitizer] Published sanitized joint state: joint_3:+3.142->+3.132
[vision_apriltag-9] [INFO] [1776901673.128689126] [vision_apriltag_node]: Service: Tag 0 found and base-frame pose returned.
[adl_ui-15] 127.0.0.1 - - [22/Apr/2026 19:47:53] "GET /status_json HTTP/1.1" 200 -
[ros2_control_node-1] [WARN] [1776901673.583048346] [controller_manager]: Overrun might occur, Total time : 3017.186 us (Expected < 1000.000 us) --> Read time : 36.882 us, Update time : 244.384 us, Write time : 2735.920 us
[ros2_control_node-1] [WARN] [1776901673.583128526] [controller_manager]: Overrun detected! The controller manager missed its desired rate of 1000 Hz. The loop took 3.121550 ms (missed cycles : 4).
[adl_ui-15] 127.0.0.1 - - [22/Apr/2026 19:47:53] "GET /status_json HTTP/1.1" 200 -
[vision_apriltag-9] [INFO] [1776901674.126652420] [vision_apriltag_node]: Service: Tag 0 found and base-frame pose returned.
[ros2_control_node-1] [WARN] [1776901674.585833231] [controller_manager]: Overrun might occur, Total time : 2796.353 us (Expected < 1000.000 us) --> Read time : 35.497 us, Update time : 223.723 us, Write time : 2537.133 us
[ros2_control_node-1] [WARN] [1776901674.585984522] [controller_manager]: Overrun detected! The controller manager missed its desired rate of 1000 Hz. The loop took 2.976395 ms (missed cycles : 3).
[adl_ui-15] 127.0.0.1 - - [22/Apr/2026 19:47:54] "GET /status_json HTTP/1.1" 200 -
[vision_apriltag-9] [INFO] [1776901674.760633785] [vision_apriltag_node]: Vision AprilTag: images are arriving, but no AprilTag has been seen for 4.4s.
[vision_apriltag-9] [INFO] [1776901675.129698656] [vision_apriltag_node]: Service: Tag 0 found and base-frame pose returned.
[adl_ui-15] 127.0.0.1 - - [22/Apr/2026 19:47:55] "GET /status_json HTTP/1.1" 200 -
[ros2_control_node-1] [WARN] [1776901675.586066036] [controller_manager]: Overrun might occur, Total time : 3026.172 us (Expected < 1000.000 us) --> Read time : 56.618 us, Update time : 297.273 us, Write time : 2672.281 us
[ros2_control_node-1] [WARN] [1776901675.586168256] [controller_manager]: Overrun detected! The controller manager missed its desired rate of 1000 Hz. The loop took 3.160778 ms (missed cycles : 4).
[vision_apriltag-9] [INFO] [1776901676.128031385] [vision_apriltag_node]: Service: Tag 0 found and base-frame pose returned.
[adl_ui-15] 127.0.0.1 - - [22/Apr/2026 19:47:56] "GET /status_json HTTP/1.1" 200 -
[ros2_control_node-1] [WARN] [1776901676.586774089] [controller_manager]: Overrun might occur, Total time : 3737.163 us (Expected < 1000.000 us) --> Read time : 46.721 us, Update time : 254.586 us, Write time : 3435.856 us
[ros2_control_node-1] [WARN] [1776901676.586854219] [controller_manager]: Overrun detected! The controller manager missed its desired rate of 1000 Hz. The loop took 3.846424 ms (missed cycles : 4).
[wrist_camera_usb_publisher-8] [INFO] [1776901676.588300541] [wrist_camera_usb_publisher_node]: USB camera publisher heartbeat: publishing 1280x720 frames on /wrist_mounted_camera/image; camera_info fx=920.87, fy=921.57, cx=644.76, cy=343.15.
[vision_apriltag-9] [INFO] [1776901676.628534915] [vision_apriltag_node]: Vision AprilTag detection debug: no tags found after raw/CLAHE/sharp/adaptive/upscaled/tiled passes.
[vision_apriltag-9] [INFO] [1776901676.764540469] [vision_apriltag_node]: Vision AprilTag: images are arriving, but no AprilTag has been seen for 6.4s.
[adl_ui-15] 127.0.0.1 - - [22/Apr/2026 19:47:56] "GET /status_json HTTP/1.1" 200 -
[vision_apriltag-9] [INFO] [1776901677.128214301] [vision_apriltag_node]: Service: Tag 0 found and base-frame pose returned.
[ros2_control_node-1] [WARN] [1776901677.587101702] [controller_manager]: Overrun might occur, Total time : 3068.074 us (Expected < 1000.000 us) --> Read time : 39.253 us, Update time : 231.370 us, Write time : 2797.451 us
[ros2_control_node-1] [WARN] [1776901677.587175393] [controller_manager]: Overrun detected! The controller manager missed its desired rate of 1000 Hz. The loop took 3.168974 ms (missed cycles : 4).
[adl_ui-15] 127.0.0.1 - - [22/Apr/2026 19:47:57] "GET /status_json HTTP/1.1" 200 -
[joint_state_sanitizer-3] [WARN] [1776901678.123517043] [joint_state_sanitizer_node]: [joint_state_sanitizer] Published sanitized joint state: joint_3:+3.142->+3.132
[vision_apriltag-9] [INFO] [1776901678.128696272] [vision_apriltag_node]: Service: Tag 0 found and base-frame pose returned.
[adl_ui-15] 127.0.0.1 - - [22/Apr/2026 19:47:58] "GET /status_json HTTP/1.1" 200 -
[ros2_control_node-1] [WARN] [1776901678.587537516] [controller_manager]: Overrun might occur, Total time : 2505.158 us (Expected < 1000.000 us) --> Read time : 32.926 us, Update time : 225.473 us, Write time : 2246.759 us
[ros2_control_node-1] [WARN] [1776901678.587661068] [controller_manager]: Overrun detected! The controller manager missed its desired rate of 1000 Hz. The loop took 2.654010 ms (missed cycles : 3).
[vision_apriltag-9] [INFO] [1776901678.757080009] [vision_apriltag_node]: Vision AprilTag: images are arriving, but no AprilTag has been seen for 8.4s.
[vision_apriltag-9] [INFO] [1776901679.128050210] [vision_apriltag_node]: Service: Tag 0 found and base-frame pose returned.
[adl_ui-15] 127.0.0.1 - - [22/Apr/2026 19:47:59] "GET /status_json HTTP/1.1" 200 -
[ros2_control_node-1] [WARN] [1776901679.589775168] [controller_manager]: Overrun might occur, Total time : 6720.826 us (Expected < 1000.000 us) --> Read time : 79.003 us, Update time : 369.237 us, Write time : 6272.586 us
[ros2_control_node-1] [WARN] [1776901679.589858876] [controller_manager]: Overrun detected! The controller manager missed its desired rate of 1000 Hz. The loop took 6.852590 ms (missed cycles : 7).
[adl_ui-15] 127.0.0.1 - - [22/Apr/2026 19:47:59] "GET /status_json HTTP/1.1" 200 -
[vision_apriltag-9] [INFO] [1776901680.128937316] [vision_apriltag_node]: Service: Tag 0 found and base-frame pose returned.
[ros2_control_node-1] [WARN] [1776901680.595090485] [controller_manager]: Overrun might occur, Total time : 6057.143 us (Expected < 1000.000 us) --> Read time : 41.428 us, Update time : 278.343 us, Write time : 5737.372 us
[ros2_control_node-1] [WARN] [1776901680.595186242] [controller_manager]: Overrun detected! The controller manager missed its desired rate of 1000 Hz. The loop took 6.178483 ms (missed cycles : 7).
[adl_ui-15] 127.0.0.1 - - [22/Apr/2026 19:48:00] "GET /status_json HTTP/1.1" 200 -
[vision_apriltag-9] [INFO] [1776901681.129342316] [vision_apriltag_node]: Service: Tag 0 found and base-frame pose returned.
[adl_ui-15] 127.0.0.1 - - [22/Apr/2026 19:48:01] "GET /status_json HTTP/1.1" 200 -
[ros2_control_node-1] [WARN] [1776901681.598080154] [controller_manager]: Overrun might occur, Total time : 3040.198 us (Expected < 1000.000 us) --> Read time : 69.233 us, Update time : 381.579 us, Write time : 2589.386 us
[ros2_control_node-1] [WARN] [1776901681.598174656] [controller_manager]: Overrun detected! The controller manager missed its desired rate of 1000 Hz. The loop took 3.167403 ms (missed cycles : 4).
[vision_apriltag-9] [INFO] [1776901681.632578481] [vision_apriltag_node]: Vision AprilTag detection debug: 0:cv2.solvePnP_ippe_square:clahe_sharp@(708,510)
[wrist_camera_usb_publisher-8] [INFO] [1776901681.755444986] [wrist_camera_usb_publisher_node]: USB camera publisher heartbeat: publishing 1280x720 frames on /wrist_mounted_camera/image; camera_info fx=920.87, fy=921.57, cx=644.76, cy=343.15.
[vision_apriltag-9] [INFO] [1776901682.125699883] [vision_apriltag_node]: Service: Tag 0 found and base-frame pose returned.
[adl_ui-15] 127.0.0.1 - - [22/Apr/2026 19:48:02] "GET /status_json HTTP/1.1" 200 -
[ros2_control_node-1] [WARN] [1776901682.601450168] [controller_manager]: Overrun might occur, Total time : 3418.113 us (Expected < 1000.000 us) --> Read time : 41.838 us, Update time : 225.057 us, Write time : 3151.218 us
[ros2_control_node-1] [WARN] [1776901682.601533922] [controller_manager]: Overrun detected! The controller manager missed its desired rate of 1000 Hz. The loop took 3.522034 ms (missed cycles : 4).
[adl_ui-15] 127.0.0.1 - - [22/Apr/2026 19:48:02] "GET /status_json HTTP/1.1" 200 -
[joint_state_sanitizer-3] [WARN] [1776901683.125436781] [joint_state_sanitizer_node]: [joint_state_sanitizer] Published sanitized joint state: joint_3:+3.142->+3.132
[vision_apriltag-9] [INFO] [1776901683.125866148] [vision_apriltag_node]: Service: Tag 0 found and base-frame pose returned.
[ros2_control_node-1] [WARN] [1776901683.603415844] [controller_manager]: Overrun might occur, Total time : 5381.909 us (Expected < 1000.000 us) --> Read time : 46.077 us, Update time : 335.785 us, Write time : 5000.047 us
[ros2_control_node-1] [WARN] [1776901683.603495405] [controller_manager]: Overrun detected! The controller manager missed its desired rate of 1000 Hz. The loop took 5.488138 ms (missed cycles : 6).
[adl_ui-15] 127.0.0.1 - - [22/Apr/2026 19:48:03] "GET /status_json HTTP/1.1" 200 -
[vision_apriltag-9] [INFO] [1776901684.134297572] [vision_apriltag_node]: Service: Tag 0 found and base-frame pose returned.
[adl_ui-15] 127.0.0.1 - - [22/Apr/2026 19:48:04] "GET /status_json HTTP/1.1" 200 -
[ros2_control_node-1] [WARN] [1776901684.607192856] [controller_manager]: Overrun might occur, Total time : 3144.517 us (Expected < 1000.000 us) --> Read time : 74.625 us, Update time : 292.372 us, Write time : 2777.520 us
[ros2_control_node-1] [WARN] [1776901684.607294136] [controller_manager]: Overrun detected! The controller manager missed its desired rate of 1000 Hz. The loop took 3.286945 ms (missed cycles : 4).
[adl_ui-15] 127.0.0.1 - - [22/Apr/2026 19:48:05] "GET /status_json HTTP/1.1" 200 -
[vision_apriltag-9] [INFO] [1776901685.523465173] [vision_apriltag_node]: Vision AprilTag: images are arriving, but no AprilTag has been seen for 3.6s.
[vision_apriltag-9] [INFO] [1776901685.537161286] [vision_apriltag_node]: Service: Tag 0 found and base-frame pose returned.
[ros2_control_node-1] [WARN] [1776901685.607518789] [controller_manager]: Overrun might occur, Total time : 2488.314 us (Expected < 1000.000 us) --> Read time : 42.357 us, Update time : 310.212 us, Write time : 2135.745 us
[ros2_control_node-1] [WARN] [1776901685.607589342] [controller_manager]: Overrun detected! The controller manager missed its desired rate of 1000 Hz. The loop took 2.582865 ms (missed cycles : 3).
[adl_ui-15] 127.0.0.1 - - [22/Apr/2026 19:48:05] "GET /status_json HTTP/1.1" 200 -
[vision_apriltag-9] [INFO] [1776901686.127214546] [vision_apriltag_node]: Service: Tag 0 found and base-frame pose returned.
[ros2_control_node-1] [WARN] [1776901686.607590750] [controller_manager]: Overrun might occur, Total time : 2561.583 us (Expected < 1000.000 us) --> Read time : 39.724 us, Update time : 269.812 us, Write time : 2252.047 us
[ros2_control_node-1] [WARN] [1776901686.607653115] [controller_manager]: Overrun detected! The controller manager missed its desired rate of 1000 Hz. The loop took 2.646217 ms (missed cycles : 3).
[adl_ui-15] 127.0.0.1 - - [22/Apr/2026 19:48:06] "GET /status_json HTTP/1.1" 200 -
[vision_apriltag-9] [INFO] [1776901686.757102006] [vision_apriltag_node]: Vision AprilTag: images are arriving, but no AprilTag has been seen for 4.9s.
[wrist_camera_usb_publisher-8] [INFO] [1776901686.914241938] [wrist_camera_usb_publisher_node]: USB camera publisher heartbeat: publishing 1280x720 frames on /wrist_mounted_camera/image; camera_info fx=920.87, fy=921.57, cx=644.76, cy=343.15.
[vision_apriltag-9] [INFO] [1776901686.960483037] [vision_apriltag_node]: Vision AprilTag detection debug: no tags found after raw/CLAHE/sharp/adaptive/upscaled/tiled passes.
[adl_ui-15] 127.0.0.1 - - [22/Apr/2026 19:48:07] "GET /status_json HTTP/1.1" 200 -
[vision_apriltag-9] [INFO] [1776901687.558711707] [vision_apriltag_node]: Service: Tag 0 found and base-frame pose returned.
[ros2_control_node-1] [WARN] [1776901687.608680223] [controller_manager]: Overrun might occur, Total time : 2645.023 us (Expected < 1000.000 us) --> Read time : 50.203 us, Update time : 284.182 us, Write time : 2310.638 us
[ros2_control_node-1] [WARN] [1776901687.608743578] [controller_manager]: Overrun detected! The controller manager missed its desired rate of 1000 Hz. The loop took 2.736873 ms (missed cycles : 3).
[joint_state_sanitizer-3] [WARN] [1776901688.125796330] [joint_state_sanitizer_node]: [joint_state_sanitizer] Published sanitized joint state: joint_3:+3.142->+3.132
[vision_apriltag-9] [INFO] [1776901688.126734234] [vision_apriltag_node]: Service: Tag 0 found and base-frame pose returned.
[adl_ui-15] 127.0.0.1 - - [22/Apr/2026 19:48:08] "GET /status_json HTTP/1.1" 200 -
[ros2_control_node-1] [WARN] [1776901688.609120698] [controller_manager]: Overrun might occur, Total time : 3091.242 us (Expected < 1000.000 us) --> Read time : 36.592 us, Update time : 233.952 us, Write time : 2820.698 us
[ros2_control_node-1] [WARN] [1776901688.609192847] [controller_manager]: Overrun detected! The controller manager missed its desired rate of 1000 Hz. The loop took 3.186341 ms (missed cycles : 4).
[vision_apriltag-9] [INFO] [1776901688.756592503] [vision_apriltag_node]: Vision AprilTag: images are arriving, but no AprilTag has been seen for 6.9s.
[adl_ui-15] 127.0.0.1 - - [22/Apr/2026 19:48:08] "GET /status_json HTTP/1.1" 200 -
[vision_apriltag-9] [INFO] [1776901689.131373071] [vision_apriltag_node]: Service: Tag 0 found and base-frame pose returned.
[ros2_control_node-1] [WARN] [1776901689.610008195] [controller_manager]: Overrun might occur, Total time : 2977.465 us (Expected < 1000.000 us) --> Read time : 44.458 us, Update time : 254.883 us, Write time : 2678.124 us
[ros2_control_node-1] [WARN] [1776901689.610098272] [controller_manager]: Overrun detected! The controller manager missed its desired rate of 1000 Hz. The loop took 3.091052 ms (missed cycles : 4).
[adl_ui-15] 127.0.0.1 - - [22/Apr/2026 19:48:09] "GET /status_json HTTP/1.1" 200 -
[vision_apriltag-9] [INFO] [1776901690.127619793] [vision_apriltag_node]: Service: Tag 0 found and base-frame pose returned.
[adl_ui-15] 127.0.0.1 - - [22/Apr/2026 19:48:10] "GET /status_json HTTP/1.1" 200 -
[ros2_control_node-1] [WARN] [1776901690.610013964] [controller_manager]: Overrun might occur, Total time : 2975.773 us (Expected < 1000.000 us) --> Read time : 57.939 us, Update time : 268.892 us, Write time : 2648.942 us
[ros2_control_node-1] [WARN] [1776901690.610102847] [controller_manager]: Overrun detected! The controller manager missed its desired rate of 1000 Hz. The loop took 3.095948 ms (missed cycles : 4).
[vision_apriltag-9] [INFO] [1776901690.884703003] [vision_apriltag_node]: Vision AprilTag: images are arriving, but no AprilTag has been seen for 9.0s.
[vision_apriltag-9] [INFO] [1776901691.127357593] [vision_apriltag_node]: Service: Tag 0 found and base-frame pose returned.
[adl_ui-15] 127.0.0.1 - - [22/Apr/2026 19:48:11] "GET /status_json HTTP/1.1" 200 -
[ros2_control_node-1] [WARN] [1776901691.612997469] [controller_manager]: Overrun might occur, Total time : 3943.174 us (Expected < 1000.000 us) --> Read time : 144.050 us, Update time : 438.457 us, Write time : 3360.667 us
[ros2_control_node-1] [WARN] [1776901691.613085534] [controller_manager]: Overrun detected! The controller manager missed its desired rate of 1000 Hz. The loop took 4.078428 ms (missed cycles : 5).
[adl_ui-15] 127.0.0.1 - - [22/Apr/2026 19:48:11] "GET /status_json HTTP/1.1" 200 -
[wrist_camera_usb_publisher-8] [INFO] [1776901692.070078323] [wrist_camera_usb_publisher_node]: USB camera publisher heartbeat: publishing 1280x720 frames on /wrist_mounted_camera/image; camera_info fx=920.87, fy=921.57, cx=644.76, cy=343.15.
[vision_apriltag-9] [INFO] [1776901692.128402094] [vision_apriltag_node]: Service: Tag 0 found and base-frame pose returned.
[vision_apriltag-9] [INFO] [1776901692.363161073] [vision_apriltag_node]: Vision AprilTag detection debug: no tags found after raw/CLAHE/sharp/adaptive/upscaled/tiled passes.
[ros2_control_node-1] [WARN] [1776901692.614627119] [controller_manager]: Overrun might occur, Total time : 2599.631 us (Expected < 1000.000 us) --> Read time : 39.473 us, Update time : 234.522 us, Write time : 2325.636 us
[ros2_control_node-1] [WARN] [1776901692.614703698] [controller_manager]: Overrun detected! The controller manager missed its desired rate of 1000 Hz. The loop took 2.697292 ms (missed cycles : 3).
[adl_ui-15] 127.0.0.1 - - [22/Apr/2026 19:48:12] "GET /status_json HTTP/1.1" 200 -
[vision_apriltag-9] [INFO] [1776901692.757142054] [vision_apriltag_node]: Vision AprilTag: images are arriving, but no AprilTag has been seen for 10.9s.
[vision_apriltag-9] [INFO] [1776901693.125983236] [vision_apriltag_node]: Service: Tag 0 found and base-frame pose returned.
[joint_state_sanitizer-3] [WARN] [1776901693.129438939] [joint_state_sanitizer_node]: [joint_state_sanitizer] Published sanitized joint state: joint_3:+3.142->+3.132
[adl_ui-15] 127.0.0.1 - - [22/Apr/2026 19:48:13] "GET /status_json HTTP/1.1" 200 -
[ros2_control_node-1] [WARN] [1776901693.614777657] [controller_manager]: Overrun might occur, Total time : 2747.276 us (Expected < 1000.000 us) --> Read time : 35.143 us, Update time : 199.545 us, Write time : 2512.588 us
[ros2_control_node-1] [WARN] [1776901693.614858806] [controller_manager]: Overrun detected! The controller manager missed its desired rate of 1000 Hz. The loop took 2.851820 ms (missed cycles : 3).
[vision_apriltag-9] [INFO] [1776901694.126432714] [vision_apriltag_node]: Service: Tag 0 found and base-frame pose returned.
[adl_ui-15] 127.0.0.1 - - [22/Apr/2026 19:48:14] "GET /status_json HTTP/1.1" 200 -
[ros2_control_node-1] [WARN] [1776901694.616560304] [controller_manager]: Overrun might occur, Total time : 2529.266 us (Expected < 1000.000 us) --> Read time : 51.504 us, Update time : 370.179 us, Write time : 2107.583 us
[ros2_control_node-1] [WARN] [1776901694.616642916] [controller_manager]: Overrun detected! The controller manager missed its desired rate of 1000 Hz. The loop took 2.636189 ms (missed cycles : 3).
[vision_apriltag-9] [INFO] [1776901694.756402974] [vision_apriltag_node]: Vision AprilTag: images are arriving, but no AprilTag has been seen for 12.9s.
[adl_ui-15] 127.0.0.1 - - [22/Apr/2026 19:48:14] "GET /status_json HTTP/1.1" 200 -
[vision_apriltag-9] [INFO] [1776901695.127785314] [vision_apriltag_node]: Service: Tag 0 found and base-frame pose returned.
[ros2_control_node-1] [WARN] [1776901695.617740055] [controller_manager]: Overrun might occur, Total time : 2710.893 us (Expected < 1000.000 us) --> Read time : 40.817 us, Update time : 249.884 us, Write time : 2420.192 us
[ros2_control_node-1] [WARN] [1776901695.617824977] [controller_manager]: Overrun detected! The controller manager missed its desired rate of 1000 Hz. The loop took 2.817784 ms (missed cycles : 3).
[adl_ui-15] 127.0.0.1 - - [22/Apr/2026 19:48:15] "GET /status_json HTTP/1.1" 200 -
[vision_apriltag-9] [INFO] [1776901696.128119922] [vision_apriltag_node]: Service: Tag 0 found and base-frame pose returned.
[adl_ui-15] 127.0.0.1 - - [22/Apr/2026 19:48:16] "GET /status_json HTTP/1.1" 200 -
[ros2_control_node-1] [WARN] [1776901696.618577772] [controller_manager]: Overrun might occur, Total time : 2546.110 us (Expected < 1000.000 us) --> Read time : 46.025 us, Update time : 278.880 us, Write time : 2221.205 us
[ros2_control_node-1] [WARN] [1776901696.618663347] [controller_manager]: Overrun detected! The controller manager missed its desired rate of 1000 Hz. The loop took 2.656144 ms (missed cycles : 3).
[vision_apriltag-9] [INFO] [1776901696.755817860] [vision_apriltag_node]: Vision AprilTag: images are arriving, but no AprilTag has been seen for 14.9s.
[vision_apriltag-9] [INFO] [1776901697.125465834] [vision_apriltag_node]: Service: Tag 0 found and base-frame pose returned.
[adl_ui-15] 127.0.0.1 - - [22/Apr/2026 19:48:17] "GET /status_json HTTP/1.1" 200 -
[wrist_camera_usb_publisher-8] [INFO] [1776901697.231076499] [wrist_camera_usb_publisher_node]: USB camera publisher heartbeat: publishing 1280x720 frames on /wrist_mounted_camera/image; camera_info fx=920.87, fy=921.57, cx=644.76, cy=343.15.
[vision_apriltag-9] [INFO] [1776901697.378892130] [vision_apriltag_node]: Vision AprilTag detection debug: no tags found after raw/CLAHE/sharp/adaptive/upscaled/tiled passes.
[ros2_control_node-1] [WARN] [1776901697.620528852] [controller_manager]: Overrun might occur, Total time : 3491.335 us (Expected < 1000.000 us) --> Read time : 53.152 us, Update time : 271.785 us, Write time : 3166.398 us
[ros2_control_node-1] [WARN] [1776901697.620610934] [controller_manager]: Overrun detected! The controller manager missed its desired rate of 1000 Hz. The loop took 3.604088 ms (missed cycles : 4).
[adl_ui-15] 127.0.0.1 - - [22/Apr/2026 19:48:17] "GET /status_json HTTP/1.1" 200 -
[vision_apriltag-9] [INFO] [1776901698.128829638] [vision_apriltag_node]: Service: Tag 0 found and base-frame pose returned.
[joint_state_sanitizer-3] [WARN] [1776901698.130659202] [joint_state_sanitizer_node]: [joint_state_sanitizer] Published sanitized joint state: joint_3:+3.142->+3.132
[ros2_control_node-1] [WARN] [1776901698.623479975] [controller_manager]: Overrun might occur, Total time : 2436.812 us (Expected < 1000.000 us) --> Read time : 51.797 us, Update time : 259.561 us, Write time : 2125.454 us
[ros2_control_node-1] [WARN] [1776901698.623546282] [controller_manager]: Overrun detected! The controller manager missed its desired rate of 1000 Hz. The loop took 2.539447 ms (missed cycles : 3).
[adl_ui-15] 127.0.0.1 - - [22/Apr/2026 19:48:18] "GET /status_json HTTP/1.1" 200 -
[vision_apriltag-9] [INFO] [1776901698.756552636] [vision_apriltag_node]: Vision AprilTag: images are arriving, but no AprilTag has been seen for 16.9s.
[vision_apriltag-9] [INFO] [1776901699.126063893] [vision_apriltag_node]: Service: Tag 0 found and base-frame pose returned.
[adl_ui-15] 127.0.0.1 - - [22/Apr/2026 19:48:19] "GET /status_json HTTP/1.1" 200 -
[ros2_control_node-1] [WARN] [1776901699.624620706] [controller_manager]: Overrun might occur, Total time : 2587.424 us (Expected < 1000.000 us) --> Read time : 37.946 us, Update time : 208.467 us, Write time : 2341.011 us
[ros2_control_node-1] [WARN] [1776901699.624715707] [controller_manager]: Overrun detected! The controller manager missed its desired rate of 1000 Hz. The loop took 2.708400 ms (missed cycles : 3).
[vision_apriltag-9] [INFO] [1776901700.127835797] [vision_apriltag_node]: Service: Tag 0 found and base-frame pose returned.
[adl_ui-15] 127.0.0.1 - - [22/Apr/2026 19:48:20] "GET /status_json HTTP/1.1" 200 -
[ros2_control_node-1] [WARN] [1776901700.625768541] [controller_manager]: Overrun might occur, Total time : 2738.814 us (Expected < 1000.000 us) --> Read time : 41.726 us, Update time : 244.247 us, Write time : 2452.841 us
[ros2_control_node-1] [WARN] [1776901700.625834225] [controller_manager]: Overrun detected! The controller manager missed its desired rate of 1000 Hz. The loop took 2.828000 ms (missed cycles : 3).
[vision_apriltag-9] [INFO] [1776901700.756116667] [vision_apriltag_node]: Vision AprilTag: images are arriving, but no AprilTag has been seen for 18.9s.
[adl_ui-15] 127.0.0.1 - - [22/Apr/2026 19:48:20] "GET /status_json HTTP/1.1" 200 -
[vision_apriltag-9] [INFO] [1776901701.125988313] [vision_apriltag_node]: Service: Tag 0 found and base-frame pose returned.
[ros2_control_node-1] [WARN] [1776901701.626828883] [controller_manager]: Overrun might occur, Total time : 2792.390 us (Expected < 1000.000 us) --> Read time : 47.340 us, Update time : 297.294 us, Write time : 2447.756 us
[ros2_control_node-1] [WARN] [1776901701.626939492] [controller_manager]: Overrun detected! The controller manager missed its desired rate of 1000 Hz. The loop took 2.932106 ms (missed cycles : 3).
[adl_ui-15] 127.0.0.1 - - [22/Apr/2026 19:48:21] "GET /status_json HTTP/1.1" 200 -
[vision_apriltag-9] [INFO] [1776901701.955648473] [vision_apriltag_node]: Removed stale tag ID 0 from detected tags
[wrist_camera_usb_publisher-8] [INFO] [1776901702.389932825] [wrist_camera_usb_publisher_node]: USB camera publisher heartbeat: publishing 1280x720 frames on /wrist_mounted_camera/image; camera_info fx=920.87, fy=921.57, cx=644.76, cy=343.15.
[adl_ui-15] 127.0.0.1 - - [22/Apr/2026 19:48:22] "GET /status_json HTTP/1.1" 200 -
[ros2_control_node-1] [WARN] [1776901702.627748941] [controller_manager]: Overrun might occur, Total time : 2707.969 us (Expected < 1000.000 us) --> Read time : 30.619 us, Update time : 209.877 us, Write time : 2467.473 us
[ros2_control_node-1] [WARN] [1776901702.627846566] [controller_manager]: Overrun detected! The controller manager missed its desired rate of 1000 Hz. The loop took 2.838692 ms (missed cycles : 3).
[vision_apriltag-9] [INFO] [1776901702.759183536] [vision_apriltag_node]: Vision AprilTag: images are arriving, but no AprilTag has been seen for 20.9s.
[vision_apriltag-9] [INFO] [1776901702.804329421] [vision_apriltag_node]: Vision AprilTag detection debug: no tags found after raw/CLAHE/sharp/adaptive/upscaled/tiled passes.
[joint_state_sanitizer-3] [WARN] [1776901703.132802793] [joint_state_sanitizer_node]: [joint_state_sanitizer] Published sanitized joint state: joint_3:+3.142->+3.132
[adl_ui-15] 127.0.0.1 - - [22/Apr/2026 19:48:23] "GET /status_json HTTP/1.1" 200 -
[ros2_control_node-1] [WARN] [1776901703.631443799] [controller_manager]: Overrun might occur, Total time : 3414.115 us (Expected < 1000.000 us) --> Read time : 37.044 us, Update time : 190.931 us, Write time : 3186.140 us
[ros2_control_node-1] [WARN] [1776901703.631520336] [controller_manager]: Overrun detected! The controller manager missed its desired rate of 1000 Hz. The loop took 3.513957 ms (missed cycles : 4).
[adl_ui-15] 127.0.0.1 - - [22/Apr/2026 19:48:23] "GET /status_json HTTP/1.1" 200 -
[ros2_control_node-1] [WARN] [1776901704.634550438] [controller_manager]: Overrun might occur, Total time : 2516.858 us (Expected < 1000.000 us) --> Read time : 47.735 us, Update time : 252.088 us, Write time : 2217.035 us
[ros2_control_node-1] [WARN] [1776901704.634644328] [controller_manager]: Overrun detected! The controller manager missed its desired rate of 1000 Hz. The loop took 2.637650 ms (missed cycles : 3).
[adl_ui-15] 127.0.0.1 - - [22/Apr/2026 19:48:24] "GET /status_json HTTP/1.1" 200 -
[vision_apriltag-9] [INFO] [1776901704.760639842] [vision_apriltag_node]: Vision AprilTag: images are arriving, but no AprilTag has been seen for 22.9s.
[adl_ui-15] 127.0.0.1 - - [22/Apr/2026 19:48:25] "GET /status_json HTTP/1.1" 200 -
[ros2_control_node-1] [WARN] [1776901705.637573868] [controller_manager]: Overrun might occur, Total time : 2546.449 us (Expected < 1000.000 us) --> Read time : 34.988 us, Update time : 201.204 us, Write time : 2310.257 us
[ros2_control_node-1] [WARN] [1776901705.637666800] [controller_manager]: Overrun detected! The controller manager missed its desired rate of 1000 Hz. The loop took 2.660178 ms (missed cycles : 3).
[adl_ui-15] 127.0.0.1 - - [22/Apr/2026 19:48:26] "GET /status_json HTTP/1.1" 200 -
[ros2_control_node-1] [WARN] [1776901706.640633406] [controller_manager]: Overrun might occur, Total time : 2597.045 us (Expected < 1000.000 us) --> Read time : 79.023 us, Update time : 366.873 us, Write time : 2151.149 us
[ros2_control_node-1] [WARN] [1776901706.640706493] [controller_manager]: Overrun detected! The controller manager missed its desired rate of 1000 Hz. The loop took 2.700050 ms (missed cycles : 3).
[vision_apriltag-9] [INFO] [1776901706.756346799] [vision_apriltag_node]: Vision AprilTag: images are arriving, but no AprilTag has been seen for 24.9s.
[adl_ui-15] 127.0.0.1 - - [22/Apr/2026 19:48:26] "GET /status_json HTTP/1.1" 200 -
[wrist_camera_usb_publisher-8] [INFO] [1776901707.391535726] [wrist_camera_usb_publisher_node]: USB camera publisher heartbeat: publishing 1280x720 frames on /wrist_mounted_camera/image; camera_info fx=920.87, fy=921.57, cx=644.76, cy=343.15.
[ros2_control_node-1] [WARN] [1776901707.641116314] [controller_manager]: Overrun might occur, Total time : 3082.545 us (Expected < 1000.000 us) --> Read time : 40.765 us, Update time : 280.962 us, Write time : 2760.818 us
[ros2_control_node-1] [WARN] [1776901707.641215402] [controller_manager]: Overrun detected! The controller manager missed its desired rate of 1000 Hz. The loop took 3.208331 ms (missed cycles : 4).
[adl_ui-15] 127.0.0.1 - - [22/Apr/2026 19:48:27] "GET /status_json HTTP/1.1" 200 -
[vision_apriltag-9] [INFO] [1776901708.012055510] [vision_apriltag_node]: Vision AprilTag detection debug: no tags found after raw/CLAHE/sharp/adaptive/upscaled/tiled passes.
[joint_state_sanitizer-3] [WARN] [1776901708.135473508] [joint_state_sanitizer_node]: [joint_state_sanitizer] Published sanitized joint state: joint_3:+3.142->+3.132
[adl_ui-15] 127.0.0.1 - - [22/Apr/2026 19:48:28] "GET /status_json HTTP/1.1" 200 -
[ros2_control_node-1] [WARN] [1776901708.645583365] [controller_manager]: Overrun might occur, Total time : 4547.269 us (Expected < 1000.000 us) --> Read time : 41.492 us, Update time : 234.128 us, Write time : 4271.649 us
[ros2_control_node-1] [WARN] [1776901708.645662232] [controller_manager]: Overrun detected! The controller manager missed its desired rate of 1000 Hz. The loop took 4.655085 ms (missed cycles : 5).
[vision_apriltag-9] [INFO] [1776901708.756427795] [vision_apriltag_node]: Vision AprilTag: images are arriving, but no AprilTag has been seen for 26.9s.
[adl_ui-15] 127.0.0.1 - - [22/Apr/2026 19:48:29] "GET /status_json HTTP/1.1" 200 -
[ros2_control_node-1] [WARN] [1776901709.648635469] [controller_manager]: Overrun might occur, Total time : 2606.148 us (Expected < 1000.000 us) --> Read time : 44.210 us, Update time : 243.111 us, Write time : 2318.827 us
[ros2_control_node-1] [WARN] [1776901709.648692347] [controller_manager]: Overrun detected! The controller manager missed its desired rate of 1000 Hz. The loop took 2.686294 ms (missed cycles : 3).
[adl_ui-15] 127.0.0.1 - - [22/Apr/2026 19:48:29] "GET /status_json HTTP/1.1" 200 -
[vision_apriltag-9] [INFO] [1776901710.269544951] [vision_apriltag_node]: Vision AprilTag visible IDs: [0]
[ros2_control_node-1] [WARN] [1776901710.652685142] [controller_manager]: Overrun might occur, Total time : 3649.070 us (Expected < 1000.000 us) --> Read time : 46.663 us, Update time : 255.067 us, Write time : 3347.340 us
[ros2_control_node-1] [WARN] [1776901710.652796222] [controller_manager]: Overrun detected! The controller manager missed its desired rate of 1000 Hz. The loop took 3.789466 ms (missed cycles : 4).
[adl_ui-15] 127.0.0.1 - - [22/Apr/2026 19:48:30] "GET /status_json HTTP/1.1" 200 -
[vision_apriltag-9] [INFO] [1776901711.126377945] [vision_apriltag_node]: Service: Tag 0 found and base-frame pose returned.
[adl_ui-15] 127.0.0.1 - - [22/Apr/2026 19:48:31] "GET /status_json HTTP/1.1" 200 -
[ros2_control_node-1] [WARN] [1776901711.653636986] [controller_manager]: Overrun might occur, Total time : 3579.973 us (Expected < 1000.000 us) --> Read time : 30.918 us, Update time : 266.096 us, Write time : 3282.959 us
[ros2_control_node-1] [WARN] [1776901711.653709466] [controller_manager]: Overrun detected! The controller manager missed its desired rate of 1000 Hz. The loop took 3.702623 ms (missed cycles : 4).
[adl_ui-15] 127.0.0.1 - - [22/Apr/2026 19:48:32] "GET /status_json HTTP/1.1" 200 -
[vision_apriltag-9] [INFO] [1776901712.364912767] [vision_apriltag_node]: Service: Tag 0 found and base-frame pose returned.
[wrist_camera_usb_publisher-8] [INFO] [1776901712.553462298] [wrist_camera_usb_publisher_node]: USB camera publisher heartbeat: publishing 1280x720 frames on /wrist_mounted_camera/image; camera_info fx=920.87, fy=921.57, cx=644.76, cy=343.15.
[ros2_control_node-1] [WARN] [1776901712.653790881] [controller_manager]: Overrun might occur, Total time : 2741.469 us (Expected < 1000.000 us) --> Read time : 33.158 us, Update time : 186.247 us, Write time : 2522.064 us
[ros2_control_node-1] [WARN] [1776901712.653859280] [controller_manager]: Overrun detected! The controller manager missed its desired rate of 1000 Hz. The loop took 2.853152 ms (missed cycles : 3).
[vision_apriltag-9] [INFO] [1776901712.756448716] [vision_apriltag_node]: Vision AprilTag: images are arriving, but no AprilTag has been seen for 2.5s.
[adl_ui-15] 127.0.0.1 - - [22/Apr/2026 19:48:32] "GET /status_json HTTP/1.1" 200 -
[vision_apriltag-9] [INFO] [1776901713.118666299] [vision_apriltag_node]: Vision AprilTag detection debug: no tags found after raw/CLAHE/sharp/adaptive/upscaled/tiled passes.
[vision_apriltag-9] [INFO] [1776901713.129031665] [vision_apriltag_node]: Service: Tag 0 found and base-frame pose returned.
[joint_state_sanitizer-3] [WARN] [1776901713.135818832] [joint_state_sanitizer_node]: [joint_state_sanitizer] Published sanitized joint state: joint_3:+3.142->+3.132
[ros2_control_node-1] [WARN] [1776901713.658644552] [controller_manager]: Overrun might occur, Total time : 4607.496 us (Expected < 1000.000 us) --> Read time : 64.796 us, Update time : 397.986 us, Write time : 4144.714 us
[ros2_control_node-1] [WARN] [1776901713.658731693] [controller_manager]: Overrun detected! The controller manager missed its desired rate of 1000 Hz. The loop took 4.724069 ms (missed cycles : 5).
[adl_ui-15] 127.0.0.1 - - [22/Apr/2026 19:48:33] "GET /status_json HTTP/1.1" 200 -
[vision_apriltag-9] [INFO] [1776901714.128148971] [vision_apriltag_node]: Service: Tag 0 found and base-frame pose returned.
[adl_ui-15] 127.0.0.1 - - [22/Apr/2026 19:48:34] "GET /status_json HTTP/1.1" 200 -
[ros2_control_node-1] [WARN] [1776901714.659091909] [controller_manager]: Overrun might occur, Total time : 3060.732 us (Expected < 1000.000 us) --> Read time : 45.898 us, Update time : 248.140 us, Write time : 2766.694 us
[ros2_control_node-1] [WARN] [1776901714.659163929] [controller_manager]: Overrun detected! The controller manager missed its desired rate of 1000 Hz. The loop took 3.157326 ms (missed cycles : 4).
[vision_apriltag-9] [INFO] [1776901714.759519280] [vision_apriltag_node]: Vision AprilTag: images are arriving, but no AprilTag has been seen for 4.5s.
[vision_apriltag-9] [INFO] [1776901715.127761158] [vision_apriltag_node]: Service: Tag 0 found and base-frame pose returned.
[adl_ui-15] 127.0.0.1 - - [22/Apr/2026 19:48:35] "GET /status_json HTTP/1.1" 200 -
[ros2_control_node-1] [WARN] [1776901715.661601702] [controller_manager]: Overrun might occur, Total time : 2568.308 us (Expected < 1000.000 us) --> Read time : 40.148 us, Update time : 242.919 us, Write time : 2285.241 us
[ros2_control_node-1] [WARN] [1776901715.661676648] [controller_manager]: Overrun detected! The controller manager missed its desired rate of 1000 Hz. The loop took 2.669869 ms (missed cycles : 3).
[adl_ui-15] 127.0.0.1 - - [22/Apr/2026 19:48:35] "GET /status_json HTTP/1.1" 200 -
[vision_apriltag-9] [INFO] [1776901716.128067565] [vision_apriltag_node]: Service: Tag 0 found and base-frame pose returned.
[ros2_control_node-1] [WARN] [1776901716.665062994] [controller_manager]: Overrun might occur, Total time : 3029.413 us (Expected < 1000.000 us) --> Read time : 42.883 us, Update time : 220.732 us, Write time : 2765.798 us
[ros2_control_node-1] [WARN] [1776901716.665146869] [controller_manager]: Overrun detected! The controller manager missed its desired rate of 1000 Hz. The loop took 3.140518 ms (missed cycles : 4).
[adl_ui-15] 127.0.0.1 - - [22/Apr/2026 19:48:36] "GET /status_json HTTP/1.1" 200 -
[vision_apriltag-9] [INFO] [1776901717.126510198] [vision_apriltag_node]: Service: Tag 0 found and base-frame pose returned.
[adl_ui-15] 127.0.0.1 - - [22/Apr/2026 19:48:37] "GET /status_json HTTP/1.1" 200 -
[ros2_control_node-1] [WARN] [1776901717.666403610] [controller_manager]: Overrun might occur, Total time : 2370.551 us (Expected < 1000.000 us) --> Read time : 45.466 us, Update time : 226.872 us, Write time : 2098.213 us
[ros2_control_node-1] [WARN] [1776901717.666473720] [controller_manager]: Overrun detected! The controller manager missed its desired rate of 1000 Hz. The loop took 2.467123 ms (missed cycles : 3).
[wrist_camera_usb_publisher-8] [INFO] [1776901717.709653523] [wrist_camera_usb_publisher_node]: USB camera publisher heartbeat: publishing 1280x720 frames on /wrist_mounted_camera/image; camera_info fx=920.87, fy=921.57, cx=644.76, cy=343.15.
[vision_apriltag-9] [INFO] [1776901718.126448441] [vision_apriltag_node]: Service: Tag 0 found and base-frame pose returned.
[joint_state_sanitizer-3] [WARN] [1776901718.138410581] [joint_state_sanitizer_node]: [joint_state_sanitizer] Published sanitized joint state: joint_3:+3.142->+3.132
[adl_ui-15] 127.0.0.1 - - [22/Apr/2026 19:48:38] "GET /status_json HTTP/1.1" 200 -
[vision_apriltag-9] [INFO] [1776901718.484321485] [vision_apriltag_node]: Vision AprilTag detection debug: no tags found after raw/CLAHE/sharp/adaptive/upscaled/tiled passes.
[ros2_control_node-1] [WARN] [1776901718.668522477] [controller_manager]: Overrun might occur, Total time : 2492.128 us (Expected < 1000.000 us) --> Read time : 37.869 us, Update time : 229.393 us, Write time : 2224.866 us
[ros2_control_node-1] [WARN] [1776901718.668588162] [controller_manager]: Overrun detected! The controller manager missed its desired rate of 1000 Hz. The loop took 2.581607 ms (missed cycles : 3).
[vision_apriltag-9] [INFO] [1776901718.757839107] [vision_apriltag_node]: Vision AprilTag: images are arriving, but no AprilTag has been seen for 2.1s.
[adl_ui-15] 127.0.0.1 - - [22/Apr/2026 19:48:38] "GET /status_json HTTP/1.1" 200 -
[vision_apriltag-9] [INFO] [1776901719.132149222] [vision_apriltag_node]: Service: Tag 0 found and base-frame pose returned.
[ros2_control_node-1] [WARN] [1776901719.669347297] [controller_manager]: Overrun might occur, Total time : 2323.328 us (Expected < 1000.000 us) --> Read time : 28.564 us, Update time : 214.164 us, Write time : 2080.600 us
[ros2_control_node-1] [WARN] [1776901719.669416376] [controller_manager]: Overrun detected! The controller manager missed its desired rate of 1000 Hz. The loop took 2.409523 ms (missed cycles : 3).
[adl_ui-15] 127.0.0.1 - - [22/Apr/2026 19:48:39] "GET /status_json HTTP/1.1" 200 -
[vision_apriltag-9] [INFO] [1776901720.130732462] [vision_apriltag_node]: Service: Tag 0 found and base-frame pose returned.
[adl_ui-15] 127.0.0.1 - - [22/Apr/2026 19:48:40] "GET /status_json HTTP/1.1" 200 -
[ros2_control_node-1] [WARN] [1776901720.673500582] [controller_manager]: Overrun might occur, Total time : 6468.888 us (Expected < 1000.000 us) --> Read time : 39.760 us, Update time : 212.822 us, Write time : 6216.306 us
[ros2_control_node-1] [WARN] [1776901720.673581831] [controller_manager]: Overrun detected! The controller manager missed its desired rate of 1000 Hz. The loop took 6.574845 ms (missed cycles : 7).
[vision_apriltag-9] [INFO] [1776901720.759989562] [vision_apriltag_node]: Vision AprilTag: images are arriving, but no AprilTag has been seen for 4.1s.
[vision_apriltag-9] [INFO] [1776901721.127301018] [vision_apriltag_node]: Service: Tag 0 found and base-frame pose returned.
[adl_ui-15] 127.0.0.1 - - [22/Apr/2026 19:48:41] "GET /status_json HTTP/1.1" 200 -
[ros2_control_node-1] [WARN] [1776901721.676487974] [controller_manager]: Overrun might occur, Total time : 2461.325 us (Expected < 1000.000 us) --> Read time : 29.555 us, Update time : 218.671 us, Write time : 2213.099 us
[ros2_control_node-1] [WARN] [1776901721.676550587] [controller_manager]: Overrun detected! The controller manager missed its desired rate of 1000 Hz. The loop took 2.544559 ms (missed cycles : 3).
[adl_ui-15] 127.0.0.1 - - [22/Apr/2026 19:48:41] "GET /status_json HTTP/1.1" 200 -
[vision_apriltag-9] [INFO] [1776901722.126936300] [vision_apriltag_node]: Service: Tag 0 found and base-frame pose returned.
[ros2_control_node-1] [WARN] [1776901722.676693693] [controller_manager]: Overrun might occur, Total time : 2639.204 us (Expected < 1000.000 us) --> Read time : 24.308 us, Update time : 201.516 us, Write time : 2413.380 us
[ros2_control_node-1] [WARN] [1776901722.676768408] [controller_manager]: Overrun detected! The controller manager missed its desired rate of 1000 Hz. The loop took 2.761783 ms (missed cycles : 3).
[adl_ui-15] 127.0.0.1 - - [22/Apr/2026 19:48:42] "GET /status_json HTTP/1.1" 200 -
[vision_apriltag-9] [INFO] [1776901722.758615127] [vision_apriltag_node]: Vision AprilTag: images are arriving, but no AprilTag has been seen for 6.1s.
[wrist_camera_usb_publisher-8] [INFO] [1776901722.867096404] [wrist_camera_usb_publisher_node]: USB camera publisher heartbeat: publishing 1280x720 frames on /wrist_mounted_camera/image; camera_info fx=920.87, fy=921.57, cx=644.76, cy=343.15.
[vision_apriltag-9] [INFO] [1776901723.125634605] [vision_apriltag_node]: Service: Tag 0 found and base-frame pose returned.
[joint_state_sanitizer-3] [WARN] [1776901723.139862681] [joint_state_sanitizer_node]: [joint_state_sanitizer] Published sanitized joint state: joint_3:+3.142->+3.132
[adl_ui-15] 127.0.0.1 - - [22/Apr/2026 19:48:43] "GET /status_json HTTP/1.1" 200 -
[vision_apriltag-9] [INFO] [1776901723.509862721] [vision_apriltag_node]: Vision AprilTag detection debug: no tags found after raw/CLAHE/sharp/adaptive/upscaled/tiled passes.
[ros2_control_node-1] [WARN] [1776901723.677713093] [controller_manager]: Overrun might occur, Total time : 2670.235 us (Expected < 1000.000 us) --> Read time : 78.445 us, Update time : 272.105 us, Write time : 2319.685 us
[ros2_control_node-1] [WARN] [1776901723.677779857] [controller_manager]: Overrun detected! The controller manager missed its desired rate of 1000 Hz. The loop took 2.773219 ms (missed cycles : 3).
[vision_apriltag-9] [INFO] [1776901724.126908718] [vision_apriltag_node]: Service: Tag 0 found and base-frame pose returned.
[adl_ui-15] 127.0.0.1 - - [22/Apr/2026 19:48:44] "GET /status_json HTTP/1.1" 200 -
[adl_ui-15] [INFO] [1776901724.256431313] [adl_ui_node]: UI command published: clear_table
[clear_table-13] [INFO] [1776901724.256570884] [clear_table_node]: Received clear_table command. Starting task execution.
[clear_table-13] [INFO] [1776901724.262224079] [clear_table_node]: Starting Clear Table Task...
[adl_ui-15] 127.0.0.1 - - [22/Apr/2026 19:48:44] "POST /command HTTP/1.1" 200 -
[scene_from_vision-10] [INFO] [1776901724.270569734] [scene_from_vision_node]: Scene memory cleared. Removed remembered IDs: []
[clear_table-13] [INFO] [1776901724.316712539] [clear_table_node]: Scene memory cleared. Removed remembered IDs: []
[clear_table-13] [INFO] [1776901724.319069352] [clear_table_node]: [Layout] BIN preset alignment: preset=(0.891, 0.000) vs center=(0.891, 0.000) (dx_center=+0.000, dy=+0.000), dx_from_drop_target=+0.000.
[clear_table-13] [INFO] [1776901724.321375440] [clear_table_node]: [Layout] SHELF preset alignment: left=(0.760, 0.225), right=(0.760, 0.145), shelf_center_x=0.881, shelf_drop_x=0.760, dx_center(left/right)=(-0.121/-0.121), dx_drop(left/right)=(+0.000/+0.000).
[adl_ui-15] 127.0.0.1 - - [22/Apr/2026 19:48:44] "GET /status_json HTTP/1.1" 200 -
[clear_table-13] [INFO] [1776901724.335224282] [clear_table_node]: Added temporary table guard ring 'clear_table_startup_guard' (margin=0.0127m, height=0.200m, thickness=0.0127m).
[clear_table-13] [INFO] [1776901724.536615064] [clear_table_node]: Scene LOCKED.
[scene_from_vision-10] [INFO] [1776901724.540374154] [scene_from_vision_node]: Scene LOCKED - updates paused.
[ros2_control_node-1] [WARN] [1776901724.677853554] [controller_manager]: Overrun might occur, Total time : 2805.768 us (Expected < 1000.000 us) --> Read time : 51.203 us, Update time : 259.112 us, Write time : 2495.453 us
[ros2_control_node-1] [WARN] [1776901724.677953438] [controller_manager]: Overrun detected! The controller manager missed its desired rate of 1000 Hz. The loop took 2.946592 ms (missed cycles : 3).
[clear_table-13] [INFO] [1776901724.688621274] [clear_table_node]: Moving to perform the initial scene scan for clear table task...
[clear_table-13] [INFO] [1776901724.690657910] [clear_table_node]: is_near_look_at_table: current arm is not at target (worst=joint_7:1.487 rad > 0.080).
[clear_table-13] [INFO] [1776901724.691321691] [clear_table_node]: look_at_table: planning to LOOK_AT_TABLE_JOINTS.
[move_group-20] [ERROR] [1776901724.696816834] [move_group.moveit.moveit.core.conversions]: Found empty JointState message
[clear_table-13] [ERROR] [1776901724.709427538] [clear_table_node]: Start state: INVALID — 5 contact(s):
[clear_table-13] [ERROR] [1776901724.710498794] [clear_table_node]:   COLLISION: robotiq_85_left_finger_link <-> clear_table_startup_guard_front, depth=0.0003m
[clear_table-13] [ERROR] [1776901724.711314128] [clear_table_node]:   COLLISION: robotiq_85_left_knuckle_link <-> clear_table_startup_guard_front, depth=0.0025m
[clear_table-13] [ERROR] [1776901724.712187251] [clear_table_node]:   COLLISION: robotiq_85_left_finger_link <-> table_edge_lip_front, depth=0.0244m
[clear_table-13] [ERROR] [1776901724.713244024] [clear_table_node]:   COLLISION: robotiq_85_left_finger_tip_link <-> table_edge_lip_front, depth=0.0026m
[clear_table-13] [ERROR] [1776901724.714375002] [clear_table_node]:   COLLISION: robotiq_85_left_knuckle_link <-> table_edge_lip_front, depth=0.0010m
[move_group-20] [INFO] [1776901724.715838550] [move_group.moveit.moveit.ros.move_group.move_action]: MoveGroupMoveAction: Received request
[move_group-20] [INFO] [1776901724.716022161] [move_group.moveit.moveit.ros.move_group.move_action]: executing..
[move_group-20] [INFO] [1776901724.721591353] [move_group.moveit.moveit.ros.move_group.move_action]: Combined planning and execution request received for MoveGroup action. Forwarding to planning and execution pipeline.
[move_group-20] [WARN] [1776901724.721674625] [move_group.moveit.moveit.ros.move_group.capability]: Execution of motions should always start at the robot's current state. Ignoring the state supplied as start state in the motion planning request
[move_group-20] [WARN] [1776901724.721697086] [move_group.moveit.moveit.ros.move_group.capability]: Execution of motions should always start at the robot's current state. Ignoring the state supplied as difference in the planning scene diff
[move_group-20] [INFO] [1776901724.721709628] [move_group.moveit.moveit.ros.plan_execution]: Planning attempt 1 of at most 1
[move_group-20] [INFO] [1776901724.723074531] [move_group]: Calling PlanningRequestAdapter 'ResolveConstraintFrames'
[move_group-20] [INFO] [1776901724.723166706] [move_group]: Calling PlanningRequestAdapter 'ValidateWorkspaceBounds'
[move_group-20] [INFO] [1776901724.723184722] [move_group]: Calling PlanningRequestAdapter 'CheckStartStateBounds'
[move_group-20] [INFO] [1776901724.723212757] [move_group]: Calling PlanningRequestAdapter 'CheckStartStateCollision'
[move_group-20] [ERROR] [1776901724.723405784] [move_group]: PlanningRequestAdapter 'CheckStartStateCollision' failed, because '5 contact(s) detected : clear_table_startup_guard_front - robotiq_85_left_finger_link, clear_table_startup_guard_front - robotiq_85_left_knuckle_link, robotiq_85_left_finger_link - table_edge_lip_front, robotiq_85_left_finger_tip_link - table_edge_lip_front, robotiq_85_left_knuckle_link - table_edge_lip_front, '. Aborting planning pipeline.
[move_group-20] [INFO] [1776901724.723545962] [move_group.moveit.moveit.ros.move_group.move_action]: START_STATE_IN_COLLISION
[clear_table-13] [ERROR] [1776901724.739094902] [clear_table_node]: MoveGroup execution failed.
[clear_table-13]   error_code.val = -10
[clear_table-13]   group_name      = manipulator
[clear_table-13]   num_attempts    = 10
[clear_table-13]   allowed_time    = 15.0
[clear_table-13]   vel_scale       = 0.25
[clear_table-13]   accel_scale     = 0.25
[clear_table-13] If this persists, check move_group / controller logs for the meaning of this code (often control abort, invalid start state, or planning pipeline failure).
[clear_table-13] [WARN] [1776901724.740121588] [clear_table_node]: _recover_after_failure(): MoveGroup error_code=-10
[vision_apriltag-9] [INFO] [1776901724.756225562] [vision_apriltag_node]: Vision AprilTag: scene is locked; detection publishing is paused.
[adl_ui-15] 127.0.0.1 - - [22/Apr/2026 19:48:45] "GET /status_json HTTP/1.1" 200 -
[ros2_control_node-1] [WARN] [1776901725.678419228] [controller_manager]: Overrun might occur, Total time : 3395.235 us (Expected < 1000.000 us) --> Read time : 30.484 us, Update time : 225.978 us, Write time : 3138.773 us
[ros2_control_node-1] [WARN] [1776901725.678491524] [controller_manager]: Overrun detected! The controller manager missed its desired rate of 1000 Hz. The loop took 3.485659 ms (missed cycles : 4).
[adl_ui-15] 127.0.0.1 - - [22/Apr/2026 19:48:45] "GET /status_json HTTP/1.1" 200 -
[clear_table-13] [ERROR] [1776901725.951312364] [clear_table_node]: Initial scene scan move failed. Clear Table will stop before enabling vision.
[clear_table-13] [INFO] [1776901725.952054940] [clear_table_node]: Scene UNLOCKED.
[scene_from_vision-10] [INFO] [1776901725.953366234] [scene_from_vision_node]: Scene UNLOCKED - updates resuming.
[clear_table-13] [INFO] [1776901726.104072551] [clear_table_node]: Removing startup table guard ring before aborting after failed startup scan pose.
[clear_table-13] [INFO] [1776901726.105303594] [clear_table_node]: Removed temporary table guard ring 'clear_table_startup_guard'.
[vision_apriltag-9] [INFO] [1776901726.125606749] [vision_apriltag_node]: Service: Tag 0 found and base-frame pose returned.
[adl_controller-11] [INFO] [1776901726.344724950] [adl_controller_node]: is_near_retract: current arm is not at target (worst=joint_7:1.420 rad > 0.100).
[adl_controller-11] [INFO] [1776901726.345332915] [adl_controller_node]: is_near_home: current arm is not at target (worst=joint_7:1.420 rad > 0.100).
[adl_controller-11] [INFO] [1776901726.345968243] [adl_controller_node]: go_retract: planning to RETRACT_JOINTS...
[move_group-20] [ERROR] [1776901726.346787481] [move_group.moveit.moveit.core.conversions]: Found empty JointState message
[adl_controller-11] [ERROR] [1776901726.352464639] [adl_controller_node]: Start state: INVALID — 3 contact(s):
[adl_controller-11] [ERROR] [1776901726.353989872] [adl_controller_node]:   COLLISION: robotiq_85_left_finger_link <-> table_edge_lip_front, depth=0.0244m
[adl_controller-11] [ERROR] [1776901726.355162271] [adl_controller_node]:   COLLISION: robotiq_85_left_finger_tip_link <-> table_edge_lip_front, depth=0.0026m
[adl_controller-11] [ERROR] [1776901726.356071652] [adl_controller_node]:   COLLISION: robotiq_85_left_knuckle_link <-> table_edge_lip_front, depth=0.0010m
[move_group-20] [INFO] [1776901726.357404130] [move_group.moveit.moveit.ros.move_group.move_action]: MoveGroupMoveAction: Received request
[move_group-20] [INFO] [1776901726.357582802] [move_group.moveit.moveit.ros.move_group.move_action]: executing..
[move_group-20] [INFO] [1776901726.368129563] [move_group.moveit.moveit.ros.move_group.move_action]: Combined planning and execution request received for MoveGroup action. Forwarding to planning and execution pipeline.
[move_group-20] [WARN] [1776901726.368314757] [move_group.moveit.moveit.ros.move_group.capability]: Execution of motions should always start at the robot's current state. Ignoring the state supplied as start state in the motion planning request
[move_group-20] [WARN] [1776901726.368338206] [move_group.moveit.moveit.ros.move_group.capability]: Execution of motions should always start at the robot's current state. Ignoring the state supplied as difference in the planning scene diff
[move_group-20] [INFO] [1776901726.368350297] [move_group.moveit.moveit.ros.plan_execution]: Planning attempt 1 of at most 1
[move_group-20] [INFO] [1776901726.368848803] [move_group]: Calling PlanningRequestAdapter 'ResolveConstraintFrames'
[move_group-20] [INFO] [1776901726.368883301] [move_group]: Calling PlanningRequestAdapter 'ValidateWorkspaceBounds'
[move_group-20] [INFO] [1776901726.368898736] [move_group]: Calling PlanningRequestAdapter 'CheckStartStateBounds'
[move_group-20] [INFO] [1776901726.368933666] [move_group]: Calling PlanningRequestAdapter 'CheckStartStateCollision'
[move_group-20] [ERROR] [1776901726.369075503] [move_group]: PlanningRequestAdapter 'CheckStartStateCollision' failed, because '3 contact(s) detected : robotiq_85_left_finger_link - table_edge_lip_front, robotiq_85_left_finger_tip_link - table_edge_lip_front, robotiq_85_left_knuckle_link - table_edge_lip_front, '. Aborting planning pipeline.
[move_group-20] [INFO] [1776901726.369186534] [move_group.moveit.moveit.ros.move_group.move_action]: START_STATE_IN_COLLISION
[adl_controller-11] [ERROR] [1776901726.375830992] [adl_controller_node]: MoveGroup execution failed.
[adl_controller-11]   error_code.val = -10
[adl_controller-11]   group_name      = manipulator
[adl_controller-11]   num_attempts    = 10
[adl_controller-11]   allowed_time    = 15.0
[adl_controller-11]   vel_scale       = 0.25
[adl_controller-11]   accel_scale     = 0.25
[adl_controller-11] If this persists, check move_group / controller logs for the meaning of this code (often control abort, invalid start state, or planning pipeline failure).
[adl_controller-11] [WARN] [1776901726.376699109] [adl_controller_node]: _recover_after_failure(): MoveGroup error_code=-10
[adl_ui-15] 127.0.0.1 - - [22/Apr/2026 19:48:46] "GET /status_json HTTP/1.1" 200 -
[ros2_control_node-1] [WARN] [1776901726.681559665] [controller_manager]: Overrun might occur, Total time : 2520.857 us (Expected < 1000.000 us) --> Read time : 43.228 us, Update time : 227.479 us, Write time : 2250.150 us
[ros2_control_node-1] [WARN] [1776901726.681696828] [controller_manager]: Overrun detected! The controller manager missed its desired rate of 1000 Hz. The loop took 2.688420 ms (missed cycles : 3).
[vision_apriltag-9] [INFO] [1776901726.757436888] [vision_apriltag_node]: Vision AprilTag: images are arriving, but no AprilTag has been seen for 10.1s.
[vision_apriltag-9] [INFO] [1776901727.125741873] [vision_apriltag_node]: Service: Tag 0 found and base-frame pose returned.
[adl_ui-15] 127.0.0.1 - - [22/Apr/2026 19:48:47] "GET /status_json HTTP/1.1" 200 -
[adl_controller-11] [INFO] [1776901727.681092136] [adl_controller_node]: is_near_retract: current arm is not at target (worst=joint_7:1.420 rad > 0.100).
[adl_controller-11] [INFO] [1776901727.682432104] [adl_controller_node]: is_near_home: current arm is not at target (worst=joint_7:1.420 rad > 0.100).
[ros2_control_node-1] [WARN] [1776901727.685341788] [controller_manager]: Overrun might occur, Total time : 5308.165 us (Expected < 1000.000 us) --> Read time : 45.259 us, Update time : 290.606 us, Write time : 4972.300 us
[ros2_control_node-1] [WARN] [1776901727.685424913] [controller_manager]: Overrun detected! The controller manager missed its desired rate of 1000 Hz. The loop took 5.417649 ms (missed cycles : 6).
[adl_controller-11] [WARN] [1776901727.687815372] [adl_controller_node]: Retract park did not complete cleanly; trying go_home fallback.
[adl_controller-11] [INFO] [1776901727.688456880] [adl_controller_node]: go_home: planning to HOME_JOINTS...
[wrist_camera_usb_publisher-8] [INFO] [1776901727.876221855] [wrist_camera_usb_publisher_node]: USB camera publisher heartbeat: publishing 1280x720 frames on /wrist_mounted_camera/image; camera_info fx=920.87, fy=921.57, cx=644.76, cy=343.15.
[adl_ui-15] 127.0.0.1 - - [22/Apr/2026 19:48:48] "GET /status_json HTTP/1.1" 200 -
[vision_apriltag-9] [INFO] [1776901728.130206727] [vision_apriltag_node]: Service: Tag 0 found and base-frame pose returned.
[joint_state_sanitizer-3] [WARN] [1776901728.145935816] [joint_state_sanitizer_node]: [joint_state_sanitizer] Published sanitized joint state: joint_3:+3.142->+3.132
[ros2_control_node-1] [WARN] [1776901728.687017862] [controller_manager]: Overrun might occur, Total time : 2992.342 us (Expected < 1000.000 us) --> Read time : 32.687 us, Update time : 213.746 us, Write time : 2745.909 us
[ros2_control_node-1] [WARN] [1776901728.687083375] [controller_manager]: Overrun detected! The controller manager missed its desired rate of 1000 Hz. The loop took 3.076788 ms (missed cycles : 4).
[adl_ui-15] 127.0.0.1 - - [22/Apr/2026 19:48:48] "GET /status_json HTTP/1.1" 200 -
[move_group-20] [ERROR] [1776901728.833712743] [move_group.moveit.moveit.core.conversions]: Found empty JointState message
[adl_controller-11] [ERROR] [1776901728.838206033] [adl_controller_node]: Start state: INVALID — 3 contact(s):
[adl_controller-11] [ERROR] [1776901728.839016365] [adl_controller_node]:   COLLISION: robotiq_85_left_finger_link <-> table_edge_lip_front, depth=0.0244m
[adl_controller-11] [ERROR] [1776901728.841956104] [adl_controller_node]:   COLLISION: robotiq_85_left_finger_tip_link <-> table_edge_lip_front, depth=0.0026m
[adl_controller-11] [ERROR] [1776901728.857987811] [adl_controller_node]:   COLLISION: robotiq_85_left_knuckle_link <-> table_edge_lip_front, depth=0.0010m
[move_group-20] [INFO] [1776901728.869701403] [move_group.moveit.moveit.ros.move_group.move_action]: MoveGroupMoveAction: Received request
[move_group-20] [INFO] [1776901728.870544415] [move_group.moveit.moveit.ros.move_group.move_action]: executing..
[move_group-20] [INFO] [1776901728.882547978] [move_group.moveit.moveit.ros.move_group.move_action]: Combined planning and execution request received for MoveGroup action. Forwarding to planning and execution pipeline.
[move_group-20] [WARN] [1776901728.883311730] [move_group.moveit.moveit.ros.move_group.capability]: Execution of motions should always start at the robot's current state. Ignoring the state supplied as start state in the motion planning request
[move_group-20] [WARN] [1776901728.883336585] [move_group.moveit.moveit.ros.move_group.capability]: Execution of motions should always start at the robot's current state. Ignoring the state supplied as difference in the planning scene diff
[move_group-20] [INFO] [1776901728.883348753] [move_group.moveit.moveit.ros.plan_execution]: Planning attempt 1 of at most 1
[move_group-20] [INFO] [1776901728.888051960] [move_group]: Calling PlanningRequestAdapter 'ResolveConstraintFrames'
[move_group-20] [INFO] [1776901728.888105444] [move_group]: Calling PlanningRequestAdapter 'ValidateWorkspaceBounds'
[move_group-20] [INFO] [1776901728.888373975] [move_group]: Calling PlanningRequestAdapter 'CheckStartStateBounds'
[move_group-20] [INFO] [1776901728.888413561] [move_group]: Calling PlanningRequestAdapter 'CheckStartStateCollision'
[move_group-20] [ERROR] [1776901728.888544442] [move_group]: PlanningRequestAdapter 'CheckStartStateCollision' failed, because '3 contact(s) detected : robotiq_85_left_finger_link - table_edge_lip_front, robotiq_85_left_finger_tip_link - table_edge_lip_front, robotiq_85_left_knuckle_link - table_edge_lip_front, '. Aborting planning pipeline.
[move_group-20] [INFO] [1776901728.888655586] [move_group.moveit.moveit.ros.move_group.move_action]: START_STATE_IN_COLLISION
[adl_controller-11] [ERROR] [1776901728.904010148] [adl_controller_node]: MoveGroup execution failed.
[adl_controller-11]   error_code.val = -10
[adl_controller-11]   group_name      = manipulator
[adl_controller-11]   num_attempts    = 10
[adl_controller-11]   allowed_time    = 20.0
[adl_controller-11]   vel_scale       = 0.25
[adl_controller-11]   accel_scale     = 0.25
[adl_controller-11] If this persists, check move_group / controller logs for the meaning of this code (often control abort, invalid start state, or planning pipeline failure).
[adl_controller-11] [WARN] [1776901728.910946429] [adl_controller_node]: _recover_after_failure(): MoveGroup error_code=-10
[vision_apriltag-9] [INFO] [1776901729.008007248] [vision_apriltag_node]: Vision AprilTag detection debug: no tags found after raw/CLAHE/sharp/adaptive/upscaled/tiled passes.
[vision_apriltag-9] [INFO] [1776901729.129408225] [vision_apriltag_node]: Service: Tag 0 found and base-frame pose returned.
[adl_ui-15] 127.0.0.1 - - [22/Apr/2026 19:48:49] "GET /status_json HTTP/1.1" 200 -
[ros2_control_node-1] [WARN] [1776901729.687397095] [controller_manager]: Overrun might occur, Total time : 3360.917 us (Expected < 1000.000 us) --> Read time : 41.903 us, Update time : 262.552 us, Write time : 3056.462 us
[ros2_control_node-1] [WARN] [1776901729.687486924] [controller_manager]: Overrun detected! The controller manager missed its desired rate of 1000 Hz. The loop took 3.479035 ms (missed cycles : 4).
[adl_controller-11] [ERROR] [1776901730.126103506] [adl_controller_node]: go_home: failed. Not attempting automatic collision-disabled recovery on hardware.
[vision_apriltag-9] [INFO] [1776901730.128230371] [vision_apriltag_node]: Service: Tag 0 found and base-frame pose returned.
[adl_controller-11] [INFO] [1776901730.229168226] [adl_controller_node]: is_near_retract: current arm is not at target (worst=joint_7:1.420 rad > 0.100).
[adl_controller-11] [INFO] [1776901730.230757808] [adl_controller_node]: is_near_home: current arm is not at target (worst=joint_7:1.420 rad > 0.100).
[adl_controller-11] [INFO] [1776901730.233804891] [adl_controller_node]: is_near_retract: current arm is not at target (worst=joint_7:1.420 rad > 0.100).
[adl_controller-11] [INFO] [1776901730.234972948] [adl_controller_node]: is_near_home: current arm is not at target (worst=joint_7:1.420 rad > 0.100).
[adl_ui-15] 127.0.0.1 - - [22/Apr/2026 19:48:50] "GET /status_json HTTP/1.1" 200 -
[adl_controller-11] [INFO] [1776901730.494060130] [adl_controller_node]: is_near_retract: current arm is not at target (worst=joint_7:1.420 rad > 0.100).
[adl_controller-11] [INFO] [1776901730.502856917] [adl_controller_node]: is_near_home: current arm is not at target (worst=joint_7:1.420 rad > 0.100).
[ros2_control_node-1] [WARN] [1776901730.689041580] [controller_manager]: Overrun might occur, Total time : 3007.254 us (Expected < 1000.000 us) --> Read time : 45.570 us, Update time : 262.717 us, Write time : 2698.967 us
[ros2_control_node-1] [WARN] [1776901730.689124122] [controller_manager]: Overrun detected! The controller manager missed its desired rate of 1000 Hz. The loop took 3.117245 ms (missed cycles : 4).
[adl_controller-11] [INFO] [1776901730.753585484] [adl_controller_node]: is_near_retract: current arm is not at target (worst=joint_7:1.420 rad > 0.100).
[adl_controller-11] [INFO] [1776901730.755831544] [adl_controller_node]: is_near_home: current arm is not at target (worst=joint_7:1.420 rad > 0.100).
[adl_controller-11] [INFO] [1776901731.008820250] [adl_controller_node]: is_near_retract: current arm is not at target (worst=joint_7:1.420 rad > 0.100).
[adl_controller-11] [INFO] [1776901731.010168531] [adl_controller_node]: is_near_home: current arm is not at target (worst=joint_7:1.420 rad > 0.100).
[adl_ui-15] 127.0.0.1 - - [22/Apr/2026 19:48:51] "GET /status_json HTTP/1.1" 200 -
[vision_apriltag-9] [INFO] [1776901731.126551649] [vision_apriltag_node]: Service: Tag 0 found and base-frame pose returned.
[adl_controller-11] [INFO] [1776901731.261392644] [adl_controller_node]: is_near_retract: current arm is not at target (worst=joint_7:1.420 rad > 0.100).
[adl_controller-11] [INFO] [1776901731.264234338] [adl_controller_node]: is_near_home: current arm is not at target (worst=joint_7:1.420 rad > 0.100).
[adl_controller-11] [INFO] [1776901731.515321157] [adl_controller_node]: is_near_retract: current arm is not at target (worst=joint_7:1.420 rad > 0.100).
[adl_controller-11] [INFO] [1776901731.516206437] [adl_controller_node]: is_near_home: current arm is not at target (worst=joint_7:1.420 rad > 0.100).
[ros2_control_node-1] [WARN] [1776901731.690133462] [controller_manager]: Overrun might occur, Total time : 3089.893 us (Expected < 1000.000 us) --> Read time : 59.909 us, Update time : 326.364 us, Write time : 2703.620 us
[ros2_control_node-1] [WARN] [1776901731.690234148] [controller_manager]: Overrun detected! The controller manager missed its desired rate of 1000 Hz. The loop took 3.227050 ms (missed cycles : 4).
[adl_controller-11] [INFO] [1776901731.767605799] [adl_controller_node]: is_near_retract: current arm is not at target (worst=joint_7:1.420 rad > 0.100).
[adl_controller-11] [INFO] [1776901731.768373913] [adl_controller_node]: is_near_home: current arm is not at target (worst=joint_7:1.420 rad > 0.100).
[adl_ui-15] 127.0.0.1 - - [22/Apr/2026 19:48:51] "GET /status_json HTTP/1.1" 200 -
[adl_controller-11] [INFO] [1776901732.019726965] [adl_controller_node]: is_near_retract: current arm is not at target (worst=joint_7:1.420 rad > 0.100).
[adl_controller-11] [INFO] [1776901732.020618657] [adl_controller_node]: is_near_home: current arm is not at target (worst=joint_7:1.420 rad > 0.100).
[vision_apriltag-9] [INFO] [1776901732.125956751] [vision_apriltag_node]: Service: Tag 0 found and base-frame pose returned.
[adl_controller-11] [INFO] [1776901732.271563161] [adl_controller_node]: is_near_retract: current arm is not at target (worst=joint_7:1.420 rad > 0.100).
[adl_controller-11] [INFO] [1776901732.272938153] [adl_controller_node]: is_near_home: current arm is not at target (worst=joint_7:1.420 rad > 0.100).
[adl_controller-11] [INFO] [1776901732.524161549] [adl_controller_node]: is_near_retract: current arm is not at target (worst=joint_7:1.420 rad > 0.100).
[adl_controller-11] [INFO] [1776901732.525014627] [adl_controller_node]: is_near_home: current arm is not at target (worst=joint_7:1.420 rad > 0.100).
[adl_ui-15] 127.0.0.1 - - [22/Apr/2026 19:48:52] "GET /status_json HTTP/1.1" 200 -
[ros2_control_node-1] [WARN] [1776901732.692750848] [controller_manager]: Overrun might occur, Total time : 2705.452 us (Expected < 1000.000 us) --> Read time : 69.341 us, Update time : 275.875 us, Write time : 2360.236 us
[ros2_control_node-1] [WARN] [1776901732.692845874] [controller_manager]: Overrun detected! The controller manager missed its desired rate of 1000 Hz. The loop took 2.839426 ms (missed cycles : 3).
[adl_controller-11] [INFO] [1776901732.775680443] [adl_controller_node]: is_near_retract: current arm is not at target (worst=joint_7:1.420 rad > 0.100).
[adl_controller-11] [INFO] [1776901732.776422567] [adl_controller_node]: is_near_home: current arm is not at target (worst=joint_7:1.420 rad > 0.100).
[wrist_camera_usb_publisher-8] [INFO] [1776901733.025035752] [wrist_camera_usb_publisher_node]: USB camera publisher heartbeat: publishing 1280x720 frames on /wrist_mounted_camera/image; camera_info fx=920.87, fy=921.57, cx=644.76, cy=343.15.
[adl_controller-11] [INFO] [1776901733.027152765] [adl_controller_node]: is_near_retract: current arm is not at target (worst=joint_7:1.420 rad > 0.100).
[adl_controller-11] [INFO] [1776901733.027985728] [adl_controller_node]: is_near_home: current arm is not at target (worst=joint_7:1.420 rad > 0.100).
[vision_apriltag-9] [INFO] [1776901733.125794059] [vision_apriltag_node]: Service: Tag 0 found and base-frame pose returned.
[joint_state_sanitizer-3] [WARN] [1776901733.144061003] [joint_state_sanitizer_node]: [joint_state_sanitizer] Published sanitized joint state: joint_3:+3.142->+3.132
[adl_controller-11] [INFO] [1776901733.278949949] [adl_controller_node]: is_near_retract: current arm is not at target (worst=joint_7:1.420 rad > 0.100).
[adl_controller-11] [INFO] [1776901733.280351285] [adl_controller_node]: is_near_home: current arm is not at target (worst=joint_7:1.420 rad > 0.100).
[adl_ui-15] 127.0.0.1 - - [22/Apr/2026 19:48:53] "GET /status_json HTTP/1.1" 200 -
[adl_controller-11] [INFO] [1776901733.531537827] [adl_controller_node]: is_near_retract: current arm is not at target (worst=joint_7:1.420 rad > 0.100).
[adl_controller-11] [INFO] [1776901733.532496795] [adl_controller_node]: is_near_home: current arm is not at target (worst=joint_7:1.420 rad > 0.100).
[ros2_control_node-1] [WARN] [1776901733.693576635] [controller_manager]: Overrun might occur, Total time : 2521.772 us (Expected < 1000.000 us) --> Read time : 68.641 us, Update time : 269.435 us, Write time : 2183.696 us
[ros2_control_node-1] [WARN] [1776901733.693706502] [controller_manager]: Overrun detected! The controller manager missed its desired rate of 1000 Hz. The loop took 2.698999 ms (missed cycles : 3).
[adl_controller-11] [INFO] [1776901733.785470808] [adl_controller_node]: is_near_retract: current arm is not at target (worst=joint_7:1.420 rad > 0.100).
[adl_controller-11] [INFO] [1776901733.786687290] [adl_controller_node]: is_near_home: current arm is not at target (worst=joint_7:1.420 rad > 0.100).
[adl_controller-11] [INFO] [1776901734.037561676] [adl_controller_node]: is_near_retract: current arm is not at target (worst=joint_7:1.420 rad > 0.100).
[adl_controller-11] [INFO] [1776901734.038397530] [adl_controller_node]: is_near_home: current arm is not at target (worst=joint_7:1.420 rad > 0.100).
[adl_ui-15] 127.0.0.1 - - [22/Apr/2026 19:48:54] "GET /status_json HTTP/1.1" 200 -
[vision_apriltag-9] [INFO] [1776901734.080474266] [vision_apriltag_node]: Vision AprilTag detection debug: no tags found after raw/CLAHE/sharp/adaptive/upscaled/tiled passes.
[vision_apriltag-9] [INFO] [1776901734.126192273] [vision_apriltag_node]: Service: Tag 0 found and base-frame pose returned.
[adl_controller-11] [INFO] [1776901734.289345551] [adl_controller_node]: is_near_retract: current arm is not at target (worst=joint_7:1.420 rad > 0.100).
[adl_controller-11] [INFO] [1776901734.290073578] [adl_controller_node]: is_near_home: current arm is not at target (worst=joint_7:1.420 rad > 0.100).
