
===== 2026-04-23T19:55:01-04:00 | T1_full =====
cwd=/home/carrt-cse-project/workspace/ros2_kortex_ws
cmd=ros2 launch adl_tasks adl_start.launch.py controller_update_rate:=1000 arm_use_fake_hardware:=false arm_robot_ip:=192.168.0.10 launch_rviz:=true 

[INFO] [launch]: All log files can be found below /home/carrt-cse-project/.ros/log/2026-04-23-19-55-01-849567-carrt-cse-project-OptiPlex-5050-114393
[INFO] [launch]: Default logging verbosity is set to INFO
[INFO] [launch.user]: [arm_start.launch] MoveIt current state source: /joint_states_sanitized. Use use_joint_state_sanitizer:=false for raw-state viewer debugging.
[INFO] [launch.user]: [arm_start.launch] Using ADL controller config (share/adl_tasks/config/ros2_controllers_vbox.yaml, update_rate:=1000 Hz).
[INFO] [ros2_control_node-1]: process started with pid [114400]
[INFO] [robot_state_publisher-2]: process started with pid [114401]
[INFO] [joint_state_sanitizer-3]: process started with pid [114402]
[INFO] [spawner-4]: process started with pid [114403]
[INFO] [static_transform_publisher-5]: process started with pid [114404]
[INFO] [static_transform_publisher-6]: process started with pid [114405]
[INFO] [scene_static-7]: process started with pid [114406]
[INFO] [wrist_camera_usb_publisher-8]: process started with pid [114407]
[INFO] [vision_apriltag-9]: process started with pid [114408]
[INFO] [scene_from_vision-10]: process started with pid [114409]
[INFO] [adl_controller-11]: process started with pid [114410]
[INFO] [pick_dropped_bottle-12]: process started with pid [114411]
[INFO] [clear_table-13]: process started with pid [114412]
[INFO] [give_medication-14]: process started with pid [114413]
[INFO] [adl_ui-15]: process started with pid [114414]
[static_transform_publisher-5] [INFO] [1776988502.300928043] [static_transform_publisher]: Spinning until stopped - publishing transform
[static_transform_publisher-5] translation: ('0.000000', '0.000000', '0.000000')
[static_transform_publisher-5] rotation: ('0.000000', '0.000000', '0.000000', '1.000000')
[static_transform_publisher-5] from 'world' to 'base_link'
[static_transform_publisher-6] [INFO] [1776988502.405121805] [camera_color_optical_bridge_tf_pub]: Spinning until stopped - publishing transform
[static_transform_publisher-6] translation: ('0.000000', '0.000000', '0.000000')
[static_transform_publisher-6] rotation: ('0.000000', '0.000000', '0.000000', '1.000000')
[static_transform_publisher-6] from 'camera_color_frame' to 'wrist_mounted_camera_color_optical_frame'
[robot_state_publisher-2] [INFO] [1776988502.407295084] [robot_state_publisher]: Robot initialized
[ros2_control_node-1] [INFO] [1776988502.558596705] [controller_manager]: Using Steady (Monotonic) clock for triggering controller manager cycles.
[ros2_control_node-1] [INFO] [1776988502.612835112] [controller_manager]: Subscribing to '/robot_description' topic for robot description.
[ros2_control_node-1] [INFO] [1776988502.631226465] [controller_manager]: update rate is 1000 Hz
[ros2_control_node-1] [INFO] [1776988502.631280524] [controller_manager]: Overruns handling is : enabled
[ros2_control_node-1] [INFO] [1776988502.631297408] [controller_manager]: Spawning controller_manager RT thread with scheduler priority: 50
[ros2_control_node-1] [INFO] [1776988502.631752157] [controller_manager]: Successful set up FIFO RT scheduling policy with priority 50.
[ros2_control_node-1] [INFO] [1776988502.633536794] [controller_manager]: Received robot description from topic.
[ros2_control_node-1] [INFO] [1776988502.633612343] [controller_manager]: Enforcing command limits is disabled. Command limits from URDF will be ignored.
[ros2_control_node-1] [INFO] [1776988502.655065266] [controller_manager]: Loading hardware 'KortexMultiInterfaceHardware' 
[ros2_control_node-1] [INFO] [1776988502.696045269] [KortexMultiInterfaceHardware]: Setting severity threshold to DEBUG
[ros2_control_node-1] [INFO] [1776988502.696742838] [controller_manager]: Loaded hardware 'KortexMultiInterfaceHardware' from plugin 'kortex_driver/KortexMultiInterfaceHardware'
[ros2_control_node-1] [INFO] [1776988502.697413405] [controller_manager]: Initialize hardware 'KortexMultiInterfaceHardware' 
[ros2_control_node-1] [INFO] [1776988502.737276317] [KortexMultiInterfaceHardware]: Configuring Hardware Interface
[ros2_control_node-1] [INFO] [1776988502.737665564] [KortexMultiInterfaceHardware]: Robot ip is '192.168.0.10'
[ros2_control_node-1] [INFO] [1776988502.737681891] [KortexMultiInterfaceHardware]: Username is 'admin'
[ros2_control_node-1] [INFO] [1776988502.737696712] [KortexMultiInterfaceHardware]: Port used '10000'
[ros2_control_node-1] [INFO] [1776988502.737705047] [KortexMultiInterfaceHardware]: Realtime port used '10001'
[ros2_control_node-1] [INFO] [1776988502.737711307] [KortexMultiInterfaceHardware]: Session inactivity timeout is '60000'
[ros2_control_node-1] [INFO] [1776988502.737718555] [KortexMultiInterfaceHardware]: Connection inactivity timeout is '2000'
[ros2_control_node-1] [INFO] [1776988502.737726611] [KortexMultiInterfaceHardware]: Gripper joint name is 'robotiq_85_left_knuckle_joint'
[ros2_control_node-1] [INFO] [1776988502.737763364] [KortexMultiInterfaceHardware]: Connecting to robot at 192.168.0.10
[ros2_control_node-1] [INFO] [1776988502.747529211] [KortexMultiInterfaceHardware]: Creating session for communication
[ros2_control_node-1] [INFO] [1776988503.068984581] [KortexMultiInterfaceHardware]: Session created
[adl_ui-15] [INFO] [1776988503.540888925] [adl_ui_node]: ADL UI Node started.
[adl_ui-15] [INFO] [1776988503.541779079] [adl_ui_node]: Automatic retract on UI load is disabled; startup sends no motion.
[adl_ui-15]  * Serving Flask app 'adl_tasks.adl_ui'
[adl_ui-15]  * Debug mode: off
[adl_ui-15] [INFO] [1776988503.549120471] [adl_ui_node]: Web UI available at http://localhost:5000
[adl_ui-15] WARNING: This is a development server. Do not use it in a production deployment. Use a production WSGI server instead.
[adl_ui-15]  * Running on all addresses (0.0.0.0)
[adl_ui-15]  * Running on http://127.0.0.1:5000
[adl_ui-15]  * Running on http://192.168.0.231:5000
[adl_ui-15] Press CTRL+C to quit
[spawner-4] [INFO] [1776988503.760539234] [spawner_joint_state_broadcaster]: waiting for service /controller_manager/list_controllers to become available...
[joint_state_sanitizer-3] [INFO] [1776988503.891847534] [joint_state_sanitizer_node]: joint_state_sanitizer started. raw=/joint_states -> sanitized=/joint_states_sanitized
[ros2_control_node-1] [INFO] [1776988503.896777055] [KortexMultiInterfaceHardware]: Actuator count reported by robot is '7'
[ros2_control_node-1] [INFO] [1776988503.897011278] [KortexMultiInterfaceHardware]: Using internal bus communication for gripper!
[ros2_control_node-1] [INFO] [1776988503.897022946] [KortexMultiInterfaceHardware]: Hardware Interface successfully configured
[ros2_control_node-1] [INFO] [1776988503.897121225] [controller_manager]: Successful initialization of hardware 'KortexMultiInterfaceHardware'
[ros2_control_node-1] [DEBUG] [1776988503.897222629] [KortexMultiInterfaceHardware]: export_state_interfaces for joint: joint_1
[ros2_control_node-1] [DEBUG] [1776988503.897255392] [KortexMultiInterfaceHardware]: export_state_interfaces for joint: joint_2
[ros2_control_node-1] [DEBUG] [1776988503.897270934] [KortexMultiInterfaceHardware]: export_state_interfaces for joint: joint_3
[ros2_control_node-1] [DEBUG] [1776988503.897278432] [KortexMultiInterfaceHardware]: export_state_interfaces for joint: joint_4
[ros2_control_node-1] [DEBUG] [1776988503.897284626] [KortexMultiInterfaceHardware]: export_state_interfaces for joint: joint_5
[ros2_control_node-1] [DEBUG] [1776988503.897290920] [KortexMultiInterfaceHardware]: export_state_interfaces for joint: joint_6
[ros2_control_node-1] [DEBUG] [1776988503.897295330] [KortexMultiInterfaceHardware]: export_state_interfaces for joint: joint_7
[ros2_control_node-1] [DEBUG] [1776988503.897299908] [KortexMultiInterfaceHardware]: export_state_interfaces for joint: robotiq_85_left_knuckle_joint
[ros2_control_node-1] [INFO] [1776988503.899651241] [resource_manager]: 'configure' hardware 'KortexMultiInterfaceHardware' 
[ros2_control_node-1] [INFO] [1776988503.899698913] [resource_manager]: Successful 'configure' of hardware 'KortexMultiInterfaceHardware'
[ros2_control_node-1] [INFO] [1776988503.899782292] [resource_manager]: 'activate' hardware 'KortexMultiInterfaceHardware' 
[ros2_control_node-1] [INFO] [1776988503.899810355] [KortexMultiInterfaceHardware]: Activating KortexMultiInterfaceHardware...
[ros2_control_node-1] [INFO] [1776988503.904735672] [KortexMultiInterfaceHardware]: Gripper initial position is '14.410482'.
[ros2_control_node-1] [INFO] [1776988503.910372607] [KortexMultiInterfaceHardware]: KortexMultiInterfaceHardware successfully activated!
[ros2_control_node-1] [INFO] [1776988503.910424438] [resource_manager]: Successful 'activate' of hardware 'KortexMultiInterfaceHardware'
[ros2_control_node-1] [INFO] [1776988503.910791174] [controller_manager]: Registering statistics for : KortexMultiInterfaceHardware
[ros2_control_node-1] [INFO] [1776988503.911011645] [controller_manager]: Resource Manager has been successfully initialized. Starting Controller Manager services...
[ros2_control_node-1] [WARN] [1776988503.919779319] [controller_manager]: Overrun might occur, Total time : 8887.554 us (Expected < 1000.000 us) --> Read time : 4522.206 us, Update time : 33.745 us, Write time : 4331.603 us
[ros2_control_node-1] [WARN] [1776988503.919873225] [controller_manager]: Overrun detected! The controller manager missed its desired rate of 1000 Hz. The loop took 9.016293 ms (missed cycles : 10).
[vision_apriltag-9] [INFO] [1776988504.233060306] [vision_apriltag_node]: Vision AprilTag Node Started
[vision_apriltag-9] [INFO] [1776988504.236424658] [vision_apriltag_node]: Subscribing to camera topic: /wrist_mounted_camera/image
[vision_apriltag-9] [INFO] [1776988504.239118293] [vision_apriltag_node]: Subscribing to camera info topic: /wrist_mounted_camera/camera_info
[vision_apriltag-9] [INFO] [1776988504.241792887] [vision_apriltag_node]: Camera frame: wrist_mounted_camera_color_optical_frame | use_image_header_frame=True
[vision_apriltag-9] [INFO] [1776988504.244687659] [vision_apriltag_node]: Tag size: 0.025m | pose_cache_retention_s=20.0 | get_pose_wait_timeout_s=5.0 | max_returned_pose_age_s=20.0 | camera_params=[554.25, 554.25, 320.0, 240.0] | families=tag36h11 | quad_decimate=1.0 | requested_backend=opencv | backend=cv2.aruco | opencv_pose_solver=ippe_square | use_image_timestamp_for_tf=False
[vision_apriltag-9] [INFO] [1776988504.247474129] [vision_apriltag_node]: Top-tag known-plane projection: enabled=True, planes={3: 0.13995, 4: 0.174438}
[vision_apriltag-9] [INFO] [1776988504.250940908] [vision_apriltag_node]: pupil_apriltags tuning: nthreads=1, quad_sigma=0.0, refine_edges=1, decode_sharpening=0.25, debug=0, preprocess_variants=['raw', 'clahe', 'adaptive', 'clahe_sharp', 'clahe_up2', 'sharp_up2'], tile_search_if_empty=True, tile_search_grid=3x2, tile_search_scale=2.0, tile_search_overlap=0.25
[vision_apriltag-9] [WARN] [1776988504.256097358] [vision_apriltag_node]: pupil_apriltags is not importable by this node, so detection is using OpenCV fallback only. python=/usr/bin/python3, import_error=No module named 'pupil_apriltags'. If .venv contains pupil_apriltags, rebuild adl_tasks with that venv active or run the module with the venv Python.
[vision_apriltag-9] [INFO] [1776988504.260745999] [vision_apriltag_node]: Publishing AprilTag debug images on /vision_apriltag/debug_image at up to 1.0 Hz.
[pick_dropped_bottle-12] [INFO] [1776988504.398623659] [pick_dropped_bottle_node]: PickDroppedBottle starting...
[clear_table-13] [INFO] [1776988504.425943280] [clear_table_node]: Clear Table Node Started
[scene_static-7] [INFO] [1776988504.627913457] [scene_static_node]: Static Scene Node started.
[scene_static-7] [INFO] [1776988504.628956538] [scene_static_node]: WHEELCHAIR_BASE_HEIGHT = 0.36195m  |  Table surface at z = 0.118m | Table front-edge-from-base = 0.406m | Table center at x = 0.681m | table_edge_lip_margin=0.0127m | table_edge_lip_thickness=0.0127m | table_edge_lip_height=0.480m | include_wheelchair_wall=True | include_left_desk_wall=True | include_right_desk_wall=True | include_arm_base_under_block=True | include_arm_base_side_lips=True | include_arm_base_left_back_block=True | include_arm_base_right_back_half_block=True
[scene_static-7] [INFO] [1776988504.629917167] [scene_static_node]: Wheelchair wall geometry: center=(-0.465, 0.000, 0.482) size=(0.450, 0.700, 1.688)
[scene_static-7] [INFO] [1776988504.631005827] [scene_static_node]: Arm-base under-block geometry: center=(0.000, 0.000, -0.212) size=(0.302, 0.378, 0.300) | platform=(0.200, 0.200) | margins(front/back=0.051, left/right=0.089)
[scene_static-7] [INFO] [1776988504.631851342] [scene_static_node]: Arm-base side-lip geometry: left_y=0.198, right_y=-0.198, center_z=-0.047, size=(0.314, 0.006, 0.030) | x_offset=-0.076, outset=0.006, front/back_margin=0.006
[scene_static-7] [INFO] [1776988504.633235868] [scene_static_node]: Arm-base left-back block geometry: center=(-0.177, 0.312, 0.482) size=(0.100, 0.408, 1.688) | inner_faces(x=-0.127, y=0.108) | left_wall_inner_face_y=0.504 | into_left_wall=0.013
[scene_static-7] [INFO] [1776988504.634773281] [scene_static_node]: Arm-base right-back half block geometry: center=(-0.177, -0.312, 0.060) size=(0.100, 0.408, 0.844) | inner_faces(x=-0.127, y=-0.108) | right_wall_inner_face_y=-0.504 | into_right_wall=0.013
[scene_from_vision-10] [INFO] [1776988504.827074019] [scene_from_vision_node]: Scene From Vision Node Started
[clear_table-13] [INFO] [1776988504.843031222] [clear_table_node]: MoveItHelper initialized. joint_state_topic=/joint_states_sanitized (sanitized_expected=True) real_hardware_mode=True short_cartesian_mode=hybrid
[clear_table-13] [INFO] [1776988504.844214688] [clear_table_node]: ADL_DIRECT_FIXED_JOINTS is unset; defaulting fixed-joint direct trajectories to disabled on real hardware (collision-aware MoveIt path first).
[clear_table-13] [INFO] [1776988504.858745003] [clear_table_node]: Vision Client initialized, waiting for service...
[clear_table-13] [INFO] [1776988504.859727192] [clear_table_node]: Vision service is ready.
[clear_table-13] [INFO] [1776988504.885690497] [clear_table_node]: Clear Table Node ready. Waiting for command.
[clear_table-13] [INFO] [1776988504.886613604] [clear_table_node]: Startup motion disabled at node load; motion begins only after clear_table command.
[clear_table-13] [INFO] [1776988504.887560353] [clear_table_node]: clear_table scan flags: top_only_scan_mode=False (ADL_CLEAR_TABLE_TOP_ONLY_SCAN='false'), two_phase_require_side_sweep_before_priority_exit=True (ADL_CLEAR_TABLE_REQUIRE_SIDE_SWEEP='true'), two_phase_top_full_sweep_before_priority_exit=True.
[pick_dropped_bottle-12] [INFO] [1776988504.895432201] [pick_dropped_bottle_node]: MoveItHelper initialized. joint_state_topic=/joint_states_sanitized (sanitized_expected=True) real_hardware_mode=True short_cartesian_mode=hybrid
[pick_dropped_bottle-12] [INFO] [1776988504.896628549] [pick_dropped_bottle_node]: ADL_DIRECT_FIXED_JOINTS is unset; defaulting fixed-joint direct trajectories to disabled on real hardware (collision-aware MoveIt path first).
[give_medication-14] [INFO] [1776988504.904656661] [give_medication_node]: give_medication starting...
[pick_dropped_bottle-12] [INFO] [1776988504.918698196] [pick_dropped_bottle_node]: Vision Client initialized, waiting for service...
[pick_dropped_bottle-12] [INFO] [1776988504.920135505] [pick_dropped_bottle_node]: Vision service is ready.
[ros2_control_node-1] [WARN] [1776988504.922883727] [controller_manager]: Overrun might occur, Total time : 3999.061 us (Expected < 1000.000 us) --> Read time : 44.306 us, Update time : 26.167 us, Write time : 3928.588 us
[ros2_control_node-1] [WARN] [1776988504.922955187] [controller_manager]: Overrun detected! The controller manager missed its desired rate of 1000 Hz. The loop took 4.098339 ms (missed cycles : 5).
[pick_dropped_bottle-12] [INFO] [1776988504.931423112] [pick_dropped_bottle_node]: PickDroppedBottle ready. Waiting for command.
[pick_dropped_bottle-12] [INFO] [1776988504.932189732] [pick_dropped_bottle_node]: Startup motion disabled at node load; motion begins only after pick_dropped_bottle command.
[wrist_camera_usb_publisher-8] [INFO] [1776988504.933333513] [wrist_camera_usb_publisher_node]: USB camera publisher: trying camera source index 2.
[scene_from_vision-10] [INFO] [1776988504.938111528] [scene_from_vision_node]: SceneFromVision: Updating planning scene. Tracking 5 object shape(s). memory_mode=True, scan_duration_s=5.0, scan_min_samples=3, scan_target_samples=8, scan_extend_step_s=1.5, scan_max_extensions=2, scan_prune_unseen_objects=False, continuous_scene_updates=False, latch_first_detection_updates=True, log_object_pose_debug=False, apply_planning_scene_service_updates=True, publish_monitored_planning_scene_updates=True, side_viewpoint=wrist_mounted_camera_color_optical_frame->base_link, reject_table_objects_outside_bounds=False.
[scene_from_vision-10] [INFO] [1776988504.939670330] [scene_from_vision_node]: SceneFromVision calibration: xy_offset=(0.000, 0.000), z_offset=0.000, yaw_deg=0.00, xy_scale=1.0000, clamp_table_objects_to_table_bounds=False, table_bounds_margin_m=0.030.
[scene_from_vision-10] [INFO] [1776988504.942147038] [scene_from_vision_node]: SceneFromVision object offsets: remote_axis=y, remote_tag_to_center_sign=-1.0, remote_tag_from_end_m=0.020, remote_world_offset=(-0.040, 0.000), cube_tag_to_center=(0.000, 0.000), cube_world_offset=(0.000, -0.006), cube_yaw_offset_deg=0.0, medication_world_offset=(-0.090, -0.030), medication_face_to_center_m=0.030, cup_world_offset=(-0.085, -0.040), cup_face_to_center_m=0.031.
[give_medication-14] [INFO] [1776988504.985669208] [give_medication_node]: MoveItHelper initialized. joint_state_topic=/joint_states_sanitized (sanitized_expected=True) real_hardware_mode=True short_cartesian_mode=hybrid
[give_medication-14] [INFO] [1776988504.986782175] [give_medication_node]: ADL_DIRECT_FIXED_JOINTS is unset; defaulting fixed-joint direct trajectories to disabled on real hardware (collision-aware MoveIt path first).
[give_medication-14] [INFO] [1776988504.996632696] [give_medication_node]: Vision Client initialized, waiting for service...
[wrist_camera_usb_publisher-8] [INFO] [1776988505.034380289] [wrist_camera_usb_publisher_node]: USB camera publisher: opened camera source index 2.
[wrist_camera_usb_publisher-8] [INFO] [1776988505.035405337] [wrist_camera_usb_publisher_node]: Wrist Camera USB Publisher started.
[wrist_camera_usb_publisher-8] [INFO] [1776988505.036326929] [wrist_camera_usb_publisher_node]: Publishing USB camera frames on /wrist_mounted_camera/image with frame_id=wrist_mounted_camera_color_optical_frame.
[wrist_camera_usb_publisher-8] [INFO] [1776988505.036951197] [wrist_camera_usb_publisher_node]: Publishing camera info on /wrist_mounted_camera/camera_info from reference intrinsics [554.25, 554.25, 320.0, 240.0] @ 640x480.
[wrist_camera_usb_publisher-8] [INFO] [1776988505.037547148] [wrist_camera_usb_publisher_node]: Using explicit camera_matrix for CameraInfo. matrix_size=1280x720, K=[920.874267578125, 0.0, 644.7646484375, 0.0, 921.5654907226562, 343.1528625488281, 0.0, 0.0, 1.0], d=[0.0, 0.0, 0.0, 0.0, 0.0]
[wrist_camera_usb_publisher-8] [INFO] [1776988505.038133155] [wrist_camera_usb_publisher_node]: Requested source=2 size=1280x720 fps=10.0
[wrist_camera_usb_publisher-8] [INFO] [1776988505.675083558] [wrist_camera_usb_publisher_node]: USB camera info active intrinsics: size=1280x720, fx=920.87, fy=921.57, cx=644.76, cy=343.15, d=array('d', [0.0, 0.0, 0.0, 0.0, 0.0])
[wrist_camera_usb_publisher-8] [INFO] [1776988505.676088763] [wrist_camera_usb_publisher_node]: USB camera publisher heartbeat: publishing 1280x720 frames on /wrist_mounted_camera/image; camera_info fx=920.87, fy=921.57, cx=644.76, cy=343.15.
[vision_apriltag-9] [INFO] [1776988505.682963523] [vision_apriltag_node]: Vision AprilTag camera model updated from CameraInfo: size=1280x720, fx=920.87, fy=921.57, cx=644.76, cy=343.15, d=[0.0, 0.0, 0.0, 0.0, 0.0]
[ros2_control_node-1] [WARN] [1776988505.926456643] [controller_manager]: Overrun might occur, Total time : 3575.126 us (Expected < 1000.000 us) --> Read time : 37.798 us, Update time : 19.690 us, Write time : 3517.638 us
[ros2_control_node-1] [WARN] [1776988505.926521997] [controller_manager]: Overrun detected! The controller manager missed its desired rate of 1000 Hz. The loop took 3.665481 ms (missed cycles : 4).
[vision_apriltag-9] [INFO] [1776988505.972340983] [vision_apriltag_node]: Vision AprilTag detection debug: no tags found after raw/CLAHE/sharp/adaptive/upscaled/tiled passes.
[vision_apriltag-9] [INFO] [1776988506.164208011] [vision_apriltag_node]: Vision AprilTag: images are arriving on /wrist_mounted_camera/image, but no AprilTags have been detected yet.
[scene_static-7] [WARN] [1776988506.795356547] [scene_static_node]: Planning scene service not available, waiting...
[ros2_control_node-1] [WARN] [1776988506.927874990] [controller_manager]: Overrun might occur, Total time : 2994.907 us (Expected < 1000.000 us) --> Read time : 37.738 us, Update time : 20.943 us, Write time : 2936.226 us
[ros2_control_node-1] [WARN] [1776988506.927943554] [controller_manager]: Overrun detected! The controller manager missed its desired rate of 1000 Hz. The loop took 3.086903 ms (missed cycles : 4).
[give_medication-14] [INFO] [1776988507.000869415] [give_medication_node]: Vision service is not available, waiting...
[adl_controller-11] [INFO] [1776988507.125941339] [adl_controller_node]: MoveItHelper initialized. joint_state_topic=/joint_states_sanitized (sanitized_expected=True) real_hardware_mode=True short_cartesian_mode=hybrid
[adl_controller-11] [INFO] [1776988507.126835464] [adl_controller_node]: ADL_DIRECT_FIXED_JOINTS is unset; defaulting fixed-joint direct trajectories to disabled on real hardware (collision-aware MoveIt path first).
[adl_controller-11] [INFO] [1776988507.138456684] [adl_controller_node]: ADL controller ready. Waiting for UI/system commands.
[ros2_control_node-1] [INFO] [1776988507.652957520] [controller_manager]: Loading controller : 'joint_state_broadcaster' of type 'joint_state_broadcaster/JointStateBroadcaster'
[ros2_control_node-1] [INFO] [1776988507.653016655] [controller_manager]: Loading controller 'joint_state_broadcaster'
[ros2_control_node-1] [INFO] [1776988507.662665016] [controller_manager]: Controller 'joint_state_broadcaster' node arguments: --ros-args --params-file /home/carrt-cse-project/workspace/ros2_kortex_ws/install/adl_tasks/share/adl_tasks/config/ros2_controllers_vbox.yaml --params-file /tmp/launch_params_9pl0ylcl 
[spawner-4] [INFO] [1776988507.708544485] [spawner_joint_state_broadcaster]: Loaded joint_state_broadcaster
[ros2_control_node-1] [INFO] [1776988507.713159164] [controller_manager]: Configuring controller: 'joint_state_broadcaster'
[ros2_control_node-1] [INFO] [1776988507.713460398] [joint_state_broadcaster]: 'joints' or 'interfaces' parameter is empty. All available state interfaces will be published
[ros2_control_node-1] [INFO] [1776988507.736099899] [controller_manager]: Activating controllers: [ joint_state_broadcaster ]
[ros2_control_node-1] [INFO] [1776988507.738735319] [controller_manager]: Successfully switched controllers!
[ros2_control_node-1] [WARN] [1776988507.741274670] [controller_manager]: Overrun might occur, Total time : 4371.624 us (Expected < 1000.000 us) --> Read time : 63.627 us, Update time : 1737.561 us (Switch time : 1698.139 us (Switch chained mode time : 2.925 us, perform mode change time : 4.371 us, Activation time : 1679.826 us, Deactivation time : 3.125 us)), Write time : 2570.436 us
[spawner-4] [INFO] [1776988507.744617022] [spawner_joint_state_broadcaster]: Configured and activated joint_state_broadcaster
[give_medication-14] [INFO] [1776988507.755585006] [give_medication_node]: Vision service is ready.
[give_medication-14] [INFO] [1776988507.777245829] [give_medication_node]: give_medication ready.
[ros2_control_node-1] [WARN] [1776988507.928671660] [controller_manager]: Overrun might occur, Total time : 2793.803 us (Expected < 1000.000 us) --> Read time : 36.168 us, Update time : 89.518 us, Write time : 2668.117 us
[ros2_control_node-1] [WARN] [1776988507.928744888] [controller_manager]: Overrun detected! The controller manager missed its desired rate of 1000 Hz. The loop took 2.887964 ms (missed cycles : 3).
[INFO] [spawner-4]: process has finished cleanly [pid 114403]
[vision_apriltag-9] [INFO] [1776988508.163469408] [vision_apriltag_node]: Vision AprilTag: images are arriving on /wrist_mounted_camera/image, but no AprilTags have been detected yet.
[INFO] [spawner-16]: process started with pid [114675]
[INFO] [spawner-17]: process started with pid [114676]
[INFO] [spawner-18]: process started with pid [114677]
[INFO] [spawner-19]: process started with pid [114678]
[scene_static-7] [WARN] [1776988508.804771254] [scene_static_node]: Planning scene service not available, waiting...
[ros2_control_node-1] [WARN] [1776988508.929033001] [controller_manager]: Overrun might occur, Total time : 2146.436 us (Expected < 1000.000 us) --> Read time : 51.344 us, Update time : 97.553 us, Write time : 1997.539 us
[ros2_control_node-1] [WARN] [1776988508.929103904] [controller_manager]: Overrun detected! The controller manager missed its desired rate of 1000 Hz. The loop took 2.246984 ms (missed cycles : 3).
[spawner-17] [INFO] [1776988509.388780016] [spawner_twist_controller]: waiting for service /controller_manager/list_controllers to become available...
[ros2_control_node-1] [WARN] [1776988509.930960766] [controller_manager]: Overrun might occur, Total time : 2086.855 us (Expected < 1000.000 us) --> Read time : 30.701 us, Update time : 83.566 us, Write time : 1972.588 us
[ros2_control_node-1] [WARN] [1776988509.931021932] [controller_manager]: Overrun detected! The controller manager missed its desired rate of 1000 Hz. The loop took 2.165714 ms (missed cycles : 3).
[vision_apriltag-9] [INFO] [1776988510.170380213] [vision_apriltag_node]: Vision AprilTag: images are arriving on /wrist_mounted_camera/image, but no AprilTags have been detected yet.
[scene_static-7] [WARN] [1776988510.813150311] [scene_static_node]: Planning scene service not available, waiting...
[wrist_camera_usb_publisher-8] [INFO] [1776988510.830569202] [wrist_camera_usb_publisher_node]: USB camera publisher heartbeat: publishing 1280x720 frames on /wrist_mounted_camera/image; camera_info fx=920.87, fy=921.57, cx=644.76, cy=343.15.
[ros2_control_node-1] [WARN] [1776988510.931979863] [controller_manager]: Overrun might occur, Total time : 2094.194 us (Expected < 1000.000 us) --> Read time : 39.778 us, Update time : 99.941 us, Write time : 1954.475 us
[ros2_control_node-1] [WARN] [1776988510.932056612] [controller_manager]: Overrun detected! The controller manager missed its desired rate of 1000 Hz. The loop took 2.199927 ms (missed cycles : 3).
[vision_apriltag-9] [INFO] [1776988511.021357047] [vision_apriltag_node]: Vision AprilTag detection debug: no tags found after raw/CLAHE/sharp/adaptive/upscaled/tiled passes.
[ros2_control_node-1] [WARN] [1776988511.934009979] [controller_manager]: Overrun might occur, Total time : 2131.943 us (Expected < 1000.000 us) --> Read time : 35.277 us, Update time : 82.500 us, Write time : 2014.166 us
[ros2_control_node-1] [WARN] [1776988511.934081052] [controller_manager]: Overrun detected! The controller manager missed its desired rate of 1000 Hz. The loop took 2.224773 ms (missed cycles : 3).
[ros2_control_node-1] [INFO] [1776988512.147728469] [controller_manager]: Loading controller : 'twist_controller' of type 'picknik_twist_controller/PicknikTwistController'
[ros2_control_node-1] [INFO] [1776988512.147780014] [controller_manager]: Loading controller 'twist_controller'
[ros2_control_node-1] [INFO] [1776988512.152019983] [controller_manager]: Controller 'twist_controller' node arguments: --ros-args --params-file /home/carrt-cse-project/workspace/ros2_kortex_ws/install/adl_tasks/share/adl_tasks/config/ros2_controllers_vbox.yaml --params-file /tmp/launch_params_9pl0ylcl 
[vision_apriltag-9] [INFO] [1776988512.165147760] [vision_apriltag_node]: Vision AprilTag: images are arriving on /wrist_mounted_camera/image, but no AprilTags have been detected yet.
[spawner-17] [INFO] [1776988512.189653112] [spawner_twist_controller]: Loaded twist_controller
[ros2_control_node-1] [INFO] [1776988512.192827043] [controller_manager]: Configuring controller: 'twist_controller'
[ros2_control_node-1] [INFO] [1776988512.196287764] [twist_controller]: configure successful
[spawner-19] [INFO] [1776988512.390447473] [spawner_fault_controller]: waiting for service /controller_manager/list_controllers to become available...
[INFO] [spawner-17]: process has finished cleanly [pid 114676]
[scene_static-7] [WARN] [1776988512.826068479] [scene_static_node]: Planning scene service not available, waiting...
[ros2_control_node-1] [WARN] [1776988512.934166528] [controller_manager]: Overrun might occur, Total time : 2289.460 us (Expected < 1000.000 us) --> Read time : 34.091 us, Update time : 92.001 us, Write time : 2163.368 us
[ros2_control_node-1] [WARN] [1776988512.934246544] [controller_manager]: Overrun detected! The controller manager missed its desired rate of 1000 Hz. The loop took 2.389559 ms (missed cycles : 3).
[ros2_control_node-1] [INFO] [1776988513.924997032] [controller_manager]: Loading controller : 'fault_controller' of type 'picknik_reset_fault_controller/PicknikResetFaultController'
[ros2_control_node-1] [INFO] [1776988513.925040443] [controller_manager]: Loading controller 'fault_controller'
[ros2_control_node-1] [WARN] [1776988513.937172642] [controller_manager]: Overrun might occur, Total time : 2284.169 us (Expected < 1000.000 us) --> Read time : 58.835 us, Update time : 147.508 us, Write time : 2077.826 us
[ros2_control_node-1] [WARN] [1776988513.937285652] [controller_manager]: Overrun detected! The controller manager missed its desired rate of 1000 Hz. The loop took 2.428026 ms (missed cycles : 3).
[ros2_control_node-1] [INFO] [1776988513.943337854] [controller_manager]: Controller 'fault_controller' node arguments: --ros-args --params-file /home/carrt-cse-project/workspace/ros2_kortex_ws/install/adl_tasks/share/adl_tasks/config/ros2_controllers_vbox.yaml --params-file /tmp/launch_params_9pl0ylcl 
[spawner-19] [INFO] [1776988514.000748661] [spawner_fault_controller]: Loaded fault_controller
[ros2_control_node-1] [INFO] [1776988514.005598626] [controller_manager]: Configuring controller: 'fault_controller'
[ros2_control_node-1] [INFO] [1776988514.009721031] [controller_manager]: Activating controllers: [ fault_controller ]
[vision_apriltag-9] [INFO] [1776988514.165767268] [vision_apriltag_node]: Vision AprilTag: images are arriving on /wrist_mounted_camera/image, but no AprilTags have been detected yet.
[ros2_control_node-1] [INFO] [1776988514.219133301] [controller_manager]: Successfully switched controllers!
[ros2_control_node-1] [WARN] [1776988514.221591826] [controller_manager]: Overrun might occur, Total time : 8704.923 us (Expected < 1000.000 us) --> Read time : 47.571 us, Update time : 5971.783 us (Switch time : 5833.611 us (Switch chained mode time : 1.763 us, perform mode change time : 45.535 us, Activation time : 5771.432 us, Deactivation time : 1.372 us)), Write time : 2685.569 us
[spawner-19] [INFO] [1776988514.226044878] [spawner_fault_controller]: Configured and activated fault_controller
[spawner-18] [INFO] [1776988514.376910722] [spawner_robotiq_gripper_controller]: waiting for service /controller_manager/list_controllers to become available...
[INFO] [spawner-19]: process has finished cleanly [pid 114678]
[scene_static-7] [WARN] [1776988514.831186413] [scene_static_node]: Planning scene service not available, waiting...
[ros2_control_node-1] [WARN] [1776988514.937648649] [controller_manager]: Overrun might occur, Total time : 2763.900 us (Expected < 1000.000 us) --> Read time : 47.051 us, Update time : 153.094 us, Write time : 2563.755 us
[ros2_control_node-1] [WARN] [1776988514.937715990] [controller_manager]: Overrun detected! The controller manager missed its desired rate of 1000 Hz. The loop took 2.859288 ms (missed cycles : 3).
[ros2_control_node-1] [INFO] [1776988515.211745425] [controller_manager]: Loading controller : 'robotiq_gripper_controller' of type 'position_controllers/GripperActionController'
[ros2_control_node-1] [INFO] [1776988515.211795647] [controller_manager]: Loading controller 'robotiq_gripper_controller'
[ros2_control_node-1] [INFO] [1776988515.223721780] [controller_manager]: Controller 'robotiq_gripper_controller' node arguments: --ros-args --params-file /home/carrt-cse-project/workspace/ros2_kortex_ws/install/adl_tasks/share/adl_tasks/config/ros2_controllers_vbox.yaml --params-file /tmp/launch_params_9pl0ylcl 
[ros2_control_node-1] [WARN] [1776988515.265617530] [robotiq_gripper_controller]: [Deprecated]: the `position_controllers/GripperActionController` and `effort_controllers::GripperActionController` controllers are replaced by 'parallel_gripper_controllers/GripperActionController' controller
[spawner-18] [INFO] [1776988515.280625549] [spawner_robotiq_gripper_controller]: Loaded robotiq_gripper_controller
[ros2_control_node-1] [INFO] [1776988515.296017997] [controller_manager]: Configuring controller: 'robotiq_gripper_controller'
[ros2_control_node-1] [INFO] [1776988515.296184307] [robotiq_gripper_controller]: Action status changes will be monitored at 20.000000 Hz.
[ros2_control_node-1] [INFO] [1776988515.389600389] [controller_manager]: Activating controllers: [ robotiq_gripper_controller ]
[ros2_control_node-1] [INFO] [1776988515.600452880] [controller_manager]: Successfully switched controllers!
[ros2_control_node-1] [WARN] [1776988515.602996532] [controller_manager]: Overrun might occur, Total time : 12111.295 us (Expected < 1000.000 us) --> Read time : 43.676 us, Update time : 9390.148 us (Switch time : 9258.463 us (Switch chained mode time : 1.573 us, perform mode change time : 15.968 us, Activation time : 9227.245 us, Deactivation time : 0.670 us)), Write time : 2677.471 us
[spawner-18] [INFO] [1776988515.608113300] [spawner_robotiq_gripper_controller]: Configured and activated robotiq_gripper_controller
[INFO] [spawner-18]: process has finished cleanly [pid 114677]
[ros2_control_node-1] [WARN] [1776988515.940765560] [controller_manager]: Overrun might occur, Total time : 4879.243 us (Expected < 1000.000 us) --> Read time : 43.905 us, Update time : 166.266 us, Write time : 4669.072 us
[ros2_control_node-1] [WARN] [1776988515.940923118] [controller_manager]: Overrun detected! The controller manager missed its desired rate of 1000 Hz. The loop took 5.065831 ms (missed cycles : 6).
[wrist_camera_usb_publisher-8] [INFO] [1776988515.982695878] [wrist_camera_usb_publisher_node]: USB camera publisher heartbeat: publishing 1280x720 frames on /wrist_mounted_camera/image; camera_info fx=920.87, fy=921.57, cx=644.76, cy=343.15.
[spawner-16] [INFO] [1776988516.163517864] [spawner_joint_trajectory_controller]: waiting for service /controller_manager/list_controllers to become available...
[vision_apriltag-9] [INFO] [1776988516.698149097] [vision_apriltag_node]: Vision AprilTag detection debug: no tags found after raw/CLAHE/sharp/adaptive/upscaled/tiled passes.
[vision_apriltag-9] [INFO] [1776988516.796219754] [vision_apriltag_node]: Vision AprilTag: images are arriving on /wrist_mounted_camera/image, but no AprilTags have been detected yet.
[scene_static-7] [WARN] [1776988516.836290925] [scene_static_node]: Planning scene service not available, waiting...
[ros2_control_node-1] [WARN] [1776988516.940978264] [controller_manager]: Overrun might occur, Total time : 2098.543 us (Expected < 1000.000 us) --> Read time : 38.008 us, Update time : 141.060 us, Write time : 1919.475 us
[ros2_control_node-1] [WARN] [1776988516.941044722] [controller_manager]: Overrun detected! The controller manager missed its desired rate of 1000 Hz. The loop took 2.188156 ms (missed cycles : 3).
[ros2_control_node-1] [INFO] [1776988517.256783475] [controller_manager]: Loading controller : 'joint_trajectory_controller' of type 'joint_trajectory_controller/JointTrajectoryController'
[ros2_control_node-1] [INFO] [1776988517.256821124] [controller_manager]: Loading controller 'joint_trajectory_controller'
[ros2_control_node-1] [INFO] [1776988517.261295033] [controller_manager]: Controller 'joint_trajectory_controller' node arguments: --ros-args --params-file /home/carrt-cse-project/workspace/ros2_kortex_ws/install/adl_tasks/share/adl_tasks/config/ros2_controllers_vbox.yaml --params-file /tmp/launch_params_9pl0ylcl 
[spawner-16] [INFO] [1776988517.321876176] [spawner_joint_trajectory_controller]: Loaded joint_trajectory_controller
[ros2_control_node-1] [INFO] [1776988517.326160562] [controller_manager]: Configuring controller: 'joint_trajectory_controller'
[ros2_control_node-1] [INFO] [1776988517.327816452] [joint_trajectory_controller]: No specific joint names are used for command interfaces. Using 'joints' parameter.
[ros2_control_node-1] [INFO] [1776988517.328164390] [joint_trajectory_controller]: Command interfaces are [position] and state interfaces are [position velocity].
[ros2_control_node-1] [INFO] [1776988517.328447564] [joint_trajectory_controller]: Using 'splines' interpolation method.
[ros2_control_node-1] [INFO] [1776988517.334114531] [joint_trajectory_controller]: Action status changes will be monitored at 10.00 Hz.
[ros2_control_node-1] [INFO] [1776988517.348356452] [controller_manager]: Activating controllers: [ joint_trajectory_controller ]
[ros2_control_node-1] [INFO] [1776988517.576088747] [controller_manager]: Successfully switched controllers!
[ros2_control_node-1] [WARN] [1776988517.578318402] [controller_manager]: Overrun might occur, Total time : 29439.206 us (Expected < 1000.000 us) --> Read time : 33.916 us, Update time : 27136.992 us (Switch time : 27005.064 us (Switch chained mode time : 4.846 us, perform mode change time : 25639.694 us, Activation time : 1350.484 us, Deactivation time : 1.239 us)), Write time : 2268.298 us
[spawner-16] [INFO] [1776988517.581865856] [spawner_joint_trajectory_controller]: Configured and activated joint_trajectory_controller
[INFO] [spawner-16]: process has finished cleanly [pid 114675]
[ros2_control_node-1] [WARN] [1776988517.944254394] [controller_manager]: Overrun might occur, Total time : 3371.217 us (Expected < 1000.000 us) --> Read time : 52.417 us, Update time : 286.854 us, Write time : 3031.946 us
[ros2_control_node-1] [WARN] [1776988517.944346052] [controller_manager]: Overrun detected! The controller manager missed its desired rate of 1000 Hz. The loop took 3.489121 ms (missed cycles : 4).
[vision_apriltag-9] [INFO] [1776988518.164902382] [vision_apriltag_node]: Vision AprilTag: images are arriving on /wrist_mounted_camera/image, but no AprilTags have been detected yet.
[scene_static-7] [WARN] [1776988518.852415681] [scene_static_node]: Planning scene service not available, waiting...
[ros2_control_node-1] [WARN] [1776988518.948515617] [controller_manager]: Overrun might occur, Total time : 3636.814 us (Expected < 1000.000 us) --> Read time : 41.189 us, Update time : 228.139 us, Write time : 3367.486 us
[ros2_control_node-1] [WARN] [1776988518.948606952] [controller_manager]: Overrun detected! The controller manager missed its desired rate of 1000 Hz. The loop took 3.750178 ms (missed cycles : 4).
[INFO] [move_group-20]: process started with pid [114755]
[INFO] [rviz2-21]: process started with pid [114756]
[move_group-20] [INFO] [1776988519.785436772] [move_group.moveit.moveit.ros.rdf_loader]: Loaded robot model in 0.0126637 seconds
[move_group-20] [INFO] [1776988519.786206224] [move_group.moveit.moveit.core.robot_model]: Loading robot model 'gen3'...
[move_group-20] [INFO] [1776988519.786235724] [move_group.moveit.moveit.core.robot_model]: No root/virtual joint specified in SRDF. Assuming fixed joint
[ros2_control_node-1] [WARN] [1776988519.948814591] [controller_manager]: Overrun might occur, Total time : 2927.295 us (Expected < 1000.000 us) --> Read time : 49.355 us, Update time : 248.362 us, Write time : 2629.578 us
[ros2_control_node-1] [WARN] [1776988519.948890187] [controller_manager]: Overrun detected! The controller manager missed its desired rate of 1000 Hz. The loop took 3.033223 ms (missed cycles : 4).
[move_group-20] [INFO] [1776988520.001743232] [move_group.moveit.moveit.kinematics.kdl_kinematics_plugin]: Joint weights for group 'manipulator': 1 1 1 1 1 1 1
[vision_apriltag-9] [INFO] [1776988520.164021414] [vision_apriltag_node]: Vision AprilTag: images are arriving on /wrist_mounted_camera/image, but no AprilTags have been detected yet.
[ros2_control_node-1] [INFO] [1776988520.201185431] [controller_manager]: Received robot description from topic.
[ros2_control_node-1] [WARN] [1776988520.201227282] [controller_manager]: ResourceManager has already loaded a urdf. Ignoring attempt to reload a robot description.
[move_group-20] [INFO] [1776988520.744278567] [move_group.moveit.moveit.ros.planning_scene_monitor]: Publishing maintained planning scene on 'monitored_planning_scene'
[move_group-20] [INFO] [1776988520.744469478] [move_group.moveit.moveit.ros.moveit_cpp]: Listening to 'joint_states' for joint states
[move_group-20] [INFO] [1776988520.746464031] [move_group.moveit.moveit.ros.current_state_monitor]: Listening to joint states on topic 'joint_states'
[move_group-20] [INFO] [1776988520.748209375] [move_group.moveit.moveit.ros.planning_scene_monitor]: Listening to '/attached_collision_object' for attached collision objects
[move_group-20] [INFO] [1776988520.748246099] [move_group.moveit.moveit.ros.planning_scene_monitor]: Stopping existing planning scene publisher.
[move_group-20] [INFO] [1776988520.748533545] [move_group.moveit.moveit.ros.planning_scene_monitor]: Stopped publishing maintained planning scene.
[move_group-20] [INFO] [1776988520.750414965] [move_group.moveit.moveit.ros.planning_scene_monitor]: Publishing maintained planning scene on 'monitored_planning_scene'
[move_group-20] [INFO] [1776988520.750545505] [move_group.moveit.moveit.ros.planning_scene_monitor]: Starting planning scene monitor
[move_group-20] [INFO] [1776988520.752031859] [move_group.moveit.moveit.ros.planning_scene_monitor]: Listening to '/planning_scene'
[move_group-20] [INFO] [1776988520.752421577] [move_group.moveit.moveit.ros.planning_scene_monitor]: Starting world geometry update monitor for collision objects, attached objects, octomap updates.
[move_group-20] [INFO] [1776988520.753664290] [move_group.moveit.moveit.ros.planning_scene_monitor]: Listening to 'collision_object'
[move_group-20] [INFO] [1776988520.754726062] [move_group.moveit.moveit.ros.planning_scene_monitor]: Listening to 'planning_scene_world' for planning scene world geometry
[move_group-20] [WARN] [1776988520.757818548] [move_group.moveit.moveit.ros.occupancy_map_monitor]: Resolution not specified for Octomap. Assuming resolution = 0.1 instead
[move_group-20] [ERROR] [1776988520.757879067] [move_group.moveit.moveit.ros.occupancy_map_monitor]: No 3D sensor plugin(s) defined for octomap updates
[rviz2-21] [INFO] [1776988520.811177067] [rviz2]: Stereo is NOT SUPPORTED
[rviz2-21] [INFO] [1776988520.811289923] [rviz2]: OpenGl version: 4.6 (GLSL 4.6)
[rviz2-21] [INFO] [1776988520.856923207] [rviz2]: Stereo is NOT SUPPORTED
[scene_static-7] [WARN] [1776988520.859981610] [scene_static_node]: Planning scene service not available, waiting...
[ros2_control_node-1] [WARN] [1776988520.951162536] [controller_manager]: Overrun might occur, Total time : 4279.324 us (Expected < 1000.000 us) --> Read time : 41.011 us, Update time : 267.684 us, Write time : 3970.629 us
[ros2_control_node-1] [WARN] [1776988520.951242418] [controller_manager]: Overrun detected! The controller manager missed its desired rate of 1000 Hz. The loop took 4.385849 ms (missed cycles : 5).
[wrist_camera_usb_publisher-8] [INFO] [1776988520.991251423] [wrist_camera_usb_publisher_node]: USB camera publisher heartbeat: publishing 1280x720 frames on /wrist_mounted_camera/image; camera_info fx=920.87, fy=921.57, cx=644.76, cy=343.15.
[rviz2-21] Warning: class_loader.impl: SEVERE WARNING!!! A namespace collision has occurred with plugin factory for class rviz_default_plugins::displays::InteractiveMarkerDisplay. New factory will OVERWRITE existing one. This situation occurs when libraries containing plugins are directly linked against an executable (the one running right now generating this message). Please separate plugins out into their own library or just don't link against the library and use either class_loader::ClassLoader/MultiLibraryClassLoader to open.
[rviz2-21]          at line 321 in /opt/ros/jazzy/include/class_loader/class_loader/class_loader_core.hpp
[rviz2-21] [WARN] [1776988521.130313915] [rcl.logging_rosout]: Publisher already registered for node name: 'rviz2_moveit'. If this is due to multiple nodes with the same name then all logs for the logger named 'rviz2_moveit' will go out over the existing publisher. As soon as any node with that name is destructed it will unregister the publisher, preventing any further logs for that name from being published on the rosout topic.
[ros2_control_node-1] [WARN] [1776988521.954836216] [controller_manager]: Overrun might occur, Total time : 2953.351 us (Expected < 1000.000 us) --> Read time : 40.010 us, Update time : 239.707 us, Write time : 2673.634 us
[ros2_control_node-1] [WARN] [1776988521.954908518] [controller_manager]: Overrun detected! The controller manager missed its desired rate of 1000 Hz. The loop took 3.052107 ms (missed cycles : 4).
[vision_apriltag-9] [INFO] [1776988522.017377586] [vision_apriltag_node]: Vision AprilTag detection debug: no tags found after raw/CLAHE/sharp/adaptive/upscaled/tiled passes.
[vision_apriltag-9] [INFO] [1776988522.165733438] [vision_apriltag_node]: Vision AprilTag: images are arriving on /wrist_mounted_camera/image, but no AprilTags have been detected yet.
[move_group-20] [INFO] [1776988522.610992931] [move_group.moveit.moveit.ros.planning_pipeline]: Successfully loaded planner 'OMPL'
[move_group-20] [INFO] [1776988522.618002733] [move_group]: Try loading adapter 'default_planning_request_adapters/ResolveConstraintFrames'
[move_group-20] [INFO] [1776988522.620502544] [move_group]: Loaded adapter 'default_planning_request_adapters/ResolveConstraintFrames'
[move_group-20] [INFO] [1776988522.620546606] [move_group]: Try loading adapter 'default_planning_request_adapters/ValidateWorkspaceBounds'
[move_group-20] [INFO] [1776988522.620940302] [move_group]: Loaded adapter 'default_planning_request_adapters/ValidateWorkspaceBounds'
[move_group-20] [INFO] [1776988522.620966355] [move_group]: Try loading adapter 'default_planning_request_adapters/CheckStartStateBounds'
[move_group-20] [INFO] [1776988522.621017232] [move_group]: Loaded adapter 'default_planning_request_adapters/CheckStartStateBounds'
[move_group-20] [INFO] [1776988522.621030150] [move_group]: Try loading adapter 'default_planning_request_adapters/CheckStartStateCollision'
[move_group-20] [INFO] [1776988522.621052860] [move_group]: Loaded adapter 'default_planning_request_adapters/CheckStartStateCollision'
[move_group-20] [INFO] [1776988522.627132127] [move_group]: Try loading adapter 'default_planning_response_adapters/AddTimeOptimalParameterization'
[move_group-20] [INFO] [1776988522.631607857] [move_group]: Loaded adapter 'default_planning_response_adapters/AddTimeOptimalParameterization'
[move_group-20] [INFO] [1776988522.631641568] [move_group]: Try loading adapter 'default_planning_response_adapters/ValidateSolution'
[move_group-20] [INFO] [1776988522.637407090] [move_group]: Loaded adapter 'default_planning_response_adapters/ValidateSolution'
[move_group-20] [INFO] [1776988522.637446389] [move_group]: Try loading adapter 'default_planning_response_adapters/DisplayMotionPath'
[move_group-20] [INFO] [1776988522.640675833] [move_group]: Loaded adapter 'default_planning_response_adapters/DisplayMotionPath'
[move_group-20] [INFO] [1776988522.785059528] [move_group.moveit.moveit.plugins.simple_controller_manager]: Added FollowJointTrajectory controller for joint_trajectory_controller
[move_group-20] [INFO] [1776988522.785144882] [move_group.moveit.moveit.plugins.simple_controller_manager]: robotiq_gripper_controller will command a max effort of: 0
[move_group-20] [INFO] [1776988522.792955800] [move_group.moveit.moveit.plugins.simple_controller_manager]: Added GripperCommand controller for robotiq_gripper_controller
[move_group-20] [INFO] [1776988522.793254805] [move_group.moveit.moveit.plugins.simple_controller_manager]: Returned 2 controllers in list
[move_group-20] [INFO] [1776988522.793316795] [move_group.moveit.moveit.plugins.simple_controller_manager]: Returned 2 controllers in list
[move_group-20] [INFO] [1776988522.794513812] [move_group.moveit.moveit.ros.trajectory_execution_manager]: Trajectory execution is managing controllers
[move_group-20] [INFO] [1776988522.794554556] [move_group]: MoveGroup debug mode is ON
[move_group-20] [INFO] [1776988522.848473629] [move_group.moveit.moveit.ros.move_group.executable]: 
[move_group-20] 
[move_group-20] ********************************************************
[move_group-20] * MoveGroup using: 
[move_group-20] *     - apply_planning_scene_service
[move_group-20] *     - clear_octomap_service
[move_group-20] *     - get_group_urdf
[move_group-20] *     - load_geometry_from_file
[move_group-20] *     - CartesianPathService
[move_group-20] *     - execute_trajectory_action
[move_group-20] *     - get_planning_scene_service
[move_group-20] *     - kinematics_service
[move_group-20] *     - move_action
[move_group-20] *     - motion_plan_service
[move_group-20] *     - query_planners_service
[move_group-20] *     - state_validation_service
[move_group-20] *     - save_geometry_to_file
[move_group-20] ********************************************************
[move_group-20] 
[move_group-20] [INFO] [1776988522.848556283] [move_group.moveit.moveit.ros.move_group.context]: MoveGroup context using pipeline ompl
[move_group-20] [INFO] [1776988522.848577897] [move_group.moveit.moveit.ros.move_group.context]: MoveGroup context initialization complete
[move_group-20] [96mLoading 'move_group/ApplyPlanningSceneService'...[0m
[move_group-20] [96mLoading 'move_group/ClearOctomapService'...[0m
[move_group-20] [96mLoading 'move_group/GetUrdfService'...[0m
[move_group-20] [96mLoading 'move_group/LoadGeometryFromFileService'...[0m
[move_group-20] [96mLoading 'move_group/MoveGroupCartesianPathService'...[0m
[move_group-20] [96mLoading 'move_group/MoveGroupExecuteTrajectoryAction'...[0m
[move_group-20] [96mLoading 'move_group/MoveGroupGetPlanningSceneService'...[0m
[move_group-20] [96mLoading 'move_group/MoveGroupKinematicsService'...[0m
[move_group-20] [96mLoading 'move_group/MoveGroupMoveAction'...[0m
[move_group-20] [96mLoading 'move_group/MoveGroupPlanService'...[0m
[move_group-20] [96mLoading 'move_group/MoveGroupQueryPlannersService'...[0m
[move_group-20] [96mLoading 'move_group/MoveGroupStateValidationService'...[0m
[move_group-20] [96mLoading 'move_group/SaveGeometryToFileService'...[0m
[move_group-20] 
[move_group-20] [92mYou can start planning now![0m
[move_group-20] 
[scene_static-7] [INFO] [1776988522.863195300] [scene_static_node]: Planning scene service available. Building static scene...
[scene_static-7] [INFO] [1776988522.869999500] [scene_static_node]: Static scene built: 25 objects added to MoveIt planning scene.
[ros2_control_node-1] [WARN] [1776988522.955622059] [controller_manager]: Overrun might occur, Total time : 2747.862 us (Expected < 1000.000 us) --> Read time : 24.864 us, Update time : 218.991 us, Write time : 2504.007 us
[ros2_control_node-1] [WARN] [1776988522.955713622] [controller_manager]: Overrun detected! The controller manager missed its desired rate of 1000 Hz. The loop took 2.857228 ms (missed cycles : 3).
[ros2_control_node-1] [WARN] [1776988523.956530439] [controller_manager]: Overrun might occur, Total time : 2651.225 us (Expected < 1000.000 us) --> Read time : 41.075 us, Update time : 275.606 us, Write time : 2334.544 us
[ros2_control_node-1] [WARN] [1776988523.956604247] [controller_manager]: Overrun detected! The controller manager missed its desired rate of 1000 Hz. The loop took 2.747591 ms (missed cycles : 3).
[rviz2-21] [ERROR] [1776988524.211206720] [rviz2_moveit.moveit.ros.motion_planning_frame]: Action server: /recognize_objects not available
[vision_apriltag-9] [INFO] [1776988524.229336487] [vision_apriltag_node]: Vision AprilTag: images are arriving on /wrist_mounted_camera/image, but no AprilTags have been detected yet.
[rviz2-21] [INFO] [1776988524.261794119] [rviz2_moveit.moveit.ros.motion_planning_frame]: MoveGroup namespace changed: / -> . Reloading params.
[rviz2-21] [INFO] [1776988524.334345019] [rviz2_moveit.moveit.ros.rdf_loader]: Loaded robot model in 0.0200996 seconds
[rviz2-21] [INFO] [1776988524.334455076] [rviz2_moveit.moveit.core.robot_model]: Loading robot model 'gen3'...
[rviz2-21] [INFO] [1776988524.334502782] [rviz2_moveit.moveit.core.robot_model]: No root/virtual joint specified in SRDF. Assuming fixed joint
[rviz2-21] [INFO] [1776988524.632155621] [rviz2_moveit.moveit.kinematics.kdl_kinematics_plugin]: Joint weights for group 'manipulator': 1 1 1 1 1 1 1
[ros2_control_node-1] [WARN] [1776988524.958198331] [controller_manager]: Overrun might occur, Total time : 3315.542 us (Expected < 1000.000 us) --> Read time : 45.315 us, Update time : 295.418 us, Write time : 2974.809 us
[ros2_control_node-1] [WARN] [1776988524.958285595] [controller_manager]: Overrun detected! The controller manager missed its desired rate of 1000 Hz. The loop took 3.428177 ms (missed cycles : 4).
[rviz2-21] [INFO] [1776988525.177565748] [rviz2_moveit.moveit.ros.planning_scene_monitor]: Starting planning scene monitor
[rviz2-21] [INFO] [1776988525.181937246] [rviz2_moveit.moveit.ros.planning_scene_monitor]: Listening to '/monitored_planning_scene'
[rviz2-21] [INFO] [1776988525.577182128] [interactive_marker_display_107585550948688]: Connected on namespace: /rviz_moveit_motion_planning_display/robot_interaction_interactive_marker_topic
[rviz2-21] [INFO] [1776988525.586842641] [rviz2_moveit.moveit.ros.robot_interaction]: No active joints or end effectors found for group 'gripper'. Make sure that kinematics.yaml is loaded in this node's namespace.
[rviz2-21] [INFO] [1776988525.587679800] [rviz2_moveit.moveit.ros.robot_interaction]: No active joints or end effectors found for group 'gripper'. Make sure that kinematics.yaml is loaded in this node's namespace.
[rviz2-21] [INFO] [1776988525.594817356] [rviz2_moveit.moveit.ros.motion_planning_frame]: group gripper
[rviz2-21] [INFO] [1776988525.594857992] [rviz2_moveit.moveit.ros.motion_planning_frame]: Constructing new MoveGroup connection for group 'gripper' in namespace ''
[rviz2-21] [INFO] [1776988525.612309707] [interactive_marker_display_107585550948688]: Sending request for interactive markers
[rviz2-21] [INFO] [1776988525.641758064] [rviz2_moveit.moveit.ros.move_group_interface]: Ready to take commands for planning group gripper.
[rviz2-21] [INFO] [1776988525.642720448] [rviz2_moveit.moveit.ros.motion_planning_frame]: group gripper
[rviz2-21] [INFO] [1776988525.643816749] [interactive_marker_display_107585550948688]: Service response received for initialization
[ros2_control_node-1] [WARN] [1776988525.960497842] [controller_manager]: Overrun might occur, Total time : 2624.921 us (Expected < 1000.000 us) --> Read time : 37.232 us, Update time : 200.476 us, Write time : 2387.213 us
[ros2_control_node-1] [WARN] [1776988525.960563426] [controller_manager]: Overrun detected! The controller manager missed its desired rate of 1000 Hz. The loop took 2.707736 ms (missed cycles : 3).
[wrist_camera_usb_publisher-8] [INFO] [1776988526.138978494] [wrist_camera_usb_publisher_node]: USB camera publisher heartbeat: publishing 1280x720 frames on /wrist_mounted_camera/image; camera_info fx=920.87, fy=921.57, cx=644.76, cy=343.15.
[vision_apriltag-9] [INFO] [1776988526.163711887] [vision_apriltag_node]: Vision AprilTag: images are arriving on /wrist_mounted_camera/image, but no AprilTags have been detected yet.
[ros2_control_node-1] [WARN] [1776988526.963304664] [controller_manager]: Overrun might occur, Total time : 3425.908 us (Expected < 1000.000 us) --> Read time : 32.752 us, Update time : 221.755 us, Write time : 3171.401 us
[ros2_control_node-1] [WARN] [1776988526.963387180] [controller_manager]: Overrun detected! The controller manager missed its desired rate of 1000 Hz. The loop took 3.530380 ms (missed cycles : 4).
[vision_apriltag-9] [INFO] [1776988527.547294909] [vision_apriltag_node]: Vision AprilTag detection debug: no tags found after raw/CLAHE/sharp/adaptive/upscaled/tiled passes.
[ros2_control_node-1] [WARN] [1776988527.966510169] [controller_manager]: Overrun might occur, Total time : 3616.624 us (Expected < 1000.000 us) --> Read time : 69.157 us, Update time : 242.977 us, Write time : 3304.490 us
[ros2_control_node-1] [WARN] [1776988527.966607853] [controller_manager]: Overrun detected! The controller manager missed its desired rate of 1000 Hz. The loop took 3.751301 ms (missed cycles : 4).
[vision_apriltag-9] [INFO] [1776988528.165847693] [vision_apriltag_node]: Vision AprilTag: images are arriving on /wrist_mounted_camera/image, but no AprilTags have been detected yet.
[ros2_control_node-1] [WARN] [1776988528.968864489] [controller_manager]: Overrun might occur, Total time : 2960.282 us (Expected < 1000.000 us) --> Read time : 113.291 us, Update time : 455.241 us, Write time : 2391.750 us
[ros2_control_node-1] [WARN] [1776988528.968971709] [controller_manager]: Overrun detected! The controller manager missed its desired rate of 1000 Hz. The loop took 3.114212 ms (missed cycles : 4).
[ros2_control_node-1] [WARN] [1776988529.969567432] [controller_manager]: Overrun might occur, Total time : 2677.626 us (Expected < 1000.000 us) --> Read time : 56.264 us, Update time : 300.155 us, Write time : 2321.207 us
[ros2_control_node-1] [WARN] [1776988529.969652251] [controller_manager]: Overrun detected! The controller manager missed its desired rate of 1000 Hz. The loop took 2.794988 ms (missed cycles : 3).
[vision_apriltag-9] [INFO] [1776988530.164305918] [vision_apriltag_node]: Vision AprilTag: images are arriving on /wrist_mounted_camera/image, but no AprilTags have been detected yet.
[ros2_control_node-1] [WARN] [1776988530.970701142] [controller_manager]: Overrun might occur, Total time : 2816.869 us (Expected < 1000.000 us) --> Read time : 52.403 us, Update time : 235.761 us, Write time : 2528.705 us
[ros2_control_node-1] [WARN] [1776988530.970759539] [controller_manager]: Overrun detected! The controller manager missed its desired rate of 1000 Hz. The loop took 2.903567 ms (missed cycles : 3).
[wrist_camera_usb_publisher-8] [INFO] [1776988531.304104097] [wrist_camera_usb_publisher_node]: USB camera publisher heartbeat: publishing 1280x720 frames on /wrist_mounted_camera/image; camera_info fx=920.87, fy=921.57, cx=644.76, cy=343.15.
[ros2_control_node-1] [WARN] [1776988531.974429808] [controller_manager]: Overrun might occur, Total time : 3549.049 us (Expected < 1000.000 us) --> Read time : 39.406 us, Update time : 240.732 us, Write time : 3268.911 us
[ros2_control_node-1] [WARN] [1776988531.974501308] [controller_manager]: Overrun detected! The controller manager missed its desired rate of 1000 Hz. The loop took 3.644824 ms (missed cycles : 4).
[vision_apriltag-9] [INFO] [1776988532.163341826] [vision_apriltag_node]: Vision AprilTag: images are arriving on /wrist_mounted_camera/image, but no AprilTags have been detected yet.
[vision_apriltag-9] [INFO] [1776988532.751485214] [vision_apriltag_node]: Vision AprilTag detection debug: no tags found after raw/CLAHE/sharp/adaptive/upscaled/tiled passes.
[ros2_control_node-1] [WARN] [1776988532.976627621] [controller_manager]: Overrun might occur, Total time : 2726.274 us (Expected < 1000.000 us) --> Read time : 33.683 us, Update time : 233.192 us, Write time : 2459.399 us
[ros2_control_node-1] [WARN] [1776988532.976710484] [controller_manager]: Overrun detected! The controller manager missed its desired rate of 1000 Hz. The loop took 2.853981 ms (missed cycles : 3).
[adl_ui-15] 127.0.0.1 - - [23/Apr/2026 19:55:33] "GET / HTTP/1.1" 200 -
[adl_ui-15] 127.0.0.1 - - [23/Apr/2026 19:55:33] "GET /status_json HTTP/1.1" 200 -
[ros2_control_node-1] [WARN] [1776988533.978559451] [controller_manager]: Overrun might occur, Total time : 3656.265 us (Expected < 1000.000 us) --> Read time : 68.205 us, Update time : 394.316 us, Write time : 3193.744 us
[ros2_control_node-1] [WARN] [1776988533.978689130] [controller_manager]: Overrun detected! The controller manager missed its desired rate of 1000 Hz. The loop took 3.831825 ms (missed cycles : 4).
[adl_ui-15] 127.0.0.1 - - [23/Apr/2026 19:55:34] "GET /status_json HTTP/1.1" 200 -
[vision_apriltag-9] [INFO] [1776988534.291073503] [vision_apriltag_node]: Vision AprilTag: images are arriving on /wrist_mounted_camera/image, but no AprilTags have been detected yet.
[adl_ui-15] 127.0.0.1 - - [23/Apr/2026 19:55:34] "GET /status_json HTTP/1.1" 200 -
[ros2_control_node-1] [WARN] [1776988534.979750058] [controller_manager]: Overrun might occur, Total time : 2866.729 us (Expected < 1000.000 us) --> Read time : 44.160 us, Update time : 250.219 us, Write time : 2572.350 us
[ros2_control_node-1] [WARN] [1776988534.979826462] [controller_manager]: Overrun detected! The controller manager missed its desired rate of 1000 Hz. The loop took 2.969746 ms (missed cycles : 3).
[adl_ui-15] [INFO] [1776988535.103201667] [adl_ui_node]: UI command published: clear_table
[adl_ui-15] 127.0.0.1 - - [23/Apr/2026 19:55:35] "POST /command HTTP/1.1" 200 -
[clear_table-13] [INFO] [1776988535.125962447] [clear_table_node]: Received clear_table command. Starting task execution.
[clear_table-13] [INFO] [1776988535.131703825] [clear_table_node]: Starting Clear Table Task...
[scene_from_vision-10] [INFO] [1776988535.144107887] [scene_from_vision_node]: Scene memory cleared. Removed remembered IDs: []
[clear_table-13] [INFO] [1776988535.186052014] [clear_table_node]: Scene memory cleared. Removed remembered IDs: []
[clear_table-13] [INFO] [1776988535.186876888] [clear_table_node]: [Layout] BIN preset alignment: preset=(0.891, 0.000) vs center=(0.891, 0.000) (dx_center=+0.000, dy=+0.000), dx_from_drop_target=+0.000.
[clear_table-13] [INFO] [1776988535.187858428] [clear_table_node]: [Layout] SHELF preset alignment: left=(0.760, 0.115), right=(0.760, 0.235), shelf_center_x=0.881, shelf_drop_x=0.760, dx_center(left/right)=(-0.121/-0.121), dx_drop(left/right)=(+0.000/+0.000).
[adl_ui-15] 127.0.0.1 - - [23/Apr/2026 19:55:35] "GET /status_json HTTP/1.1" 200 -
[clear_table-13] [INFO] [1776988535.218199968] [clear_table_node]: Added temporary table guard ring 'clear_table_startup_guard' (margin=0.0127m, height=0.200m, thickness=0.0127m).
[clear_table-13] [INFO] [1776988535.421968472] [clear_table_node]: Scene LOCKED.
[scene_from_vision-10] [INFO] [1776988535.425169852] [scene_from_vision_node]: Scene LOCKED - updates paused.
[clear_table-13] [INFO] [1776988535.584581967] [clear_table_node]: Moving to perform the initial scene scan for clear table task...
[clear_table-13] [INFO] [1776988535.589543522] [clear_table_node]: is_near_look_at_table: current arm is not at target (worst=joint_4:0.515 rad > 0.080).
[clear_table-13] [INFO] [1776988535.590526357] [clear_table_node]: look_at_table: planning to LOOK_AT_TABLE_JOINTS.
[move_group-20] [ERROR] [1776988535.594475242] [move_group.moveit.moveit.core.conversions]: Found empty JointState message
[INFO] [launch.user]: [arm_start.launch] move_group reported an empty JointState while sanitizer mode is active. Keeping the launch alive, but this still indicates a planning-state problem. move_group output: [ERROR] [1776988535.594475242] [move_group.moveit.moveit.core.conversions]: Found empty JointState message
[clear_table-13] [INFO] [1776988535.606279544] [clear_table_node]: Start state: collision-valid — no collisions (not a joint-bounds check).
[move_group-20] [INFO] [1776988535.611414405] [move_group.moveit.moveit.ros.move_group.move_action]: MoveGroupMoveAction: Received request
[move_group-20] [INFO] [1776988535.612383808] [move_group.moveit.moveit.ros.move_group.move_action]: executing..
[move_group-20] [INFO] [1776988535.615608900] [move_group.moveit.moveit.ros.move_group.move_action]: Combined planning and execution request received for MoveGroup action. Forwarding to planning and execution pipeline.
[move_group-20] [WARN] [1776988535.615674579] [move_group.moveit.moveit.ros.move_group.capability]: Execution of motions should always start at the robot's current state. Ignoring the state supplied as start state in the motion planning request
[move_group-20] [WARN] [1776988535.615700075] [move_group.moveit.moveit.ros.move_group.capability]: Execution of motions should always start at the robot's current state. Ignoring the state supplied as difference in the planning scene diff
[move_group-20] [INFO] [1776988535.615720772] [move_group.moveit.moveit.ros.plan_execution]: Planning attempt 1 of at most 1
[move_group-20] [INFO] [1776988535.616256351] [move_group]: Calling PlanningRequestAdapter 'ResolveConstraintFrames'
[move_group-20] [INFO] [1776988535.617257923] [move_group]: Calling PlanningRequestAdapter 'ValidateWorkspaceBounds'
[move_group-20] [INFO] [1776988535.617331989] [move_group]: Calling PlanningRequestAdapter 'CheckStartStateBounds'
[move_group-20] [INFO] [1776988535.617391471] [move_group]: Calling PlanningRequestAdapter 'CheckStartStateCollision'
[move_group-20] [INFO] [1776988535.620972507] [move_group.moveit.moveit.planners.ompl.model_based_planning_context]: Planner configuration 'manipulator' will use planner 'geometric::RRTConnect'. Additional configuration parameters will be set when the planner is constructed.
[move_group-20] [INFO] [1776988535.621293841] [move_group]: Calling Planner 'OMPL'
[move_group-20] [INFO] [1776988535.683337910] [move_group]: Calling PlanningResponseAdapter 'AddTimeOptimalParameterization'
[move_group-20] [INFO] [1776988535.688982475] [move_group]: Calling PlanningResponseAdapter 'ValidateSolution'
[move_group-20] [INFO] [1776988535.691581431] [move_group]: Calling PlanningResponseAdapter 'DisplayMotionPath'
[move_group-20] [WARN] [1776988535.692521788] [move_group.moveit.moveit.ros.planning_pipeline]: The planner plugin did not fill out the 'planner_id' field of the MotionPlanResponse. Setting it to the planner ID name of the MotionPlanRequest assuming that the planner plugin does warn you if it does not use the requested planner.
[move_group-20] [INFO] [1776988535.693390607] [move_group.moveit.moveit.plugins.simple_controller_manager]: Returned 2 controllers in list
[move_group-20] [INFO] [1776988535.693444025] [move_group.moveit.moveit.plugins.simple_controller_manager]: Returned 2 controllers in list
[move_group-20] [INFO] [1776988535.693545629] [move_group.moveit.moveit.ros.trajectory_execution_manager]: Validating trajectory with allowed_start_tolerance 0.01
[move_group-20] [INFO] [1776988535.701562993] [move_group.moveit.moveit.ros.trajectory_execution_manager]: Starting trajectory execution ...
[move_group-20] [INFO] [1776988535.701653377] [move_group.moveit.moveit.plugins.simple_controller_manager]: Returned 2 controllers in list
[move_group-20] [INFO] [1776988535.701693236] [move_group.moveit.moveit.plugins.simple_controller_manager]: Returned 2 controllers in list
[move_group-20] [INFO] [1776988535.702237860] [moveit.simple_controller_manager.follow_joint_trajectory_controller_handle]: sending trajectory to joint_trajectory_controller
[ros2_control_node-1] [INFO] [1776988535.704164345] [joint_trajectory_controller]: Received new action goal
[ros2_control_node-1] [INFO] [1776988535.704324424] [joint_trajectory_controller]: Accepted new action goal
[move_group-20] [INFO] [1776988535.705936854] [moveit.simple_controller_manager.follow_joint_trajectory_controller_handle]: joint_trajectory_controller started execution
[move_group-20] [INFO] [1776988535.705993014] [moveit.simple_controller_manager.follow_joint_trajectory_controller_handle]: Goal request accepted!
[joint_state_sanitizer-3] [WARN] [1776988535.866323160] [joint_state_sanitizer_node]: [joint_state_sanitizer] Published sanitized joint state: joint_3:+3.134->+3.132
[adl_ui-15] 127.0.0.1 - - [23/Apr/2026 19:55:35] "GET /status_json HTTP/1.1" 200 -
[ros2_control_node-1] [WARN] [1776988535.982419382] [controller_manager]: Overrun might occur, Total time : 2538.289 us (Expected < 1000.000 us) --> Read time : 36.547 us, Update time : 277.951 us, Write time : 2223.791 us
[ros2_control_node-1] [WARN] [1776988535.982483028] [controller_manager]: Overrun detected! The controller manager missed its desired rate of 1000 Hz. The loop took 2.626350 ms (missed cycles : 3).
[vision_apriltag-9] [INFO] [1776988536.168761543] [vision_apriltag_node]: Vision AprilTag: scene is locked; detection publishing is paused.
[wrist_camera_usb_publisher-8] [INFO] [1776988536.459611037] [wrist_camera_usb_publisher_node]: USB camera publisher heartbeat: publishing 1280x720 frames on /wrist_mounted_camera/image; camera_info fx=920.87, fy=921.57, cx=644.76, cy=343.15.
[adl_ui-15] 127.0.0.1 - - [23/Apr/2026 19:55:36] "GET /status_json HTTP/1.1" 200 -
[ros2_control_node-1] [WARN] [1776988536.985163111] [controller_manager]: Overrun might occur, Total time : 3283.259 us (Expected < 1000.000 us) --> Read time : 41.581 us, Update time : 290.946 us, Write time : 2950.732 us
[ros2_control_node-1] [WARN] [1776988536.985230965] [controller_manager]: Overrun detected! The controller manager missed its desired rate of 1000 Hz. The loop took 3.374328 ms (missed cycles : 4).
[ros2_control_node-1] [INFO] [1776988537.375137111] [joint_trajectory_controller]: Goal reached, success!
[move_group-20] [INFO] [1776988537.409015658] [moveit.simple_controller_manager.follow_joint_trajectory_controller_handle]: Controller 'joint_trajectory_controller' successfully finished
[adl_ui-15] 127.0.0.1 - - [23/Apr/2026 19:55:37] "GET /status_json HTTP/1.1" 200 -
[move_group-20] [INFO] [1776988537.455803911] [move_group.moveit.moveit.ros.trajectory_execution_manager]: Completed trajectory execution with status SUCCEEDED ...
[move_group-20] [INFO] [1776988537.461803151] [move_group.moveit.moveit.ros.move_group.move_action]: Solution was found and executed.
[clear_table-13] [INFO] [1776988537.568584015] [clear_table_node]: Scene UNLOCKED.
[scene_from_vision-10] [INFO] [1776988537.569829435] [scene_from_vision_node]: Scene UNLOCKED - updates resuming.
[vision_apriltag-9] [INFO] [1776988537.856566040] [vision_apriltag_node]: Vision AprilTag detection debug: 3:cv2.solvePnP_ippe_square:raw@(498,398)
[vision_apriltag-9] [INFO] [1776988537.861480222] [vision_apriltag_node]: Vision AprilTag visible IDs: [3]
[vision_apriltag-9] [INFO] [1776988537.943929288] [vision_apriltag_node]: Service: Tag 3 found and base-frame pose returned.
[ros2_control_node-1] [WARN] [1776988537.988227607] [controller_manager]: Overrun might occur, Total time : 5333.830 us (Expected < 1000.000 us) --> Read time : 62.354 us, Update time : 411.578 us, Write time : 4859.898 us
[ros2_control_node-1] [WARN] [1776988537.988318310] [controller_manager]: Overrun detected! The controller manager missed its desired rate of 1000 Hz. The loop took 5.461840 ms (missed cycles : 6).
[adl_ui-15] 127.0.0.1 - - [23/Apr/2026 19:55:38] "GET /status_json HTTP/1.1" 200 -
[adl_ui-15] 127.0.0.1 - - [23/Apr/2026 19:55:38] "GET /status_json HTTP/1.1" 200 -
[vision_apriltag-9] [INFO] [1776988538.940454336] [vision_apriltag_node]: Service: Tag 3 found and base-frame pose returned.
[clear_table-13] [INFO] [1776988538.970628014] [clear_table_node]: Initial top scan pose reached. Deterministic two-phase scan will collect top then side targets.
[clear_table-13] [INFO] [1776988538.971259583] [clear_table_node]: Scene UNLOCKED.
[scene_from_vision-10] [INFO] [1776988538.972507563] [scene_from_vision_node]: Scene UNLOCKED - updates resuming.
[ros2_control_node-1] [WARN] [1776988538.990688024] [controller_manager]: Overrun might occur, Total time : 2815.071 us (Expected < 1000.000 us) --> Read time : 35.369 us, Update time : 239.634 us, Write time : 2540.068 us
[ros2_control_node-1] [WARN] [1776988538.990749742] [controller_manager]: Overrun detected! The controller manager missed its desired rate of 1000 Hz. The loop took 2.893234 ms (missed cycles : 3).
[clear_table-13] [INFO] [1776988539.122136062] [clear_table_node]: Vision ENABLED.
[clear_table-13] [INFO] [1776988539.123345339] [clear_table_node]: Running deterministic two-phase clear_table scan: top sweep first, then one left/right side sweep.
[clear_table-13] [INFO] [1776988539.124555176] [clear_table_node]: Two-phase scan is configured to run at least one side sweep before returning priority top-ID detections because side-grasp targets are in scope.
[clear_table-13] [INFO] [1776988539.125896421] [clear_table_node]: Scene LOCKED.
[scene_from_vision-10] [INFO] [1776988539.129115106] [scene_from_vision_node]: Scene LOCKED - updates paused.
[clear_table-13] [INFO] [1776988539.278372780] [clear_table_node]: look_at_table: already near fixed lab scan joint pose; skipping motion.
[clear_table-13] [INFO] [1776988539.283130919] [clear_table_node]: Scene UNLOCKED.
[scene_from_vision-10] [INFO] [1776988539.288684988] [scene_from_vision_node]: Scene UNLOCKED - updates resuming.
[adl_ui-15] 127.0.0.1 - - [23/Apr/2026 19:55:39] "GET /status_json HTTP/1.1" 200 -
[clear_table-13] [INFO] [1776988539.784165219] [clear_table_node]: Two-phase top scan 'top_center': using per-pose scan timeout 3.00s.
[scene_from_vision-10] [INFO] [1776988539.786079709] [scene_from_vision_node]: Scene scan started for 5.0s. Visible detections will be sampled, filtered, and committed at scan end.
[vision_apriltag-9] [INFO] [1776988539.796605055] [vision_apriltag_node]: Service: Tag 3 found and base-frame pose returned.
[vision_apriltag-9] [INFO] [1776988539.892789336] [vision_apriltag_node]: Service: Tag 3 found and base-frame pose returned.
[vision_apriltag-9] [INFO] [1776988539.941840849] [vision_apriltag_node]: Service: Tag 3 found and base-frame pose returned.
[ros2_control_node-1] [WARN] [1776988539.998425416] [controller_manager]: Overrun might occur, Total time : 7540.912 us (Expected < 1000.000 us) --> Read time : 41.914 us, Update time : 254.164 us, Write time : 7244.834 us
[ros2_control_node-1] [WARN] [1776988539.998510075] [controller_manager]: Overrun detected! The controller manager missed its desired rate of 1000 Hz. The loop took 7.653175 ms (missed cycles : 8).
[vision_apriltag-9] [INFO] [1776988540.013371195] [vision_apriltag_node]: Service: Tag 3 found and base-frame pose returned.
[vision_apriltag-9] [INFO] [1776988540.109192180] [vision_apriltag_node]: Service: Tag 3 found and base-frame pose returned.
[vision_apriltag-9] [INFO] [1776988540.209250642] [vision_apriltag_node]: Service: Tag 3 found and base-frame pose returned.
[vision_apriltag-9] [INFO] [1776988540.310619535] [vision_apriltag_node]: Service: Tag 3 found and base-frame pose returned.
[vision_apriltag-9] [INFO] [1776988540.411010025] [vision_apriltag_node]: Service: Tag 3 found and base-frame pose returned.
[adl_ui-15] 127.0.0.1 - - [23/Apr/2026 19:55:40] "GET /status_json HTTP/1.1" 200 -
[vision_apriltag-9] [INFO] [1776988540.511568563] [vision_apriltag_node]: Service: Tag 3 found and base-frame pose returned.
[vision_apriltag-9] [INFO] [1776988540.613552267] [vision_apriltag_node]: Service: Tag 3 found and base-frame pose returned.
[vision_apriltag-9] [INFO] [1776988540.716137809] [vision_apriltag_node]: Service: Tag 3 found and base-frame pose returned.
[vision_apriltag-9] [INFO] [1776988540.816987464] [vision_apriltag_node]: Service: Tag 3 found and base-frame pose returned.
[vision_apriltag-9] [INFO] [1776988540.915876734] [vision_apriltag_node]: Service: Tag 3 found and base-frame pose returned.
[vision_apriltag-9] [INFO] [1776988540.942431006] [vision_apriltag_node]: Service: Tag 3 found and base-frame pose returned.
[ros2_control_node-1] [WARN] [1776988540.998628982] [controller_manager]: Overrun might occur, Total time : 2742.669 us (Expected < 1000.000 us) --> Read time : 41.342 us, Update time : 247.337 us, Write time : 2453.990 us
[ros2_control_node-1] [WARN] [1776988540.998688456] [controller_manager]: Overrun detected! The controller manager missed its desired rate of 1000 Hz. The loop took 2.831843 ms (missed cycles : 3).
[vision_apriltag-9] [INFO] [1776988541.015724256] [vision_apriltag_node]: Service: Tag 3 found and base-frame pose returned.
[vision_apriltag-9] [INFO] [1776988541.118093346] [vision_apriltag_node]: Service: Tag 3 found and base-frame pose returned.
[adl_ui-15] 127.0.0.1 - - [23/Apr/2026 19:55:41] "GET /status_json HTTP/1.1" 200 -
[vision_apriltag-9] [INFO] [1776988541.217494900] [vision_apriltag_node]: Service: Tag 3 found and base-frame pose returned.
[vision_apriltag-9] [INFO] [1776988541.318310619] [vision_apriltag_node]: Service: Tag 3 found and base-frame pose returned.
[vision_apriltag-9] [INFO] [1776988541.418997918] [vision_apriltag_node]: Service: Tag 3 found and base-frame pose returned.
[vision_apriltag-9] [INFO] [1776988541.519994197] [vision_apriltag_node]: Service: Tag 3 found and base-frame pose returned.
[wrist_camera_usb_publisher-8] [INFO] [1776988541.621516553] [wrist_camera_usb_publisher_node]: USB camera publisher heartbeat: publishing 1280x720 frames on /wrist_mounted_camera/image; camera_info fx=920.87, fy=921.57, cx=644.76, cy=343.15.
[vision_apriltag-9] [INFO] [1776988541.627912984] [vision_apriltag_node]: Service: Tag 3 found and base-frame pose returned.
[vision_apriltag-9] [INFO] [1776988541.724689670] [vision_apriltag_node]: Service: Tag 3 found and base-frame pose returned.
[vision_apriltag-9] [INFO] [1776988541.827017425] [vision_apriltag_node]: Service: Tag 3 found and base-frame pose returned.
[vision_apriltag-9] [INFO] [1776988541.925671664] [vision_apriltag_node]: Service: Tag 3 found and base-frame pose returned.
[vision_apriltag-9] [INFO] [1776988541.940048340] [vision_apriltag_node]: Service: Tag 3 found and base-frame pose returned.
[adl_ui-15] 127.0.0.1 - - [23/Apr/2026 19:55:41] "GET /status_json HTTP/1.1" 200 -
[ros2_control_node-1] [WARN] [1776988542.001757373] [controller_manager]: Overrun might occur, Total time : 2857.580 us (Expected < 1000.000 us) --> Read time : 42.096 us, Update time : 267.354 us, Write time : 2548.130 us
[ros2_control_node-1] [WARN] [1776988542.001903246] [controller_manager]: Overrun detected! The controller manager missed its desired rate of 1000 Hz. The loop took 3.045566 ms (missed cycles : 4).
[vision_apriltag-9] [INFO] [1776988542.027322198] [vision_apriltag_node]: Service: Tag 3 found and base-frame pose returned.
[vision_apriltag-9] [INFO] [1776988542.131546568] [vision_apriltag_node]: Service: Tag 3 found and base-frame pose returned.
[vision_apriltag-9] [INFO] [1776988542.228413975] [vision_apriltag_node]: Service: Tag 3 found and base-frame pose returned.
[vision_apriltag-9] [INFO] [1776988542.328920613] [vision_apriltag_node]: Service: Tag 3 found and base-frame pose returned.
[vision_apriltag-9] [INFO] [1776988542.429077003] [vision_apriltag_node]: Service: Tag 3 found and base-frame pose returned.
[vision_apriltag-9] [INFO] [1776988542.529442890] [vision_apriltag_node]: Service: Tag 3 found and base-frame pose returned.
[vision_apriltag-9] [INFO] [1776988542.631707877] [vision_apriltag_node]: Service: Tag 3 found and base-frame pose returned.
[adl_ui-15] 127.0.0.1 - - [23/Apr/2026 19:55:42] "GET /status_json HTTP/1.1" 200 -
[vision_apriltag-9] [INFO] [1776988542.736888455] [vision_apriltag_node]: Service: Tag 3 found and base-frame pose returned.
[clear_table-13] [WARN] [1776988542.822523163] [clear_table_node]: scan_scene timed out after 3.0s; using current remembered IDs.
[vision_apriltag-9] [INFO] [1776988542.824875398] [vision_apriltag_node]: Service: Tag 3 found and base-frame pose returned.
[vision_apriltag-9] [INFO] [1776988542.832881813] [vision_apriltag_node]: Service: Tag 3 found and base-frame pose returned.
[clear_table-13] [INFO] [1776988542.833894927] [clear_table_node]: Two-phase top-pose freeze latched ID 3 from two-phase top scan 'top_center'.
[clear_table-13] [INFO] [1776988542.835629192] [clear_table_node]: Two-phase top scan 'top_center' detected top-grasp IDs [3].
[clear_table-13] [INFO] [1776988542.839043861] [clear_table_node]: Scene LOCKED.
[scene_from_vision-10] [INFO] [1776988542.847714668] [scene_from_vision_node]: Scene LOCKED - updates paused.
[clear_table-13] [INFO] [1776988542.990072382] [clear_table_node]: look_at_table_retry_scan: moving to inward recovery scan pose.
[vision_apriltag-9] [INFO] [1776988543.001627139] [vision_apriltag_node]: Vision AprilTag detection debug: 3:cv2.solvePnP_ippe_square:raw@(498,397)
[ros2_control_node-1] [WARN] [1776988543.002050969] [controller_manager]: Overrun might occur, Total time : 3154.367 us (Expected < 1000.000 us) --> Read time : 73.395 us, Update time : 318.892 us, Write time : 2762.080 us
[ros2_control_node-1] [WARN] [1776988543.002119048] [controller_manager]: Overrun detected! The controller manager missed its desired rate of 1000 Hz. The loop took 3.262527 ms (missed cycles : 4).
[move_group-20] [ERROR] [1776988543.032770308] [move_group.moveit.moveit.core.conversions]: Found empty JointState message
[clear_table-13] [INFO] [1776988543.037439211] [clear_table_node]: Start state: collision-valid — no collisions (not a joint-bounds check).
[move_group-20] [INFO] [1776988543.038627561] [move_group.moveit.moveit.ros.move_group.move_action]: MoveGroupMoveAction: Received request
[move_group-20] [INFO] [1776988543.038914274] [move_group.moveit.moveit.ros.move_group.move_action]: executing..
[move_group-20] [INFO] [1776988543.055477777] [move_group.moveit.moveit.ros.move_group.move_action]: Combined planning and execution request received for MoveGroup action. Forwarding to planning and execution pipeline.
[move_group-20] [WARN] [1776988543.055552442] [move_group.moveit.moveit.ros.move_group.capability]: Execution of motions should always start at the robot's current state. Ignoring the state supplied as start state in the motion planning request
[move_group-20] [WARN] [1776988543.055577047] [move_group.moveit.moveit.ros.move_group.capability]: Execution of motions should always start at the robot's current state. Ignoring the state supplied as difference in the planning scene diff
[move_group-20] [INFO] [1776988543.055590006] [move_group.moveit.moveit.ros.plan_execution]: Planning attempt 1 of at most 1
[move_group-20] [INFO] [1776988543.055933674] [move_group]: Calling PlanningRequestAdapter 'ResolveConstraintFrames'
[move_group-20] [INFO] [1776988543.055975124] [move_group]: Calling PlanningRequestAdapter 'ValidateWorkspaceBounds'
[move_group-20] [INFO] [1776988543.055993542] [move_group]: Calling PlanningRequestAdapter 'CheckStartStateBounds'
[move_group-20] [INFO] [1776988543.056024917] [move_group]: Calling PlanningRequestAdapter 'CheckStartStateCollision'
[move_group-20] [INFO] [1776988543.056591657] [move_group.moveit.moveit.planners.ompl.model_based_planning_context]: Planner configuration 'manipulator' will use planner 'geometric::RRTConnect'. Additional configuration parameters will be set when the planner is constructed.
[move_group-20] [INFO] [1776988543.056665898] [move_group]: Calling Planner 'OMPL'
[move_group-20] [INFO] [1776988543.070628977] [move_group]: Calling PlanningResponseAdapter 'AddTimeOptimalParameterization'
[move_group-20] [INFO] [1776988543.072085145] [move_group]: Calling PlanningResponseAdapter 'ValidateSolution'
[move_group-20] [INFO] [1776988543.072698144] [move_group]: Calling PlanningResponseAdapter 'DisplayMotionPath'
[move_group-20] [WARN] [1776988543.072836987] [move_group.moveit.moveit.ros.planning_pipeline]: The planner plugin did not fill out the 'planner_id' field of the MotionPlanResponse. Setting it to the planner ID name of the MotionPlanRequest assuming that the planner plugin does warn you if it does not use the requested planner.
[move_group-20] [INFO] [1776988543.072996747] [move_group.moveit.moveit.plugins.simple_controller_manager]: Returned 2 controllers in list
[move_group-20] [INFO] [1776988543.073027587] [move_group.moveit.moveit.plugins.simple_controller_manager]: Returned 2 controllers in list
[move_group-20] [INFO] [1776988543.073109798] [move_group.moveit.moveit.ros.trajectory_execution_manager]: Validating trajectory with allowed_start_tolerance 0.01
[move_group-20] [INFO] [1776988543.075245616] [move_group.moveit.moveit.ros.trajectory_execution_manager]: Starting trajectory execution ...
[move_group-20] [INFO] [1776988543.075320856] [move_group.moveit.moveit.plugins.simple_controller_manager]: Returned 2 controllers in list
[move_group-20] [INFO] [1776988543.075363033] [move_group.moveit.moveit.plugins.simple_controller_manager]: Returned 2 controllers in list
[move_group-20] [INFO] [1776988543.075539219] [moveit.simple_controller_manager.follow_joint_trajectory_controller_handle]: sending trajectory to joint_trajectory_controller
[ros2_control_node-1] [INFO] [1776988543.075972439] [joint_trajectory_controller]: Received new action goal
[ros2_control_node-1] [INFO] [1776988543.076198257] [joint_trajectory_controller]: Accepted new action goal
[move_group-20] [INFO] [1776988543.076567281] [moveit.simple_controller_manager.follow_joint_trajectory_controller_handle]: joint_trajectory_controller started execution
[move_group-20] [INFO] [1776988543.076589386] [moveit.simple_controller_manager.follow_joint_trajectory_controller_handle]: Goal request accepted!
[adl_ui-15] 127.0.0.1 - - [23/Apr/2026 19:55:43] "GET /status_json HTTP/1.1" 200 -
[ros2_control_node-1] [WARN] [1776988544.004468138] [controller_manager]: Overrun might occur, Total time : 2572.357 us (Expected < 1000.000 us) --> Read time : 24.440 us, Update time : 210.918 us, Write time : 2336.999 us
[ros2_control_node-1] [WARN] [1776988544.004520966] [controller_manager]: Overrun detected! The controller manager missed its desired rate of 1000 Hz. The loop took 2.664728 ms (missed cycles : 3).
[vision_apriltag-9] [INFO] [1776988544.163176447] [vision_apriltag_node]: Vision AprilTag: scene is locked; detection publishing is paused.
[adl_ui-15] 127.0.0.1 - - [23/Apr/2026 19:55:44] "GET /status_json HTTP/1.1" 200 -
[scene_from_vision-10] [INFO] [1776988544.835558719] [scene_from_vision_node]: Scan committed tag 3: raw=34, accepted=34, rejected=0, median tag pose x=0.595, y=0.062, z=0.140. object center x=0.568, y=-0.003, z=0.129, yaw=+11.4deg. table_delta x=-0.114, y=-0.003.
[scene_from_vision-10] [INFO] [1776988544.836889353] [scene_from_vision_node]: Scene scan complete. Remembered object IDs: [3]
[ros2_control_node-1] [INFO] [1776988544.872007720] [joint_trajectory_controller]: Goal reached, success!
[move_group-20] [INFO] [1776988544.876938346] [moveit.simple_controller_manager.follow_joint_trajectory_controller_handle]: Controller 'joint_trajectory_controller' successfully finished
[move_group-20] [INFO] [1776988544.937121125] [move_group.moveit.moveit.ros.trajectory_execution_manager]: Completed trajectory execution with status SUCCEEDED ...
[move_group-20] [INFO] [1776988544.945415909] [move_group.moveit.moveit.ros.move_group.move_action]: Solution was found and executed.
[adl_ui-15] 127.0.0.1 - - [23/Apr/2026 19:55:44] "GET /status_json HTTP/1.1" 200 -
[ros2_control_node-1] [WARN] [1776988545.006622064] [controller_manager]: Overrun might occur, Total time : 2737.229 us (Expected < 1000.000 us) --> Read time : 45.731 us, Update time : 248.315 us, Write time : 2443.183 us
[ros2_control_node-1] [WARN] [1776988545.006703448] [controller_manager]: Overrun detected! The controller manager missed its desired rate of 1000 Hz. The loop took 2.846445 ms (missed cycles : 3).
[clear_table-13] [INFO] [1776988545.051403114] [clear_table_node]: Scene UNLOCKED.
[scene_from_vision-10] [INFO] [1776988545.052330891] [scene_from_vision_node]: Scene UNLOCKED - updates resuming.
[scene_from_vision-10] [INFO] [1776988545.439218988] [scene_from_vision_node]: Published obj_3 (new) at x=0.568, y=-0.003, z=0.129, yaw=+11.4deg
[scene_from_vision-10] [INFO] [1776988545.444378271] [scene_from_vision_node]: /apply_planning_scene accepted dynamic scene updates; MoveIt should mirror these objects to RViz.
[clear_table-13] [INFO] [1776988545.552528194] [clear_table_node]: Two-phase top scan 'top_retry': using per-pose scan timeout 3.00s.
[scene_from_vision-10] [INFO] [1776988545.554587742] [scene_from_vision_node]: Scene scan started for 5.0s. Visible detections will be sampled, filtered, and committed at scan end.
[vision_apriltag-9] [INFO] [1776988545.556887594] [vision_apriltag_node]: Service: Tag 3 found and base-frame pose returned.
[vision_apriltag-9] [INFO] [1776988545.665303022] [vision_apriltag_node]: Service: Tag 3 found and base-frame pose returned.
[vision_apriltag-9] [INFO] [1776988545.760589670] [vision_apriltag_node]: Service: Tag 3 found and base-frame pose returned.
[adl_ui-15] 127.0.0.1 - - [23/Apr/2026 19:55:45] "GET /status_json HTTP/1.1" 200 -
[vision_apriltag-9] [INFO] [1776988545.861007916] [vision_apriltag_node]: Service: Tag 3 found and base-frame pose returned.
[vision_apriltag-9] [INFO] [1776988545.943302391] [vision_apriltag_node]: Service: Tag 3 found and base-frame pose returned.
[vision_apriltag-9] [INFO] [1776988545.962471061] [vision_apriltag_node]: Service: Tag 3 found and base-frame pose returned.
[ros2_control_node-1] [WARN] [1776988546.007003809] [controller_manager]: Overrun might occur, Total time : 3108.368 us (Expected < 1000.000 us) --> Read time : 52.277 us, Update time : 336.816 us, Write time : 2719.275 us
[ros2_control_node-1] [WARN] [1776988546.007107506] [controller_manager]: Overrun detected! The controller manager missed its desired rate of 1000 Hz. The loop took 3.250281 ms (missed cycles : 4).
[vision_apriltag-9] [INFO] [1776988546.067800644] [vision_apriltag_node]: Service: Tag 3 found and base-frame pose returned.
[vision_apriltag-9] [INFO] [1776988546.169039809] [vision_apriltag_node]: Vision AprilTag: images are arriving, but no AprilTag has been seen for 3.2s.
[vision_apriltag-9] [INFO] [1776988546.171159259] [vision_apriltag_node]: Service: Tag 3 found and base-frame pose returned.
[vision_apriltag-9] [INFO] [1776988546.266210883] [vision_apriltag_node]: Service: Tag 3 found and base-frame pose returned.
[vision_apriltag-9] [INFO] [1776988546.376110853] [vision_apriltag_node]: Service: Tag 3 found and base-frame pose returned.
[vision_apriltag-9] [INFO] [1776988546.474775889] [vision_apriltag_node]: Service: Tag 3 found and base-frame pose returned.
[adl_ui-15] 127.0.0.1 - - [23/Apr/2026 19:55:46] "GET /status_json HTTP/1.1" 200 -
[vision_apriltag-9] [INFO] [1776988546.576142319] [vision_apriltag_node]: Service: Tag 3 found and base-frame pose returned.
[vision_apriltag-9] [INFO] [1776988546.676320090] [vision_apriltag_node]: Service: Tag 3 found and base-frame pose returned.
[vision_apriltag-9] [INFO] [1776988546.776473043] [vision_apriltag_node]: Service: Tag 3 found and base-frame pose returned.
[wrist_camera_usb_publisher-8] [INFO] [1776988546.783299010] [wrist_camera_usb_publisher_node]: USB camera publisher heartbeat: publishing 1280x720 frames on /wrist_mounted_camera/image; camera_info fx=920.87, fy=921.57, cx=644.76, cy=343.15.
[vision_apriltag-9] [INFO] [1776988546.877734910] [vision_apriltag_node]: Service: Tag 3 found and base-frame pose returned.
[vision_apriltag-9] [INFO] [1776988546.939327521] [vision_apriltag_node]: Service: Tag 3 found and base-frame pose returned.
[vision_apriltag-9] [INFO] [1776988546.982127607] [vision_apriltag_node]: Service: Tag 3 found and base-frame pose returned.
[ros2_control_node-1] [WARN] [1776988547.008177583] [controller_manager]: Overrun might occur, Total time : 3276.662 us (Expected < 1000.000 us) --> Read time : 101.191 us, Update time : 387.246 us, Write time : 2788.225 us
[ros2_control_node-1] [WARN] [1776988547.008256949] [controller_manager]: Overrun detected! The controller manager missed its desired rate of 1000 Hz. The loop took 3.400397 ms (missed cycles : 4).
[vision_apriltag-9] [INFO] [1776988547.081534825] [vision_apriltag_node]: Service: Tag 3 found and base-frame pose returned.
[vision_apriltag-9] [INFO] [1776988547.208034428] [vision_apriltag_node]: Service: Tag 3 found and base-frame pose returned.
[vision_apriltag-9] [INFO] [1776988547.302844443] [vision_apriltag_node]: Service: Tag 3 found and base-frame pose returned.
[adl_ui-15] 127.0.0.1 - - [23/Apr/2026 19:55:47] "GET /status_json HTTP/1.1" 200 -
[vision_apriltag-9] [INFO] [1776988547.401371123] [vision_apriltag_node]: Service: Tag 3 found and base-frame pose returned.
[vision_apriltag-9] [INFO] [1776988547.501597091] [vision_apriltag_node]: Service: Tag 3 found and base-frame pose returned.
[scene_from_vision-10] [INFO] [1776988547.502016081] [scene_from_vision_node]: Published obj_3 (heartbeat) at x=0.568, y=-0.003, z=0.129, yaw=+11.4deg
[vision_apriltag-9] [INFO] [1776988547.605357080] [vision_apriltag_node]: Service: Tag 3 found and base-frame pose returned.
[vision_apriltag-9] [INFO] [1776988547.707395998] [vision_apriltag_node]: Service: Tag 3 found and base-frame pose returned.
[vision_apriltag-9] [INFO] [1776988547.808194569] [vision_apriltag_node]: Service: Tag 3 found and base-frame pose returned.
[vision_apriltag-9] [INFO] [1776988547.913820003] [vision_apriltag_node]: Service: Tag 3 found and base-frame pose returned.
[vision_apriltag-9] [INFO] [1776988547.942940695] [vision_apriltag_node]: Service: Tag 3 found and base-frame pose returned.
[ros2_control_node-1] [WARN] [1776988548.011841503] [controller_manager]: Overrun might occur, Total time : 2937.277 us (Expected < 1000.000 us) --> Read time : 93.892 us, Update time : 358.821 us, Write time : 2484.564 us
[ros2_control_node-1] [WARN] [1776988548.011923785] [controller_manager]: Overrun detected! The controller manager missed its desired rate of 1000 Hz. The loop took 3.066857 ms (missed cycles : 4).
[vision_apriltag-9] [INFO] [1776988548.012547513] [vision_apriltag_node]: Service: Tag 3 found and base-frame pose returned.
[adl_ui-15] 127.0.0.1 - - [23/Apr/2026 19:55:48] "GET /status_json HTTP/1.1" 200 -
[vision_apriltag-9] [INFO] [1776988548.123878693] [vision_apriltag_node]: Service: Tag 3 found and base-frame pose returned.
[vision_apriltag-9] [INFO] [1776988548.219375030] [vision_apriltag_node]: Vision AprilTag detection debug: no tags found after raw/CLAHE/sharp/adaptive/upscaled/tiled passes.
[vision_apriltag-9] [INFO] [1776988548.238144929] [vision_apriltag_node]: Service: Tag 3 found and base-frame pose returned.
[vision_apriltag-9] [INFO] [1776988548.317039251] [vision_apriltag_node]: Service: Tag 3 found and base-frame pose returned.
[vision_apriltag-9] [INFO] [1776988548.418035389] [vision_apriltag_node]: Service: Tag 3 found and base-frame pose returned.
[vision_apriltag-9] [INFO] [1776988548.519127472] [vision_apriltag_node]: Service: Tag 3 found and base-frame pose returned.
[clear_table-13] [WARN] [1776988548.602416232] [clear_table_node]: scan_scene timed out after 3.0s; using current remembered IDs.
[vision_apriltag-9] [INFO] [1776988548.605076962] [vision_apriltag_node]: Service: Tag 3 found and base-frame pose returned.
[clear_table-13] [INFO] [1776988548.614125564] [clear_table_node]: Two-phase top-pose freeze updated ID 3 from two-phase top scan 'top_retry'.
[clear_table-13] [INFO] [1776988548.621506329] [clear_table_node]: Two-phase top scan 'top_retry' detected top-grasp IDs [3].
[clear_table-13] [INFO] [1776988548.623531922] [clear_table_node]: Two-phase scan: priority top target(s) detected [3] after completing the configured top sweep. A side sweep is required, so continuing to side scan passes before target selection.
[vision_apriltag-9] [INFO] [1776988548.624349789] [vision_apriltag_node]: Service: Tag 3 found and base-frame pose returned.
[clear_table-13] [INFO] [1776988548.625906973] [clear_table_node]: Removing startup table guard ring before two-phase side sweeps.
[clear_table-13] [INFO] [1776988548.629041291] [clear_table_node]: Removed temporary table guard ring 'clear_table_startup_guard'.
[vision_apriltag-9] [INFO] [1776988548.721080028] [vision_apriltag_node]: Service: Tag 3 found and base-frame pose returned.
[clear_table-13] [INFO] [1776988548.730307385] [clear_table_node]: Scene LOCKED.
[scene_from_vision-10] [INFO] [1776988548.732619139] [scene_from_vision_node]: Scene LOCKED - updates paused.
[adl_ui-15] 127.0.0.1 - - [23/Apr/2026 19:55:48] "GET /status_json HTTP/1.1" 200 -
[clear_table-13] [INFO] [1776988548.881109682] [clear_table_node]: look_at_table_horizontal_side_scan_with_offsets: moving to horizontal side scan with joint offsets (joint_1=-0.280, joint_6=-0.000).
[clear_table-13] [INFO] [1776988548.881712838] [clear_table_node]: look_at_table_horizontal_side_scan: current arm is not at target (worst=joint_6:2.495 rad > 0.080).
[clear_table-13] [INFO] [1776988548.882339243] [clear_table_node]: look_at_table_horizontal_side_scan: moving with deterministic fixed joint pose.
[move_group-20] [ERROR] [1776988548.882975420] [move_group.moveit.moveit.core.conversions]: Found empty JointState message
[clear_table-13] [INFO] [1776988548.886242724] [clear_table_node]: Start state: collision-valid — no collisions (not a joint-bounds check).
[move_group-20] [INFO] [1776988548.887721409] [move_group.moveit.moveit.ros.move_group.move_action]: MoveGroupMoveAction: Received request
[move_group-20] [INFO] [1776988548.887956959] [move_group.moveit.moveit.ros.move_group.move_action]: executing..
[move_group-20] [INFO] [1776988548.895123739] [move_group.moveit.moveit.ros.move_group.move_action]: Combined planning and execution request received for MoveGroup action. Forwarding to planning and execution pipeline.
[move_group-20] [WARN] [1776988548.895177325] [move_group.moveit.moveit.ros.move_group.capability]: Execution of motions should always start at the robot's current state. Ignoring the state supplied as start state in the motion planning request
[move_group-20] [WARN] [1776988548.895212348] [move_group.moveit.moveit.ros.move_group.capability]: Execution of motions should always start at the robot's current state. Ignoring the state supplied as difference in the planning scene diff
[move_group-20] [INFO] [1776988548.895224356] [move_group.moveit.moveit.ros.plan_execution]: Planning attempt 1 of at most 1
[move_group-20] [INFO] [1776988548.895521115] [move_group]: Calling PlanningRequestAdapter 'ResolveConstraintFrames'
[move_group-20] [INFO] [1776988548.895554115] [move_group]: Calling PlanningRequestAdapter 'ValidateWorkspaceBounds'
[move_group-20] [INFO] [1776988548.895572143] [move_group]: Calling PlanningRequestAdapter 'CheckStartStateBounds'
[move_group-20] [INFO] [1776988548.895600707] [move_group]: Calling PlanningRequestAdapter 'CheckStartStateCollision'
[move_group-20] [INFO] [1776988548.895997258] [move_group.moveit.moveit.planners.ompl.model_based_planning_context]: Planner configuration 'manipulator' will use planner 'geometric::RRTConnect'. Additional configuration parameters will be set when the planner is constructed.
[move_group-20] [INFO] [1776988548.896086549] [move_group]: Calling Planner 'OMPL'
[move_group-20] [INFO] [1776988548.935334888] [move_group]: Calling PlanningResponseAdapter 'AddTimeOptimalParameterization'
[move_group-20] [INFO] [1776988548.953382019] [move_group]: Calling PlanningResponseAdapter 'ValidateSolution'
[move_group-20] [ERROR] [1776988548.956621725] [move_group.moveit.moveit.ros.validate_solution]: Computed path is not valid. Invalid states at index locations: [ 75 76 ] out of 114. Explanations follow in command line. Contacts are published on /display_contacts
[move_group-20] [INFO] [1776988548.956754530] [move_group.moveit.moveit.core.moveit_collision_detection_fcl]: Found a contact between 'table_edge_lip_front' (type 'Object') and 'robotiq_85_left_finger_tip_link' (type 'Robot link'), which constitutes a collision. Contact information is not stored.
[move_group-20] [INFO] [1776988548.956782243] [move_group.moveit.moveit.core.moveit_collision_detection_fcl]: Collision checking is considered complete (collision was found and 0 contacts are stored)
[move_group-20] [INFO] [1776988548.956937273] [move_group.moveit.moveit.core.moveit_collision_detection_fcl]: Found a contact between 'table_edge_lip_front' (type 'Object') and 'robotiq_85_left_finger_tip_link' (type 'Robot link'), which constitutes a collision. Contact information is not stored.
[move_group-20] [INFO] [1776988548.956961424] [move_group.moveit.moveit.core.moveit_collision_detection_fcl]: Collision checking is considered complete (collision was found and 0 contacts are stored)
[move_group-20] [ERROR] [1776988548.957033211] [move_group.moveit.moveit.ros.validate_solution]: Completed listing of explanations for invalid states.
[move_group-20] [ERROR] [1776988548.957355276] [move_group]: PlanningResponseAdapter 'ValidateSolution' failed with error code INVALID_MOTION_PLAN
[move_group-20] [INFO] [1776988548.957500512] [move_group.moveit.moveit.ros.move_group.move_action]: Motion plan was found but it seems to be invalid (possibly due to postprocessing). Not executing.
[clear_table-13] [ERROR] [1776988548.963967518] [clear_table_node]: MoveGroup execution failed.
[clear_table-13]   error_code.val = -2
[clear_table-13]   group_name      = manipulator
[clear_table-13]   num_attempts    = 10
[clear_table-13]   allowed_time    = 18.0
[clear_table-13]   vel_scale       = 0.25
[clear_table-13]   accel_scale     = 0.25
[clear_table-13] If this persists, check move_group / controller logs for the meaning of this code (often control abort, invalid start state, or planning pipeline failure).
[clear_table-13] [WARN] [1776988548.964962016] [clear_table_node]: _recover_after_failure(): MoveGroup error_code=-2
[ros2_control_node-1] [WARN] [1776988549.013714205] [controller_manager]: Overrun might occur, Total time : 2792.093 us (Expected < 1000.000 us) --> Read time : 35.688 us, Update time : 227.752 us, Write time : 2528.653 us
[ros2_control_node-1] [WARN] [1776988549.013975975] [controller_manager]: Overrun detected! The controller manager missed its desired rate of 1000 Hz. The loop took 3.115291 ms (missed cycles : 4).
[adl_ui-15] 127.0.0.1 - - [23/Apr/2026 19:55:49] "GET /status_json HTTP/1.1" 200 -
[ros2_control_node-1] [WARN] [1776988550.015608500] [controller_manager]: Overrun might occur, Total time : 2729.119 us (Expected < 1000.000 us) --> Read time : 39.753 us, Update time : 234.501 us, Write time : 2454.865 us
[ros2_control_node-1] [WARN] [1776988550.015686229] [controller_manager]: Overrun detected! The controller manager missed its desired rate of 1000 Hz. The loop took 2.829373 ms (missed cycles : 3).
[vision_apriltag-9] [INFO] [1776988550.163434343] [vision_apriltag_node]: Vision AprilTag: scene is locked; detection publishing is paused.
[clear_table-13] [INFO] [1776988550.172134444] [clear_table_node]: Scene UNLOCKED.
[scene_from_vision-10] [INFO] [1776988550.173297716] [scene_from_vision_node]: Scene UNLOCKED - updates resuming.
[vision_apriltag-9] [INFO] [1776988550.230709994] [vision_apriltag_node]: Service: Tag 3 found and base-frame pose returned.
[scene_from_vision-10] [INFO] [1776988550.236749078] [scene_from_vision_node]: Published obj_3 (heartbeat) at x=0.568, y=-0.003, z=0.129, yaw=+11.4deg
[adl_ui-15] 127.0.0.1 - - [23/Apr/2026 19:55:50] "GET /status_json HTTP/1.1" 200 -
[clear_table-13] [WARN] [1776988550.323431546] [clear_table_node]: Two-phase side scan 'side_right' failed to reach its scan pose. Retrying up to 1 time(s).
[clear_table-13] [INFO] [1776988550.324154392] [clear_table_node]: Scene LOCKED.
[scene_from_vision-10] [INFO] [1776988550.325550361] [scene_from_vision_node]: Scene LOCKED - updates paused.
[clear_table-13] [INFO] [1776988550.474755554] [clear_table_node]: look_at_table_horizontal_side_scan_with_offsets: moving to horizontal side scan with joint offsets (joint_1=-0.280, joint_6=-0.000).
[clear_table-13] [INFO] [1776988550.478224812] [clear_table_node]: look_at_table_horizontal_side_scan: current arm is not at target (worst=joint_6:2.495 rad > 0.080).
[clear_table-13] [INFO] [1776988550.478875190] [clear_table_node]: look_at_table_horizontal_side_scan: moving with deterministic fixed joint pose.
[move_group-20] [ERROR] [1776988550.479545531] [move_group.moveit.moveit.core.conversions]: Found empty JointState message
[clear_table-13] [INFO] [1776988550.482680199] [clear_table_node]: Start state: collision-valid — no collisions (not a joint-bounds check).
[move_group-20] [INFO] [1776988550.483858737] [move_group.moveit.moveit.ros.move_group.move_action]: MoveGroupMoveAction: Received request
[move_group-20] [INFO] [1776988550.484111901] [move_group.moveit.moveit.ros.move_group.move_action]: executing..
[move_group-20] [INFO] [1776988550.495014353] [move_group.moveit.moveit.ros.move_group.move_action]: Combined planning and execution request received for MoveGroup action. Forwarding to planning and execution pipeline.
[move_group-20] [WARN] [1776988550.495068676] [move_group.moveit.moveit.ros.move_group.capability]: Execution of motions should always start at the robot's current state. Ignoring the state supplied as start state in the motion planning request
[move_group-20] [WARN] [1776988550.495099531] [move_group.moveit.moveit.ros.move_group.capability]: Execution of motions should always start at the robot's current state. Ignoring the state supplied as difference in the planning scene diff
[move_group-20] [INFO] [1776988550.495112846] [move_group.moveit.moveit.ros.plan_execution]: Planning attempt 1 of at most 1
[move_group-20] [INFO] [1776988550.495689721] [move_group]: Calling PlanningRequestAdapter 'ResolveConstraintFrames'
[move_group-20] [INFO] [1776988550.495728349] [move_group]: Calling PlanningRequestAdapter 'ValidateWorkspaceBounds'
[move_group-20] [INFO] [1776988550.495748470] [move_group]: Calling PlanningRequestAdapter 'CheckStartStateBounds'
[move_group-20] [INFO] [1776988550.495781452] [move_group]: Calling PlanningRequestAdapter 'CheckStartStateCollision'
[move_group-20] [INFO] [1776988550.496165135] [move_group.moveit.moveit.planners.ompl.model_based_planning_context]: Planner configuration 'manipulator' will use planner 'geometric::RRTConnect'. Additional configuration parameters will be set when the planner is constructed.
[move_group-20] [INFO] [1776988550.496233967] [move_group]: Calling Planner 'OMPL'
[move_group-20] [INFO] [1776988550.547999509] [move_group]: Calling PlanningResponseAdapter 'AddTimeOptimalParameterization'
[move_group-20] [INFO] [1776988550.562036408] [move_group]: Calling PlanningResponseAdapter 'ValidateSolution'
[move_group-20] [INFO] [1776988550.563934093] [move_group]: Calling PlanningResponseAdapter 'DisplayMotionPath'
[move_group-20] [WARN] [1776988550.564198618] [move_group.moveit.moveit.ros.planning_pipeline]: The planner plugin did not fill out the 'planner_id' field of the MotionPlanResponse. Setting it to the planner ID name of the MotionPlanRequest assuming that the planner plugin does warn you if it does not use the requested planner.
[move_group-20] [INFO] [1776988550.564574085] [move_group.moveit.moveit.plugins.simple_controller_manager]: Returned 2 controllers in list
[move_group-20] [INFO] [1776988550.564613998] [move_group.moveit.moveit.plugins.simple_controller_manager]: Returned 2 controllers in list
[move_group-20] [INFO] [1776988550.564733697] [move_group.moveit.moveit.ros.trajectory_execution_manager]: Validating trajectory with allowed_start_tolerance 0.01
[move_group-20] [INFO] [1776988550.575138791] [move_group.moveit.moveit.ros.trajectory_execution_manager]: Starting trajectory execution ...
[move_group-20] [INFO] [1776988550.575207850] [move_group.moveit.moveit.plugins.simple_controller_manager]: Returned 2 controllers in list
[move_group-20] [INFO] [1776988550.575244069] [move_group.moveit.moveit.plugins.simple_controller_manager]: Returned 2 controllers in list
[move_group-20] [INFO] [1776988550.575446091] [moveit.simple_controller_manager.follow_joint_trajectory_controller_handle]: sending trajectory to joint_trajectory_controller
[ros2_control_node-1] [INFO] [1776988550.576105381] [joint_trajectory_controller]: Received new action goal
[ros2_control_node-1] [INFO] [1776988550.576175898] [joint_trajectory_controller]: Accepted new action goal
[move_group-20] [INFO] [1776988550.576454694] [moveit.simple_controller_manager.follow_joint_trajectory_controller_handle]: joint_trajectory_controller started execution
[move_group-20] [INFO] [1776988550.576470332] [moveit.simple_controller_manager.follow_joint_trajectory_controller_handle]: Goal request accepted!
[scene_from_vision-10] [INFO] [1776988550.641248981] [scene_from_vision_node]: Scan committed tag 3: raw=36, accepted=36, rejected=0, median tag pose x=0.577, y=0.078, z=0.140. object center x=0.550, y=0.013, z=0.129, yaw=+12.0deg. table_delta x=-0.131, y=+0.013.
[scene_from_vision-10] [INFO] [1776988550.642882805] [scene_from_vision_node]: Scene scan complete. Remembered object IDs: [3]
[ros2_control_node-1] [WARN] [1776988551.016220098] [controller_manager]: Overrun might occur, Total time : 4329.631 us (Expected < 1000.000 us) --> Read time : 58.185 us, Update time : 338.946 us, Write time : 3932.500 us
[ros2_control_node-1] [WARN] [1776988551.016330661] [controller_manager]: Overrun detected! The controller manager missed its desired rate of 1000 Hz. The loop took 4.472339 ms (missed cycles : 5).
[adl_ui-15] 127.0.0.1 - - [23/Apr/2026 19:55:51] "GET /status_json HTTP/1.1" 200 -
[adl_ui-15] 127.0.0.1 - - [23/Apr/2026 19:55:51] "GET /status_json HTTP/1.1" 200 -
[wrist_camera_usb_publisher-8] [INFO] [1776988551.940942532] [wrist_camera_usb_publisher_node]: USB camera publisher heartbeat: publishing 1280x720 frames on /wrist_mounted_camera/image; camera_info fx=920.87, fy=921.57, cx=644.76, cy=343.15.
[ros2_control_node-1] [WARN] [1776988552.018383352] [controller_manager]: Overrun might occur, Total time : 2505.737 us (Expected < 1000.000 us) --> Read time : 39.167 us, Update time : 297.346 us, Write time : 2169.224 us
[ros2_control_node-1] [WARN] [1776988552.018453822] [controller_manager]: Overrun detected! The controller manager missed its desired rate of 1000 Hz. The loop took 2.596990 ms (missed cycles : 3).
[vision_apriltag-9] [INFO] [1776988552.165240352] [vision_apriltag_node]: Vision AprilTag: scene is locked; detection publishing is paused.
[adl_ui-15] 127.0.0.1 - - [23/Apr/2026 19:55:52] "GET /status_json HTTP/1.1" 200 -
[joint_state_sanitizer-3] [WARN] [1776988552.804594340] [joint_state_sanitizer_node]: [joint_state_sanitizer] Published sanitized joint state: joint_3:-3.134->-3.132
[ros2_control_node-1] [WARN] [1776988553.018575335] [controller_manager]: Overrun might occur, Total time : 2676.263 us (Expected < 1000.000 us) --> Read time : 70.765 us, Update time : 351.838 us, Write time : 2253.660 us
[ros2_control_node-1] [WARN] [1776988553.018651618] [controller_manager]: Overrun detected! The controller manager missed its desired rate of 1000 Hz. The loop took 2.794934 ms (missed cycles : 3).
[adl_ui-15] 127.0.0.1 - - [23/Apr/2026 19:55:53] "GET /status_json HTTP/1.1" 200 -
[ros2_control_node-1] [WARN] [1776988554.020763499] [controller_manager]: Overrun might occur, Total time : 3875.442 us (Expected < 1000.000 us) --> Read time : 43.450 us, Update time : 347.945 us, Write time : 3484.047 us
[ros2_control_node-1] [WARN] [1776988554.020843624] [controller_manager]: Overrun detected! The controller manager missed its desired rate of 1000 Hz. The loop took 3.986732 ms (missed cycles : 4).
[adl_ui-15] 127.0.0.1 - - [23/Apr/2026 19:55:54] "GET /status_json HTTP/1.1" 200 -
[vision_apriltag-9] [INFO] [1776988554.163503786] [vision_apriltag_node]: Vision AprilTag: scene is locked; detection publishing is paused.
[adl_ui-15] 127.0.0.1 - - [23/Apr/2026 19:55:54] "GET /status_json HTTP/1.1" 200 -
[ros2_control_node-1] [WARN] [1776988555.021765853] [controller_manager]: Overrun might occur, Total time : 2893.095 us (Expected < 1000.000 us) --> Read time : 30.846 us, Update time : 217.651 us, Write time : 2644.598 us
[ros2_control_node-1] [WARN] [1776988555.021845839] [controller_manager]: Overrun detected! The controller manager missed its desired rate of 1000 Hz. The loop took 2.989713 ms (missed cycles : 3).
[adl_ui-15] 127.0.0.1 - - [23/Apr/2026 19:55:55] "GET /status_json HTTP/1.1" 200 -
[ros2_control_node-1] [WARN] [1776988556.021787827] [controller_manager]: Overrun might occur, Total time : 3911.465 us (Expected < 1000.000 us) --> Read time : 25.121 us, Update time : 287.111 us, Write time : 3599.233 us
[ros2_control_node-1] [WARN] [1776988556.021893479] [controller_manager]: Overrun detected! The controller manager missed its desired rate of 1000 Hz. The loop took 4.036757 ms (missed cycles : 5).
[vision_apriltag-9] [INFO] [1776988556.163023473] [vision_apriltag_node]: Vision AprilTag: scene is locked; detection publishing is paused.
[adl_ui-15] 127.0.0.1 - - [23/Apr/2026 19:55:56] "GET /status_json HTTP/1.1" 200 -
[ros2_control_node-1] [WARN] [1776988557.022730291] [controller_manager]: Overrun might occur, Total time : 3839.165 us (Expected < 1000.000 us) --> Read time : 41.284 us, Update time : 282.075 us, Write time : 3515.806 us
[ros2_control_node-1] [WARN] [1776988557.022890280] [controller_manager]: Overrun detected! The controller manager missed its desired rate of 1000 Hz. The loop took 4.029580 ms (missed cycles : 5).
[adl_ui-15] 127.0.0.1 - - [23/Apr/2026 19:55:57] "GET /status_json HTTP/1.1" 200 -
[wrist_camera_usb_publisher-8] [INFO] [1776988557.115229010] [wrist_camera_usb_publisher_node]: USB camera publisher heartbeat: publishing 1280x720 frames on /wrist_mounted_camera/image; camera_info fx=920.87, fy=921.57, cx=644.76, cy=343.15.
[adl_ui-15] 127.0.0.1 - - [23/Apr/2026 19:55:57] "GET /status_json HTTP/1.1" 200 -
[ros2_control_node-1] [WARN] [1776988558.025240981] [controller_manager]: Overrun might occur, Total time : 3350.489 us (Expected < 1000.000 us) --> Read time : 47.305 us, Update time : 296.896 us, Write time : 3006.288 us
[ros2_control_node-1] [WARN] [1776988558.025368530] [controller_manager]: Overrun detected! The controller manager missed its desired rate of 1000 Hz. The loop took 3.511146 ms (missed cycles : 4).
[vision_apriltag-9] [INFO] [1776988558.163144885] [vision_apriltag_node]: Vision AprilTag: scene is locked; detection publishing is paused.
[adl_ui-15] 127.0.0.1 - - [23/Apr/2026 19:55:58] "GET /status_json HTTP/1.1" 200 -
[joint_state_sanitizer-3] [WARN] [1776988559.010947607] [joint_state_sanitizer_node]: [joint_state_sanitizer] Published sanitized joint state: joint_3:+3.134->+3.132
[ros2_control_node-1] [WARN] [1776988559.029096730] [controller_manager]: Overrun might occur, Total time : 3217.362 us (Expected < 1000.000 us) --> Read time : 62.577 us, Update time : 287.588 us, Write time : 2867.197 us
[ros2_control_node-1] [WARN] [1776988559.029168222] [controller_manager]: Overrun detected! The controller manager missed its desired rate of 1000 Hz. The loop took 3.311137 ms (missed cycles : 4).
[ros2_control_node-1] [INFO] [1776988559.139031510] [joint_trajectory_controller]: Goal reached, success!
[move_group-20] [INFO] [1776988559.181374150] [moveit.simple_controller_manager.follow_joint_trajectory_controller_handle]: Controller 'joint_trajectory_controller' successfully finished
[move_group-20] [INFO] [1776988559.235409099] [move_group.moveit.moveit.ros.trajectory_execution_manager]: Completed trajectory execution with status SUCCEEDED ...
[move_group-20] [INFO] [1776988559.245355615] [move_group.moveit.moveit.ros.move_group.move_action]: Solution was found and executed.
[adl_ui-15] 127.0.0.1 - - [23/Apr/2026 19:55:59] "GET /status_json HTTP/1.1" 200 -
[clear_table-13] [INFO] [1776988559.349514945] [clear_table_node]: [CAL] horizontal side scan joint snapshot: ADL_HORIZONTAL_SIDE_SCAN_JOINT_1=+1.235528 ADL_HORIZONTAL_SIDE_SCAN_JOINT_2=+1.447937 ADL_HORIZONTAL_SIDE_SCAN_JOINT_3=-3.131593 ADL_HORIZONTAL_SIDE_SCAN_JOINT_4=-2.422399 ADL_HORIZONTAL_SIDE_SCAN_JOINT_5=+1.743622 ADL_HORIZONTAL_SIDE_SCAN_JOINT_6=+1.450207 ADL_HORIZONTAL_SIDE_SCAN_JOINT_7=+2.331012
[clear_table-13] [INFO] [1776988559.350351284] [clear_table_node]: Scene UNLOCKED.
[scene_from_vision-10] [INFO] [1776988559.352769269] [scene_from_vision_node]: Scene UNLOCKED - updates resuming.
[scene_from_vision-10] [INFO] [1776988559.440339372] [scene_from_vision_node]: Published obj_3 (pose_update) at x=0.550, y=0.013, z=0.129, yaw=+12.0deg
[clear_table-13] [INFO] [1776988559.503143522] [clear_table_node]: Two-phase side scan 'side_right' retry 1/1 reached scan pose.
[clear_table-13] [INFO] [1776988559.806660605] [clear_table_node]: Two-phase side scan 'side_right': using per-pose scan timeout 3.00s.
[scene_from_vision-10] [INFO] [1776988559.810392364] [scene_from_vision_node]: Scene scan started for 5.0s. Visible detections will be sampled, filtered, and committed at scan end.
[vision_apriltag-9] [INFO] [1776988559.813688527] [vision_apriltag_node]: Service: Tag 3 found and base-frame pose returned.
[vision_apriltag-9] [INFO] [1776988559.822254170] [vision_apriltag_node]: Vision AprilTag detection debug: no tags found after raw/CLAHE/sharp/adaptive/upscaled/tiled passes.
[vision_apriltag-9] [INFO] [1776988559.916817860] [vision_apriltag_node]: Service: Tag 3 found and base-frame pose returned.
[vision_apriltag-9] [INFO] [1776988559.941346123] [vision_apriltag_node]: Service: Tag 3 found and base-frame pose returned.
[vision_apriltag-9] [INFO] [1776988560.019187404] [vision_apriltag_node]: Service: Tag 3 found and base-frame pose returned.
[ros2_control_node-1] [WARN] [1776988560.029284734] [controller_manager]: Overrun might occur, Total time : 2411.185 us (Expected < 1000.000 us) --> Read time : 33.760 us, Update time : 225.063 us, Write time : 2152.362 us
[ros2_control_node-1] [WARN] [1776988560.029336996] [controller_manager]: Overrun detected! The controller manager missed its desired rate of 1000 Hz. The loop took 2.481274 ms (missed cycles : 3).
[adl_ui-15] 127.0.0.1 - - [23/Apr/2026 19:56:00] "GET /status_json HTTP/1.1" 200 -
[vision_apriltag-9] [INFO] [1776988560.119457153] [vision_apriltag_node]: Service: Tag 3 found and base-frame pose returned.
[vision_apriltag-9] [INFO] [1776988560.163458707] [vision_apriltag_node]: Vision AprilTag: images are arriving, but no AprilTag has been seen for 13.0s.
[vision_apriltag-9] [INFO] [1776988560.218212612] [vision_apriltag_node]: Service: Tag 3 found and base-frame pose returned.
[vision_apriltag-9] [INFO] [1776988560.318487338] [vision_apriltag_node]: Service: Tag 3 found and base-frame pose returned.
[vision_apriltag-9] [INFO] [1776988560.421873626] [vision_apriltag_node]: Service: Tag 3 found and base-frame pose returned.
[vision_apriltag-9] [INFO] [1776988560.520899676] [vision_apriltag_node]: Service: Tag 3 found and base-frame pose returned.
[vision_apriltag-9] [INFO] [1776988560.621274717] [vision_apriltag_node]: Service: Tag 3 found and base-frame pose returned.
[vision_apriltag-9] [INFO] [1776988560.727331636] [vision_apriltag_node]: Service: Tag 3 found and base-frame pose returned.
[adl_ui-15] 127.0.0.1 - - [23/Apr/2026 19:56:00] "GET /status_json HTTP/1.1" 200 -
[vision_apriltag-9] [INFO] [1776988560.823853154] [vision_apriltag_node]: Service: Tag 3 found and base-frame pose returned.
[vision_apriltag-9] [INFO] [1776988560.957038964] [vision_apriltag_node]: Service: Tag 3 found and base-frame pose returned.
[ros2_control_node-1] [WARN] [1776988561.030099869] [controller_manager]: Overrun might occur, Total time : 3215.912 us (Expected < 1000.000 us) --> Read time : 61.399 us, Update time : 276.044 us, Write time : 2878.469 us
[ros2_control_node-1] [WARN] [1776988561.030176342] [controller_manager]: Overrun detected! The controller manager missed its desired rate of 1000 Hz. The loop took 3.319999 ms (missed cycles : 4).
[vision_apriltag-9] [INFO] [1776988561.038636486] [vision_apriltag_node]: Service: Tag 3 found and base-frame pose returned.
[vision_apriltag-9] [INFO] [1776988561.139323650] [vision_apriltag_node]: Service: Tag 3 found and base-frame pose returned.
[vision_apriltag-9] [INFO] [1776988561.242783388] [vision_apriltag_node]: Service: Tag 3 found and base-frame pose returned.
[vision_apriltag-9] [INFO] [1776988561.342208912] [vision_apriltag_node]: Service: Tag 3 found and base-frame pose returned.
[vision_apriltag-9] [INFO] [1776988561.443118879] [vision_apriltag_node]: Service: Tag 3 found and base-frame pose returned.
[scene_from_vision-10] [INFO] [1776988561.446421450] [scene_from_vision_node]: Published obj_3 (heartbeat) at x=0.550, y=0.013, z=0.129, yaw=+12.0deg
[adl_ui-15] 127.0.0.1 - - [23/Apr/2026 19:56:01] "GET /status_json HTTP/1.1" 200 -
[vision_apriltag-9] [INFO] [1776988561.555805208] [vision_apriltag_node]: Service: Tag 3 found and base-frame pose returned.
[vision_apriltag-9] [INFO] [1776988561.672401679] [vision_apriltag_node]: Service: Tag 3 found and base-frame pose returned.
[vision_apriltag-9] [INFO] [1776988561.766793755] [vision_apriltag_node]: Service: Tag 3 found and base-frame pose returned.
[vision_apriltag-9] [INFO] [1776988561.866785873] [vision_apriltag_node]: Service: Tag 3 found and base-frame pose returned.
[vision_apriltag-9] [INFO] [1776988561.938817860] [vision_apriltag_node]: Service: Tag 3 found and base-frame pose returned.
[vision_apriltag-9] [INFO] [1776988561.968345971] [vision_apriltag_node]: Service: Tag 3 found and base-frame pose returned.
[ros2_control_node-1] [WARN] [1776988562.030460493] [controller_manager]: Overrun might occur, Total time : 2584.811 us (Expected < 1000.000 us) --> Read time : 34.327 us, Update time : 231.815 us, Write time : 2318.669 us
[ros2_control_node-1] [WARN] [1776988562.030517347] [controller_manager]: Overrun detected! The controller manager missed its desired rate of 1000 Hz. The loop took 2.661470 ms (missed cycles : 3).
[vision_apriltag-9] [INFO] [1776988562.068960696] [vision_apriltag_node]: Service: Tag 3 found and base-frame pose returned.
[vision_apriltag-9] [INFO] [1776988562.163509440] [vision_apriltag_node]: Vision AprilTag: images are arriving, but no AprilTag has been seen for 15.0s.
[vision_apriltag-9] [INFO] [1776988562.174194926] [vision_apriltag_node]: Service: Tag 3 found and base-frame pose returned.
[wrist_camera_usb_publisher-8] [INFO] [1776988562.267029741] [wrist_camera_usb_publisher_node]: USB camera publisher heartbeat: publishing 1280x720 frames on /wrist_mounted_camera/image; camera_info fx=920.87, fy=921.57, cx=644.76, cy=343.15.
[vision_apriltag-9] [INFO] [1776988562.274385682] [vision_apriltag_node]: Service: Tag 3 found and base-frame pose returned.
[adl_ui-15] 127.0.0.1 - - [23/Apr/2026 19:56:02] "GET /status_json HTTP/1.1" 200 -
[vision_apriltag-9] [INFO] [1776988562.377624405] [vision_apriltag_node]: Service: Tag 3 found and base-frame pose returned.
[vision_apriltag-9] [INFO] [1776988562.473415669] [vision_apriltag_node]: Service: Tag 3 found and base-frame pose returned.
[vision_apriltag-9] [INFO] [1776988562.574582086] [vision_apriltag_node]: Service: Tag 3 found and base-frame pose returned.
[vision_apriltag-9] [INFO] [1776988562.674726266] [vision_apriltag_node]: Service: Tag 3 found and base-frame pose returned.
[vision_apriltag-9] [INFO] [1776988562.779893671] [vision_apriltag_node]: Service: Tag 3 found and base-frame pose returned.
[clear_table-13] [WARN] [1776988562.810198548] [clear_table_node]: scan_scene timed out after 3.0s; using current remembered IDs.
[clear_table-13] [INFO] [1776988562.814368548] [clear_table_node]: Two-phase side scan 'side_right' also saw top-grasp IDs [3]; keeping them in the merged target set.
[clear_table-13] [INFO] [1776988562.820315720] [clear_table_node]: Two-phase side scan 'side_right' found no side-grasp IDs.
[clear_table-13] [INFO] [1776988562.821292590] [clear_table_node]: Scene LOCKED.
[scene_from_vision-10] [INFO] [1776988562.822936987] [scene_from_vision_node]: Scene LOCKED - updates paused.
[clear_table-13] [INFO] [1776988562.973104268] [clear_table_node]: look_at_table_horizontal_side_scan_with_offsets: moving to horizontal side scan with joint offsets (joint_1=+0.160, joint_6=+0.000).
[clear_table-13] [INFO] [1776988562.976213950] [clear_table_node]: look_at_table_horizontal_side_scan: current arm is not at target (worst=joint_1:0.447 rad > 0.080).
[clear_table-13] [INFO] [1776988562.980502041] [clear_table_node]: look_at_table_horizontal_side_scan: moving with deterministic fixed joint pose.
[move_group-20] [ERROR] [1776988562.989679562] [move_group.moveit.moveit.core.conversions]: Found empty JointState message
[clear_table-13] [INFO] [1776988562.996269000] [clear_table_node]: Start state: collision-valid — no collisions (not a joint-bounds check).
[move_group-20] [INFO] [1776988563.000694635] [move_group.moveit.moveit.ros.move_group.move_action]: MoveGroupMoveAction: Received request
[move_group-20] [INFO] [1776988563.001139330] [move_group.moveit.moveit.ros.move_group.move_action]: executing..
[move_group-20] [INFO] [1776988563.023389099] [move_group.moveit.moveit.ros.move_group.move_action]: Combined planning and execution request received for MoveGroup action. Forwarding to planning and execution pipeline.
[move_group-20] [WARN] [1776988563.023481458] [move_group.moveit.moveit.ros.move_group.capability]: Execution of motions should always start at the robot's current state. Ignoring the state supplied as start state in the motion planning request
[move_group-20] [WARN] [1776988563.023507749] [move_group.moveit.moveit.ros.move_group.capability]: Execution of motions should always start at the robot's current state. Ignoring the state supplied as difference in the planning scene diff
[move_group-20] [INFO] [1776988563.023534342] [move_group.moveit.moveit.ros.plan_execution]: Planning attempt 1 of at most 1
[move_group-20] [INFO] [1776988563.024063238] [move_group]: Calling PlanningRequestAdapter 'ResolveConstraintFrames'
[move_group-20] [INFO] [1776988563.024114421] [move_group]: Calling PlanningRequestAdapter 'ValidateWorkspaceBounds'
[move_group-20] [INFO] [1776988563.024133706] [move_group]: Calling PlanningRequestAdapter 'CheckStartStateBounds'
[move_group-20] [INFO] [1776988563.024173275] [move_group]: Calling PlanningRequestAdapter 'CheckStartStateCollision'
[move_group-20] [INFO] [1776988563.024679845] [move_group.moveit.moveit.planners.ompl.model_based_planning_context]: Planner configuration 'manipulator' will use planner 'geometric::RRTConnect'. Additional configuration parameters will be set when the planner is constructed.
[move_group-20] [INFO] [1776988563.024761221] [move_group]: Calling Planner 'OMPL'
[ros2_control_node-1] [WARN] [1776988563.031720647] [controller_manager]: Overrun might occur, Total time : 2839.387 us (Expected < 1000.000 us) --> Read time : 41.375 us, Update time : 261.993 us, Write time : 2536.019 us
[ros2_control_node-1] [WARN] [1776988563.031790798] [controller_manager]: Overrun detected! The controller manager missed its desired rate of 1000 Hz. The loop took 2.934334 ms (missed cycles : 3).
[adl_ui-15] 127.0.0.1 - - [23/Apr/2026 19:56:03] "GET /status_json HTTP/1.1" 200 -
[move_group-20] [INFO] [1776988563.100066164] [move_group]: Calling PlanningResponseAdapter 'AddTimeOptimalParameterization'
[move_group-20] [INFO] [1776988563.103664999] [move_group]: Calling PlanningResponseAdapter 'ValidateSolution'
[move_group-20] [INFO] [1776988563.106704705] [move_group]: Calling PlanningResponseAdapter 'DisplayMotionPath'
[move_group-20] [WARN] [1776988563.106850655] [move_group.moveit.moveit.ros.planning_pipeline]: The planner plugin did not fill out the 'planner_id' field of the MotionPlanResponse. Setting it to the planner ID name of the MotionPlanRequest assuming that the planner plugin does warn you if it does not use the requested planner.
[move_group-20] [INFO] [1776988563.107469891] [move_group.moveit.moveit.plugins.simple_controller_manager]: Returned 2 controllers in list
[move_group-20] [INFO] [1776988563.107512124] [move_group.moveit.moveit.plugins.simple_controller_manager]: Returned 2 controllers in list
[move_group-20] [INFO] [1776988563.107631708] [move_group.moveit.moveit.ros.trajectory_execution_manager]: Validating trajectory with allowed_start_tolerance 0.01
[move_group-20] [INFO] [1776988563.117283235] [move_group.moveit.moveit.ros.trajectory_execution_manager]: Starting trajectory execution ...
[move_group-20] [INFO] [1776988563.117368506] [move_group.moveit.moveit.plugins.simple_controller_manager]: Returned 2 controllers in list
[move_group-20] [INFO] [1776988563.117464201] [move_group.moveit.moveit.plugins.simple_controller_manager]: Returned 2 controllers in list
[move_group-20] [INFO] [1776988563.117680294] [moveit.simple_controller_manager.follow_joint_trajectory_controller_handle]: sending trajectory to joint_trajectory_controller
[ros2_control_node-1] [INFO] [1776988563.118065524] [joint_trajectory_controller]: Received new action goal
[ros2_control_node-1] [INFO] [1776988563.118121012] [joint_trajectory_controller]: Accepted new action goal
[move_group-20] [INFO] [1776988563.118914901] [moveit.simple_controller_manager.follow_joint_trajectory_controller_handle]: joint_trajectory_controller started execution
[move_group-20] [INFO] [1776988563.118931574] [moveit.simple_controller_manager.follow_joint_trajectory_controller_handle]: Goal request accepted!
[adl_ui-15] 127.0.0.1 - - [23/Apr/2026 19:56:03] "GET /status_json HTTP/1.1" 200 -
[ros2_control_node-1] [WARN] [1776988564.031861431] [controller_manager]: Overrun might occur, Total time : 2979.155 us (Expected < 1000.000 us) --> Read time : 40.819 us, Update time : 269.038 us, Write time : 2669.298 us
[ros2_control_node-1] [WARN] [1776988564.031921240] [controller_manager]: Overrun detected! The controller manager missed its desired rate of 1000 Hz. The loop took 3.064375 ms (missed cycles : 4).
[vision_apriltag-9] [INFO] [1776988564.163207819] [vision_apriltag_node]: Vision AprilTag: scene is locked; detection publishing is paused.
[ros2_control_node-1] [INFO] [1776988564.487018356] [joint_trajectory_controller]: Goal reached, success!
[move_group-20] [INFO] [1776988564.519047483] [moveit.simple_controller_manager.follow_joint_trajectory_controller_handle]: Controller 'joint_trajectory_controller' successfully finished
[adl_ui-15] 127.0.0.1 - - [23/Apr/2026 19:56:04] "GET /status_json HTTP/1.1" 200 -
[move_group-20] [INFO] [1776988564.576172407] [move_group.moveit.moveit.ros.trajectory_execution_manager]: Completed trajectory execution with status SUCCEEDED ...
[move_group-20] [INFO] [1776988564.585474679] [move_group.moveit.moveit.ros.move_group.move_action]: Solution was found and executed.
[clear_table-13] [INFO] [1776988564.705364723] [clear_table_node]: [CAL] horizontal side scan joint snapshot: ADL_HORIZONTAL_SIDE_SCAN_JOINT_1=+1.655902 ADL_HORIZONTAL_SIDE_SCAN_JOINT_2=+1.444379 ADL_HORIZONTAL_SIDE_SCAN_JOINT_3=-3.128028 ADL_HORIZONTAL_SIDE_SCAN_JOINT_4=-2.428611 ADL_HORIZONTAL_SIDE_SCAN_JOINT_5=+1.734341 ADL_HORIZONTAL_SIDE_SCAN_JOINT_6=+1.429791 ADL_HORIZONTAL_SIDE_SCAN_JOINT_7=+2.304723
[clear_table-13] [INFO] [1776988564.705956940] [clear_table_node]: Scene UNLOCKED.
[scene_from_vision-10] [INFO] [1776988564.711132726] [scene_from_vision_node]: Scene UNLOCKED - updates resuming.
[scene_from_vision-10] [INFO] [1776988564.794366575] [scene_from_vision_node]: Published obj_3 (heartbeat) at x=0.550, y=0.013, z=0.129, yaw=+12.0deg
[vision_apriltag-9] [INFO] [1776988564.798549693] [vision_apriltag_node]: Service: Tag 3 found and base-frame pose returned.
[scene_from_vision-10] [INFO] [1776988564.901215609] [scene_from_vision_node]: Scan committed tag 3: raw=33, accepted=33, rejected=0, median tag pose x=0.577, y=0.078, z=0.140. object center x=0.550, y=0.013, z=0.129, yaw=+12.0deg. table_delta x=-0.131, y=+0.013.
[scene_from_vision-10] [INFO] [1776988564.904649283] [scene_from_vision_node]: Scene scan complete. Remembered object IDs: [3]
[ros2_control_node-1] [WARN] [1776988565.033922638] [controller_manager]: Overrun might occur, Total time : 3037.819 us (Expected < 1000.000 us) --> Read time : 46.241 us, Update time : 224.600 us, Write time : 2766.978 us
[ros2_control_node-1] [WARN] [1776988565.034003758] [controller_manager]: Overrun detected! The controller manager missed its desired rate of 1000 Hz. The loop took 3.147176 ms (missed cycles : 4).
[clear_table-13] [INFO] [1776988565.170034295] [clear_table_node]: Two-phase side scan 'side_left': using per-pose scan timeout 3.00s.
[scene_from_vision-10] [INFO] [1776988565.171790296] [scene_from_vision_node]: Scene scan started for 5.0s. Visible detections will be sampled, filtered, and committed at scan end.
[vision_apriltag-9] [INFO] [1776988565.175141244] [vision_apriltag_node]: Service: Tag 3 found and base-frame pose returned.
[vision_apriltag-9] [INFO] [1776988565.205257246] [vision_apriltag_node]: Vision AprilTag detection debug: no tags found after raw/CLAHE/sharp/adaptive/upscaled/tiled passes.
[vision_apriltag-9] [INFO] [1776988565.277519310] [vision_apriltag_node]: Service: Tag 3 found and base-frame pose returned.
[adl_ui-15] 127.0.0.1 - - [23/Apr/2026 19:56:05] "GET /status_json HTTP/1.1" 200 -
[vision_apriltag-9] [INFO] [1776988565.380603134] [vision_apriltag_node]: Service: Tag 3 found and base-frame pose returned.
[vision_apriltag-9] [INFO] [1776988565.481729307] [vision_apriltag_node]: Service: Tag 3 found and base-frame pose returned.
[vision_apriltag-9] [INFO] [1776988565.583749806] [vision_apriltag_node]: Service: Tag 3 found and base-frame pose returned.
[vision_apriltag-9] [INFO] [1776988565.684799323] [vision_apriltag_node]: Service: Tag 3 found and base-frame pose returned.
[vision_apriltag-9] [INFO] [1776988565.795873068] [vision_apriltag_node]: Service: Tag 3 found and base-frame pose returned.
[vision_apriltag-9] [INFO] [1776988565.888969863] [vision_apriltag_node]: Service: Tag 3 found and base-frame pose returned.
[ros2_control_node-1] [WARN] [1776988566.035885830] [controller_manager]: Overrun might occur, Total time : 3000.442 us (Expected < 1000.000 us) --> Read time : 45.997 us, Update time : 260.289 us, Write time : 2694.156 us
[ros2_control_node-1] [WARN] [1776988566.035965549] [controller_manager]: Overrun detected! The controller manager missed its desired rate of 1000 Hz. The loop took 3.108708 ms (missed cycles : 4).
[adl_ui-15] 127.0.0.1 - - [23/Apr/2026 19:56:06] "GET /status_json HTTP/1.1" 200 -
[vision_apriltag-9] [INFO] [1776988566.157151743] [vision_apriltag_node]: Service: Tag 3 found and base-frame pose returned.
[vision_apriltag-9] [INFO] [1776988566.164143547] [vision_apriltag_node]: Vision AprilTag: images are arriving, but no AprilTag has been seen for 19.0s.
[vision_apriltag-9] [INFO] [1776988566.191581622] [vision_apriltag_node]: Service: Tag 3 found and base-frame pose returned.
[vision_apriltag-9] [INFO] [1776988566.292591685] [vision_apriltag_node]: Service: Tag 3 found and base-frame pose returned.
[vision_apriltag-9] [INFO] [1776988566.392934086] [vision_apriltag_node]: Service: Tag 3 found and base-frame pose returned.
[vision_apriltag-9] [INFO] [1776988566.493663141] [vision_apriltag_node]: Service: Tag 3 found and base-frame pose returned.
[vision_apriltag-9] [INFO] [1776988566.601893873] [vision_apriltag_node]: Service: Tag 3 found and base-frame pose returned.
[vision_apriltag-9] [INFO] [1776988566.695285928] [vision_apriltag_node]: Service: Tag 3 found and base-frame pose returned.
[scene_from_vision-10] [INFO] [1776988566.801892642] [scene_from_vision_node]: Published obj_3 (heartbeat) at x=0.550, y=0.013, z=0.129, yaw=+12.0deg
[adl_ui-15] 127.0.0.1 - - [23/Apr/2026 19:56:06] "GET /status_json HTTP/1.1" 200 -
[vision_apriltag-9] [INFO] [1776988566.804045844] [vision_apriltag_node]: Service: Tag 3 found and base-frame pose returned.
[vision_apriltag-9] [INFO] [1776988566.908278749] [vision_apriltag_node]: Service: Tag 3 found and base-frame pose returned.
[vision_apriltag-9] [INFO] [1776988566.942835935] [vision_apriltag_node]: Service: Tag 3 found and base-frame pose returned.
[vision_apriltag-9] [INFO] [1776988567.011322715] [vision_apriltag_node]: Service: Tag 3 found and base-frame pose returned.
[ros2_control_node-1] [WARN] [1776988567.039480800] [controller_manager]: Overrun might occur, Total time : 4602.327 us (Expected < 1000.000 us) --> Read time : 35.556 us, Update time : 241.217 us, Write time : 4325.554 us
[ros2_control_node-1] [WARN] [1776988567.039562417] [controller_manager]: Overrun detected! The controller manager missed its desired rate of 1000 Hz. The loop took 4.705665 ms (missed cycles : 5).
[vision_apriltag-9] [INFO] [1776988567.110876911] [vision_apriltag_node]: Service: Tag 3 found and base-frame pose returned.
[wrist_camera_usb_publisher-8] [INFO] [1776988567.425960614] [wrist_camera_usb_publisher_node]: USB camera publisher heartbeat: publishing 1280x720 frames on /wrist_mounted_camera/image; camera_info fx=920.87, fy=921.57, cx=644.76, cy=343.15.
[adl_ui-15] 127.0.0.1 - - [23/Apr/2026 19:56:07] "GET /status_json HTTP/1.1" 200 -
[ros2_control_node-1] [WARN] [1776988568.043257139] [controller_manager]: Overrun might occur, Total time : 3350.327 us (Expected < 1000.000 us) --> Read time : 31.421 us, Update time : 191.914 us, Write time : 3126.992 us
[ros2_control_node-1] [WARN] [1776988568.043345394] [controller_manager]: Overrun detected! The controller manager missed its desired rate of 1000 Hz. The loop took 3.489122 ms (missed cycles : 4).
[vision_apriltag-9] [INFO] [1776988568.164407363] [vision_apriltag_node]: Vision AprilTag: images are arriving, but no AprilTag has been seen for 21.0s.
[clear_table-13] [WARN] [1776988568.201120890] [clear_table_node]: scan_scene timed out after 3.0s; using current remembered IDs.
[clear_table-13] [INFO] [1776988568.204704748] [clear_table_node]: Two-phase side scan 'side_left' also saw top-grasp IDs [3]; keeping them in the merged target set.
[clear_table-13] [INFO] [1776988568.207365343] [clear_table_node]: Two-phase side scan 'side_left' found no side-grasp IDs.
[clear_table-13] [INFO] [1776988568.211483663] [clear_table_node]: Two-phase scan merged clear-table IDs: [3].
[clear_table-13] [INFO] [1776988568.213336413] [clear_table_node]: Detected 1 objects to clear (IDs, sorted by distance): [3]
[clear_table-13] [INFO] [1776988568.215084724] [clear_table_node]: Scene LOCKED.
[scene_from_vision-10] [INFO] [1776988568.232636705] [scene_from_vision_node]: Scene LOCKED - updates paused.
[adl_ui-15] 127.0.0.1 - - [23/Apr/2026 19:56:08] "GET /status_json HTTP/1.1" 200 -
[clear_table-13] [INFO] [1776988568.366528277] [clear_table_node]: Attempting to clear object TV Remote (ID 3) attempt 1/1. 1 objects remaining.
[clear_table-13] [INFO] [1776988568.368272661] [clear_table_node]: [TV Remote] Pre-attempt joints: joint_1=+1.655, joint_2=+1.444, joint_3=-3.128, joint_4=-2.429, joint_5=+1.734, joint_6=+1.430, joint_7=+2.305
[clear_table-13] [INFO] [1776988568.376332759] [clear_table_node]: [TV Remote] Pre-attempt ee: pos=(0.147, -0.185, 0.102), ori=(0.466, 0.537, 0.526, 0.467)
[clear_table-13] [INFO] [1776988568.385590593] [clear_table_node]: Scene LOCKED.
[scene_from_vision-10] [INFO] [1776988568.386312418] [scene_from_vision_node]: Scene LOCKED - updates paused.
[clear_table-13] [WARN] [1776988568.541891113] [clear_table_node]: [TV Remote] Initial target: top grasp Z 0.246 is below the tool-clearance floor 0.276; raising grasp and approach by 0.030m.
[clear_table-13] [INFO] [1776988568.545676880] [clear_table_node]: [TV Remote] stage1_ori_xy=0.300, stage1_ori_z=0.220, retry_ori_xy=0.400, retry_ori_z=0.300, stage1_live_ori=0.450, stage2_prealign=0.450, soft_fail=False, primary_pos_fallback=False, retry_pos_fallback=False, staged_pos_fallback=False, retry_table_reseed=False, ori_mode=full, plan_s=(12.0/14.0).
[clear_table-13] [INFO] [1776988568.548489781] [clear_table_node]: [TV Remote] Stage 1: approach (0.577, 0.078, 0.426)
[clear_table-13] [INFO] [1776988568.549306780] [clear_table_node]: Stage 1 Approach Target: pos=(0.577, 0.078, 0.426), ori=(0.995, 0.104, 0.000, 0.000)
[clear_table-13] [INFO] [1776988568.549863113] [clear_table_node]: open_gripper(): opening gripper fully...
[ros2_control_node-1] [INFO] [1776988568.550694354] [robotiq_gripper_controller]: Received & accepted new action goal
[clear_table-13] [INFO] [1776988568.757694776] [clear_table_node]: Gripper reached position=0.007 stalled=False reached_goal=True
[clear_table-13] [INFO] [1776988568.761422873] [clear_table_node]: Added temporary table-top keepout 'clear_table_approach_table_top_keepout' (size=(0.575,0.575,0.080)m, base_z=0.118m, top_z=0.198m).
[clear_table-13] [INFO] [1776988568.915305076] [clear_table_node]: go_to_pose: planning to pose at 0.577,0.078, 0.426
[move_group-20] [ERROR] [1776988568.917633162] [move_group.moveit.moveit.core.conversions]: Found empty JointState message
[clear_table-13] [INFO] [1776988568.928848536] [clear_table_node]: Start state: collision-valid — no collisions (not a joint-bounds check).
[move_group-20] [INFO] [1776988568.930402009] [move_group.moveit.moveit.ros.move_group.move_action]: MoveGroupMoveAction: Received request
[move_group-20] [INFO] [1776988568.930615945] [move_group.moveit.moveit.ros.move_group.move_action]: executing..
[move_group-20] [INFO] [1776988568.935119648] [move_group.moveit.moveit.ros.move_group.move_action]: Combined planning and execution request received for MoveGroup action. Forwarding to planning and execution pipeline.
[move_group-20] [WARN] [1776988568.935172032] [move_group.moveit.moveit.ros.move_group.capability]: Execution of motions should always start at the robot's current state. Ignoring the state supplied as start state in the motion planning request
[move_group-20] [WARN] [1776988568.935196552] [move_group.moveit.moveit.ros.move_group.capability]: Execution of motions should always start at the robot's current state. Ignoring the state supplied as difference in the planning scene diff
[move_group-20] [INFO] [1776988568.935210637] [move_group.moveit.moveit.ros.plan_execution]: Planning attempt 1 of at most 1
[move_group-20] [INFO] [1776988568.935530208] [move_group]: Calling PlanningRequestAdapter 'ResolveConstraintFrames'
[move_group-20] [INFO] [1776988568.935572681] [move_group]: Calling PlanningRequestAdapter 'ValidateWorkspaceBounds'
[move_group-20] [INFO] [1776988568.935595454] [move_group]: Calling PlanningRequestAdapter 'CheckStartStateBounds'
[move_group-20] [INFO] [1776988568.935632350] [move_group]: Calling PlanningRequestAdapter 'CheckStartStateCollision'
[move_group-20] [INFO] [1776988568.936289799] [move_group.moveit.moveit.planners.ompl.model_based_planning_context]: Planner configuration 'manipulator' will use planner 'geometric::RRTConnect'. Additional configuration parameters will be set when the planner is constructed.
[move_group-20] [INFO] [1776988568.936377003] [move_group]: Calling Planner 'OMPL'
[move_group-20] [INFO] [1776988569.042626887] [move_group]: Calling PlanningResponseAdapter 'AddTimeOptimalParameterization'
[ros2_control_node-1] [WARN] [1776988569.044679482] [controller_manager]: Overrun might occur, Total time : 2795.504 us (Expected < 1000.000 us) --> Read time : 40.412 us, Update time : 237.933 us, Write time : 2517.159 us
[ros2_control_node-1] [WARN] [1776988569.044747397] [controller_manager]: Overrun detected! The controller manager missed its desired rate of 1000 Hz. The loop took 2.890525 ms (missed cycles : 3).
[adl_ui-15] 127.0.0.1 - - [23/Apr/2026 19:56:09] "GET /status_json HTTP/1.1" 200 -
[move_group-20] [INFO] [1776988569.081075692] [move_group]: Calling PlanningResponseAdapter 'ValidateSolution'
[move_group-20] [INFO] [1776988569.087846208] [move_group]: Calling PlanningResponseAdapter 'DisplayMotionPath'
[move_group-20] [WARN] [1776988569.088293391] [move_group.moveit.moveit.ros.planning_pipeline]: The planner plugin did not fill out the 'planner_id' field of the MotionPlanResponse. Setting it to the planner ID name of the MotionPlanRequest assuming that the planner plugin does warn you if it does not use the requested planner.
[move_group-20] [INFO] [1776988569.088954160] [move_group.moveit.moveit.plugins.simple_controller_manager]: Returned 2 controllers in list
[move_group-20] [INFO] [1776988569.088996787] [move_group.moveit.moveit.plugins.simple_controller_manager]: Returned 2 controllers in list
[move_group-20] [INFO] [1776988569.089134518] [move_group.moveit.moveit.ros.trajectory_execution_manager]: Validating trajectory with allowed_start_tolerance 0.01
[move_group-20] [INFO] [1776988569.097101971] [move_group.moveit.moveit.ros.trajectory_execution_manager]: Starting trajectory execution ...
[move_group-20] [INFO] [1776988569.097233002] [move_group.moveit.moveit.plugins.simple_controller_manager]: Returned 2 controllers in list
[move_group-20] [INFO] [1776988569.097308038] [move_group.moveit.moveit.plugins.simple_controller_manager]: Returned 2 controllers in list
[move_group-20] [INFO] [1776988569.097583859] [moveit.simple_controller_manager.follow_joint_trajectory_controller_handle]: sending trajectory to joint_trajectory_controller
[ros2_control_node-1] [INFO] [1776988569.098771393] [joint_trajectory_controller]: Received new action goal
[ros2_control_node-1] [INFO] [1776988569.098923986] [joint_trajectory_controller]: Accepted new action goal
[move_group-20] [INFO] [1776988569.099424248] [moveit.simple_controller_manager.follow_joint_trajectory_controller_handle]: joint_trajectory_controller started execution
[move_group-20] [INFO] [1776988569.099443761] [moveit.simple_controller_manager.follow_joint_trajectory_controller_handle]: Goal request accepted!
[joint_state_sanitizer-3] [WARN] [1776988569.247950913] [joint_state_sanitizer_node]: [joint_state_sanitizer] Published sanitized joint state: joint_3:-3.134->-3.132
[adl_ui-15] 127.0.0.1 - - [23/Apr/2026 19:56:09] "GET /status_json HTTP/1.1" 200 -
[ros2_control_node-1] [WARN] [1776988570.045653245] [controller_manager]: Overrun might occur, Total time : 2778.097 us (Expected < 1000.000 us) --> Read time : 29.354 us, Update time : 302.025 us, Write time : 2446.718 us
[ros2_control_node-1] [WARN] [1776988570.045712816] [controller_manager]: Overrun detected! The controller manager missed its desired rate of 1000 Hz. The loop took 2.857034 ms (missed cycles : 3).
[vision_apriltag-9] [INFO] [1776988570.167886960] [vision_apriltag_node]: Vision AprilTag: scene is locked; detection publishing is paused.
[adl_ui-15] 127.0.0.1 - - [23/Apr/2026 19:56:10] "GET /status_json HTTP/1.1" 200 -
[scene_from_vision-10] [INFO] [1776988570.752312317] [scene_from_vision_node]: Scan committed tag 3: raw=20, accepted=20, rejected=0, median tag pose x=0.577, y=0.078, z=0.140. object center x=0.550, y=0.013, z=0.129, yaw=+12.0deg. table_delta x=-0.131, y=+0.013.
[scene_from_vision-10] [INFO] [1776988570.759167912] [scene_from_vision_node]: Scene scan complete. Remembered object IDs: [3]
[ros2_control_node-1] [WARN] [1776988571.048493368] [controller_manager]: Overrun might occur, Total time : 2618.841 us (Expected < 1000.000 us) --> Read time : 33.773 us, Update time : 224.061 us, Write time : 2361.007 us
[ros2_control_node-1] [WARN] [1776988571.048553588] [controller_manager]: Overrun detected! The controller manager missed its desired rate of 1000 Hz. The loop took 2.697622 ms (missed cycles : 3).
[adl_ui-15] 127.0.0.1 - - [23/Apr/2026 19:56:11] "GET /status_json HTTP/1.1" 200 -
[ros2_control_node-1] [WARN] [1776988572.053669888] [controller_manager]: Overrun might occur, Total time : 5788.626 us (Expected < 1000.000 us) --> Read time : 40.902 us, Update time : 274.192 us, Write time : 5473.532 us
[ros2_control_node-1] [WARN] [1776988572.053752476] [controller_manager]: Overrun detected! The controller manager missed its desired rate of 1000 Hz. The loop took 5.895706 ms (missed cycles : 6).
[adl_ui-15] 127.0.0.1 - - [23/Apr/2026 19:56:12] "GET /status_json HTTP/1.1" 200 -
[vision_apriltag-9] [INFO] [1776988572.166536394] [vision_apriltag_node]: Vision AprilTag: scene is locked; detection publishing is paused.
[vision_apriltag-9] [WARN] [1776988572.211901261] [vision_apriltag_node]: Tag ID 3 did not produce a fresh base_link pose within 5.0s.
[scene_from_vision-10] [WARN] [1776988572.217727399] [scene_from_vision_node]: Failed to get pose for tag ID 3: Tag ID 3 did not produce a fresh base_link pose within 5.0s.
[wrist_camera_usb_publisher-8] [INFO] [1776988572.583511895] [wrist_camera_usb_publisher_node]: USB camera publisher heartbeat: publishing 1280x720 frames on /wrist_mounted_camera/image; camera_info fx=920.87, fy=921.57, cx=644.76, cy=343.15.
[adl_ui-15] 127.0.0.1 - - [23/Apr/2026 19:56:12] "GET /status_json HTTP/1.1" 200 -
[ros2_control_node-1] [WARN] [1776988573.054494512] [controller_manager]: Overrun might occur, Total time : 2612.598 us (Expected < 1000.000 us) --> Read time : 42.225 us, Update time : 284.010 us, Write time : 2286.363 us
[ros2_control_node-1] [WARN] [1776988573.054567024] [controller_manager]: Overrun detected! The controller manager missed its desired rate of 1000 Hz. The loop took 2.710510 ms (missed cycles : 3).
[adl_ui-15] 127.0.0.1 - - [23/Apr/2026 19:56:13] "GET /status_json HTTP/1.1" 200 -
[ros2_control_node-1] [WARN] [1776988574.055253042] [controller_manager]: Overrun might occur, Total time : 3378.395 us (Expected < 1000.000 us) --> Read time : 42.880 us, Update time : 216.478 us, Write time : 3119.037 us
[ros2_control_node-1] [WARN] [1776988574.055341316] [controller_manager]: Overrun detected! The controller manager missed its desired rate of 1000 Hz. The loop took 3.484648 ms (missed cycles : 4).
[vision_apriltag-9] [INFO] [1776988574.163310217] [vision_apriltag_node]: Vision AprilTag: scene is locked; detection publishing is paused.
[adl_ui-15] 127.0.0.1 - - [23/Apr/2026 19:56:14] "GET /status_json HTTP/1.1" 200 -
[adl_ui-15] 127.0.0.1 - - [23/Apr/2026 19:56:15] "GET /status_json HTTP/1.1" 200 -
[ros2_control_node-1] [WARN] [1776988575.055934138] [controller_manager]: Overrun might occur, Total time : 3054.007 us (Expected < 1000.000 us) --> Read time : 50.237 us, Update time : 358.967 us, Write time : 2644.803 us
[ros2_control_node-1] [WARN] [1776988575.056020895] [controller_manager]: Overrun detected! The controller manager missed its desired rate of 1000 Hz. The loop took 3.164031 ms (missed cycles : 4).
[adl_ui-15] 127.0.0.1 - - [23/Apr/2026 19:56:15] "GET /status_json HTTP/1.1" 200 -
[ros2_control_node-1] [WARN] [1776988576.056023600] [controller_manager]: Overrun might occur, Total time : 3138.271 us (Expected < 1000.000 us) --> Read time : 33.098 us, Update time : 227.767 us, Write time : 2877.406 us
[ros2_control_node-1] [WARN] [1776988576.056161979] [controller_manager]: Overrun detected! The controller manager missed its desired rate of 1000 Hz. The loop took 3.305341 ms (missed cycles : 4).
[vision_apriltag-9] [INFO] [1776988576.162732349] [vision_apriltag_node]: Vision AprilTag: scene is locked; detection publishing is paused.
[adl_ui-15] 127.0.0.1 - - [23/Apr/2026 19:56:16] "GET /status_json HTTP/1.1" 200 -
[ros2_control_node-1] [WARN] [1776988577.056791291] [controller_manager]: Overrun might occur, Total time : 2918.967 us (Expected < 1000.000 us) --> Read time : 28.565 us, Update time : 206.630 us, Write time : 2683.772 us
[ros2_control_node-1] [WARN] [1776988577.056855048] [controller_manager]: Overrun detected! The controller manager missed its desired rate of 1000 Hz. The loop took 2.998344 ms (missed cycles : 3).
[adl_ui-15] 127.0.0.1 - - [23/Apr/2026 19:56:17] "GET /status_json HTTP/1.1" 200 -
[wrist_camera_usb_publisher-8] [INFO] [1776988577.745363148] [wrist_camera_usb_publisher_node]: USB camera publisher heartbeat: publishing 1280x720 frames on /wrist_mounted_camera/image; camera_info fx=920.87, fy=921.57, cx=644.76, cy=343.15.
[adl_ui-15] 127.0.0.1 - - [23/Apr/2026 19:56:18] "GET /status_json HTTP/1.1" 200 -
[ros2_control_node-1] [WARN] [1776988578.060109067] [controller_manager]: Overrun might occur, Total time : 3210.146 us (Expected < 1000.000 us) --> Read time : 85.671 us, Update time : 352.872 us, Write time : 2771.603 us
[ros2_control_node-1] [WARN] [1776988578.060189351] [controller_manager]: Overrun detected! The controller manager missed its desired rate of 1000 Hz. The loop took 3.332607 ms (missed cycles : 4).
[vision_apriltag-9] [INFO] [1776988578.164254405] [vision_apriltag_node]: Vision AprilTag: scene is locked; detection publishing is paused.
[adl_ui-15] 127.0.0.1 - - [23/Apr/2026 19:56:18] "GET /status_json HTTP/1.1" 200 -
[ros2_control_node-1] [WARN] [1776988579.060375369] [controller_manager]: Overrun might occur, Total time : 4488.863 us (Expected < 1000.000 us) --> Read time : 57.095 us, Update time : 324.256 us, Write time : 4107.512 us
[ros2_control_node-1] [WARN] [1776988579.060456659] [controller_manager]: Overrun detected! The controller manager missed its desired rate of 1000 Hz. The loop took 4.599960 ms (missed cycles : 5).
[adl_ui-15] 127.0.0.1 - - [23/Apr/2026 19:56:19] "GET /status_json HTTP/1.1" 200 -
[ros2_control_node-1] [WARN] [1776988580.061847612] [controller_manager]: Overrun might occur, Total time : 2973.874 us (Expected < 1000.000 us) --> Read time : 29.262 us, Update time : 207.497 us, Write time : 2737.115 us
[ros2_control_node-1] [WARN] [1776988580.061921161] [controller_manager]: Overrun detected! The controller manager missed its desired rate of 1000 Hz. The loop took 3.063902 ms (missed cycles : 4).
[vision_apriltag-9] [INFO] [1776988580.163208293] [vision_apriltag_node]: Vision AprilTag: scene is locked; detection publishing is paused.
[adl_ui-15] 127.0.0.1 - - [23/Apr/2026 19:56:20] "GET /status_json HTTP/1.1" 200 -
[ros2_control_node-1] [WARN] [1776988581.064934437] [controller_manager]: Overrun might occur, Total time : 3056.736 us (Expected < 1000.000 us) --> Read time : 29.113 us, Update time : 242.767 us, Write time : 2784.856 us
[ros2_control_node-1] [WARN] [1776988581.065000363] [controller_manager]: Overrun detected! The controller manager missed its desired rate of 1000 Hz. The loop took 3.143486 ms (missed cycles : 4).
[adl_ui-15] 127.0.0.1 - - [23/Apr/2026 19:56:21] "GET /status_json HTTP/1.1" 200 -
[adl_ui-15] 127.0.0.1 - - [23/Apr/2026 19:56:21] "GET /status_json HTTP/1.1" 200 -
[ros2_control_node-1] [WARN] [1776988582.066108773] [controller_manager]: Overrun might occur, Total time : 3230.206 us (Expected < 1000.000 us) --> Read time : 35.109 us, Update time : 259.356 us, Write time : 2935.741 us
[ros2_control_node-1] [WARN] [1776988582.066176380] [controller_manager]: Overrun detected! The controller manager missed its desired rate of 1000 Hz. The loop took 3.320030 ms (missed cycles : 4).
[vision_apriltag-9] [INFO] [1776988582.163754390] [vision_apriltag_node]: Vision AprilTag: scene is locked; detection publishing is paused.
[adl_ui-15] 127.0.0.1 - - [23/Apr/2026 19:56:22] "GET /status_json HTTP/1.1" 200 -
[wrist_camera_usb_publisher-8] [INFO] [1776988582.905678343] [wrist_camera_usb_publisher_node]: USB camera publisher heartbeat: publishing 1280x720 frames on /wrist_mounted_camera/image; camera_info fx=920.87, fy=921.57, cx=644.76, cy=343.15.
[ros2_control_node-1] [WARN] [1776988583.066888957] [controller_manager]: Overrun might occur, Total time : 2970.582 us (Expected < 1000.000 us) --> Read time : 44.780 us, Update time : 240.173 us, Write time : 2685.629 us
[ros2_control_node-1] [WARN] [1776988583.066958464] [controller_manager]: Overrun detected! The controller manager missed its desired rate of 1000 Hz. The loop took 3.101985 ms (missed cycles : 4).
[ros2_control_node-1] [INFO] [1776988583.251034081] [joint_trajectory_controller]: Goal reached, success!
[move_group-20] [INFO] [1776988583.303927450] [moveit.simple_controller_manager.follow_joint_trajectory_controller_handle]: Controller 'joint_trajectory_controller' successfully finished
[move_group-20] [INFO] [1776988583.355324288] [move_group.moveit.moveit.ros.trajectory_execution_manager]: Completed trajectory execution with status SUCCEEDED ...
[move_group-20] [INFO] [1776988583.357847376] [move_group.moveit.moveit.ros.move_group.move_action]: Solution was found and executed.
[adl_ui-15] 127.0.0.1 - - [23/Apr/2026 19:56:23] "GET /status_json HTTP/1.1" 200 -
[clear_table-13] [INFO] [1776988583.569325429] [clear_table_node]: [TV Remote] Stage 1 primary pre-refine check: live pose error pos=0.030 m (dx=+0.011, dy=+0.028, dz=+0.001) (limit=0.040), ori=0.236 rad (limit=0.450, mode=full).
[clear_table-13] [INFO] [1776988583.573466604] [clear_table_node]: [TV Remote] Stage 1 primary: skipping refine move because live pose is already within tolerance.
[clear_table-13] [INFO] [1776988583.582357756] [clear_table_node]: [TV Remote] Stage 1 primary settle: live pose error pos=0.030 m (dx=+0.011, dy=+0.028, dz=+0.001) (limit=0.040), ori=0.236 rad (limit=0.450, mode=full).
[clear_table-13] [INFO] [1776988583.583334652] [clear_table_node]: [TV Remote] Stage 1 live refresh: using remote max_xy_shift=0.090 m (default=0.050 m).
[clear_table-13] [INFO] [1776988583.584437562] [clear_table_node]: [TV Remote] Stage 1 live refresh: briefly unlocking scene to re-read the tag from the settled approach pose.
[clear_table-13] [INFO] [1776988583.585353098] [clear_table_node]: [TV Remote] ALIGNMENT CHECK START: Stage 1 live refresh: briefly unlocking scene to read a fresh QR pose from the current approach view.
[clear_table-13] [INFO] [1776988583.586138320] [clear_table_node]: Scene UNLOCKED.
[scene_from_vision-10] [INFO] [1776988583.587932943] [scene_from_vision_node]: Scene UNLOCKED - updates resuming.
[scene_from_vision-10] [INFO] [1776988583.939015409] [scene_from_vision_node]: Published obj_3 (heartbeat) at x=0.550, y=0.013, z=0.129, yaw=+12.0deg
[ros2_control_node-1] [WARN] [1776988584.068966773] [controller_manager]: Overrun might occur, Total time : 3064.438 us (Expected < 1000.000 us) --> Read time : 93.226 us, Update time : 404.927 us, Write time : 2566.285 us
[ros2_control_node-1] [WARN] [1776988584.069066372] [controller_manager]: Overrun detected! The controller manager missed its desired rate of 1000 Hz. The loop took 3.210025 ms (missed cycles : 4).
[adl_ui-15] 127.0.0.1 - - [23/Apr/2026 19:56:24] "GET /status_json HTTP/1.1" 200 -
[vision_apriltag-9] [INFO] [1776988584.410616518] [vision_apriltag_node]: Vision AprilTag detection debug: no tags found after raw/CLAHE/sharp/adaptive/upscaled/tiled passes.
[vision_apriltag-9] [INFO] [1776988584.418124749] [vision_apriltag_node]: Vision AprilTag: images are arriving, but no AprilTag has been seen for 37.2s.
[adl_ui-15] 127.0.0.1 - - [23/Apr/2026 19:56:24] "GET /status_json HTTP/1.1" 200 -
[ros2_control_node-1] [WARN] [1776988585.072020843] [controller_manager]: Overrun might occur, Total time : 3121.888 us (Expected < 1000.000 us) --> Read time : 73.409 us, Update time : 332.382 us, Write time : 2716.097 us
[ros2_control_node-1] [WARN] [1776988585.072116608] [controller_manager]: Overrun detected! The controller manager missed its desired rate of 1000 Hz. The loop took 3.260024 ms (missed cycles : 4).
[clear_table-13] [WARN] [1776988585.244298940] [clear_table_node]: Timed out waiting for pose service 'get_tag_pose' for tag ID 3 after 1.20s.
[clear_table-13] [WARN] [1776988585.246180468] [clear_table_node]: Failed to get live pose for tag ID 3. Response: No response received.
[clear_table-13] [INFO] [1776988585.247915671] [clear_table_node]: Scene LOCKED.
[scene_from_vision-10] [INFO] [1776988585.248993245] [scene_from_vision_node]: Scene LOCKED - updates paused.
[clear_table-13] [WARN] [1776988585.406736711] [clear_table_node]: [TV Remote] Stage 1 live refresh: no fresh tag pose from approach view. Retrying once after 0.25s.
[adl_ui-15] 127.0.0.1 - - [23/Apr/2026 19:56:25] "GET /status_json HTTP/1.1" 200 -
[clear_table-13] [INFO] [1776988585.659540879] [clear_table_node]: [TV Remote] ALIGNMENT CHECK START: Stage 1 live refresh retry: briefly unlocking scene to read a fresh QR pose from the current approach view.
[clear_table-13] [INFO] [1776988585.662805227] [clear_table_node]: Scene UNLOCKED.
[scene_from_vision-10] [INFO] [1776988585.663900396] [scene_from_vision_node]: Scene UNLOCKED - updates resuming.
[ros2_control_node-1] [WARN] [1776988586.073995659] [controller_manager]: Overrun might occur, Total time : 3117.324 us (Expected < 1000.000 us) --> Read time : 36.050 us, Update time : 235.943 us, Write time : 2845.331 us
[ros2_control_node-1] [WARN] [1776988586.074087033] [controller_manager]: Overrun detected! The controller manager missed its desired rate of 1000 Hz. The loop took 3.230273 ms (missed cycles : 4).
[adl_ui-15] 127.0.0.1 - - [23/Apr/2026 19:56:26] "GET /status_json HTTP/1.1" 200 -
[scene_from_vision-10] [INFO] [1776988586.442880421] [scene_from_vision_node]: Published obj_3 (heartbeat) at x=0.550, y=0.013, z=0.129, yaw=+12.0deg
[vision_apriltag-9] [INFO] [1776988586.558048199] [vision_apriltag_node]: Vision AprilTag: images are arriving, but no AprilTag has been seen for 39.4s.
[ros2_control_node-1] [WARN] [1776988587.074225055] [controller_manager]: Overrun might occur, Total time : 2341.984 us (Expected < 1000.000 us) --> Read time : 30.491 us, Update time : 231.457 us, Write time : 2080.036 us
[ros2_control_node-1] [WARN] [1776988587.074317875] [controller_manager]: Overrun detected! The controller manager missed its desired rate of 1000 Hz. The loop took 2.460042 ms (missed cycles : 3).
[adl_ui-15] 127.0.0.1 - - [23/Apr/2026 19:56:27] "GET /status_json HTTP/1.1" 200 -
[clear_table-13] [WARN] [1776988587.323815890] [clear_table_node]: Timed out waiting for pose service 'get_tag_pose' for tag ID 3 after 1.20s.
[clear_table-13] [WARN] [1776988587.324695675] [clear_table_node]: Failed to get live pose for tag ID 3. Response: No response received.
[clear_table-13] [INFO] [1776988587.325567515] [clear_table_node]: Scene LOCKED.
[scene_from_vision-10] [INFO] [1776988587.327737751] [scene_from_vision_node]: Scene LOCKED - updates paused.
[clear_table-13] [WARN] [1776988587.481739619] [clear_table_node]: [TV Remote] Stage 1 live refresh: no fresh tag pose available from the approach view. Continuing with the scan pose target.
[clear_table-13] [INFO] [1776988587.483520941] [clear_table_node]: Removed temporary table-top keepout 'clear_table_approach_table_top_keepout'.
[clear_table-13] [INFO] [1776988587.617711313] [clear_table_node]: [TV Remote] Stage 2: push to grasp (cartesian) (0.577, 0.078, 0.276)
[clear_table-13] [INFO] [1776988587.664294417] [clear_table_node]: [TV Remote] Stage 2 top prealign orientation error=0.235 rad (limit=0.450, mode=full).
[clear_table-13] [INFO] [1776988587.666764238] [clear_table_node]: Removed collision object obj_3 from planning scene.
[adl_ui-15] 127.0.0.1 - - [23/Apr/2026 19:56:27] "GET /status_json HTTP/1.1" 200 -
[wrist_camera_usb_publisher-8] [INFO] [1776988587.919740479] [wrist_camera_usb_publisher_node]: USB camera publisher heartbeat: publishing 1280x720 frames on /wrist_mounted_camera/image; camera_info fx=920.87, fy=921.57, cx=644.76, cy=343.15.
[ros2_control_node-1] [WARN] [1776988588.075152732] [controller_manager]: Overrun might occur, Total time : 3272.104 us (Expected < 1000.000 us) --> Read time : 38.427 us, Update time : 215.089 us, Write time : 3018.588 us
[ros2_control_node-1] [WARN] [1776988588.075230794] [controller_manager]: Overrun detected! The controller manager missed its desired rate of 1000 Hz. The loop took 3.374097 ms (missed cycles : 4).
[clear_table-13] [INFO] [1776988588.424175436] [clear_table_node]: [TV Remote] Stage 2 start (live/current): pos=(0.588, 0.106, 0.427), ori=(0.989, 0.092, 0.117, 0.003)
[clear_table-13] [INFO] [1776988588.432043708] [clear_table_node]: [TV Remote] Stage 2 remote height guard active: min_ee_z=0.276m.
[clear_table-13] [INFO] [1776988588.433066983] [clear_table_node]: [TV Remote] ALIGNMENT CHECK START: Stage 2 pre-descend QR check: briefly unlocking scene to read a fresh QR pose from the current approach view.
[clear_table-13] [INFO] [1776988588.433917742] [clear_table_node]: Scene UNLOCKED.
[scene_from_vision-10] [INFO] [1776988588.436920958] [scene_from_vision_node]: Scene UNLOCKED - updates resuming.
[vision_apriltag-9] [INFO] [1776988588.466797198] [vision_apriltag_node]: Vision AprilTag: scene is locked; detection publishing is paused.
[adl_ui-15] 127.0.0.1 - - [23/Apr/2026 19:56:28] "GET /status_json HTTP/1.1" 200 -
[scene_from_vision-10] [INFO] [1776988588.940873596] [scene_from_vision_node]: Published obj_3 (heartbeat) at x=0.550, y=0.013, z=0.129, yaw=+12.0deg
[ros2_control_node-1] [WARN] [1776988589.077158018] [controller_manager]: Overrun might occur, Total time : 3276.623 us (Expected < 1000.000 us) --> Read time : 38.005 us, Update time : 210.596 us, Write time : 3028.022 us
[ros2_control_node-1] [WARN] [1776988589.077235558] [controller_manager]: Overrun detected! The controller manager missed its desired rate of 1000 Hz. The loop took 3.378418 ms (missed cycles : 4).
[vision_apriltag-9] [WARN] [1776988589.086511418] [vision_apriltag_node]: Tag ID 3 did not produce a fresh base_link pose within 5.0s.
[adl_ui-15] 127.0.0.1 - - [23/Apr/2026 19:56:29] "GET /status_json HTTP/1.1" 200 -
[vision_apriltag-9] [INFO] [1776988589.601716417] [vision_apriltag_node]: Vision AprilTag detection debug: no tags found after raw/CLAHE/sharp/adaptive/upscaled/tiled passes.
[clear_table-13] [WARN] [1776988589.642536259] [clear_table_node]: Timed out waiting for pose service 'get_tag_pose' for tag ID 3 after 0.85s.
[clear_table-13] [WARN] [1776988589.643222015] [clear_table_node]: Failed to get live pose for tag ID 3. Response: No response received.
[clear_table-13] [INFO] [1776988589.643951507] [clear_table_node]: Scene LOCKED.
[scene_from_vision-10] [INFO] [1776988589.645909967] [scene_from_vision_node]: Scene LOCKED - updates paused.
[clear_table-13] [WARN] [1776988589.794759316] [clear_table_node]: [TV Remote] Stage 2 pre-descend QR check: no fresh live tag pose. Keeping current approach/grasp targets.
[clear_table-13] [INFO] [1776988589.799609565] [clear_table_node]: [TV Remote] Stage 2 approach repair target: pos=(0.577, 0.078, 0.426), ori=(0.995, 0.104, 0.000, 0.000)
[move_group-20] [INFO] [1776988589.801074985] [move_group.moveit.moveit.ros.move_group.cartesian_path_service_capability]: Received request to compute Cartesian path
[move_group-20] [INFO] [1776988589.801205729] [move_group.moveit.moveit.ros.move_group.cartesian_path_service_capability]: Attempting to follow 1 waypoints for link 'end_effector_link' using a step of 0.005000 m and jump threshold 0.000000 (in global reference frame)
[move_group-20] [INFO] [1776988589.805443812] [move_group.moveit.moveit.ros.move_group.cartesian_path_service_capability]: Computed Cartesian path with 15 points (followed 100.000000% of requested trajectory)
[clear_table-13] [INFO] [1776988589.809627921] [clear_table_node]: Cartesian path computed with 100.0% success.
[clear_table-13] [INFO] [1776988589.852484473] [clear_table_node]: go_cartesian: guarded trajectory min EE z=0.426 at point 12 (floor=0.276).
[move_group-20] [INFO] [1776988589.865835264] [move_group.moveit.moveit.ros.move_group.clear_octomap_service]: Execution request received
[move_group-20] [INFO] [1776988589.865908873] [move_group.moveit.moveit.plugins.simple_controller_manager]: Returned 2 controllers in list
[move_group-20] [INFO] [1776988589.865943175] [move_group.moveit.moveit.plugins.simple_controller_manager]: Returned 2 controllers in list
[move_group-20] [INFO] [1776988589.866090696] [move_group.moveit.moveit.ros.trajectory_execution_manager]: Validating trajectory with allowed_start_tolerance 0.01
[move_group-20] [INFO] [1776988589.875135521] [move_group.moveit.moveit.ros.trajectory_execution_manager]: Starting trajectory execution ...
[move_group-20] [INFO] [1776988589.875215570] [move_group.moveit.moveit.plugins.simple_controller_manager]: Returned 2 controllers in list
[move_group-20] [INFO] [1776988589.875253326] [move_group.moveit.moveit.plugins.simple_controller_manager]: Returned 2 controllers in list
[move_group-20] [INFO] [1776988589.875447497] [moveit.simple_controller_manager.follow_joint_trajectory_controller_handle]: sending trajectory to joint_trajectory_controller
[ros2_control_node-1] [INFO] [1776988589.875838493] [joint_trajectory_controller]: Received new action goal
[ros2_control_node-1] [INFO] [1776988589.875892925] [joint_trajectory_controller]: Accepted new action goal
[move_group-20] [INFO] [1776988589.876349110] [moveit.simple_controller_manager.follow_joint_trajectory_controller_handle]: joint_trajectory_controller started execution
[move_group-20] [INFO] [1776988589.876365006] [moveit.simple_controller_manager.follow_joint_trajectory_controller_handle]: Goal request accepted!
[ros2_control_node-1] [WARN] [1776988590.079109718] [controller_manager]: Overrun might occur, Total time : 3217.121 us (Expected < 1000.000 us) --> Read time : 65.587 us, Update time : 432.260 us, Write time : 2719.274 us
[ros2_control_node-1] [WARN] [1776988590.079188457] [controller_manager]: Overrun detected! The controller manager missed its desired rate of 1000 Hz. The loop took 3.331392 ms (missed cycles : 4).
[adl_ui-15] 127.0.0.1 - - [23/Apr/2026 19:56:30] "GET /status_json HTTP/1.1" 200 -
[vision_apriltag-9] [INFO] [1776988590.163767180] [vision_apriltag_node]: Vision AprilTag: scene is locked; detection publishing is paused.
[adl_ui-15] 127.0.0.1 - - [23/Apr/2026 19:56:30] "GET /status_json HTTP/1.1" 200 -
[ros2_control_node-1] [INFO] [1776988590.982144051] [joint_trajectory_controller]: Goal reached, success!
[move_group-20] [INFO] [1776988591.076556622] [moveit.simple_controller_manager.follow_joint_trajectory_controller_handle]: Controller 'joint_trajectory_controller' successfully finished
[ros2_control_node-1] [WARN] [1776988591.093051629] [controller_manager]: Overrun might occur, Total time : 38167.324 us (Expected < 1000.000 us) --> Read time : 43.371 us, Update time : 249.978 us, Write time : 37873.975 us
[ros2_control_node-1] [WARN] [1776988591.093150805] [controller_manager]: Overrun detected! The controller manager missed its desired rate of 1000 Hz. The loop took 38.293862 ms (missed cycles : 39).
[move_group-20] [INFO] [1776988591.140216267] [move_group.moveit.moveit.ros.trajectory_execution_manager]: Completed trajectory execution with status SUCCEEDED ...
[move_group-20] [INFO] [1776988591.141306606] [move_group.moveit.moveit.ros.move_group.clear_octomap_service]: Execution completed: SUCCEEDED
[clear_table-13] [INFO] [1776988591.258961278] [clear_table_node]: [TV Remote] Stage 2 approach repair result: OK (xy_err=0.030, z_err=0.001, ori_err=0.235).
[ros2_control_node-1] [INFO] [1776988591.364660147] [controller_manager]: Activating controllers: [ twist_controller ]
[ros2_control_node-1] [INFO] [1776988591.364692141] [controller_manager]: Deactivating controllers: [ joint_trajectory_controller ]
[vision_apriltag-9] [WARN] [1776988591.475589289] [vision_apriltag_node]: Tag ID 3 did not produce a fresh base_link pose within 5.0s.
[adl_ui-15] 127.0.0.1 - - [23/Apr/2026 19:56:31] "GET /status_json HTTP/1.1" 200 -
[ros2_control_node-1] [INFO] [1776988591.685221803] [controller_manager]: Successfully switched controllers!
[ros2_control_node-1] [WARN] [1776988591.725373925] [controller_manager]: Overrun might occur, Total time : 157496.645 us (Expected < 1000.000 us) --> Read time : 31.481 us, Update time : 117261.797 us (Switch time : 117073.425 us (Switch chained mode time : 1.333 us, perform mode change time : 116680.460 us, Activation time : 174.604 us, Deactivation time : 210.807 us)), Write time : 40203.367 us
[clear_table-13] [INFO] [1776988591.739358347] [clear_table_node]: [TV Remote] Stage 2 top descend: using twist_controller for a 0.150 m short Cartesian move.
[ros2_control_node-1] [WARN] [1776988592.123167866] [controller_manager]: Overrun might occur, Total time : 49288.586 us (Expected < 1000.000 us) --> Read time : 32.385 us, Update time : 158.079 us, Write time : 49098.122 us
[ros2_control_node-1] [WARN] [1776988592.123283778] [controller_manager]: Overrun detected! The controller manager missed its desired rate of 1000 Hz. The loop took 49.426279 ms (missed cycles : 50).
[vision_apriltag-9] [INFO] [1776988592.162624534] [vision_apriltag_node]: Vision AprilTag: scene is locked; detection publishing is paused.
[adl_ui-15] 127.0.0.1 - - [23/Apr/2026 19:56:32] "GET /status_json HTTP/1.1" 200 -
[clear_table-13] [WARN] [1776988592.776340878] [clear_table_node]: [TV Remote] Stage 2 top descend: twist motion stopped making progress; falling back to MoveIt.
[ros2_control_node-1] [INFO] [1776988592.930247471] [controller_manager]: Activating controllers: [ joint_trajectory_controller ]
[ros2_control_node-1] [INFO] [1776988592.930289923] [controller_manager]: Deactivating controllers: [ twist_controller ]
[wrist_camera_usb_publisher-8] [INFO] [1776988593.061004742] [wrist_camera_usb_publisher_node]: USB camera publisher heartbeat: publishing 1280x720 frames on /wrist_mounted_camera/image; camera_info fx=920.87, fy=921.57, cx=644.76, cy=343.15.
[ros2_control_node-1] [WARN] [1776988593.124334732] [controller_manager]: Overrun might occur, Total time : 3450.212 us (Expected < 1000.000 us) --> Read time : 59.434 us, Update time : 144.310 us, Write time : 3246.468 us
[ros2_control_node-1] [WARN] [1776988593.124393102] [controller_manager]: Overrun detected! The controller manager missed its desired rate of 1000 Hz. The loop took 3.536804 ms (missed cycles : 4).
[adl_ui-15] 127.0.0.1 - - [23/Apr/2026 19:56:33] "GET /status_json HTTP/1.1" 200 -
[ros2_control_node-1] [INFO] [1776988593.270234000] [controller_manager]: Successfully switched controllers!
[ros2_control_node-1] [WARN] [1776988593.273197332] [controller_manager]: Overrun might occur, Total time : 139313.958 us (Expected < 1000.000 us) --> Read time : 37.115 us, Update time : 136253.430 us (Switch time : 136111.151 us (Switch chained mode time : 1.487 us, perform mode change time : 135363.065 us, Activation time : 628.075 us, Deactivation time : 108.959 us)), Write time : 3023.413 us
[clear_table-13] [WARN] [1776988593.282585931] [clear_table_node]: [TV Remote] Stage 2 short-motion servo attempt did not complete cleanly; falling back to MoveIt Cartesian planning.
[move_group-20] [INFO] [1776988593.283126561] [move_group.moveit.moveit.ros.move_group.cartesian_path_service_capability]: Received request to compute Cartesian path
[move_group-20] [INFO] [1776988593.283242817] [move_group.moveit.moveit.ros.move_group.cartesian_path_service_capability]: Attempting to follow 1 waypoints for link 'end_effector_link' using a step of 0.010000 m and jump threshold 0.000000 (in global reference frame)
[move_group-20] [INFO] [1776988593.288782183] [move_group.moveit.moveit.ros.move_group.cartesian_path_service_capability]: Computed Cartesian path with 18 points (followed 100.000000% of requested trajectory)
[clear_table-13] [INFO] [1776988593.292832909] [clear_table_node]: Cartesian path computed with 100.0% success.
[clear_table-13] [INFO] [1776988593.392607838] [clear_table_node]: go_cartesian: guarded trajectory min EE z=0.276 at point 16 (floor=0.276).
[move_group-20] [INFO] [1776988593.394305577] [move_group.moveit.moveit.ros.move_group.clear_octomap_service]: Execution request received
[move_group-20] [INFO] [1776988593.394381310] [move_group.moveit.moveit.plugins.simple_controller_manager]: Returned 2 controllers in list
[move_group-20] [INFO] [1776988593.394416877] [move_group.moveit.moveit.plugins.simple_controller_manager]: Returned 2 controllers in list
[move_group-20] [INFO] [1776988593.394600792] [move_group.moveit.moveit.ros.trajectory_execution_manager]: Validating trajectory with allowed_start_tolerance 0.01
[move_group-20] [INFO] [1776988593.395697410] [move_group.moveit.moveit.ros.trajectory_execution_manager]: Starting trajectory execution ...
[move_group-20] [INFO] [1776988593.395768874] [move_group.moveit.moveit.plugins.simple_controller_manager]: Returned 2 controllers in list
[move_group-20] [INFO] [1776988593.395834608] [move_group.moveit.moveit.plugins.simple_controller_manager]: Returned 2 controllers in list
[move_group-20] [INFO] [1776988593.396021070] [moveit.simple_controller_manager.follow_joint_trajectory_controller_handle]: sending trajectory to joint_trajectory_controller
[ros2_control_node-1] [INFO] [1776988593.396420948] [joint_trajectory_controller]: Received new action goal
[ros2_control_node-1] [INFO] [1776988593.396475058] [joint_trajectory_controller]: Accepted new action goal
[move_group-20] [INFO] [1776988593.405578580] [moveit.simple_controller_manager.follow_joint_trajectory_controller_handle]: joint_trajectory_controller started execution
[move_group-20] [INFO] [1776988593.405658411] [moveit.simple_controller_manager.follow_joint_trajectory_controller_handle]: Goal request accepted!
[adl_ui-15] 127.0.0.1 - - [23/Apr/2026 19:56:33] "GET /status_json HTTP/1.1" 200 -
[vision_apriltag-9] [WARN] [1776988594.011575149] [vision_apriltag_node]: Tag ID 3 did not produce a fresh base_link pose within 5.0s.
[ros2_control_node-1] [WARN] [1776988594.126465413] [controller_manager]: Overrun might occur, Total time : 2593.575 us (Expected < 1000.000 us) --> Read time : 35.735 us, Update time : 215.756 us, Write time : 2342.084 us
[ros2_control_node-1] [WARN] [1776988594.126512126] [controller_manager]: Overrun detected! The controller manager missed its desired rate of 1000 Hz. The loop took 2.656388 ms (missed cycles : 3).
[vision_apriltag-9] [INFO] [1776988594.163190310] [vision_apriltag_node]: Vision AprilTag: scene is locked; detection publishing is paused.
[adl_ui-15] 127.0.0.1 - - [23/Apr/2026 19:56:34] "GET /status_json HTTP/1.1" 200 -
[ros2_control_node-1] [INFO] [1776988594.995031665] [joint_trajectory_controller]: Goal reached, success!
[move_group-20] [INFO] [1776988595.002830233] [moveit.simple_controller_manager.follow_joint_trajectory_controller_handle]: Controller 'joint_trajectory_controller' successfully finished
[move_group-20] [INFO] [1776988595.055478420] [move_group.moveit.moveit.ros.trajectory_execution_manager]: Completed trajectory execution with status SUCCEEDED ...
[move_group-20] [INFO] [1776988595.055639275] [move_group.moveit.moveit.ros.move_group.clear_octomap_service]: Execution completed: SUCCEEDED
[ros2_control_node-1] [WARN] [1776988595.129451696] [controller_manager]: Overrun might occur, Total time : 2538.367 us (Expected < 1000.000 us) --> Read time : 82.107 us, Update time : 250.920 us, Write time : 2205.340 us
[ros2_control_node-1] [WARN] [1776988595.129523083] [controller_manager]: Overrun detected! The controller manager missed its desired rate of 1000 Hz. The loop took 2.666540 ms (missed cycles : 3).
[clear_table-13] [INFO] [1776988595.273324031] [clear_table_node]: [TV Remote] ALIGNMENT CHECK: running Stage 2 pre-close QR verification.
[clear_table-13] [INFO] [1776988595.274021481] [clear_table_node]: [TV Remote] ALIGNMENT CHECK START: Stage 2 pre-close QR check: briefly unlocking scene to read a fresh QR pose from the current approach view.
[clear_table-13] [INFO] [1776988595.274738322] [clear_table_node]: Scene UNLOCKED.
[scene_from_vision-10] [INFO] [1776988595.278312035] [scene_from_vision_node]: Scene UNLOCKED - updates resuming.
[adl_ui-15] 127.0.0.1 - - [23/Apr/2026 19:56:35] "GET /status_json HTTP/1.1" 200 -
[scene_from_vision-10] [INFO] [1776988595.440172965] [scene_from_vision_node]: Published obj_3 (heartbeat) at x=0.550, y=0.013, z=0.129, yaw=+12.0deg
[vision_apriltag-9] [INFO] [1776988595.839564864] [vision_apriltag_node]: Vision AprilTag detection debug: no tags found after raw/CLAHE/sharp/adaptive/upscaled/tiled passes.
[ros2_control_node-1] [WARN] [1776988596.131806760] [controller_manager]: Overrun might occur, Total time : 2926.082 us (Expected < 1000.000 us) --> Read time : 38.051 us, Update time : 244.872 us, Write time : 2643.159 us
[ros2_control_node-1] [WARN] [1776988596.131884401] [controller_manager]: Overrun detected! The controller manager missed its desired rate of 1000 Hz. The loop took 3.027580 ms (missed cycles : 4).
[adl_ui-15] 127.0.0.1 - - [23/Apr/2026 19:56:36] "GET /status_json HTTP/1.1" 200 -
[clear_table-13] [WARN] [1776988596.485976777] [clear_table_node]: Timed out waiting for pose service 'get_tag_pose' for tag ID 3 after 0.85s.
[clear_table-13] [WARN] [1776988596.486932371] [clear_table_node]: Failed to get live pose for tag ID 3. Response: No response received.
[clear_table-13] [INFO] [1776988596.489144441] [clear_table_node]: Scene LOCKED.
[scene_from_vision-10] [INFO] [1776988596.491091741] [scene_from_vision_node]: Scene LOCKED - updates paused.
[vision_apriltag-9] [INFO] [1776988596.531079142] [vision_apriltag_node]: Vision AprilTag: images are arriving, but no AprilTag has been seen for 49.3s.
[clear_table-13] [WARN] [1776988596.640547149] [clear_table_node]: [TV Remote] ALIGNMENT RESULT Stage 2 pre-close: no fresh QR pose available; continuing with the settled live wrist pose check.
[clear_table-13] [INFO] [1776988596.644551850] [clear_table_node]: [TV Remote] Stage 2 pre-close settle: live pose error pos=0.000 m (dx=-0.000, dy=+0.000, dz=-0.000) (limit=0.040), ori=0.000 rad (limit=0.400, mode=full).
[clear_table-13] [INFO] [1776988596.652030916] [clear_table_node]: [TV Remote] Stage 3: close gripper begun. Closing to width 0.4376470588235294m
[clear_table-13] [INFO] [1776988596.652957069] [clear_table_node]: close_gripper(): closing gripper to width=0.438rad, force=13.0N
[ros2_control_node-1] [INFO] [1776988596.653682486] [robotiq_gripper_controller]: Received & accepted new action goal
[adl_ui-15] 127.0.0.1 - - [23/Apr/2026 19:56:36] "GET /status_json HTTP/1.1" 200 -
[clear_table-13] [INFO] [1776988597.058561937] [clear_table_node]: Gripper reached position=0.428 stalled=False reached_goal=True
[ros2_control_node-1] [WARN] [1776988597.133695038] [controller_manager]: Overrun might occur, Total time : 2784.741 us (Expected < 1000.000 us) --> Read time : 27.486 us, Update time : 173.452 us, Write time : 2583.803 us
[ros2_control_node-1] [WARN] [1776988597.133746118] [controller_manager]: Overrun detected! The controller manager missed its desired rate of 1000 Hz. The loop took 2.890353 ms (missed cycles : 3).
[clear_table-13] [INFO] [1776988597.413886761] [clear_table_node]: [TV Remote] Stage 3: tightening after settle to width 0.456m with force 16.0N.
[clear_table-13] [INFO] [1776988597.414433330] [clear_table_node]: close_gripper(): closing gripper to width=0.456rad, force=16.0N
[ros2_control_node-1] [INFO] [1776988597.415308985] [robotiq_gripper_controller]: Received & accepted new action goal
[clear_table-13] [INFO] [1776988597.521315578] [clear_table_node]: Gripper reached position=0.449 stalled=False reached_goal=True
[adl_ui-15] 127.0.0.1 - - [23/Apr/2026 19:56:37] "GET /status_json HTTP/1.1" 200 -
[clear_table-13] [INFO] [1776988597.825554690] [clear_table_node]: Attached object obj_3 to end_effector_link with geometry for tag ID 3.
[ros2_control_node-1] [WARN] [1776988598.134822846] [controller_manager]: Overrun might occur, Total time : 2939.769 us (Expected < 1000.000 us) --> Read time : 34.116 us, Update time : 209.742 us, Write time : 2695.911 us
[ros2_control_node-1] [WARN] [1776988598.134912350] [controller_manager]: Overrun detected! The controller manager missed its desired rate of 1000 Hz. The loop took 3.055186 ms (missed cycles : 4).
[vision_apriltag-9] [INFO] [1776988598.163002129] [vision_apriltag_node]: Vision AprilTag: scene is locked; detection publishing is paused.
[wrist_camera_usb_publisher-8] [INFO] [1776988598.220997880] [wrist_camera_usb_publisher_node]: USB camera publisher heartbeat: publishing 1280x720 frames on /wrist_mounted_camera/image; camera_info fx=920.87, fy=921.57, cx=644.76, cy=343.15.
[clear_table-13] [INFO] [1776988598.326461591] [clear_table_node]: Marked ID 3 as PICKED/REMOVED.
[scene_from_vision-10] [INFO] [1776988598.328306220] [scene_from_vision_node]: Marked tag ID 3 as picked.
[move_group-20] [WARN] [1776988598.329151976] [move_group.moveit.moveit.core.planning_scene]: Tried to remove world object 'obj_3', but it does not exist in this scene.
[move_group-20] [WARN] [1776988598.329218234] [move_group.moveit.moveit.core.planning_scene]: Tried to remove world object 'placed_3', but it does not exist in this scene.
[rviz2-21] [WARN] [1776988598.329321890] [rviz2_moveit.moveit.core.planning_scene]: Tried to remove world object 'obj_3', but it does not exist in this scene.
[rviz2-21] [WARN] [1776988598.329389339] [rviz2_moveit.moveit.core.planning_scene]: Tried to remove world object 'placed_3', but it does not exist in this scene.
[clear_table-13] [INFO] [1776988598.330506862] [clear_table_node]: [TV Remote] Stage 3 settled (live/current): pos=(0.577, 0.078, 0.276), ori=(0.995, 0.104, -0.000, -0.000)
[move_group-20] [WARN] [1776988598.330696737] [move_group.moveit.moveit.core.planning_scene]: Tried to remove world object 'obj_3', but it does not exist in this scene.
[move_group-20] [WARN] [1776988598.330738271] [move_group.moveit.moveit.core.planning_scene]: Tried to remove world object 'placed_3', but it does not exist in this scene.
[scene_from_vision-10] [WARN] [1776988598.332894778] [scene_from_vision_node]: /apply_planning_scene rejected picked cleanup for tag 3.
[clear_table-13] [INFO] [1776988598.343648035] [clear_table_node]: [TV Remote] Stage 4 using reduced initial lift_clear_z=0.080 for thin top-grasp object (grasp_axis_size_m=0.022).
[clear_table-13] [INFO] [1776988598.349815546] [clear_table_node]: [TV Remote] Stage 4: lift up to z=0.426
[move_group-20] [INFO] [1776988598.350628944] [move_group.moveit.moveit.ros.move_group.cartesian_path_service_capability]: Received request to compute Cartesian path
[move_group-20] [INFO] [1776988598.350742512] [move_group.moveit.moveit.ros.move_group.cartesian_path_service_capability]: Attempting to follow 1 waypoints for link 'end_effector_link' using a step of 0.010000 m and jump threshold 0.000000 (in global reference frame)
[move_group-20] [INFO] [1776988598.353198530] [move_group.moveit.moveit.ros.move_group.cartesian_path_service_capability]: Computed Cartesian path with 10 points (followed 100.000000% of requested trajectory)
[clear_table-13] [INFO] [1776988598.358705976] [clear_table_node]: Cartesian path computed with 100.0% success.
[move_group-20] [INFO] [1776988598.359449856] [move_group.moveit.moveit.ros.move_group.clear_octomap_service]: Execution request received
[move_group-20] [INFO] [1776988598.359502128] [move_group.moveit.moveit.plugins.simple_controller_manager]: Returned 2 controllers in list
[move_group-20] [INFO] [1776988598.359530924] [move_group.moveit.moveit.plugins.simple_controller_manager]: Returned 2 controllers in list
[move_group-20] [INFO] [1776988598.359604941] [move_group.moveit.moveit.ros.trajectory_execution_manager]: Validating trajectory with allowed_start_tolerance 0.01
[move_group-20] [INFO] [1776988598.375068211] [move_group.moveit.moveit.ros.trajectory_execution_manager]: Starting trajectory execution ...
[move_group-20] [INFO] [1776988598.375139294] [move_group.moveit.moveit.plugins.simple_controller_manager]: Returned 2 controllers in list
[move_group-20] [INFO] [1776988598.375175036] [move_group.moveit.moveit.plugins.simple_controller_manager]: Returned 2 controllers in list
[move_group-20] [INFO] [1776988598.375364048] [moveit.simple_controller_manager.follow_joint_trajectory_controller_handle]: sending trajectory to joint_trajectory_controller
[ros2_control_node-1] [INFO] [1776988598.375735658] [joint_trajectory_controller]: Received new action goal
[ros2_control_node-1] [INFO] [1776988598.375783994] [joint_trajectory_controller]: Accepted new action goal
[move_group-20] [INFO] [1776988598.376166051] [moveit.simple_controller_manager.follow_joint_trajectory_controller_handle]: joint_trajectory_controller started execution
[move_group-20] [INFO] [1776988598.376179633] [moveit.simple_controller_manager.follow_joint_trajectory_controller_handle]: Goal request accepted!
[adl_ui-15] 127.0.0.1 - - [23/Apr/2026 19:56:38] "GET /status_json HTTP/1.1" 200 -
[ros2_control_node-1] [WARN] [1776988599.136878554] [controller_manager]: Overrun might occur, Total time : 2995.018 us (Expected < 1000.000 us) --> Read time : 38.377 us, Update time : 270.179 us, Write time : 2686.462 us
[ros2_control_node-1] [WARN] [1776988599.136953498] [controller_manager]: Overrun detected! The controller manager missed its desired rate of 1000 Hz. The loop took 3.096777 ms (missed cycles : 4).
[adl_ui-15] 127.0.0.1 - - [23/Apr/2026 19:56:39] "GET /status_json HTTP/1.1" 200 -
[ros2_control_node-1] [INFO] [1776988599.148047987] [joint_trajectory_controller]: Goal reached, success!
[move_group-20] [INFO] [1776988599.176517751] [moveit.simple_controller_manager.follow_joint_trajectory_controller_handle]: Controller 'joint_trajectory_controller' successfully finished
[move_group-20] [INFO] [1776988599.235237068] [move_group.moveit.moveit.ros.trajectory_execution_manager]: Completed trajectory execution with status SUCCEEDED ...
[move_group-20] [INFO] [1776988599.235959240] [move_group.moveit.moveit.ros.move_group.clear_octomap_service]: Execution completed: SUCCEEDED
[clear_table-13] [INFO] [1776988599.346544001] [clear_table_node]: 4b) lift to final height at z=0.426 (collisions on)
[move_group-20] [INFO] [1776988599.347095663] [move_group.moveit.moveit.ros.move_group.cartesian_path_service_capability]: Received request to compute Cartesian path
[move_group-20] [INFO] [1776988599.347203453] [move_group.moveit.moveit.ros.move_group.cartesian_path_service_capability]: Attempting to follow 1 waypoints for link 'end_effector_link' using a step of 0.010000 m and jump threshold 0.000000 (in global reference frame)
[move_group-20] [INFO] [1776988599.349066853] [move_group.moveit.moveit.ros.move_group.cartesian_path_service_capability]: Computed Cartesian path with 8 points (followed 100.000000% of requested trajectory)
[clear_table-13] [INFO] [1776988599.353426570] [clear_table_node]: Cartesian path computed with 100.0% success.
[move_group-20] [INFO] [1776988599.354373782] [move_group.moveit.moveit.ros.move_group.clear_octomap_service]: Execution request received
[move_group-20] [INFO] [1776988599.354465706] [move_group.moveit.moveit.plugins.simple_controller_manager]: Returned 2 controllers in list
[move_group-20] [INFO] [1776988599.354499380] [move_group.moveit.moveit.plugins.simple_controller_manager]: Returned 2 controllers in list
[move_group-20] [INFO] [1776988599.354576792] [move_group.moveit.moveit.ros.trajectory_execution_manager]: Validating trajectory with allowed_start_tolerance 0.01
[move_group-20] [INFO] [1776988599.356090769] [move_group.moveit.moveit.ros.trajectory_execution_manager]: Starting trajectory execution ...
[move_group-20] [INFO] [1776988599.356256476] [move_group.moveit.moveit.plugins.simple_controller_manager]: Returned 2 controllers in list
[move_group-20] [INFO] [1776988599.356314449] [move_group.moveit.moveit.plugins.simple_controller_manager]: Returned 2 controllers in list
[move_group-20] [INFO] [1776988599.356603991] [moveit.simple_controller_manager.follow_joint_trajectory_controller_handle]: sending trajectory to joint_trajectory_controller
[ros2_control_node-1] [INFO] [1776988599.357469520] [joint_trajectory_controller]: Received new action goal
[ros2_control_node-1] [INFO] [1776988599.357527330] [joint_trajectory_controller]: Accepted new action goal
[move_group-20] [INFO] [1776988599.358381732] [moveit.simple_controller_manager.follow_joint_trajectory_controller_handle]: joint_trajectory_controller started execution
[move_group-20] [INFO] [1776988599.358467443] [moveit.simple_controller_manager.follow_joint_trajectory_controller_handle]: Goal request accepted!
[adl_ui-15] 127.0.0.1 - - [23/Apr/2026 19:56:39] "GET /status_json HTTP/1.1" 200 -
[ros2_control_node-1] [INFO] [1776988600.126006792] [joint_trajectory_controller]: Goal reached, success!
[ros2_control_node-1] [WARN] [1776988600.138737601] [controller_manager]: Overrun might occur, Total time : 2860.902 us (Expected < 1000.000 us) --> Read time : 36.968 us, Update time : 230.177 us, Write time : 2593.757 us
[ros2_control_node-1] [WARN] [1776988600.138795925] [controller_manager]: Overrun detected! The controller manager missed its desired rate of 1000 Hz. The loop took 2.939793 ms (missed cycles : 3).
[move_group-20] [INFO] [1776988600.158313755] [moveit.simple_controller_manager.follow_joint_trajectory_controller_handle]: Controller 'joint_trajectory_controller' successfully finished
[vision_apriltag-9] [INFO] [1776988600.162892003] [vision_apriltag_node]: Vision AprilTag: scene is locked; detection publishing is paused.
[move_group-20] [INFO] [1776988600.222302973] [move_group.moveit.moveit.ros.trajectory_execution_manager]: Completed trajectory execution with status SUCCEEDED ...
[move_group-20] [INFO] [1776988600.223048840] [move_group.moveit.moveit.ros.move_group.clear_octomap_service]: Execution completed: SUCCEEDED
[clear_table-13] [INFO] [1776988600.350077860] [clear_table_node]: [TV Remote] Stage 5 reseed skipped for BIN slot to preserve the current carry branch.
[clear_table-13] [INFO] [1776988600.359631508] [clear_table_node]: [TV Remote] Stage 5: transit to above destination (0.891, 0.000, 0.509) slot=BIN
[clear_table-13] [INFO] [1776988600.368455403] [clear_table_node]: [TV Remote] Stage 5 preset: moving to hard-coded slot pose 'BIN'.
[clear_table-13] [INFO] [1776988600.369181175] [clear_table_node]: go_to_joint_positions: full-arm joint preset detected; using deterministic fixed-joint execution path first.
[move_group-20] [ERROR] [1776988600.369809154] [move_group.moveit.moveit.core.conversions]: Found empty JointState message
[clear_table-13] [INFO] [1776988600.373009878] [clear_table_node]: Start state: collision-valid — no collisions (not a joint-bounds check).
[move_group-20] [INFO] [1776988600.373976853] [move_group.moveit.moveit.ros.move_group.move_action]: MoveGroupMoveAction: Received request
[move_group-20] [INFO] [1776988600.374176201] [move_group.moveit.moveit.ros.move_group.move_action]: executing..
[move_group-20] [INFO] [1776988600.375581220] [move_group.moveit.moveit.ros.move_group.move_action]: Combined planning and execution request received for MoveGroup action. Forwarding to planning and execution pipeline.
[move_group-20] [WARN] [1776988600.375643305] [move_group.moveit.moveit.ros.move_group.capability]: Execution of motions should always start at the robot's current state. Ignoring the state supplied as start state in the motion planning request
[move_group-20] [WARN] [1776988600.375668898] [move_group.moveit.moveit.ros.move_group.capability]: Execution of motions should always start at the robot's current state. Ignoring the state supplied as difference in the planning scene diff
[move_group-20] [INFO] [1776988600.375683866] [move_group.moveit.moveit.ros.plan_execution]: Planning attempt 1 of at most 1
[move_group-20] [INFO] [1776988600.376030342] [move_group]: Calling PlanningRequestAdapter 'ResolveConstraintFrames'
[move_group-20] [INFO] [1776988600.376075495] [move_group]: Calling PlanningRequestAdapter 'ValidateWorkspaceBounds'
[move_group-20] [INFO] [1776988600.376094070] [move_group]: Calling PlanningRequestAdapter 'CheckStartStateBounds'
[move_group-20] [INFO] [1776988600.376134555] [move_group]: Calling PlanningRequestAdapter 'CheckStartStateCollision'
[move_group-20] [INFO] [1776988600.376976550] [move_group.moveit.moveit.planners.ompl.model_based_planning_context]: Planner configuration 'manipulator' will use planner 'geometric::RRTConnect'. Additional configuration parameters will be set when the planner is constructed.
[move_group-20] [INFO] [1776988600.377098100] [move_group]: Calling Planner 'OMPL'
[move_group-20] [INFO] [1776988600.398698194] [move_group]: Calling PlanningResponseAdapter 'AddTimeOptimalParameterization'
[move_group-20] [INFO] [1776988600.407446347] [move_group]: Calling PlanningResponseAdapter 'ValidateSolution'
[move_group-20] [INFO] [1776988600.409826800] [move_group]: Calling PlanningResponseAdapter 'DisplayMotionPath'
[move_group-20] [WARN] [1776988600.410043114] [move_group.moveit.moveit.ros.planning_pipeline]: The planner plugin did not fill out the 'planner_id' field of the MotionPlanResponse. Setting it to the planner ID name of the MotionPlanRequest assuming that the planner plugin does warn you if it does not use the requested planner.
[move_group-20] [INFO] [1776988600.410675168] [move_group.moveit.moveit.plugins.simple_controller_manager]: Returned 2 controllers in list
[move_group-20] [INFO] [1776988600.410753414] [move_group.moveit.moveit.plugins.simple_controller_manager]: Returned 2 controllers in list
[move_group-20] [INFO] [1776988600.410827978] [move_group.moveit.moveit.ros.trajectory_execution_manager]: Validating trajectory with allowed_start_tolerance 0.01
[move_group-20] [INFO] [1776988600.415085228] [move_group.moveit.moveit.ros.trajectory_execution_manager]: Starting trajectory execution ...
[move_group-20] [INFO] [1776988600.415151510] [move_group.moveit.moveit.plugins.simple_controller_manager]: Returned 2 controllers in list
[move_group-20] [INFO] [1776988600.415303645] [move_group.moveit.moveit.plugins.simple_controller_manager]: Returned 2 controllers in list
[move_group-20] [INFO] [1776988600.415516474] [moveit.simple_controller_manager.follow_joint_trajectory_controller_handle]: sending trajectory to joint_trajectory_controller
[ros2_control_node-1] [INFO] [1776988600.416198697] [joint_trajectory_controller]: Received new action goal
[ros2_control_node-1] [INFO] [1776988600.416284566] [joint_trajectory_controller]: Accepted new action goal
[move_group-20] [INFO] [1776988600.416706603] [moveit.simple_controller_manager.follow_joint_trajectory_controller_handle]: joint_trajectory_controller started execution
[move_group-20] [INFO] [1776988600.416724500] [moveit.simple_controller_manager.follow_joint_trajectory_controller_handle]: Goal request accepted!
[adl_ui-15] 127.0.0.1 - - [23/Apr/2026 19:56:40] "GET /status_json HTTP/1.1" 200 -
[vision_apriltag-9] [WARN] [1776988600.669093820] [vision_apriltag_node]: Tag ID 3 did not produce a fresh base_link pose within 5.0s.
[ros2_control_node-1] [WARN] [1776988601.141845532] [controller_manager]: Overrun might occur, Total time : 2965.927 us (Expected < 1000.000 us) --> Read time : 35.526 us, Update time : 239.832 us, Write time : 2690.569 us
[ros2_control_node-1] [WARN] [1776988601.141916311] [controller_manager]: Overrun detected! The controller manager missed its desired rate of 1000 Hz. The loop took 3.060184 ms (missed cycles : 4).
[adl_ui-15] 127.0.0.1 - - [23/Apr/2026 19:56:41] "GET /status_json HTTP/1.1" 200 -
[ros2_control_node-1] [WARN] [1776988602.143043291] [controller_manager]: Overrun might occur, Total time : 3153.693 us (Expected < 1000.000 us) --> Read time : 76.797 us, Update time : 396.045 us, Write time : 2680.851 us
[ros2_control_node-1] [WARN] [1776988602.143124652] [controller_manager]: Overrun detected! The controller manager missed its desired rate of 1000 Hz. The loop took 3.267290 ms (missed cycles : 4).
[adl_ui-15] 127.0.0.1 - - [23/Apr/2026 19:56:42] "GET /status_json HTTP/1.1" 200 -
[vision_apriltag-9] [INFO] [1776988602.164256954] [vision_apriltag_node]: Vision AprilTag: scene is locked; detection publishing is paused.
[adl_ui-15] 127.0.0.1 - - [23/Apr/2026 19:56:42] "GET /status_json HTTP/1.1" 200 -
[ros2_control_node-1] [WARN] [1776988603.146233144] [controller_manager]: Overrun might occur, Total time : 3354.486 us (Expected < 1000.000 us) --> Read time : 44.975 us, Update time : 206.237 us, Write time : 3103.274 us
[ros2_control_node-1] [WARN] [1776988603.146294987] [controller_manager]: Overrun detected! The controller manager missed its desired rate of 1000 Hz. The loop took 3.439089 ms (missed cycles : 4).
[wrist_camera_usb_publisher-8] [INFO] [1776988603.227354387] [wrist_camera_usb_publisher_node]: USB camera publisher heartbeat: publishing 1280x720 frames on /wrist_mounted_camera/image; camera_info fx=920.87, fy=921.57, cx=644.76, cy=343.15.
[adl_ui-15] 127.0.0.1 - - [23/Apr/2026 19:56:43] "GET /status_json HTTP/1.1" 200 -
[ros2_control_node-1] [WARN] [1776988604.146344758] [controller_manager]: Overrun might occur, Total time : 2467.726 us (Expected < 1000.000 us) --> Read time : 35.564 us, Update time : 257.871 us, Write time : 2174.291 us
[ros2_control_node-1] [WARN] [1776988604.146402998] [controller_manager]: Overrun detected! The controller manager missed its desired rate of 1000 Hz. The loop took 2.546406 ms (missed cycles : 3).
[vision_apriltag-9] [INFO] [1776988604.163823563] [vision_apriltag_node]: Vision AprilTag: scene is locked; detection publishing is paused.
[adl_ui-15] 127.0.0.1 - - [23/Apr/2026 19:56:44] "GET /status_json HTTP/1.1" 200 -
[ros2_control_node-1] [WARN] [1776988605.147411648] [controller_manager]: Overrun might occur, Total time : 3515.907 us (Expected < 1000.000 us) --> Read time : 81.831 us, Update time : 400.982 us, Write time : 3033.094 us
[ros2_control_node-1] [WARN] [1776988605.147513419] [controller_manager]: Overrun detected! The controller manager missed its desired rate of 1000 Hz. The loop took 3.656082 ms (missed cycles : 4).
[adl_ui-15] 127.0.0.1 - - [23/Apr/2026 19:56:45] "GET /status_json HTTP/1.1" 200 -
[adl_ui-15] 127.0.0.1 - - [23/Apr/2026 19:56:45] "GET /status_json HTTP/1.1" 200 -
[ros2_control_node-1] [WARN] [1776988606.147594338] [controller_manager]: Overrun might occur, Total time : 2697.663 us (Expected < 1000.000 us) --> Read time : 33.489 us, Update time : 336.553 us, Write time : 2327.621 us
[ros2_control_node-1] [WARN] [1776988606.147646645] [controller_manager]: Overrun detected! The controller manager missed its desired rate of 1000 Hz. The loop took 2.790356 ms (missed cycles : 3).
[vision_apriltag-9] [INFO] [1776988606.162925981] [vision_apriltag_node]: Vision AprilTag: scene is locked; detection publishing is paused.
[adl_ui-15] 127.0.0.1 - - [23/Apr/2026 19:56:46] "GET /status_json HTTP/1.1" 200 -
[joint_state_sanitizer-3] [WARN] [1776988606.764431205] [joint_state_sanitizer_node]: [joint_state_sanitizer] Published sanitized joint state: joint_1:+3.134->+3.132
[ros2_control_node-1] [WARN] [1776988607.148779276] [controller_manager]: Overrun might occur, Total time : 2877.678 us (Expected < 1000.000 us) --> Read time : 34.346 us, Update time : 212.602 us, Write time : 2630.730 us
[ros2_control_node-1] [WARN] [1776988607.148830898] [controller_manager]: Overrun detected! The controller manager missed its desired rate of 1000 Hz. The loop took 2.975169 ms (missed cycles : 3).
[adl_ui-15] 127.0.0.1 - - [23/Apr/2026 19:56:47] "GET /status_json HTTP/1.1" 200 -
[ros2_control_node-1] [INFO] [1776988607.585015377] [joint_trajectory_controller]: Goal reached, success!
[move_group-20] [INFO] [1776988607.617480758] [moveit.simple_controller_manager.follow_joint_trajectory_controller_handle]: Controller 'joint_trajectory_controller' successfully finished
[move_group-20] [INFO] [1776988607.675099708] [move_group.moveit.moveit.ros.trajectory_execution_manager]: Completed trajectory execution with status SUCCEEDED ...
[move_group-20] [INFO] [1776988607.675436054] [move_group.moveit.moveit.ros.move_group.move_action]: Solution was found and executed.
[clear_table-13] [INFO] [1776988607.786338840] [clear_table_node]: [TV Remote] Stage 5 preset move result: OK.
[clear_table-13] [INFO] [1776988607.793245683] [clear_table_node]: [TV Remote] Stage 6: using a shallower drop target for BIN (+0.020m release gap above nominal destination depth).
[clear_table-13] [INFO] [1776988607.805400985] [clear_table_node]: [TV Remote] Stage 6: lower to destination (cartesian) (0.891, 0.000, 0.279)
[clear_table-13] [INFO] [1776988607.808809323] [clear_table_node]: [TV Remote] Stage 6 start (live/current): pos=(0.721, -0.000, 0.474), ori=(0.490, 0.465, 0.486, 0.554)
[clear_table-13] [INFO] [1776988607.820679317] [clear_table_node]: [TV Remote] Stage 6 BIN fast-entry: skipping preset recenter/orientation refine (dx=0.171, dy=0.000, ori=0.134). Starting cartesian descent immediately from the live above-bin pose.
[clear_table-13] [INFO] [1776988607.821296094] [clear_table_node]: [CAL] PLACE_PRESET_CONFIG["joint_presets"]["BIN"] = {"joint_1": -3.110106, "joint_2": -0.711055, "joint_3": -0.024878, "joint_4": -1.335835, "joint_5": -0.141770, "joint_6": +0.568695, "joint_7": +1.752446}
[clear_table-13] [INFO] [1776988607.829194560] [clear_table_node]: [TV Remote] Stage 6 pre-alignment skipped. Proceeding directly to cartesian drop from current orientation.
[clear_table-13] [INFO] [1776988607.837434456] [clear_table_node]: [TV Remote] Stage 6 safe-joint snapshot: joint_1=-3.110, joint_2=-0.711, joint_3=-0.025, joint_4=-1.336, joint_5=-0.142, joint_6=+0.569, joint_7=+1.752.
[clear_table-13] [WARN] [1776988607.839447098] [clear_table_node]: [TV Remote] Stage 6: live start is too far from preset guidance (dx=0.171, dy=0.000, limit=0.060). Using live XY/orientation for a true vertical descent.
[clear_table-13] [INFO] [1776988607.840028315] [clear_table_node]: [TV Remote] Stage 6 drop target (vertical from live start): pos=(0.721, -0.000, 0.279), ori=(0.490, 0.465, 0.486, 0.554)
[clear_table-13] [INFO] [1776988607.840701597] [clear_table_node]: [TV Remote] Stage 6: trying the real-hardware short-motion servo path before segmented Cartesian planning.
[ros2_control_node-1] [INFO] [1776988607.846705394] [controller_manager]: Activating controllers: [ twist_controller ]
[ros2_control_node-1] [INFO] [1776988607.846812299] [controller_manager]: Deactivating controllers: [ joint_trajectory_controller ]
[adl_ui-15] 127.0.0.1 - - [23/Apr/2026 19:56:48] "GET /status_json HTTP/1.1" 200 -
[vision_apriltag-9] [INFO] [1776988608.163939221] [vision_apriltag_node]: Vision AprilTag: scene is locked; detection publishing is paused.
[ros2_control_node-1] [INFO] [1776988608.184854554] [controller_manager]: Successfully switched controllers!
[ros2_control_node-1] [WARN] [1776988608.223342566] [controller_manager]: Overrun might occur, Total time : 174471.004 us (Expected < 1000.000 us) --> Read time : 24.758 us, Update time : 135902.117 us (Switch time : 135642.835 us (Switch chained mode time : 1.282 us, perform mode change time : 135351.768 us, Activation time : 115.987 us, Deactivation time : 167.337 us)), Write time : 38544.129 us
[ros2_control_node-1] [WARN] [1776988608.223418469] [controller_manager]: Overrun detected! The controller manager missed its desired rate of 1000 Hz. The loop took 174.562104 ms (missed cycles : 175).
[clear_table-13] [INFO] [1776988608.227166974] [clear_table_node]: [TV Remote] Stage 6 servo descend: using twist_controller for a 0.195 m short Cartesian move.
[ros2_control_node-1] [WARN] [1776988608.272876258] [controller_manager]: Overrun might occur, Total time : 49001.052 us (Expected < 1000.000 us) --> Read time : 40.413 us, Update time : 125.939 us, Write time : 48834.700 us
[wrist_camera_usb_publisher-8] [INFO] [1776988608.379834570] [wrist_camera_usb_publisher_node]: USB camera publisher heartbeat: publishing 1280x720 frames on /wrist_mounted_camera/image; camera_info fx=920.87, fy=921.57, cx=644.76, cy=343.15.
[adl_ui-15] 127.0.0.1 - - [23/Apr/2026 19:56:48] "GET /status_json HTTP/1.1" 200 -
[clear_table-13] [WARN] [1776988609.257159325] [clear_table_node]: [TV Remote] Stage 6 servo descend: twist motion stopped making progress; falling back to MoveIt.
[ros2_control_node-1] [WARN] [1776988609.273048888] [controller_manager]: Overrun might occur, Total time : 49175.380 us (Expected < 1000.000 us) --> Read time : 30.088 us, Update time : 132.415 us, Write time : 49012.877 us
[ros2_control_node-1] [WARN] [1776988609.273133461] [controller_manager]: Overrun detected! The controller manager missed its desired rate of 1000 Hz. The loop took 49.276818 ms (missed cycles : 50).
[ros2_control_node-1] [INFO] [1776988609.411155625] [controller_manager]: Activating controllers: [ joint_trajectory_controller ]
[ros2_control_node-1] [INFO] [1776988609.411185970] [controller_manager]: Deactivating controllers: [ twist_controller ]
[adl_ui-15] 127.0.0.1 - - [23/Apr/2026 19:56:49] "GET /status_json HTTP/1.1" 200 -
[ros2_control_node-1] [INFO] [1776988609.746859793] [controller_manager]: Successfully switched controllers!
[ros2_control_node-1] [WARN] [1776988609.749644874] [controller_manager]: Overrun might occur, Total time : 136733.789 us (Expected < 1000.000 us) --> Read time : 29.912 us, Update time : 133875.303 us (Switch time : 133729.239 us (Switch chained mode time : 1.335 us, perform mode change time : 132735.759 us, Activation time : 866.408 us, Deactivation time : 119.316 us)), Write time : 2828.574 us
[clear_table-13] [WARN] [1776988609.753466125] [clear_table_node]: [TV Remote] Stage 6: short-motion servo path did not complete cleanly. Falling back to segmented Cartesian planning.
[clear_table-13] [INFO] [1776988609.754063983] [clear_table_node]: [TV Remote] Stage 6 step 1 (dz=0.0100, sub=0/4): pos=(0.721, -0.000, 0.464), ori=(0.490, 0.465, 0.486, 0.554)
[move_group-20] [INFO] [1776988609.754673504] [move_group.moveit.moveit.ros.move_group.cartesian_path_service_capability]: Received request to compute Cartesian path
[move_group-20] [INFO] [1776988609.754788377] [move_group.moveit.moveit.ros.move_group.cartesian_path_service_capability]: Attempting to follow 1 waypoints for link 'end_effector_link' using a step of 0.005000 m and jump threshold 0.000000 (in global reference frame)
[move_group-20] [INFO] [1776988609.756145607] [move_group.moveit.moveit.ros.move_group.cartesian_path_service_capability]: Computed Cartesian path with 6 points (followed 100.000000% of requested trajectory)
[clear_table-13] [INFO] [1776988609.760095492] [clear_table_node]: Cartesian path computed with 100.0% success.
[move_group-20] [INFO] [1776988609.760906633] [move_group.moveit.moveit.ros.move_group.clear_octomap_service]: Execution request received
[move_group-20] [INFO] [1776988609.760959329] [move_group.moveit.moveit.plugins.simple_controller_manager]: Returned 2 controllers in list
[move_group-20] [INFO] [1776988609.760982603] [move_group.moveit.moveit.plugins.simple_controller_manager]: Returned 2 controllers in list
[move_group-20] [INFO] [1776988609.761090835] [move_group.moveit.moveit.ros.trajectory_execution_manager]: Validating trajectory with allowed_start_tolerance 0.01
[move_group-20] [INFO] [1776988609.779915783] [move_group.moveit.moveit.ros.trajectory_execution_manager]: Starting trajectory execution ...
[move_group-20] [INFO] [1776988609.780586919] [move_group.moveit.moveit.plugins.simple_controller_manager]: Returned 2 controllers in list
[move_group-20] [INFO] [1776988609.780649375] [move_group.moveit.moveit.plugins.simple_controller_manager]: Returned 2 controllers in list
[move_group-20] [INFO] [1776988609.780822835] [moveit.simple_controller_manager.follow_joint_trajectory_controller_handle]: sending trajectory to joint_trajectory_controller
[ros2_control_node-1] [INFO] [1776988609.781581656] [joint_trajectory_controller]: Received new action goal
[ros2_control_node-1] [INFO] [1776988609.781634931] [joint_trajectory_controller]: Accepted new action goal
[move_group-20] [INFO] [1776988609.783846049] [moveit.simple_controller_manager.follow_joint_trajectory_controller_handle]: joint_trajectory_controller started execution
[move_group-20] [INFO] [1776988609.783873737] [moveit.simple_controller_manager.follow_joint_trajectory_controller_handle]: Goal request accepted!
[ros2_control_node-1] [INFO] [1776988610.151018219] [joint_trajectory_controller]: Goal reached, success!
[vision_apriltag-9] [INFO] [1776988610.164723881] [vision_apriltag_node]: Vision AprilTag: scene is locked; detection publishing is paused.
[move_group-20] [INFO] [1776988610.182612885] [moveit.simple_controller_manager.follow_joint_trajectory_controller_handle]: Controller 'joint_trajectory_controller' successfully finished
[move_group-20] [INFO] [1776988610.235081251] [move_group.moveit.moveit.ros.trajectory_execution_manager]: Completed trajectory execution with status SUCCEEDED ...
[move_group-20] [INFO] [1776988610.235197282] [move_group.moveit.moveit.ros.move_group.clear_octomap_service]: Execution completed: SUCCEEDED
[ros2_control_node-1] [WARN] [1776988610.275656653] [controller_manager]: Overrun might occur, Total time : 2778.312 us (Expected < 1000.000 us) --> Read time : 34.728 us, Update time : 238.047 us, Write time : 2505.537 us
[ros2_control_node-1] [WARN] [1776988610.275732384] [controller_manager]: Overrun detected! The controller manager missed its desired rate of 1000 Hz. The loop took 2.875866 ms (missed cycles : 3).
[clear_table-13] [INFO] [1776988610.341356694] [clear_table_node]: [TV Remote] Stage 6 step 2 (dz=0.0100, sub=0/4): pos=(0.721, -0.000, 0.454), ori=(0.490, 0.465, 0.486, 0.554)
[move_group-20] [INFO] [1776988610.341914804] [move_group.moveit.moveit.ros.move_group.cartesian_path_service_capability]: Received request to compute Cartesian path
[move_group-20] [INFO] [1776988610.342005376] [move_group.moveit.moveit.ros.move_group.cartesian_path_service_capability]: Attempting to follow 1 waypoints for link 'end_effector_link' using a step of 0.005000 m and jump threshold 0.000000 (in global reference frame)
[move_group-20] [INFO] [1776988610.342704202] [move_group.moveit.moveit.ros.move_group.cartesian_path_service_capability]: Computed Cartesian path with 3 points (followed 100.000000% of requested trajectory)
[clear_table-13] [INFO] [1776988610.346124572] [clear_table_node]: Cartesian path computed with 100.0% success.
[move_group-20] [INFO] [1776988610.349498437] [move_group.moveit.moveit.ros.move_group.clear_octomap_service]: Execution request received
[move_group-20] [INFO] [1776988610.349558512] [move_group.moveit.moveit.plugins.simple_controller_manager]: Returned 2 controllers in list
[move_group-20] [INFO] [1776988610.349587147] [move_group.moveit.moveit.plugins.simple_controller_manager]: Returned 2 controllers in list
[move_group-20] [INFO] [1776988610.349641496] [move_group.moveit.moveit.ros.trajectory_execution_manager]: Validating trajectory with allowed_start_tolerance 0.01
[move_group-20] [INFO] [1776988610.355781417] [move_group.moveit.moveit.ros.trajectory_execution_manager]: Starting trajectory execution ...
[move_group-20] [INFO] [1776988610.356419703] [move_group.moveit.moveit.plugins.simple_controller_manager]: Returned 2 controllers in list
[move_group-20] [INFO] [1776988610.356457715] [move_group.moveit.moveit.plugins.simple_controller_manager]: Returned 2 controllers in list
[move_group-20] [INFO] [1776988610.356653171] [moveit.simple_controller_manager.follow_joint_trajectory_controller_handle]: sending trajectory to joint_trajectory_controller
[ros2_control_node-1] [INFO] [1776988610.356946729] [joint_trajectory_controller]: Received new action goal
[ros2_control_node-1] [INFO] [1776988610.356987177] [joint_trajectory_controller]: Accepted new action goal
[move_group-20] [INFO] [1776988610.360542248] [moveit.simple_controller_manager.follow_joint_trajectory_controller_handle]: joint_trajectory_controller started execution
[move_group-20] [INFO] [1776988610.360587724] [moveit.simple_controller_manager.follow_joint_trajectory_controller_handle]: Goal request accepted!
[adl_ui-15] 127.0.0.1 - - [23/Apr/2026 19:56:50] "GET /status_json HTTP/1.1" 200 -
[ros2_control_node-1] [INFO] [1776988610.571988045] [joint_trajectory_controller]: Goal reached, success!
[move_group-20] [INFO] [1776988610.658249496] [moveit.simple_controller_manager.follow_joint_trajectory_controller_handle]: Controller 'joint_trajectory_controller' successfully finished
[move_group-20] [INFO] [1776988610.715742647] [move_group.moveit.moveit.ros.trajectory_execution_manager]: Completed trajectory execution with status SUCCEEDED ...
[move_group-20] [INFO] [1776988610.716512491] [move_group.moveit.moveit.ros.move_group.clear_octomap_service]: Execution completed: SUCCEEDED
[clear_table-13] [INFO] [1776988610.820478475] [clear_table_node]: [TV Remote] Stage 6 step 3 (dz=0.0100, sub=0/4): pos=(0.721, -0.000, 0.444), ori=(0.490, 0.465, 0.486, 0.554)
[move_group-20] [INFO] [1776988610.821096659] [move_group.moveit.moveit.ros.move_group.cartesian_path_service_capability]: Received request to compute Cartesian path
[move_group-20] [INFO] [1776988610.821223703] [move_group.moveit.moveit.ros.move_group.cartesian_path_service_capability]: Attempting to follow 1 waypoints for link 'end_effector_link' using a step of 0.005000 m and jump threshold 0.000000 (in global reference frame)
[move_group-20] [INFO] [1776988610.821976157] [move_group.moveit.moveit.ros.move_group.cartesian_path_service_capability]: Computed Cartesian path with 3 points (followed 100.000000% of requested trajectory)
[clear_table-13] [INFO] [1776988610.825422134] [clear_table_node]: Cartesian path computed with 100.0% success.
[move_group-20] [INFO] [1776988610.826135264] [move_group.moveit.moveit.ros.move_group.clear_octomap_service]: Execution request received
[move_group-20] [INFO] [1776988610.826181582] [move_group.moveit.moveit.plugins.simple_controller_manager]: Returned 2 controllers in list
[move_group-20] [INFO] [1776988610.826215019] [move_group.moveit.moveit.plugins.simple_controller_manager]: Returned 2 controllers in list
[move_group-20] [INFO] [1776988610.826292065] [move_group.moveit.moveit.ros.trajectory_execution_manager]: Validating trajectory with allowed_start_tolerance 0.01
[move_group-20] [INFO] [1776988610.835505616] [move_group.moveit.moveit.ros.trajectory_execution_manager]: Starting trajectory execution ...
[move_group-20] [INFO] [1776988610.835581350] [move_group.moveit.moveit.plugins.simple_controller_manager]: Returned 2 controllers in list
[move_group-20] [INFO] [1776988610.835685356] [move_group.moveit.moveit.plugins.simple_controller_manager]: Returned 2 controllers in list
[move_group-20] [INFO] [1776988610.836192136] [moveit.simple_controller_manager.follow_joint_trajectory_controller_handle]: sending trajectory to joint_trajectory_controller
[move_group-20] [INFO] [1776988610.837304682] [moveit.simple_controller_manager.follow_joint_trajectory_controller_handle]: joint_trajectory_controller started execution
[move_group-20] [INFO] [1776988610.837320124] [moveit.simple_controller_manager.follow_joint_trajectory_controller_handle]: Goal request accepted!
[ros2_control_node-1] [INFO] [1776988610.837035635] [joint_trajectory_controller]: Received new action goal
[ros2_control_node-1] [INFO] [1776988610.837097154] [joint_trajectory_controller]: Accepted new action goal
[ros2_control_node-1] [INFO] [1776988611.049999581] [joint_trajectory_controller]: Goal reached, success!
[move_group-20] [INFO] [1776988611.138246920] [moveit.simple_controller_manager.follow_joint_trajectory_controller_handle]: Controller 'joint_trajectory_controller' successfully finished
[adl_ui-15] 127.0.0.1 - - [23/Apr/2026 19:56:51] "GET /status_json HTTP/1.1" 200 -
[move_group-20] [INFO] [1776988611.195904665] [move_group.moveit.moveit.ros.trajectory_execution_manager]: Completed trajectory execution with status SUCCEEDED ...
[move_group-20] [INFO] [1776988611.196050289] [move_group.moveit.moveit.ros.move_group.clear_octomap_service]: Execution completed: SUCCEEDED
[ros2_control_node-1] [WARN] [1776988611.278587626] [controller_manager]: Overrun might occur, Total time : 2705.318 us (Expected < 1000.000 us) --> Read time : 35.757 us, Update time : 250.368 us, Write time : 2419.193 us
[ros2_control_node-1] [WARN] [1776988611.278665066] [controller_manager]: Overrun detected! The controller manager missed its desired rate of 1000 Hz. The loop took 2.808603 ms (missed cycles : 3).
[clear_table-13] [INFO] [1776988611.301545894] [clear_table_node]: [TV Remote] Stage 6 step 4 (dz=0.0100, sub=0/4): pos=(0.721, -0.000, 0.434), ori=(0.490, 0.465, 0.486, 0.554)
[move_group-20] [INFO] [1776988611.302127530] [move_group.moveit.moveit.ros.move_group.cartesian_path_service_capability]: Received request to compute Cartesian path
[move_group-20] [INFO] [1776988611.302248173] [move_group.moveit.moveit.ros.move_group.cartesian_path_service_capability]: Attempting to follow 1 waypoints for link 'end_effector_link' using a step of 0.005000 m and jump threshold 0.000000 (in global reference frame)
[move_group-20] [INFO] [1776988611.303037841] [move_group.moveit.moveit.ros.move_group.cartesian_path_service_capability]: Computed Cartesian path with 3 points (followed 100.000000% of requested trajectory)
[clear_table-13] [INFO] [1776988611.306626562] [clear_table_node]: Cartesian path computed with 100.0% success.
[move_group-20] [INFO] [1776988611.307285118] [move_group.moveit.moveit.ros.move_group.clear_octomap_service]: Execution request received
[move_group-20] [INFO] [1776988611.307333079] [move_group.moveit.moveit.plugins.simple_controller_manager]: Returned 2 controllers in list
[move_group-20] [INFO] [1776988611.307357122] [move_group.moveit.moveit.plugins.simple_controller_manager]: Returned 2 controllers in list
[move_group-20] [INFO] [1776988611.307416038] [move_group.moveit.moveit.ros.trajectory_execution_manager]: Validating trajectory with allowed_start_tolerance 0.01
[move_group-20] [INFO] [1776988611.316516026] [move_group.moveit.moveit.ros.trajectory_execution_manager]: Starting trajectory execution ...
[move_group-20] [INFO] [1776988611.316591803] [move_group.moveit.moveit.plugins.simple_controller_manager]: Returned 2 controllers in list
[move_group-20] [INFO] [1776988611.316634024] [move_group.moveit.moveit.plugins.simple_controller_manager]: Returned 2 controllers in list
[move_group-20] [INFO] [1776988611.316866165] [moveit.simple_controller_manager.follow_joint_trajectory_controller_handle]: sending trajectory to joint_trajectory_controller
[ros2_control_node-1] [INFO] [1776988611.317368793] [joint_trajectory_controller]: Received new action goal
[ros2_control_node-1] [INFO] [1776988611.317443443] [joint_trajectory_controller]: Accepted new action goal
[move_group-20] [INFO] [1776988611.318076517] [moveit.simple_controller_manager.follow_joint_trajectory_controller_handle]: joint_trajectory_controller started execution
[move_group-20] [INFO] [1776988611.318102314] [moveit.simple_controller_manager.follow_joint_trajectory_controller_handle]: Goal request accepted!
[ros2_control_node-1] [INFO] [1776988611.545896763] [joint_trajectory_controller]: Goal reached, success!
[move_group-20] [INFO] [1776988611.618480263] [moveit.simple_controller_manager.follow_joint_trajectory_controller_handle]: Controller 'joint_trajectory_controller' successfully finished
[move_group-20] [INFO] [1776988611.675253844] [move_group.moveit.moveit.ros.trajectory_execution_manager]: Completed trajectory execution with status SUCCEEDED ...
[move_group-20] [INFO] [1776988611.675498718] [move_group.moveit.moveit.ros.move_group.clear_octomap_service]: Execution completed: SUCCEEDED
[clear_table-13] [INFO] [1776988611.780297761] [clear_table_node]: [TV Remote] Stage 6 step 5 (dz=0.0100, sub=0/4): pos=(0.721, -0.000, 0.424), ori=(0.490, 0.465, 0.486, 0.554)
[move_group-20] [INFO] [1776988611.781206373] [move_group.moveit.moveit.ros.move_group.cartesian_path_service_capability]: Received request to compute Cartesian path
[move_group-20] [INFO] [1776988611.781382868] [move_group.moveit.moveit.ros.move_group.cartesian_path_service_capability]: Attempting to follow 1 waypoints for link 'end_effector_link' using a step of 0.005000 m and jump threshold 0.000000 (in global reference frame)
[move_group-20] [INFO] [1776988611.782225020] [move_group.moveit.moveit.ros.move_group.cartesian_path_service_capability]: Computed Cartesian path with 3 points (followed 100.000000% of requested trajectory)
[clear_table-13] [INFO] [1776988611.786109190] [clear_table_node]: Cartesian path computed with 100.0% success.
[move_group-20] [INFO] [1776988611.786883939] [move_group.moveit.moveit.ros.move_group.clear_octomap_service]: Execution request received
[move_group-20] [INFO] [1776988611.786929747] [move_group.moveit.moveit.plugins.simple_controller_manager]: Returned 2 controllers in list
[move_group-20] [INFO] [1776988611.786954845] [move_group.moveit.moveit.plugins.simple_controller_manager]: Returned 2 controllers in list
[move_group-20] [INFO] [1776988611.787043861] [move_group.moveit.moveit.ros.trajectory_execution_manager]: Validating trajectory with allowed_start_tolerance 0.01
[move_group-20] [INFO] [1776988611.795325750] [move_group.moveit.moveit.ros.trajectory_execution_manager]: Starting trajectory execution ...
[move_group-20] [INFO] [1776988611.795398148] [move_group.moveit.moveit.plugins.simple_controller_manager]: Returned 2 controllers in list
[move_group-20] [INFO] [1776988611.795433248] [move_group.moveit.moveit.plugins.simple_controller_manager]: Returned 2 controllers in list
[move_group-20] [INFO] [1776988611.795624219] [moveit.simple_controller_manager.follow_joint_trajectory_controller_handle]: sending trajectory to joint_trajectory_controller
[ros2_control_node-1] [INFO] [1776988611.796194724] [joint_trajectory_controller]: Received new action goal
[ros2_control_node-1] [INFO] [1776988611.796239321] [joint_trajectory_controller]: Accepted new action goal
[move_group-20] [INFO] [1776988611.797189576] [moveit.simple_controller_manager.follow_joint_trajectory_controller_handle]: joint_trajectory_controller started execution
[move_group-20] [INFO] [1776988611.797212432] [moveit.simple_controller_manager.follow_joint_trajectory_controller_handle]: Goal request accepted!
[adl_ui-15] 127.0.0.1 - - [23/Apr/2026 19:56:51] "GET /status_json HTTP/1.1" 200 -
[ros2_control_node-1] [INFO] [1776988612.005025909] [joint_trajectory_controller]: Goal reached, success!
[move_group-20] [INFO] [1776988612.096997927] [moveit.simple_controller_manager.follow_joint_trajectory_controller_handle]: Controller 'joint_trajectory_controller' successfully finished
[move_group-20] [INFO] [1776988612.156525441] [move_group.moveit.moveit.ros.trajectory_execution_manager]: Completed trajectory execution with status SUCCEEDED ...
[move_group-20] [INFO] [1776988612.156740841] [move_group.moveit.moveit.ros.move_group.clear_octomap_service]: Execution completed: SUCCEEDED
[vision_apriltag-9] [INFO] [1776988612.162912245] [vision_apriltag_node]: Vision AprilTag: scene is locked; detection publishing is paused.
[clear_table-13] [INFO] [1776988612.266129674] [clear_table_node]: [TV Remote] Stage 6 step 6 (dz=0.0100, sub=0/4): pos=(0.721, -0.000, 0.414), ori=(0.490, 0.465, 0.486, 0.554)
[move_group-20] [INFO] [1776988612.266804899] [move_group.moveit.moveit.ros.move_group.cartesian_path_service_capability]: Received request to compute Cartesian path
[move_group-20] [INFO] [1776988612.266911040] [move_group.moveit.moveit.ros.move_group.cartesian_path_service_capability]: Attempting to follow 1 waypoints for link 'end_effector_link' using a step of 0.005000 m and jump threshold 0.000000 (in global reference frame)
[move_group-20] [INFO] [1776988612.267739450] [move_group.moveit.moveit.ros.move_group.cartesian_path_service_capability]: Computed Cartesian path with 3 points (followed 100.000000% of requested trajectory)
[clear_table-13] [INFO] [1776988612.270594067] [clear_table_node]: Cartesian path computed with 100.0% success.
[move_group-20] [INFO] [1776988612.271235145] [move_group.moveit.moveit.ros.move_group.clear_octomap_service]: Execution request received
[move_group-20] [INFO] [1776988612.271285497] [move_group.moveit.moveit.plugins.simple_controller_manager]: Returned 2 controllers in list
[move_group-20] [INFO] [1776988612.271325089] [move_group.moveit.moveit.plugins.simple_controller_manager]: Returned 2 controllers in list
[move_group-20] [INFO] [1776988612.271394688] [move_group.moveit.moveit.ros.trajectory_execution_manager]: Validating trajectory with allowed_start_tolerance 0.01
[move_group-20] [INFO] [1776988612.275217935] [move_group.moveit.moveit.ros.trajectory_execution_manager]: Starting trajectory execution ...
[move_group-20] [INFO] [1776988612.275291743] [move_group.moveit.moveit.plugins.simple_controller_manager]: Returned 2 controllers in list
[move_group-20] [INFO] [1776988612.275331924] [move_group.moveit.moveit.plugins.simple_controller_manager]: Returned 2 controllers in list
[move_group-20] [INFO] [1776988612.275496756] [moveit.simple_controller_manager.follow_joint_trajectory_controller_handle]: sending trajectory to joint_trajectory_controller
[ros2_control_node-1] [INFO] [1776988612.276753068] [joint_trajectory_controller]: Received new action goal
[ros2_control_node-1] [INFO] [1776988612.276808797] [joint_trajectory_controller]: Accepted new action goal
[move_group-20] [INFO] [1776988612.276982393] [moveit.simple_controller_manager.follow_joint_trajectory_controller_handle]: joint_trajectory_controller started execution
[move_group-20] [INFO] [1776988612.276999475] [moveit.simple_controller_manager.follow_joint_trajectory_controller_handle]: Goal request accepted!
[ros2_control_node-1] [WARN] [1776988612.282058990] [controller_manager]: Overrun might occur, Total time : 3119.028 us (Expected < 1000.000 us) --> Read time : 78.899 us, Update time : 347.258 us, Write time : 2692.871 us
[ros2_control_node-1] [WARN] [1776988612.282186071] [controller_manager]: Overrun detected! The controller manager missed its desired rate of 1000 Hz. The loop took 3.329337 ms (missed cycles : 4).
[ros2_control_node-1] [INFO] [1776988612.485041152] [joint_trajectory_controller]: Goal reached, success!
[move_group-20] [INFO] [1776988612.577516936] [moveit.simple_controller_manager.follow_joint_trajectory_controller_handle]: Controller 'joint_trajectory_controller' successfully finished
[move_group-20] [INFO] [1776988612.635255712] [move_group.moveit.moveit.ros.trajectory_execution_manager]: Completed trajectory execution with status SUCCEEDED ...
[move_group-20] [INFO] [1776988612.635385377] [move_group.moveit.moveit.ros.move_group.clear_octomap_service]: Execution completed: SUCCEEDED
[adl_ui-15] 127.0.0.1 - - [23/Apr/2026 19:56:52] "GET /status_json HTTP/1.1" 200 -
[clear_table-13] [INFO] [1776988612.740362885] [clear_table_node]: [TV Remote] Stage 6 step 7 (dz=0.0100, sub=0/4): pos=(0.721, -0.000, 0.404), ori=(0.490, 0.465, 0.486, 0.554)
[move_group-20] [INFO] [1776988612.743825541] [move_group.moveit.moveit.ros.move_group.cartesian_path_service_capability]: Received request to compute Cartesian path
[move_group-20] [INFO] [1776988612.745127754] [move_group.moveit.moveit.ros.move_group.cartesian_path_service_capability]: Attempting to follow 1 waypoints for link 'end_effector_link' using a step of 0.005000 m and jump threshold 0.000000 (in global reference frame)
[move_group-20] [INFO] [1776988612.745776373] [move_group.moveit.moveit.ros.move_group.cartesian_path_service_capability]: Computed Cartesian path with 3 points (followed 100.000000% of requested trajectory)
[clear_table-13] [INFO] [1776988612.754656914] [clear_table_node]: Cartesian path computed with 100.0% success.
[move_group-20] [INFO] [1776988612.755379654] [move_group.moveit.moveit.ros.move_group.clear_octomap_service]: Execution request received
[move_group-20] [INFO] [1776988612.755420772] [move_group.moveit.moveit.plugins.simple_controller_manager]: Returned 2 controllers in list
[move_group-20] [INFO] [1776988612.755458322] [move_group.moveit.moveit.plugins.simple_controller_manager]: Returned 2 controllers in list
[move_group-20] [INFO] [1776988612.755510167] [move_group.moveit.moveit.ros.trajectory_execution_manager]: Validating trajectory with allowed_start_tolerance 0.01
[move_group-20] [INFO] [1776988612.759284782] [move_group.moveit.moveit.ros.trajectory_execution_manager]: Starting trajectory execution ...
[move_group-20] [INFO] [1776988612.759368728] [move_group.moveit.moveit.plugins.simple_controller_manager]: Returned 2 controllers in list
[move_group-20] [INFO] [1776988612.759403845] [move_group.moveit.moveit.plugins.simple_controller_manager]: Returned 2 controllers in list
[move_group-20] [INFO] [1776988612.759578403] [moveit.simple_controller_manager.follow_joint_trajectory_controller_handle]: sending trajectory to joint_trajectory_controller
[ros2_control_node-1] [INFO] [1776988612.760678101] [joint_trajectory_controller]: Received new action goal
[ros2_control_node-1] [INFO] [1776988612.760733273] [joint_trajectory_controller]: Accepted new action goal
[move_group-20] [INFO] [1776988612.760998424] [moveit.simple_controller_manager.follow_joint_trajectory_controller_handle]: joint_trajectory_controller started execution
[move_group-20] [INFO] [1776988612.761012670] [moveit.simple_controller_manager.follow_joint_trajectory_controller_handle]: Goal request accepted!
[ros2_control_node-1] [INFO] [1776988612.969031760] [joint_trajectory_controller]: Goal reached, success!
[move_group-20] [INFO] [1776988613.061881329] [moveit.simple_controller_manager.follow_joint_trajectory_controller_handle]: Controller 'joint_trajectory_controller' successfully finished
[move_group-20] [INFO] [1776988613.115468866] [move_group.moveit.moveit.ros.trajectory_execution_manager]: Completed trajectory execution with status SUCCEEDED ...
[move_group-20] [INFO] [1776988613.116159106] [move_group.moveit.moveit.ros.move_group.clear_octomap_service]: Execution completed: SUCCEEDED
[clear_table-13] [INFO] [1776988613.222814435] [clear_table_node]: [TV Remote] Stage 6 step 8 (dz=0.0100, sub=0/4): pos=(0.721, -0.000, 0.394), ori=(0.490, 0.465, 0.486, 0.554)
[move_group-20] [INFO] [1776988613.223499751] [move_group.moveit.moveit.ros.move_group.cartesian_path_service_capability]: Received request to compute Cartesian path
[move_group-20] [INFO] [1776988613.223615489] [move_group.moveit.moveit.ros.move_group.cartesian_path_service_capability]: Attempting to follow 1 waypoints for link 'end_effector_link' using a step of 0.005000 m and jump threshold 0.000000 (in global reference frame)
[move_group-20] [INFO] [1776988613.224342557] [move_group.moveit.moveit.ros.move_group.cartesian_path_service_capability]: Computed Cartesian path with 3 points (followed 100.000000% of requested trajectory)
[clear_table-13] [INFO] [1776988613.228119685] [clear_table_node]: Cartesian path computed with 100.0% success.
[move_group-20] [INFO] [1776988613.228838515] [move_group.moveit.moveit.ros.move_group.clear_octomap_service]: Execution request received
[move_group-20] [INFO] [1776988613.228982636] [move_group.moveit.moveit.plugins.simple_controller_manager]: Returned 2 controllers in list
[move_group-20] [INFO] [1776988613.229009212] [move_group.moveit.moveit.plugins.simple_controller_manager]: Returned 2 controllers in list
[move_group-20] [INFO] [1776988613.229104277] [move_group.moveit.moveit.ros.trajectory_execution_manager]: Validating trajectory with allowed_start_tolerance 0.01
[move_group-20] [INFO] [1776988613.235752660] [move_group.moveit.moveit.ros.trajectory_execution_manager]: Starting trajectory execution ...
[move_group-20] [INFO] [1776988613.235848712] [move_group.moveit.moveit.plugins.simple_controller_manager]: Returned 2 controllers in list
[move_group-20] [INFO] [1776988613.235885602] [move_group.moveit.moveit.plugins.simple_controller_manager]: Returned 2 controllers in list
[move_group-20] [INFO] [1776988613.236115491] [moveit.simple_controller_manager.follow_joint_trajectory_controller_handle]: sending trajectory to joint_trajectory_controller
[ros2_control_node-1] [INFO] [1776988613.236483763] [joint_trajectory_controller]: Received new action goal
[ros2_control_node-1] [INFO] [1776988613.236535215] [joint_trajectory_controller]: Accepted new action goal
[move_group-20] [INFO] [1776988613.237109783] [moveit.simple_controller_manager.follow_joint_trajectory_controller_handle]: joint_trajectory_controller started execution
[move_group-20] [INFO] [1776988613.237126474] [moveit.simple_controller_manager.follow_joint_trajectory_controller_handle]: Goal request accepted!
[ros2_control_node-1] [WARN] [1776988613.284659426] [controller_manager]: Overrun might occur, Total time : 3783.779 us (Expected < 1000.000 us) --> Read time : 31.434 us, Update time : 228.613 us, Write time : 3523.732 us
[ros2_control_node-1] [WARN] [1776988613.284726931] [controller_manager]: Overrun detected! The controller manager missed its desired rate of 1000 Hz. The loop took 3.870195 ms (missed cycles : 4).
[adl_ui-15] 127.0.0.1 - - [23/Apr/2026 19:56:53] "GET /status_json HTTP/1.1" 200 -
[ros2_control_node-1] [INFO] [1776988613.444032710] [joint_trajectory_controller]: Goal reached, success!
[move_group-20] [INFO] [1776988613.537665355] [moveit.simple_controller_manager.follow_joint_trajectory_controller_handle]: Controller 'joint_trajectory_controller' successfully finished
[wrist_camera_usb_publisher-8] [INFO] [1776988613.538362371] [wrist_camera_usb_publisher_node]: USB camera publisher heartbeat: publishing 1280x720 frames on /wrist_mounted_camera/image; camera_info fx=920.87, fy=921.57, cx=644.76, cy=343.15.
[move_group-20] [INFO] [1776988613.595229319] [move_group.moveit.moveit.ros.trajectory_execution_manager]: Completed trajectory execution with status SUCCEEDED ...
[move_group-20] [INFO] [1776988613.595383564] [move_group.moveit.moveit.ros.move_group.clear_octomap_service]: Execution completed: SUCCEEDED
[clear_table-13] [INFO] [1776988613.700421037] [clear_table_node]: [TV Remote] Stage 6 step 9 (dz=0.0100, sub=0/4): pos=(0.721, -0.000, 0.384), ori=(0.490, 0.465, 0.486, 0.554)
[move_group-20] [INFO] [1776988613.701467510] [move_group.moveit.moveit.ros.move_group.cartesian_path_service_capability]: Received request to compute Cartesian path
[move_group-20] [INFO] [1776988613.701665890] [move_group.moveit.moveit.ros.move_group.cartesian_path_service_capability]: Attempting to follow 1 waypoints for link 'end_effector_link' using a step of 0.005000 m and jump threshold 0.000000 (in global reference frame)
[move_group-20] [INFO] [1776988613.702545735] [move_group.moveit.moveit.ros.move_group.cartesian_path_service_capability]: Computed Cartesian path with 3 points (followed 100.000000% of requested trajectory)
[clear_table-13] [INFO] [1776988613.707717510] [clear_table_node]: Cartesian path computed with 100.0% success.
[move_group-20] [INFO] [1776988613.708401756] [move_group.moveit.moveit.ros.move_group.clear_octomap_service]: Execution request received
[move_group-20] [INFO] [1776988613.708467807] [move_group.moveit.moveit.plugins.simple_controller_manager]: Returned 2 controllers in list
[move_group-20] [INFO] [1776988613.708498163] [move_group.moveit.moveit.plugins.simple_controller_manager]: Returned 2 controllers in list
[move_group-20] [INFO] [1776988613.708551798] [move_group.moveit.moveit.ros.trajectory_execution_manager]: Validating trajectory with allowed_start_tolerance 0.01
[move_group-20] [INFO] [1776988613.715463749] [move_group.moveit.moveit.ros.trajectory_execution_manager]: Starting trajectory execution ...
[move_group-20] [INFO] [1776988613.715535583] [move_group.moveit.moveit.plugins.simple_controller_manager]: Returned 2 controllers in list
[move_group-20] [INFO] [1776988613.715575499] [move_group.moveit.moveit.plugins.simple_controller_manager]: Returned 2 controllers in list
[move_group-20] [INFO] [1776988613.715760407] [moveit.simple_controller_manager.follow_joint_trajectory_controller_handle]: sending trajectory to joint_trajectory_controller
[ros2_control_node-1] [INFO] [1776988613.716182075] [joint_trajectory_controller]: Received new action goal
[ros2_control_node-1] [INFO] [1776988613.716231412] [joint_trajectory_controller]: Accepted new action goal
[move_group-20] [INFO] [1776988613.718642638] [moveit.simple_controller_manager.follow_joint_trajectory_controller_handle]: joint_trajectory_controller started execution
[move_group-20] [INFO] [1776988613.719765451] [moveit.simple_controller_manager.follow_joint_trajectory_controller_handle]: Goal request accepted!
[ros2_control_node-1] [INFO] [1776988613.920003573] [joint_trajectory_controller]: Goal reached, success!
[move_group-20] [INFO] [1776988614.016974898] [moveit.simple_controller_manager.follow_joint_trajectory_controller_handle]: Controller 'joint_trajectory_controller' successfully finished
[move_group-20] [INFO] [1776988614.079438480] [move_group.moveit.moveit.ros.trajectory_execution_manager]: Completed trajectory execution with status SUCCEEDED ...
[move_group-20] [INFO] [1776988614.081365266] [move_group.moveit.moveit.ros.move_group.clear_octomap_service]: Execution completed: SUCCEEDED
[adl_ui-15] 127.0.0.1 - - [23/Apr/2026 19:56:54] "GET /status_json HTTP/1.1" 200 -
[vision_apriltag-9] [INFO] [1776988614.163782596] [vision_apriltag_node]: Vision AprilTag: scene is locked; detection publishing is paused.
[clear_table-13] [INFO] [1776988614.189822029] [clear_table_node]: [TV Remote] Stage 6 step 10 (dz=0.0100, sub=0/4): pos=(0.721, -0.000, 0.374), ori=(0.490, 0.465, 0.486, 0.554)
[move_group-20] [INFO] [1776988614.190440194] [move_group.moveit.moveit.ros.move_group.cartesian_path_service_capability]: Received request to compute Cartesian path
[move_group-20] [INFO] [1776988614.190603779] [move_group.moveit.moveit.ros.move_group.cartesian_path_service_capability]: Attempting to follow 1 waypoints for link 'end_effector_link' using a step of 0.005000 m and jump threshold 0.000000 (in global reference frame)
[move_group-20] [INFO] [1776988614.191277959] [move_group.moveit.moveit.ros.move_group.cartesian_path_service_capability]: Computed Cartesian path with 3 points (followed 100.000000% of requested trajectory)
[clear_table-13] [INFO] [1776988614.194329955] [clear_table_node]: Cartesian path computed with 100.0% success.
[move_group-20] [INFO] [1776988614.195046531] [move_group.moveit.moveit.ros.move_group.clear_octomap_service]: Execution request received
[move_group-20] [INFO] [1776988614.195088427] [move_group.moveit.moveit.plugins.simple_controller_manager]: Returned 2 controllers in list
[move_group-20] [INFO] [1776988614.195111924] [move_group.moveit.moveit.plugins.simple_controller_manager]: Returned 2 controllers in list
[move_group-20] [INFO] [1776988614.195173368] [move_group.moveit.moveit.ros.trajectory_execution_manager]: Validating trajectory with allowed_start_tolerance 0.01
[move_group-20] [INFO] [1776988614.215217510] [move_group.moveit.moveit.ros.trajectory_execution_manager]: Starting trajectory execution ...
[move_group-20] [INFO] [1776988614.215296269] [move_group.moveit.moveit.plugins.simple_controller_manager]: Returned 2 controllers in list
[move_group-20] [INFO] [1776988614.215334594] [move_group.moveit.moveit.plugins.simple_controller_manager]: Returned 2 controllers in list
[move_group-20] [INFO] [1776988614.215537581] [moveit.simple_controller_manager.follow_joint_trajectory_controller_handle]: sending trajectory to joint_trajectory_controller
[ros2_control_node-1] [INFO] [1776988614.216049271] [joint_trajectory_controller]: Received new action goal
[ros2_control_node-1] [INFO] [1776988614.216096513] [joint_trajectory_controller]: Accepted new action goal
[move_group-20] [INFO] [1776988614.217536301] [moveit.simple_controller_manager.follow_joint_trajectory_controller_handle]: joint_trajectory_controller started execution
[move_group-20] [INFO] [1776988614.217564928] [moveit.simple_controller_manager.follow_joint_trajectory_controller_handle]: Goal request accepted!
[ros2_control_node-1] [WARN] [1776988614.286627799] [controller_manager]: Overrun might occur, Total time : 2748.068 us (Expected < 1000.000 us) --> Read time : 37.330 us, Update time : 315.093 us, Write time : 2395.645 us
[ros2_control_node-1] [WARN] [1776988614.286683040] [controller_manager]: Overrun detected! The controller manager missed its desired rate of 1000 Hz. The loop took 2.827181 ms (missed cycles : 3).
[ros2_control_node-1] [INFO] [1776988614.418110244] [joint_trajectory_controller]: Goal reached, success!
[move_group-20] [INFO] [1776988614.517437199] [moveit.simple_controller_manager.follow_joint_trajectory_controller_handle]: Controller 'joint_trajectory_controller' successfully finished
[move_group-20] [INFO] [1776988614.575045947] [move_group.moveit.moveit.ros.trajectory_execution_manager]: Completed trajectory execution with status SUCCEEDED ...
[move_group-20] [INFO] [1776988614.575614034] [move_group.moveit.moveit.ros.move_group.clear_octomap_service]: Execution completed: SUCCEEDED
[clear_table-13] [INFO] [1776988614.687901143] [clear_table_node]: [TV Remote] Stage 6 step 11 (dz=0.0100, sub=0/4): pos=(0.721, -0.000, 0.364), ori=(0.490, 0.465, 0.486, 0.554)
[move_group-20] [INFO] [1776988614.688564029] [move_group.moveit.moveit.ros.move_group.cartesian_path_service_capability]: Received request to compute Cartesian path
[move_group-20] [INFO] [1776988614.689331660] [move_group.moveit.moveit.ros.move_group.cartesian_path_service_capability]: Attempting to follow 1 waypoints for link 'end_effector_link' using a step of 0.005000 m and jump threshold 0.000000 (in global reference frame)
[move_group-20] [INFO] [1776988614.690043211] [move_group.moveit.moveit.ros.move_group.cartesian_path_service_capability]: Computed Cartesian path with 3 points (followed 100.000000% of requested trajectory)
[clear_table-13] [INFO] [1776988614.693540284] [clear_table_node]: Cartesian path computed with 100.0% success.
[move_group-20] [INFO] [1776988614.694324328] [move_group.moveit.moveit.ros.move_group.clear_octomap_service]: Execution request received
[move_group-20] [INFO] [1776988614.694368177] [move_group.moveit.moveit.plugins.simple_controller_manager]: Returned 2 controllers in list
[move_group-20] [INFO] [1776988614.694387060] [move_group.moveit.moveit.plugins.simple_controller_manager]: Returned 2 controllers in list
[move_group-20] [INFO] [1776988614.694458623] [move_group.moveit.moveit.ros.trajectory_execution_manager]: Validating trajectory with allowed_start_tolerance 0.01
[move_group-20] [INFO] [1776988614.695570710] [move_group.moveit.moveit.ros.trajectory_execution_manager]: Starting trajectory execution ...
[move_group-20] [INFO] [1776988614.695633272] [move_group.moveit.moveit.plugins.simple_controller_manager]: Returned 2 controllers in list
[move_group-20] [INFO] [1776988614.695667555] [move_group.moveit.moveit.plugins.simple_controller_manager]: Returned 2 controllers in list
[move_group-20] [INFO] [1776988614.695850125] [moveit.simple_controller_manager.follow_joint_trajectory_controller_handle]: sending trajectory to joint_trajectory_controller
[ros2_control_node-1] [INFO] [1776988614.696590188] [joint_trajectory_controller]: Received new action goal
[ros2_control_node-1] [INFO] [1776988614.696643900] [joint_trajectory_controller]: Accepted new action goal
[move_group-20] [INFO] [1776988614.696844262] [moveit.simple_controller_manager.follow_joint_trajectory_controller_handle]: joint_trajectory_controller started execution
[move_group-20] [INFO] [1776988614.696858944] [moveit.simple_controller_manager.follow_joint_trajectory_controller_handle]: Goal request accepted!
[ros2_control_node-1] [INFO] [1776988614.896016908] [joint_trajectory_controller]: Goal reached, success!
[move_group-20] [INFO] [1776988614.897395357] [moveit.simple_controller_manager.follow_joint_trajectory_controller_handle]: Controller 'joint_trajectory_controller' successfully finished
[adl_ui-15] 127.0.0.1 - - [23/Apr/2026 19:56:54] "GET /status_json HTTP/1.1" 200 -
[move_group-20] [INFO] [1776988614.955824334] [move_group.moveit.moveit.ros.trajectory_execution_manager]: Completed trajectory execution with status SUCCEEDED ...
[move_group-20] [INFO] [1776988614.955928551] [move_group.moveit.moveit.ros.move_group.clear_octomap_service]: Execution completed: SUCCEEDED
[clear_table-13] [INFO] [1776988615.059899887] [clear_table_node]: [TV Remote] Stage 6 step 12 (dz=0.0100, sub=0/4): pos=(0.721, -0.000, 0.354), ori=(0.490, 0.465, 0.486, 0.554)
[move_group-20] [INFO] [1776988615.060475224] [move_group.moveit.moveit.ros.move_group.cartesian_path_service_capability]: Received request to compute Cartesian path
[move_group-20] [INFO] [1776988615.060596430] [move_group.moveit.moveit.ros.move_group.cartesian_path_service_capability]: Attempting to follow 1 waypoints for link 'end_effector_link' using a step of 0.005000 m and jump threshold 0.000000 (in global reference frame)
[move_group-20] [INFO] [1776988615.061311476] [move_group.moveit.moveit.ros.move_group.cartesian_path_service_capability]: Computed Cartesian path with 3 points (followed 100.000000% of requested trajectory)
[clear_table-13] [INFO] [1776988615.065425704] [clear_table_node]: Cartesian path computed with 100.0% success.
[move_group-20] [INFO] [1776988615.066343286] [move_group.moveit.moveit.ros.move_group.clear_octomap_service]: Execution request received
[move_group-20] [INFO] [1776988615.066424321] [move_group.moveit.moveit.plugins.simple_controller_manager]: Returned 2 controllers in list
[move_group-20] [INFO] [1776988615.066454418] [move_group.moveit.moveit.plugins.simple_controller_manager]: Returned 2 controllers in list
[move_group-20] [INFO] [1776988615.066527257] [move_group.moveit.moveit.ros.trajectory_execution_manager]: Validating trajectory with allowed_start_tolerance 0.01
[move_group-20] [INFO] [1776988615.075222275] [move_group.moveit.moveit.ros.trajectory_execution_manager]: Starting trajectory execution ...
[move_group-20] [INFO] [1776988615.075298844] [move_group.moveit.moveit.plugins.simple_controller_manager]: Returned 2 controllers in list
[move_group-20] [INFO] [1776988615.075336407] [move_group.moveit.moveit.plugins.simple_controller_manager]: Returned 2 controllers in list
[move_group-20] [INFO] [1776988615.075522765] [moveit.simple_controller_manager.follow_joint_trajectory_controller_handle]: sending trajectory to joint_trajectory_controller
[ros2_control_node-1] [INFO] [1776988615.075874178] [joint_trajectory_controller]: Received new action goal
[ros2_control_node-1] [INFO] [1776988615.075948157] [joint_trajectory_controller]: Accepted new action goal
[move_group-20] [INFO] [1776988615.076749759] [moveit.simple_controller_manager.follow_joint_trajectory_controller_handle]: joint_trajectory_controller started execution
[move_group-20] [INFO] [1776988615.077315839] [moveit.simple_controller_manager.follow_joint_trajectory_controller_handle]: Goal request accepted!
[ros2_control_node-1] [INFO] [1776988615.272051429] [joint_trajectory_controller]: Goal reached, success!
[move_group-20] [INFO] [1776988615.276697510] [moveit.simple_controller_manager.follow_joint_trajectory_controller_handle]: Controller 'joint_trajectory_controller' successfully finished
[ros2_control_node-1] [WARN] [1776988615.289837961] [controller_manager]: Overrun might occur, Total time : 2920.942 us (Expected < 1000.000 us) --> Read time : 139.906 us, Update time : 424.027 us, Write time : 2357.009 us
[ros2_control_node-1] [WARN] [1776988615.289903082] [controller_manager]: Overrun detected! The controller manager missed its desired rate of 1000 Hz. The loop took 3.046660 ms (missed cycles : 4).
[move_group-20] [INFO] [1776988615.336384345] [move_group.moveit.moveit.ros.trajectory_execution_manager]: Completed trajectory execution with status SUCCEEDED ...
[move_group-20] [INFO] [1776988615.337736846] [move_group.moveit.moveit.ros.move_group.clear_octomap_service]: Execution completed: SUCCEEDED
[clear_table-13] [INFO] [1776988615.442201246] [clear_table_node]: [TV Remote] Stage 6 step 13 (dz=0.0100, sub=0/4): pos=(0.721, -0.000, 0.344), ori=(0.490, 0.465, 0.486, 0.554)
[move_group-20] [INFO] [1776988615.443009505] [move_group.moveit.moveit.ros.move_group.cartesian_path_service_capability]: Received request to compute Cartesian path
[move_group-20] [INFO] [1776988615.443150502] [move_group.moveit.moveit.ros.move_group.cartesian_path_service_capability]: Attempting to follow 1 waypoints for link 'end_effector_link' using a step of 0.005000 m and jump threshold 0.000000 (in global reference frame)
[move_group-20] [INFO] [1776988615.443855672] [move_group.moveit.moveit.ros.move_group.cartesian_path_service_capability]: Computed Cartesian path with 3 points (followed 100.000000% of requested trajectory)
[clear_table-13] [INFO] [1776988615.447615668] [clear_table_node]: Cartesian path computed with 100.0% success.
[move_group-20] [INFO] [1776988615.448368460] [move_group.moveit.moveit.ros.move_group.clear_octomap_service]: Execution request received
[move_group-20] [INFO] [1776988615.448417807] [move_group.moveit.moveit.plugins.simple_controller_manager]: Returned 2 controllers in list
[move_group-20] [INFO] [1776988615.448446681] [move_group.moveit.moveit.plugins.simple_controller_manager]: Returned 2 controllers in list
[move_group-20] [INFO] [1776988615.448503561] [move_group.moveit.moveit.ros.trajectory_execution_manager]: Validating trajectory with allowed_start_tolerance 0.01
[move_group-20] [INFO] [1776988615.455684364] [move_group.moveit.moveit.ros.trajectory_execution_manager]: Starting trajectory execution ...
[move_group-20] [INFO] [1776988615.455761785] [move_group.moveit.moveit.plugins.simple_controller_manager]: Returned 2 controllers in list
[move_group-20] [INFO] [1776988615.455832409] [move_group.moveit.moveit.plugins.simple_controller_manager]: Returned 2 controllers in list
[move_group-20] [INFO] [1776988615.456015642] [moveit.simple_controller_manager.follow_joint_trajectory_controller_handle]: sending trajectory to joint_trajectory_controller
[ros2_control_node-1] [INFO] [1776988615.456389188] [joint_trajectory_controller]: Received new action goal
[ros2_control_node-1] [INFO] [1776988615.456445181] [joint_trajectory_controller]: Accepted new action goal
[move_group-20] [INFO] [1776988615.457131165] [moveit.simple_controller_manager.follow_joint_trajectory_controller_handle]: joint_trajectory_controller started execution
[move_group-20] [INFO] [1776988615.457145170] [moveit.simple_controller_manager.follow_joint_trajectory_controller_handle]: Goal request accepted!
[adl_ui-15] 127.0.0.1 - - [23/Apr/2026 19:56:55] "GET /status_json HTTP/1.1" 200 -
[ros2_control_node-1] [INFO] [1776988615.652060804] [joint_trajectory_controller]: Goal reached, success!
[move_group-20] [INFO] [1776988615.657134636] [moveit.simple_controller_manager.follow_joint_trajectory_controller_handle]: Controller 'joint_trajectory_controller' successfully finished
[move_group-20] [INFO] [1776988615.715128080] [move_group.moveit.moveit.ros.trajectory_execution_manager]: Completed trajectory execution with status SUCCEEDED ...
[move_group-20] [INFO] [1776988615.715830179] [move_group.moveit.moveit.ros.move_group.clear_octomap_service]: Execution completed: SUCCEEDED
[clear_table-13] [INFO] [1776988615.821528735] [clear_table_node]: [TV Remote] Stage 6 step 14 (dz=0.0100, sub=0/4): pos=(0.721, -0.000, 0.334), ori=(0.490, 0.465, 0.486, 0.554)
[move_group-20] [INFO] [1776988615.823205990] [move_group.moveit.moveit.ros.move_group.cartesian_path_service_capability]: Received request to compute Cartesian path
[move_group-20] [INFO] [1776988615.823339569] [move_group.moveit.moveit.ros.move_group.cartesian_path_service_capability]: Attempting to follow 1 waypoints for link 'end_effector_link' using a step of 0.005000 m and jump threshold 0.000000 (in global reference frame)
[move_group-20] [INFO] [1776988615.823968789] [move_group.moveit.moveit.ros.move_group.cartesian_path_service_capability]: Computed Cartesian path with 3 points (followed 100.000000% of requested trajectory)
[clear_table-13] [INFO] [1776988615.833870718] [clear_table_node]: Cartesian path computed with 100.0% success.
[move_group-20] [INFO] [1776988615.836470558] [move_group.moveit.moveit.ros.move_group.clear_octomap_service]: Execution request received
[move_group-20] [INFO] [1776988615.836531001] [move_group.moveit.moveit.plugins.simple_controller_manager]: Returned 2 controllers in list
[move_group-20] [INFO] [1776988615.836557725] [move_group.moveit.moveit.plugins.simple_controller_manager]: Returned 2 controllers in list
[move_group-20] [INFO] [1776988615.836617946] [move_group.moveit.moveit.ros.trajectory_execution_manager]: Validating trajectory with allowed_start_tolerance 0.01
[move_group-20] [INFO] [1776988615.855162441] [move_group.moveit.moveit.ros.trajectory_execution_manager]: Starting trajectory execution ...
[move_group-20] [INFO] [1776988615.855236299] [move_group.moveit.moveit.plugins.simple_controller_manager]: Returned 2 controllers in list
[move_group-20] [INFO] [1776988615.855282885] [move_group.moveit.moveit.plugins.simple_controller_manager]: Returned 2 controllers in list
[move_group-20] [INFO] [1776988615.855490461] [moveit.simple_controller_manager.follow_joint_trajectory_controller_handle]: sending trajectory to joint_trajectory_controller
[ros2_control_node-1] [INFO] [1776988615.855843476] [joint_trajectory_controller]: Received new action goal
[ros2_control_node-1] [INFO] [1776988615.855892633] [joint_trajectory_controller]: Accepted new action goal
[move_group-20] [INFO] [1776988615.856314996] [moveit.simple_controller_manager.follow_joint_trajectory_controller_handle]: joint_trajectory_controller started execution
[move_group-20] [INFO] [1776988615.856335020] [moveit.simple_controller_manager.follow_joint_trajectory_controller_handle]: Goal request accepted!
[ros2_control_node-1] [INFO] [1776988616.052018152] [joint_trajectory_controller]: Goal reached, success!
[move_group-20] [INFO] [1776988616.057318778] [moveit.simple_controller_manager.follow_joint_trajectory_controller_handle]: Controller 'joint_trajectory_controller' successfully finished
[move_group-20] [INFO] [1776988616.115455296] [move_group.moveit.moveit.ros.trajectory_execution_manager]: Completed trajectory execution with status SUCCEEDED ...
[move_group-20] [INFO] [1776988616.115620466] [move_group.moveit.moveit.ros.move_group.clear_octomap_service]: Execution completed: SUCCEEDED
[vision_apriltag-9] [INFO] [1776988616.163576040] [vision_apriltag_node]: Vision AprilTag: scene is locked; detection publishing is paused.
[clear_table-13] [INFO] [1776988616.224159475] [clear_table_node]: [TV Remote] Stage 6 step 15 (dz=0.0100, sub=0/4): pos=(0.721, -0.000, 0.324), ori=(0.490, 0.465, 0.486, 0.554)
[move_group-20] [INFO] [1776988616.228659820] [move_group.moveit.moveit.ros.move_group.cartesian_path_service_capability]: Received request to compute Cartesian path
[move_group-20] [INFO] [1776988616.228810917] [move_group.moveit.moveit.ros.move_group.cartesian_path_service_capability]: Attempting to follow 1 waypoints for link 'end_effector_link' using a step of 0.005000 m and jump threshold 0.000000 (in global reference frame)
[move_group-20] [INFO] [1776988616.229569136] [move_group.moveit.moveit.ros.move_group.cartesian_path_service_capability]: Computed Cartesian path with 3 points (followed 100.000000% of requested trajectory)
[clear_table-13] [INFO] [1776988616.251287724] [clear_table_node]: Cartesian path computed with 100.0% success.
[move_group-20] [INFO] [1776988616.253838885] [move_group.moveit.moveit.ros.move_group.clear_octomap_service]: Execution request received
[move_group-20] [INFO] [1776988616.253934058] [move_group.moveit.moveit.plugins.simple_controller_manager]: Returned 2 controllers in list
[move_group-20] [INFO] [1776988616.253964645] [move_group.moveit.moveit.plugins.simple_controller_manager]: Returned 2 controllers in list
[move_group-20] [INFO] [1776988616.254034110] [move_group.moveit.moveit.ros.trajectory_execution_manager]: Validating trajectory with allowed_start_tolerance 0.01
[move_group-20] [INFO] [1776988616.255661807] [move_group.moveit.moveit.ros.trajectory_execution_manager]: Starting trajectory execution ...
[move_group-20] [INFO] [1776988616.255747124] [move_group.moveit.moveit.plugins.simple_controller_manager]: Returned 2 controllers in list
[move_group-20] [INFO] [1776988616.255804247] [move_group.moveit.moveit.plugins.simple_controller_manager]: Returned 2 controllers in list
[move_group-20] [INFO] [1776988616.255997504] [moveit.simple_controller_manager.follow_joint_trajectory_controller_handle]: sending trajectory to joint_trajectory_controller
[ros2_control_node-1] [INFO] [1776988616.258350094] [joint_trajectory_controller]: Received new action goal
[ros2_control_node-1] [INFO] [1776988616.258397784] [joint_trajectory_controller]: Accepted new action goal
[move_group-20] [INFO] [1776988616.258624839] [moveit.simple_controller_manager.follow_joint_trajectory_controller_handle]: joint_trajectory_controller started execution
[move_group-20] [INFO] [1776988616.258641393] [moveit.simple_controller_manager.follow_joint_trajectory_controller_handle]: Goal request accepted!
[ros2_control_node-1] [WARN] [1776988616.292404718] [controller_manager]: Overrun might occur, Total time : 3515.200 us (Expected < 1000.000 us) --> Read time : 43.215 us, Update time : 310.280 us, Write time : 3161.705 us
[ros2_control_node-1] [WARN] [1776988616.292486007] [controller_manager]: Overrun detected! The controller manager missed its desired rate of 1000 Hz. The loop took 3.628940 ms (missed cycles : 4).
[adl_ui-15] 127.0.0.1 - - [23/Apr/2026 19:56:56] "GET /status_json HTTP/1.1" 200 -
[ros2_control_node-1] [INFO] [1776988616.450037467] [joint_trajectory_controller]: Goal reached, success!
[move_group-20] [INFO] [1776988616.462835730] [moveit.simple_controller_manager.follow_joint_trajectory_controller_handle]: Controller 'joint_trajectory_controller' successfully finished
[move_group-20] [INFO] [1776988616.517377896] [move_group.moveit.moveit.ros.trajectory_execution_manager]: Completed trajectory execution with status SUCCEEDED ...
[move_group-20] [INFO] [1776988616.518626882] [move_group.moveit.moveit.ros.move_group.clear_octomap_service]: Execution completed: SUCCEEDED
[clear_table-13] [INFO] [1776988616.628484468] [clear_table_node]: [TV Remote] Stage 6 step 16 (dz=0.0100, sub=0/4): pos=(0.721, -0.000, 0.314), ori=(0.490, 0.465, 0.486, 0.554)
[move_group-20] [INFO] [1776988616.629137116] [move_group.moveit.moveit.ros.move_group.cartesian_path_service_capability]: Received request to compute Cartesian path
[move_group-20] [INFO] [1776988616.629317902] [move_group.moveit.moveit.ros.move_group.cartesian_path_service_capability]: Attempting to follow 1 waypoints for link 'end_effector_link' using a step of 0.005000 m and jump threshold 0.000000 (in global reference frame)
[move_group-20] [INFO] [1776988616.630150666] [move_group.moveit.moveit.ros.move_group.cartesian_path_service_capability]: Computed Cartesian path with 3 points (followed 100.000000% of requested trajectory)
[clear_table-13] [INFO] [1776988616.634068056] [clear_table_node]: Cartesian path computed with 100.0% success.
[move_group-20] [INFO] [1776988616.634819820] [move_group.moveit.moveit.ros.move_group.clear_octomap_service]: Execution request received
[move_group-20] [INFO] [1776988616.634877314] [move_group.moveit.moveit.plugins.simple_controller_manager]: Returned 2 controllers in list
[move_group-20] [INFO] [1776988616.634919518] [move_group.moveit.moveit.plugins.simple_controller_manager]: Returned 2 controllers in list
[move_group-20] [INFO] [1776988616.635004261] [move_group.moveit.moveit.ros.trajectory_execution_manager]: Validating trajectory with allowed_start_tolerance 0.01
[move_group-20] [INFO] [1776988616.655549447] [move_group.moveit.moveit.ros.trajectory_execution_manager]: Starting trajectory execution ...
[move_group-20] [INFO] [1776988616.655657303] [move_group.moveit.moveit.plugins.simple_controller_manager]: Returned 2 controllers in list
[move_group-20] [INFO] [1776988616.655740604] [move_group.moveit.moveit.plugins.simple_controller_manager]: Returned 2 controllers in list
[move_group-20] [INFO] [1776988616.656693723] [moveit.simple_controller_manager.follow_joint_trajectory_controller_handle]: sending trajectory to joint_trajectory_controller
[move_group-20] [INFO] [1776988616.657306511] [moveit.simple_controller_manager.follow_joint_trajectory_controller_handle]: joint_trajectory_controller started execution
[move_group-20] [INFO] [1776988616.657320607] [moveit.simple_controller_manager.follow_joint_trajectory_controller_handle]: Goal request accepted!
[ros2_control_node-1] [INFO] [1776988616.657023608] [joint_trajectory_controller]: Received new action goal
[ros2_control_node-1] [INFO] [1776988616.657076725] [joint_trajectory_controller]: Accepted new action goal
[ros2_control_node-1] [INFO] [1776988616.846981349] [joint_trajectory_controller]: Goal reached, success!
[move_group-20] [INFO] [1776988616.857781967] [moveit.simple_controller_manager.follow_joint_trajectory_controller_handle]: Controller 'joint_trajectory_controller' successfully finished
[move_group-20] [INFO] [1776988616.915186305] [move_group.moveit.moveit.ros.trajectory_execution_manager]: Completed trajectory execution with status SUCCEEDED ...
[move_group-20] [INFO] [1776988616.915367635] [move_group.moveit.moveit.ros.move_group.clear_octomap_service]: Execution completed: SUCCEEDED
[clear_table-13] [INFO] [1776988617.021977811] [clear_table_node]: [TV Remote] Stage 6 step 17 (dz=0.0100, sub=0/4): pos=(0.721, -0.000, 0.304), ori=(0.490, 0.465, 0.486, 0.554)
[move_group-20] [INFO] [1776988617.022747202] [move_group.moveit.moveit.ros.move_group.cartesian_path_service_capability]: Received request to compute Cartesian path
[move_group-20] [INFO] [1776988617.022922371] [move_group.moveit.moveit.ros.move_group.cartesian_path_service_capability]: Attempting to follow 1 waypoints for link 'end_effector_link' using a step of 0.005000 m and jump threshold 0.000000 (in global reference frame)
[move_group-20] [INFO] [1776988617.023642201] [move_group.moveit.moveit.ros.move_group.cartesian_path_service_capability]: Computed Cartesian path with 3 points (followed 100.000000% of requested trajectory)
[clear_table-13] [INFO] [1776988617.027500883] [clear_table_node]: Cartesian path computed with 100.0% success.
[move_group-20] [INFO] [1776988617.028233995] [move_group.moveit.moveit.ros.move_group.clear_octomap_service]: Execution request received
[move_group-20] [INFO] [1776988617.028297738] [move_group.moveit.moveit.plugins.simple_controller_manager]: Returned 2 controllers in list
[move_group-20] [INFO] [1776988617.028319106] [move_group.moveit.moveit.plugins.simple_controller_manager]: Returned 2 controllers in list
[move_group-20] [INFO] [1776988617.028370560] [move_group.moveit.moveit.ros.trajectory_execution_manager]: Validating trajectory with allowed_start_tolerance 0.01
[move_group-20] [INFO] [1776988617.035388450] [move_group.moveit.moveit.ros.trajectory_execution_manager]: Starting trajectory execution ...
[move_group-20] [INFO] [1776988617.035458965] [move_group.moveit.moveit.plugins.simple_controller_manager]: Returned 2 controllers in list
[move_group-20] [INFO] [1776988617.035498509] [move_group.moveit.moveit.plugins.simple_controller_manager]: Returned 2 controllers in list
[move_group-20] [INFO] [1776988617.035686789] [moveit.simple_controller_manager.follow_joint_trajectory_controller_handle]: sending trajectory to joint_trajectory_controller
[ros2_control_node-1] [INFO] [1776988617.036156264] [joint_trajectory_controller]: Received new action goal
[ros2_control_node-1] [INFO] [1776988617.036204079] [joint_trajectory_controller]: Accepted new action goal
[move_group-20] [INFO] [1776988617.037011213] [moveit.simple_controller_manager.follow_joint_trajectory_controller_handle]: joint_trajectory_controller started execution
[move_group-20] [INFO] [1776988617.037031271] [moveit.simple_controller_manager.follow_joint_trajectory_controller_handle]: Goal request accepted!
[adl_ui-15] 127.0.0.1 - - [23/Apr/2026 19:56:57] "GET /status_json HTTP/1.1" 200 -
[ros2_control_node-1] [INFO] [1776988617.224009961] [joint_trajectory_controller]: Goal reached, success!
[move_group-20] [INFO] [1776988617.237673328] [moveit.simple_controller_manager.follow_joint_trajectory_controller_handle]: Controller 'joint_trajectory_controller' successfully finished
[ros2_control_node-1] [WARN] [1776988617.293500584] [controller_manager]: Overrun might occur, Total time : 2626.351 us (Expected < 1000.000 us) --> Read time : 36.460 us, Update time : 233.813 us, Write time : 2356.078 us
[ros2_control_node-1] [WARN] [1776988617.293559091] [controller_manager]: Overrun detected! The controller manager missed its desired rate of 1000 Hz. The loop took 2.702807 ms (missed cycles : 3).
[move_group-20] [INFO] [1776988617.295254689] [move_group.moveit.moveit.ros.trajectory_execution_manager]: Completed trajectory execution with status SUCCEEDED ...
[move_group-20] [INFO] [1776988617.295853925] [move_group.moveit.moveit.ros.move_group.clear_octomap_service]: Execution completed: SUCCEEDED
[clear_table-13] [INFO] [1776988617.400403749] [clear_table_node]: [TV Remote] Stage 6 step 18 (dz=0.0100, sub=0/4): pos=(0.721, -0.000, 0.294), ori=(0.490, 0.465, 0.486, 0.554)
[move_group-20] [INFO] [1776988617.401226862] [move_group.moveit.moveit.ros.move_group.cartesian_path_service_capability]: Received request to compute Cartesian path
[move_group-20] [INFO] [1776988617.401358812] [move_group.moveit.moveit.ros.move_group.cartesian_path_service_capability]: Attempting to follow 1 waypoints for link 'end_effector_link' using a step of 0.005000 m and jump threshold 0.000000 (in global reference frame)
[move_group-20] [INFO] [1776988617.402100349] [move_group.moveit.moveit.ros.move_group.cartesian_path_service_capability]: Computed Cartesian path with 3 points (followed 100.000000% of requested trajectory)
[clear_table-13] [INFO] [1776988617.406143597] [clear_table_node]: Cartesian path computed with 100.0% success.
[move_group-20] [INFO] [1776988617.407143201] [move_group.moveit.moveit.ros.move_group.clear_octomap_service]: Execution request received
[move_group-20] [INFO] [1776988617.407192317] [move_group.moveit.moveit.plugins.simple_controller_manager]: Returned 2 controllers in list
[move_group-20] [INFO] [1776988617.407217076] [move_group.moveit.moveit.plugins.simple_controller_manager]: Returned 2 controllers in list
[move_group-20] [INFO] [1776988617.407303011] [move_group.moveit.moveit.ros.trajectory_execution_manager]: Validating trajectory with allowed_start_tolerance 0.01
[move_group-20] [INFO] [1776988617.415107937] [move_group.moveit.moveit.ros.trajectory_execution_manager]: Starting trajectory execution ...
[move_group-20] [INFO] [1776988617.415171606] [move_group.moveit.moveit.plugins.simple_controller_manager]: Returned 2 controllers in list
[move_group-20] [INFO] [1776988617.415204358] [move_group.moveit.moveit.plugins.simple_controller_manager]: Returned 2 controllers in list
[move_group-20] [INFO] [1776988617.415385857] [moveit.simple_controller_manager.follow_joint_trajectory_controller_handle]: sending trajectory to joint_trajectory_controller
[ros2_control_node-1] [INFO] [1776988617.415677887] [joint_trajectory_controller]: Received new action goal
[ros2_control_node-1] [INFO] [1776988617.415723836] [joint_trajectory_controller]: Accepted new action goal
[move_group-20] [INFO] [1776988617.416098808] [moveit.simple_controller_manager.follow_joint_trajectory_controller_handle]: joint_trajectory_controller started execution
[move_group-20] [INFO] [1776988617.416137701] [moveit.simple_controller_manager.follow_joint_trajectory_controller_handle]: Goal request accepted!
[ros2_control_node-1] [INFO] [1776988617.599961586] [joint_trajectory_controller]: Goal reached, success!
[move_group-20] [INFO] [1776988617.616680495] [moveit.simple_controller_manager.follow_joint_trajectory_controller_handle]: Controller 'joint_trajectory_controller' successfully finished
[move_group-20] [INFO] [1776988617.675383215] [move_group.moveit.moveit.ros.trajectory_execution_manager]: Completed trajectory execution with status SUCCEEDED ...
[move_group-20] [INFO] [1776988617.677446375] [move_group.moveit.moveit.ros.move_group.clear_octomap_service]: Execution completed: SUCCEEDED
[clear_table-13] [INFO] [1776988617.787922463] [clear_table_node]: [TV Remote] Stage 6 step 19 (dz=0.0100, sub=0/4): pos=(0.721, -0.000, 0.284), ori=(0.490, 0.465, 0.486, 0.554)
[move_group-20] [INFO] [1776988617.788663437] [move_group.moveit.moveit.ros.move_group.cartesian_path_service_capability]: Received request to compute Cartesian path
[move_group-20] [INFO] [1776988617.788804130] [move_group.moveit.moveit.ros.move_group.cartesian_path_service_capability]: Attempting to follow 1 waypoints for link 'end_effector_link' using a step of 0.005000 m and jump threshold 0.000000 (in global reference frame)
[move_group-20] [INFO] [1776988617.789574878] [move_group.moveit.moveit.ros.move_group.cartesian_path_service_capability]: Computed Cartesian path with 3 points (followed 100.000000% of requested trajectory)
[clear_table-13] [INFO] [1776988617.793522089] [clear_table_node]: Cartesian path computed with 100.0% success.
[move_group-20] [INFO] [1776988617.794291673] [move_group.moveit.moveit.ros.move_group.clear_octomap_service]: Execution request received
[move_group-20] [INFO] [1776988617.794375646] [move_group.moveit.moveit.plugins.simple_controller_manager]: Returned 2 controllers in list
[move_group-20] [INFO] [1776988617.794454800] [move_group.moveit.moveit.plugins.simple_controller_manager]: Returned 2 controllers in list
[move_group-20] [INFO] [1776988617.794544664] [move_group.moveit.moveit.ros.trajectory_execution_manager]: Validating trajectory with allowed_start_tolerance 0.01
[move_group-20] [INFO] [1776988617.795233271] [move_group.moveit.moveit.ros.trajectory_execution_manager]: Starting trajectory execution ...
[move_group-20] [INFO] [1776988617.795291493] [move_group.moveit.moveit.plugins.simple_controller_manager]: Returned 2 controllers in list
[move_group-20] [INFO] [1776988617.795336892] [move_group.moveit.moveit.plugins.simple_controller_manager]: Returned 2 controllers in list
[move_group-20] [INFO] [1776988617.795509575] [moveit.simple_controller_manager.follow_joint_trajectory_controller_handle]: sending trajectory to joint_trajectory_controller
[ros2_control_node-1] [INFO] [1776988617.795791198] [joint_trajectory_controller]: Received new action goal
[ros2_control_node-1] [INFO] [1776988617.795830861] [joint_trajectory_controller]: Accepted new action goal
[move_group-20] [INFO] [1776988617.796004989] [moveit.simple_controller_manager.follow_joint_trajectory_controller_handle]: joint_trajectory_controller started execution
[move_group-20] [INFO] [1776988617.796018075] [moveit.simple_controller_manager.follow_joint_trajectory_controller_handle]: Goal request accepted!
[adl_ui-15] 127.0.0.1 - - [23/Apr/2026 19:56:57] "GET /status_json HTTP/1.1" 200 -
[ros2_control_node-1] [INFO] [1776988617.980969569] [joint_trajectory_controller]: Goal reached, success!
[move_group-20] [INFO] [1776988617.996452433] [moveit.simple_controller_manager.follow_joint_trajectory_controller_handle]: Controller 'joint_trajectory_controller' successfully finished
[move_group-20] [INFO] [1776988618.055205954] [move_group.moveit.moveit.ros.trajectory_execution_manager]: Completed trajectory execution with status SUCCEEDED ...
[move_group-20] [INFO] [1776988618.056756062] [move_group.moveit.moveit.ros.move_group.clear_octomap_service]: Execution completed: SUCCEEDED
[clear_table-13] [INFO] [1776988618.162017817] [clear_table_node]: [TV Remote] Stage 6 step 20 (dz=0.0053, sub=0/4): pos=(0.721, -0.000, 0.279), ori=(0.490, 0.465, 0.486, 0.554)
[move_group-20] [INFO] [1776988618.162730729] [move_group.moveit.moveit.ros.move_group.cartesian_path_service_capability]: Received request to compute Cartesian path
[move_group-20] [INFO] [1776988618.162847323] [move_group.moveit.moveit.ros.move_group.cartesian_path_service_capability]: Attempting to follow 1 waypoints for link 'end_effector_link' using a step of 0.005000 m and jump threshold 0.000000 (in global reference frame)
[move_group-20] [INFO] [1776988618.163307723] [move_group.moveit.moveit.ros.move_group.cartesian_path_service_capability]: Computed Cartesian path with 2 points (followed 100.000000% of requested trajectory)
[vision_apriltag-9] [INFO] [1776988618.163998814] [vision_apriltag_node]: Vision AprilTag: scene is locked; detection publishing is paused.
[clear_table-13] [INFO] [1776988618.167065512] [clear_table_node]: Cartesian path computed with 100.0% success.
[move_group-20] [INFO] [1776988618.168080248] [move_group.moveit.moveit.ros.move_group.clear_octomap_service]: Execution request received
[move_group-20] [INFO] [1776988618.168144734] [move_group.moveit.moveit.plugins.simple_controller_manager]: Returned 2 controllers in list
[move_group-20] [INFO] [1776988618.168172516] [move_group.moveit.moveit.plugins.simple_controller_manager]: Returned 2 controllers in list
[move_group-20] [INFO] [1776988618.168247699] [move_group.moveit.moveit.ros.trajectory_execution_manager]: Validating trajectory with allowed_start_tolerance 0.01
[move_group-20] [INFO] [1776988618.175123048] [move_group.moveit.moveit.ros.trajectory_execution_manager]: Starting trajectory execution ...
[move_group-20] [INFO] [1776988618.175196131] [move_group.moveit.moveit.plugins.simple_controller_manager]: Returned 2 controllers in list
[move_group-20] [INFO] [1776988618.175232660] [move_group.moveit.moveit.plugins.simple_controller_manager]: Returned 2 controllers in list
[move_group-20] [INFO] [1776988618.175436693] [moveit.simple_controller_manager.follow_joint_trajectory_controller_handle]: sending trajectory to joint_trajectory_controller
[ros2_control_node-1] [INFO] [1776988618.175819191] [joint_trajectory_controller]: Received new action goal
[ros2_control_node-1] [INFO] [1776988618.175885229] [joint_trajectory_controller]: Accepted new action goal
[move_group-20] [INFO] [1776988618.176946483] [moveit.simple_controller_manager.follow_joint_trajectory_controller_handle]: joint_trajectory_controller started execution
[move_group-20] [INFO] [1776988618.176966289] [moveit.simple_controller_manager.follow_joint_trajectory_controller_handle]: Goal request accepted!
[ros2_control_node-1] [WARN] [1776988618.295658035] [controller_manager]: Overrun might occur, Total time : 2748.967 us (Expected < 1000.000 us) --> Read time : 28.933 us, Update time : 238.582 us, Write time : 2481.452 us
[ros2_control_node-1] [WARN] [1776988618.295755853] [controller_manager]: Overrun detected! The controller manager missed its desired rate of 1000 Hz. The loop took 2.898271 ms (missed cycles : 3).
[ros2_control_node-1] [INFO] [1776988618.309004979] [joint_trajectory_controller]: Goal reached, success!
[move_group-20] [INFO] [1776988618.376718654] [moveit.simple_controller_manager.follow_joint_trajectory_controller_handle]: Controller 'joint_trajectory_controller' successfully finished
[move_group-20] [INFO] [1776988618.435162844] [move_group.moveit.moveit.ros.trajectory_execution_manager]: Completed trajectory execution with status SUCCEEDED ...
[move_group-20] [INFO] [1776988618.435277381] [move_group.moveit.moveit.ros.move_group.clear_octomap_service]: Execution completed: SUCCEEDED
[clear_table-13] [INFO] [1776988618.547106451] [clear_table_node]: [TV Remote] Stage 7: open gripper to release at destination
[clear_table-13] [INFO] [1776988618.547899934] [clear_table_node]: open_gripper(): opening gripper fully...
[ros2_control_node-1] [INFO] [1776988618.548721627] [robotiq_gripper_controller]: Received & accepted new action goal
[adl_ui-15] 127.0.0.1 - - [23/Apr/2026 19:56:58] "GET /status_json HTTP/1.1" 200 -
[wrist_camera_usb_publisher-8] [INFO] [1776988618.700475850] [wrist_camera_usb_publisher_node]: USB camera publisher heartbeat: publishing 1280x720 frames on /wrist_mounted_camera/image; camera_info fx=920.87, fy=921.57, cx=644.76, cy=343.15.
[clear_table-13] [INFO] [1776988619.051722730] [clear_table_node]: Gripper reached position=0.007 stalled=False reached_goal=True
[clear_table-13] [INFO] [1776988619.052779508] [clear_table_node]: Detached object obj_3 from end_effector_link.
[ros2_control_node-1] [WARN] [1776988619.298729134] [controller_manager]: Overrun might occur, Total time : 2848.980 us (Expected < 1000.000 us) --> Read time : 41.875 us, Update time : 225.358 us, Write time : 2581.747 us
[ros2_control_node-1] [WARN] [1776988619.298792217] [controller_manager]: Overrun detected! The controller manager missed its desired rate of 1000 Hz. The loop took 2.935723 ms (missed cycles : 3).
[clear_table-13] [INFO] [1776988619.367134590] [clear_table_node]: [TV Remote] Stage 8: retreat up after placing
[clear_table-13] [INFO] [1776988619.410509836] [clear_table_node]: [TV Remote] Stage 8 escape step 1/2 (up): pos=(0.721, -0.000, 0.379), ori=(0.490, 0.465, 0.486, 0.554)
[adl_ui-15] 127.0.0.1 - - [23/Apr/2026 19:56:59] "GET /status_json HTTP/1.1" 200 -
[move_group-20] [INFO] [1776988619.412014825] [move_group.moveit.moveit.ros.move_group.cartesian_path_service_capability]: Received request to compute Cartesian path
[move_group-20] [INFO] [1776988619.412255237] [move_group.moveit.moveit.ros.move_group.cartesian_path_service_capability]: Attempting to follow 1 waypoints for link 'end_effector_link' using a step of 0.005000 m and jump threshold 0.000000 (in global reference frame)
[move_group-20] [INFO] [1776988619.425210231] [move_group.moveit.moveit.ros.move_group.cartesian_path_service_capability]: Computed Cartesian path with 21 points (followed 100.000000% of requested trajectory)
[clear_table-13] [INFO] [1776988619.432419668] [clear_table_node]: Cartesian path computed with 100.0% success.
[move_group-20] [INFO] [1776988619.436104187] [move_group.moveit.moveit.ros.move_group.clear_octomap_service]: Execution request received
[move_group-20] [INFO] [1776988619.436163665] [move_group.moveit.moveit.plugins.simple_controller_manager]: Returned 2 controllers in list
[move_group-20] [INFO] [1776988619.436188108] [move_group.moveit.moveit.plugins.simple_controller_manager]: Returned 2 controllers in list
[move_group-20] [INFO] [1776988619.436251962] [move_group.moveit.moveit.ros.trajectory_execution_manager]: Validating trajectory with allowed_start_tolerance 0.01
[move_group-20] [INFO] [1776988619.460673692] [move_group.moveit.moveit.ros.trajectory_execution_manager]: Starting trajectory execution ...
[move_group-20] [INFO] [1776988619.460751744] [move_group.moveit.moveit.plugins.simple_controller_manager]: Returned 2 controllers in list
[move_group-20] [INFO] [1776988619.460791897] [move_group.moveit.moveit.plugins.simple_controller_manager]: Returned 2 controllers in list
[move_group-20] [INFO] [1776988619.462429220] [moveit.simple_controller_manager.follow_joint_trajectory_controller_handle]: sending trajectory to joint_trajectory_controller
[ros2_control_node-1] [INFO] [1776988619.466700916] [joint_trajectory_controller]: Received new action goal
[ros2_control_node-1] [INFO] [1776988619.466755381] [joint_trajectory_controller]: Accepted new action goal
[move_group-20] [INFO] [1776988619.468375072] [moveit.simple_controller_manager.follow_joint_trajectory_controller_handle]: joint_trajectory_controller started execution
[move_group-20] [INFO] [1776988619.468395908] [moveit.simple_controller_manager.follow_joint_trajectory_controller_handle]: Goal request accepted!
[adl_ui-15] 127.0.0.1 - - [23/Apr/2026 19:57:00] "GET /status_json HTTP/1.1" 200 -
[vision_apriltag-9] [INFO] [1776988620.165121443] [vision_apriltag_node]: Vision AprilTag: scene is locked; detection publishing is paused.
[ros2_control_node-1] [INFO] [1776988620.247074211] [joint_trajectory_controller]: Goal reached, success!
[move_group-20] [INFO] [1776988620.267408877] [moveit.simple_controller_manager.follow_joint_trajectory_controller_handle]: Controller 'joint_trajectory_controller' successfully finished
[ros2_control_node-1] [WARN] [1776988620.301579958] [controller_manager]: Overrun might occur, Total time : 2707.729 us (Expected < 1000.000 us) --> Read time : 23.243 us, Update time : 163.702 us, Write time : 2520.784 us
[ros2_control_node-1] [WARN] [1776988620.301649031] [controller_manager]: Overrun detected! The controller manager missed its desired rate of 1000 Hz. The loop took 2.792150 ms (missed cycles : 3).
[move_group-20] [INFO] [1776988620.315038182] [move_group.moveit.moveit.ros.trajectory_execution_manager]: Completed trajectory execution with status SUCCEEDED ...
[move_group-20] [INFO] [1776988620.315144662] [move_group.moveit.moveit.ros.move_group.clear_octomap_service]: Execution completed: SUCCEEDED
[clear_table-13] [INFO] [1776988620.420639526] [clear_table_node]: [TV Remote] Stage 8 escape step 2/2 (back): pos=(0.681, -0.000, 0.379), ori=(0.490, 0.465, 0.486, 0.554)
[move_group-20] [INFO] [1776988620.421514727] [move_group.moveit.moveit.ros.move_group.cartesian_path_service_capability]: Received request to compute Cartesian path
[move_group-20] [INFO] [1776988620.421708147] [move_group.moveit.moveit.ros.move_group.cartesian_path_service_capability]: Attempting to follow 1 waypoints for link 'end_effector_link' using a step of 0.005000 m and jump threshold 0.000000 (in global reference frame)
[move_group-20] [INFO] [1776988620.423431010] [move_group.moveit.moveit.ros.move_group.cartesian_path_service_capability]: Computed Cartesian path with 9 points (followed 100.000000% of requested trajectory)
[clear_table-13] [INFO] [1776988620.427483186] [clear_table_node]: Cartesian path computed with 100.0% success.
[move_group-20] [INFO] [1776988620.428221891] [move_group.moveit.moveit.ros.move_group.clear_octomap_service]: Execution request received
[move_group-20] [INFO] [1776988620.428302322] [move_group.moveit.moveit.plugins.simple_controller_manager]: Returned 2 controllers in list
[move_group-20] [INFO] [1776988620.428342665] [move_group.moveit.moveit.plugins.simple_controller_manager]: Returned 2 controllers in list
[move_group-20] [INFO] [1776988620.428417498] [move_group.moveit.moveit.ros.trajectory_execution_manager]: Validating trajectory with allowed_start_tolerance 0.01
[move_group-20] [INFO] [1776988620.435509717] [move_group.moveit.moveit.ros.trajectory_execution_manager]: Starting trajectory execution ...
[move_group-20] [INFO] [1776988620.435588430] [move_group.moveit.moveit.plugins.simple_controller_manager]: Returned 2 controllers in list
[move_group-20] [INFO] [1776988620.435624802] [move_group.moveit.moveit.plugins.simple_controller_manager]: Returned 2 controllers in list
[move_group-20] [INFO] [1776988620.435820796] [moveit.simple_controller_manager.follow_joint_trajectory_controller_handle]: sending trajectory to joint_trajectory_controller
[ros2_control_node-1] [INFO] [1776988620.436614930] [joint_trajectory_controller]: Received new action goal
[ros2_control_node-1] [INFO] [1776988620.437953075] [joint_trajectory_controller]: Accepted new action goal
[move_group-20] [INFO] [1776988620.439783916] [moveit.simple_controller_manager.follow_joint_trajectory_controller_handle]: joint_trajectory_controller started execution
[move_group-20] [INFO] [1776988620.439836590] [moveit.simple_controller_manager.follow_joint_trajectory_controller_handle]: Goal request accepted!
[adl_ui-15] 127.0.0.1 - - [23/Apr/2026 19:57:00] "GET /status_json HTTP/1.1" 200 -
[ros2_control_node-1] [INFO] [1776988621.068015965] [joint_trajectory_controller]: Goal reached, success!
[move_group-20] [INFO] [1776988621.138815676] [moveit.simple_controller_manager.follow_joint_trajectory_controller_handle]: Controller 'joint_trajectory_controller' successfully finished
[move_group-20] [INFO] [1776988621.195927045] [move_group.moveit.moveit.ros.trajectory_execution_manager]: Completed trajectory execution with status SUCCEEDED ...
[move_group-20] [INFO] [1776988621.196621983] [move_group.moveit.moveit.ros.move_group.clear_octomap_service]: Execution completed: SUCCEEDED
[ros2_control_node-1] [WARN] [1776988621.302701837] [controller_manager]: Overrun might occur, Total time : 2815.656 us (Expected < 1000.000 us) --> Read time : 43.327 us, Update time : 260.972 us, Write time : 2511.357 us
[ros2_control_node-1] [WARN] [1776988621.302799099] [controller_manager]: Overrun detected! The controller manager missed its desired rate of 1000 Hz. The loop took 2.941533 ms (missed cycles : 3).
[clear_table-13] [INFO] [1776988621.315115080] [clear_table_node]: [TV Remote] Stage 8a deterministic escape: OK.
[clear_table-13] [INFO] [1776988621.326216651] [clear_table_node]: [TV Remote] Stage 8: deterministic escape succeeded. Skipping the redundant cleanup retreat.
[clear_table-13] [INFO] [1776988621.334118118] [clear_table_node]: [TV Remote] Stage 8b: tucking gripper for travel at width=0.120rad.
[clear_table-13] [INFO] [1776988621.335005618] [clear_table_node]: close_gripper(): closing gripper to width=0.120rad, force=10.0N
[ros2_control_node-1] [INFO] [1776988621.336030838] [robotiq_gripper_controller]: Received & accepted new action goal
[clear_table-13] [INFO] [1776988621.539797309] [clear_table_node]: Gripper reached position=0.117 stalled=False reached_goal=True
[clear_table-13] [INFO] [1776988621.540552560] [clear_table_node]: Marked ID 3 as PLACED/ADDED.
[scene_from_vision-10] [INFO] [1776988621.542410608] [scene_from_vision_node]: Marked tag ID 3 as placed at destination. Removing synthetic placed-scene objects instead of publishing.
[move_group-20] [WARN] [1776988621.543230934] [move_group.moveit.moveit.core.planning_scene]: Tried to remove world object 'placed_3', but it does not exist in this scene.
[rviz2-21] [WARN] [1776988621.543498186] [rviz2_moveit.moveit.core.planning_scene]: Tried to remove world object 'placed_3', but it does not exist in this scene.
[move_group-20] [WARN] [1776988621.544010827] [move_group.moveit.moveit.core.planning_scene]: Tried to remove world object 'obj_3', but it does not exist in this scene.
[move_group-20] [WARN] [1776988621.544046315] [move_group.moveit.moveit.core.planning_scene]: Tried to remove world object 'placed_3', but it does not exist in this scene.
[scene_from_vision-10] [WARN] [1776988621.546053121] [scene_from_vision_node]: /apply_planning_scene rejected picked cleanup for tag 3.
[adl_ui-15] 127.0.0.1 - - [23/Apr/2026 19:57:01] "GET /status_json HTTP/1.1" 200 -
[rviz2-21] [WARN] [1776988621.687068849] [rviz2_moveit.moveit.core.planning_scene]: Tried to remove world object 'obj_3', but it does not exist in this scene.
[vision_apriltag-9] [INFO] [1776988622.163274277] [vision_apriltag_node]: Vision AprilTag: scene is locked; detection publishing is paused.
[clear_table-13] [INFO] [1776988622.291599531] [clear_table_node]: [TV Remote] Post-place transition joints: joint_1=-3.102, joint_2=-0.769, joint_3=-0.033, joint_4=-1.592, joint_5=-0.094, joint_6=+0.880, joint_7=+1.699
[clear_table-13] [INFO] [1776988622.295398165] [clear_table_node]: [TV Remote] Post-place transition ee: pos=(0.681, -0.000, 0.379), ori=(0.490, 0.466, 0.486, 0.554)
[ros2_control_node-1] [WARN] [1776988622.304462496] [controller_manager]: Overrun might occur, Total time : 2587.957 us (Expected < 1000.000 us) --> Read time : 31.302 us, Update time : 198.300 us, Write time : 2358.355 us
[ros2_control_node-1] [WARN] [1776988622.304543394] [controller_manager]: Overrun detected! The controller manager missed its desired rate of 1000 Hz. The loop took 2.686940 ms (missed cycles : 3).
[clear_table-13] [INFO] [1776988622.309828220] [clear_table_node]: [TV Remote] Stage 9: skip go_home (configured).
[adl_ui-15] 127.0.0.1 - - [23/Apr/2026 19:57:02] "GET /status_json HTTP/1.1" 200 -
[clear_table-13] [INFO] [1776988622.446003366] [clear_table_node]: go_retract: planning to RETRACT_JOINTS...
[move_group-20] [ERROR] [1776988622.450021012] [move_group.moveit.moveit.core.conversions]: Found empty JointState message
[clear_table-13] [INFO] [1776988622.471525567] [clear_table_node]: Start state: collision-valid — no collisions (not a joint-bounds check).
[move_group-20] [INFO] [1776988622.475933653] [move_group.moveit.moveit.ros.move_group.move_action]: MoveGroupMoveAction: Received request
[move_group-20] [INFO] [1776988622.478194747] [move_group.moveit.moveit.ros.move_group.move_action]: executing..
[move_group-20] [INFO] [1776988622.498620300] [move_group.moveit.moveit.ros.move_group.move_action]: Combined planning and execution request received for MoveGroup action. Forwarding to planning and execution pipeline.
[move_group-20] [WARN] [1776988622.498679773] [move_group.moveit.moveit.ros.move_group.capability]: Execution of motions should always start at the robot's current state. Ignoring the state supplied as start state in the motion planning request
[move_group-20] [WARN] [1776988622.498703496] [move_group.moveit.moveit.ros.move_group.capability]: Execution of motions should always start at the robot's current state. Ignoring the state supplied as difference in the planning scene diff
[move_group-20] [INFO] [1776988622.498717604] [move_group.moveit.moveit.ros.plan_execution]: Planning attempt 1 of at most 1
[move_group-20] [INFO] [1776988622.499150297] [move_group]: Calling PlanningRequestAdapter 'ResolveConstraintFrames'
[move_group-20] [INFO] [1776988622.499184723] [move_group]: Calling PlanningRequestAdapter 'ValidateWorkspaceBounds'
[move_group-20] [INFO] [1776988622.499201494] [move_group]: Calling PlanningRequestAdapter 'CheckStartStateBounds'
[move_group-20] [INFO] [1776988622.499235411] [move_group]: Calling PlanningRequestAdapter 'CheckStartStateCollision'
[move_group-20] [INFO] [1776988622.501904545] [move_group.moveit.moveit.planners.ompl.model_based_planning_context]: Planner configuration 'manipulator' will use planner 'geometric::RRTConnect'. Additional configuration parameters will be set when the planner is constructed.
[move_group-20] [INFO] [1776988622.504953446] [move_group]: Calling Planner 'OMPL'
[move_group-20] [INFO] [1776988622.549818841] [move_group]: Calling PlanningResponseAdapter 'AddTimeOptimalParameterization'
[move_group-20] [INFO] [1776988622.563051781] [move_group]: Calling PlanningResponseAdapter 'ValidateSolution'
[move_group-20] [INFO] [1776988622.565758729] [move_group]: Calling PlanningResponseAdapter 'DisplayMotionPath'
[move_group-20] [WARN] [1776988622.566061218] [move_group.moveit.moveit.ros.planning_pipeline]: The planner plugin did not fill out the 'planner_id' field of the MotionPlanResponse. Setting it to the planner ID name of the MotionPlanRequest assuming that the planner plugin does warn you if it does not use the requested planner.
[move_group-20] [INFO] [1776988622.566530130] [move_group.moveit.moveit.plugins.simple_controller_manager]: Returned 2 controllers in list
[move_group-20] [INFO] [1776988622.566577393] [move_group.moveit.moveit.plugins.simple_controller_manager]: Returned 2 controllers in list
[move_group-20] [INFO] [1776988622.566655286] [move_group.moveit.moveit.ros.trajectory_execution_manager]: Validating trajectory with allowed_start_tolerance 0.01
[move_group-20] [INFO] [1776988622.575571703] [move_group.moveit.moveit.ros.trajectory_execution_manager]: Starting trajectory execution ...
[move_group-20] [INFO] [1776988622.575648680] [move_group.moveit.moveit.plugins.simple_controller_manager]: Returned 2 controllers in list
[move_group-20] [INFO] [1776988622.575689200] [move_group.moveit.moveit.plugins.simple_controller_manager]: Returned 2 controllers in list
[move_group-20] [INFO] [1776988622.575882969] [moveit.simple_controller_manager.follow_joint_trajectory_controller_handle]: sending trajectory to joint_trajectory_controller
[ros2_control_node-1] [INFO] [1776988622.576381009] [joint_trajectory_controller]: Received new action goal
[ros2_control_node-1] [INFO] [1776988622.576479500] [joint_trajectory_controller]: Accepted new action goal
[move_group-20] [INFO] [1776988622.577047994] [moveit.simple_controller_manager.follow_joint_trajectory_controller_handle]: joint_trajectory_controller started execution
[move_group-20] [INFO] [1776988622.577069420] [moveit.simple_controller_manager.follow_joint_trajectory_controller_handle]: Goal request accepted!
[adl_ui-15] 127.0.0.1 - - [23/Apr/2026 19:57:03] "GET /status_json HTTP/1.1" 200 -
[ros2_control_node-1] [WARN] [1776988623.308285271] [controller_manager]: Overrun might occur, Total time : 3382.432 us (Expected < 1000.000 us) --> Read time : 37.250 us, Update time : 273.949 us, Write time : 3071.233 us
[ros2_control_node-1] [WARN] [1776988623.308366408] [controller_manager]: Overrun detected! The controller manager missed its desired rate of 1000 Hz. The loop took 3.509282 ms (missed cycles : 4).
[wrist_camera_usb_publisher-8] [INFO] [1776988623.859789293] [wrist_camera_usb_publisher_node]: USB camera publisher heartbeat: publishing 1280x720 frames on /wrist_mounted_camera/image; camera_info fx=920.87, fy=921.57, cx=644.76, cy=343.15.
[adl_ui-15] 127.0.0.1 - - [23/Apr/2026 19:57:03] "GET /status_json HTTP/1.1" 200 -
[vision_apriltag-9] [INFO] [1776988624.163053357] [vision_apriltag_node]: Vision AprilTag: scene is locked; detection publishing is paused.
[ros2_control_node-1] [WARN] [1776988624.309806889] [controller_manager]: Overrun might occur, Total time : 2917.774 us (Expected < 1000.000 us) --> Read time : 36.251 us, Update time : 263.138 us, Write time : 2618.385 us
[ros2_control_node-1] [WARN] [1776988624.309942335] [controller_manager]: Overrun detected! The controller manager missed its desired rate of 1000 Hz. The loop took 3.084804 ms (missed cycles : 4).
[adl_ui-15] 127.0.0.1 - - [23/Apr/2026 19:57:04] "GET /status_json HTTP/1.1" 200 -
[ros2_control_node-1] [WARN] [1776988625.312802289] [controller_manager]: Overrun might occur, Total time : 2915.330 us (Expected < 1000.000 us) --> Read time : 27.328 us, Update time : 249.293 us, Write time : 2638.709 us
[ros2_control_node-1] [WARN] [1776988625.312857337] [controller_manager]: Overrun detected! The controller manager missed its desired rate of 1000 Hz. The loop took 3.001547 ms (missed cycles : 4).
[adl_ui-15] 127.0.0.1 - - [23/Apr/2026 19:57:05] "GET /status_json HTTP/1.1" 200 -
[adl_ui-15] 127.0.0.1 - - [23/Apr/2026 19:57:06] "GET /status_json HTTP/1.1" 200 -
[vision_apriltag-9] [INFO] [1776988626.163334471] [vision_apriltag_node]: Vision AprilTag: scene is locked; detection publishing is paused.
[ros2_control_node-1] [WARN] [1776988626.314141954] [controller_manager]: Overrun might occur, Total time : 3257.382 us (Expected < 1000.000 us) --> Read time : 42.435 us, Update time : 307.992 us, Write time : 2906.955 us
[ros2_control_node-1] [WARN] [1776988626.314217145] [controller_manager]: Overrun detected! The controller manager missed its desired rate of 1000 Hz. The loop took 3.360414 ms (missed cycles : 4).
[adl_ui-15] 127.0.0.1 - - [23/Apr/2026 19:57:06] "GET /status_json HTTP/1.1" 200 -
[ros2_control_node-1] [WARN] [1776988627.315623323] [controller_manager]: Overrun might occur, Total time : 2730.038 us (Expected < 1000.000 us) --> Read time : 57.586 us, Update time : 295.745 us, Write time : 2376.707 us
[ros2_control_node-1] [WARN] [1776988627.315694792] [controller_manager]: Overrun detected! The controller manager missed its desired rate of 1000 Hz. The loop took 2.838164 ms (missed cycles : 3).
[adl_ui-15] 127.0.0.1 - - [23/Apr/2026 19:57:07] "GET /status_json HTTP/1.1" 200 -
[vision_apriltag-9] [INFO] [1776988628.162868140] [vision_apriltag_node]: Vision AprilTag: scene is locked; detection publishing is paused.
[ros2_control_node-1] [WARN] [1776988628.317720001] [controller_manager]: Overrun might occur, Total time : 2850.718 us (Expected < 1000.000 us) --> Read time : 34.935 us, Update time : 297.955 us, Write time : 2517.828 us
[ros2_control_node-1] [WARN] [1776988628.317786190] [controller_manager]: Overrun detected! The controller manager missed its desired rate of 1000 Hz. The loop took 2.929667 ms (missed cycles : 3).
[adl_ui-15] 127.0.0.1 - - [23/Apr/2026 19:57:08] "GET /status_json HTTP/1.1" 200 -
[wrist_camera_usb_publisher-8] [INFO] [1776988629.020995170] [wrist_camera_usb_publisher_node]: USB camera publisher heartbeat: publishing 1280x720 frames on /wrist_mounted_camera/image; camera_info fx=920.87, fy=921.57, cx=644.76, cy=343.15.
[adl_ui-15] 127.0.0.1 - - [23/Apr/2026 19:57:09] "GET /status_json HTTP/1.1" 200 -
[ros2_control_node-1] [WARN] [1776988629.317878715] [controller_manager]: Overrun might occur, Total time : 2995.920 us (Expected < 1000.000 us) --> Read time : 51.060 us, Update time : 392.257 us, Write time : 2552.603 us
[ros2_control_node-1] [WARN] [1776988629.317938419] [controller_manager]: Overrun detected! The controller manager missed its desired rate of 1000 Hz. The loop took 3.082431 ms (missed cycles : 4).
[adl_ui-15] 127.0.0.1 - - [23/Apr/2026 19:57:09] "GET /status_json HTTP/1.1" 200 -
[vision_apriltag-9] [INFO] [1776988630.163246126] [vision_apriltag_node]: Vision AprilTag: scene is locked; detection publishing is paused.
[ros2_control_node-1] [WARN] [1776988630.318575083] [controller_manager]: Overrun might occur, Total time : 2690.984 us (Expected < 1000.000 us) --> Read time : 44.472 us, Update time : 282.442 us, Write time : 2364.070 us
[ros2_control_node-1] [WARN] [1776988630.318635542] [controller_manager]: Overrun detected! The controller manager missed its desired rate of 1000 Hz. The loop took 2.779368 ms (missed cycles : 3).
[adl_ui-15] 127.0.0.1 - - [23/Apr/2026 19:57:10] "GET /status_json HTTP/1.1" 200 -
[ros2_control_node-1] [WARN] [1776988631.320935870] [controller_manager]: Overrun might occur, Total time : 3051.242 us (Expected < 1000.000 us) --> Read time : 45.928 us, Update time : 352.277 us, Write time : 2653.037 us
[ros2_control_node-1] [WARN] [1776988631.321005051] [controller_manager]: Overrun detected! The controller manager missed its desired rate of 1000 Hz. The loop took 3.148574 ms (missed cycles : 4).
[adl_ui-15] 127.0.0.1 - - [23/Apr/2026 19:57:11] "GET /status_json HTTP/1.1" 200 -
[joint_state_sanitizer-3] [WARN] [1776988631.558144444] [joint_state_sanitizer_node]: [joint_state_sanitizer] Published sanitized joint state: joint_3:-3.134->-3.132
[ros2_control_node-1] [INFO] [1776988631.676040041] [joint_trajectory_controller]: Goal reached, success!
[move_group-20] [INFO] [1776988631.677569963] [moveit.simple_controller_manager.follow_joint_trajectory_controller_handle]: Controller 'joint_trajectory_controller' successfully finished
[move_group-20] [INFO] [1776988631.735770601] [move_group.moveit.moveit.ros.trajectory_execution_manager]: Completed trajectory execution with status SUCCEEDED ...
[move_group-20] [INFO] [1776988631.736602599] [move_group.moveit.moveit.ros.move_group.move_action]: Solution was found and executed.
[clear_table-13] [INFO] [1776988631.847303289] [clear_table_node]: [TV Remote stage9] transition reseed via retract: OK.
[move_group-20] [WARN] [1776988631.948005701] [move_group.moveit.moveit.core.planning_scene]: Tried to remove world object 'clear_table_approach_table_top_keepout', but it does not exist in this scene.
[clear_table-13] [INFO] [1776988631.948576076] [clear_table_node]: Removed temporary table-top keepout 'clear_table_approach_table_top_keepout'.
[clear_table-13] [INFO] [1776988632.049284404] [clear_table_node]: Scene UNLOCKED.
[scene_from_vision-10] [INFO] [1776988632.050685886] [scene_from_vision_node]: Scene UNLOCKED - updates resuming.
[adl_ui-15] 127.0.0.1 - - [23/Apr/2026 19:57:12] "GET /status_json HTTP/1.1" 200 -
[vision_apriltag-9] [WARN] [1776988632.164776671] [vision_apriltag_node]: Vision AprilTag: last image on /wrist_mounted_camera/image arrived 36.3s ago.
[clear_table-13] [INFO] [1776988632.207523804] [clear_table_node]: Successfully cleared object TV Remote (ID 3).
[ros2_control_node-1] [WARN] [1776988632.321786846] [controller_manager]: Overrun might occur, Total time : 2903.688 us (Expected < 1000.000 us) --> Read time : 40.518 us, Update time : 274.362 us, Write time : 2588.808 us
[ros2_control_node-1] [WARN] [1776988632.321869970] [controller_manager]: Overrun detected! The controller manager missed its desired rate of 1000 Hz. The loop took 3.012766 ms (missed cycles : 4).
[clear_table-13] [INFO] [1776988632.709830945] [clear_table_node]: Remaining after re-sort: []
[clear_table-13] [INFO] [1776988632.713397249] [clear_table_node]: All objects processed. Waiting for shared controller to park to retract.
[clear_table-13] [INFO] [1776988632.717502549] [clear_table_node]: Clear table task completed: 1/1 objects cleared.
[scene_from_vision-10] [INFO] [1776988632.887135991] [scene_from_vision_node]: Scene memory cleared. Removed remembered IDs: []
[adl_ui-15] 127.0.0.1 - - [23/Apr/2026 19:57:12] "GET /status_json HTTP/1.1" 200 -
[vision_apriltag-9] [INFO] [1776988632.999076467] [vision_apriltag_node]: Vision AprilTag detection debug: no tags found after raw/CLAHE/sharp/adaptive/upscaled/tiled passes.
[ros2_control_node-1] [WARN] [1776988633.323503171] [controller_manager]: Overrun might occur, Total time : 2623.359 us (Expected < 1000.000 us) --> Read time : 46.309 us, Update time : 291.999 us, Write time : 2285.051 us
[ros2_control_node-1] [WARN] [1776988633.323593065] [controller_manager]: Overrun detected! The controller manager missed its desired rate of 1000 Hz. The loop took 2.735843 ms (missed cycles : 3).
[adl_ui-15] 127.0.0.1 - - [23/Apr/2026 19:57:13] "GET /status_json HTTP/1.1" 200 -
[vision_apriltag-9] [INFO] [1776988634.167470660] [vision_apriltag_node]: Vision AprilTag: images are arriving, but no AprilTag has been seen for 87.0s.
[wrist_camera_usb_publisher-8] [INFO] [1776988634.182866845] [wrist_camera_usb_publisher_node]: USB camera publisher heartbeat: publishing 1280x720 frames on /wrist_mounted_camera/image; camera_info fx=920.87, fy=921.57, cx=644.76, cy=343.15.
[ros2_control_node-1] [WARN] [1776988634.326362128] [controller_manager]: Overrun might occur, Total time : 3479.776 us (Expected < 1000.000 us) --> Read time : 36.931 us, Update time : 238.946 us, Write time : 3203.899 us
[ros2_control_node-1] [WARN] [1776988634.326440116] [controller_manager]: Overrun detected! The controller manager missed its desired rate of 1000 Hz. The loop took 3.583378 ms (missed cycles : 4).
[adl_ui-15] 127.0.0.1 - - [23/Apr/2026 19:57:14] "GET /status_json HTTP/1.1" 200 -
[adl_ui-15] 127.0.0.1 - - [23/Apr/2026 19:57:15] "GET /status_json HTTP/1.1" 200 -
[ros2_control_node-1] [WARN] [1776988635.331400038] [controller_manager]: Overrun might occur, Total time : 4504.914 us (Expected < 1000.000 us) --> Read time : 89.361 us, Update time : 345.474 us, Write time : 4070.079 us
[ros2_control_node-1] [WARN] [1776988635.331486733] [controller_manager]: Overrun detected! The controller manager missed its desired rate of 1000 Hz. The loop took 4.628961 ms (missed cycles : 5).
[adl_ui-15] 127.0.0.1 - - [23/Apr/2026 19:57:15] "GET /status_json HTTP/1.1" 200 -
[vision_apriltag-9] [INFO] [1776988636.166085794] [vision_apriltag_node]: Vision AprilTag: images are arriving, but no AprilTag has been seen for 89.0s.
[ros2_control_node-1] [WARN] [1776988636.333401606] [controller_manager]: Overrun might occur, Total time : 2519.701 us (Expected < 1000.000 us) --> Read time : 37.980 us, Update time : 236.523 us, Write time : 2245.198 us
[ros2_control_node-1] [WARN] [1776988636.333473993] [controller_manager]: Overrun detected! The controller manager missed its desired rate of 1000 Hz. The loop took 2.616838 ms (missed cycles : 3).
[adl_ui-15] 127.0.0.1 - - [23/Apr/2026 19:57:16] "GET /status_json HTTP/1.1" 200 -
[ros2_control_node-1] [WARN] [1776988637.333608951] [controller_manager]: Overrun might occur, Total time : 2703.303 us (Expected < 1000.000 us) --> Read time : 34.658 us, Update time : 217.495 us, Write time : 2451.150 us
[ros2_control_node-1] [WARN] [1776988637.333839125] [controller_manager]: Overrun detected! The controller manager missed its desired rate of 1000 Hz. The loop took 2.979344 ms (missed cycles : 3).
[adl_ui-15] 127.0.0.1 - - [23/Apr/2026 19:57:17] "GET /status_json HTTP/1.1" 200 -
[adl_controller-11] [WARN] [1776988637.903200197] [adl_controller_node]: Scene clear timed out after clear_table terminal transition.
[vision_apriltag-9] [INFO] [1776988638.077679832] [vision_apriltag_node]: Vision AprilTag detection debug: no tags found after raw/CLAHE/sharp/adaptive/upscaled/tiled passes.
[vision_apriltag-9] [INFO] [1776988638.163787551] [vision_apriltag_node]: Vision AprilTag: images are arriving, but no AprilTag has been seen for 91.0s.
[adl_ui-15] 127.0.0.1 - - [23/Apr/2026 19:57:18] "GET /status_json HTTP/1.1" 200 -
[ros2_control_node-1] [WARN] [1776988638.334674879] [controller_manager]: Overrun might occur, Total time : 2800.034 us (Expected < 1000.000 us) --> Read time : 30.110 us, Update time : 191.318 us, Write time : 2578.606 us
[ros2_control_node-1] [WARN] [1776988638.334740001] [controller_manager]: Overrun detected! The controller manager missed its desired rate of 1000 Hz. The loop took 2.883205 ms (missed cycles : 3).
[adl_ui-15] 127.0.0.1 - - [23/Apr/2026 19:57:18] "GET /status_json HTTP/1.1" 200 -
[ros2_control_node-1] [WARN] [1776988639.335410913] [controller_manager]: Overrun might occur, Total time : 2530.836 us (Expected < 1000.000 us) --> Read time : 37.287 us, Update time : 252.618 us, Write time : 2240.931 us
[ros2_control_node-1] [WARN] [1776988639.335476532] [controller_manager]: Overrun detected! The controller manager missed its desired rate of 1000 Hz. The loop took 2.619807 ms (missed cycles : 3).
[wrist_camera_usb_publisher-8] [INFO] [1776988639.343105536] [wrist_camera_usb_publisher_node]: USB camera publisher heartbeat: publishing 1280x720 frames on /wrist_mounted_camera/image; camera_info fx=920.87, fy=921.57, cx=644.76, cy=343.15.
[adl_ui-15] 127.0.0.1 - - [23/Apr/2026 19:57:19] "GET /status_json HTTP/1.1" 200 -
[vision_apriltag-9] [INFO] [1776988640.163354840] [vision_apriltag_node]: Vision AprilTag: images are arriving, but no AprilTag has been seen for 93.0s.
[ros2_control_node-1] [WARN] [1776988640.341575511] [controller_manager]: Overrun might occur, Total time : 6681.678 us (Expected < 1000.000 us) --> Read time : 35.946 us, Update time : 236.462 us, Write time : 6409.270 us
[ros2_control_node-1] [WARN] [1776988640.341721225] [controller_manager]: Overrun detected! The controller manager missed its desired rate of 1000 Hz. The loop took 6.863746 ms (missed cycles : 7).
[adl_ui-15] 127.0.0.1 - - [23/Apr/2026 19:57:20] "GET /status_json HTTP/1.1" 200 -
[adl_ui-15] 127.0.0.1 - - [23/Apr/2026 19:57:21] "GET /status_json HTTP/1.1" 200 -
[ros2_control_node-1] [WARN] [1776988641.342516444] [controller_manager]: Overrun might occur, Total time : 3610.720 us (Expected < 1000.000 us) --> Read time : 95.166 us, Update time : 409.724 us, Write time : 3105.830 us
[ros2_control_node-1] [WARN] [1776988641.342651002] [controller_manager]: Overrun detected! The controller manager missed its desired rate of 1000 Hz. The loop took 3.791508 ms (missed cycles : 4).
[adl_ui-15] 127.0.0.1 - - [23/Apr/2026 19:57:21] "GET /status_json HTTP/1.1" 200 -
[vision_apriltag-9] [INFO] [1776988642.165463516] [vision_apriltag_node]: Vision AprilTag: images are arriving, but no AprilTag has been seen for 95.0s.
[ros2_control_node-1] [WARN] [1776988642.345501706] [controller_manager]: Overrun might occur, Total time : 2629.722 us (Expected < 1000.000 us) --> Read time : 28.114 us, Update time : 172.571 us, Write time : 2429.037 us
[ros2_control_node-1] [WARN] [1776988642.345554257] [controller_manager]: Overrun detected! The controller manager missed its desired rate of 1000 Hz. The loop took 2.698524 ms (missed cycles : 3).
[adl_ui-15] 127.0.0.1 - - [23/Apr/2026 19:57:22] "GET /status_json HTTP/1.1" 200 -
[ros2_control_node-1] [WARN] [1776988643.347593382] [controller_manager]: Overrun might occur, Total time : 2706.794 us (Expected < 1000.000 us) --> Read time : 42.765 us, Update time : 236.737 us, Write time : 2427.292 us
[ros2_control_node-1] [WARN] [1776988643.347708130] [controller_manager]: Overrun detected! The controller manager missed its desired rate of 1000 Hz. The loop took 2.850840 ms (missed cycles : 3).
[adl_ui-15] 127.0.0.1 - - [23/Apr/2026 19:57:23] "GET /status_json HTTP/1.1" 200 -
[vision_apriltag-9] [INFO] [1776988643.485899132] [vision_apriltag_node]: Vision AprilTag detection debug: no tags found after raw/CLAHE/sharp/adaptive/upscaled/tiled passes.
[vision_apriltag-9] [INFO] [1776988644.165218334] [vision_apriltag_node]: Vision AprilTag: images are arriving, but no AprilTag has been seen for 97.0s.
[adl_ui-15] 127.0.0.1 - - [23/Apr/2026 19:57:24] "GET /status_json HTTP/1.1" 200 -
[ros2_control_node-1] [WARN] [1776988644.349403239] [controller_manager]: Overrun might occur, Total time : 2516.457 us (Expected < 1000.000 us) --> Read time : 53.186 us, Update time : 251.720 us, Write time : 2211.551 us
[ros2_control_node-1] [WARN] [1776988644.349477915] [controller_manager]: Overrun detected! The controller manager missed its desired rate of 1000 Hz. The loop took 2.620958 ms (missed cycles : 3).
[wrist_camera_usb_publisher-8] [INFO] [1776988644.507559498] [wrist_camera_usb_publisher_node]: USB camera publisher heartbeat: publishing 1280x720 frames on /wrist_mounted_camera/image; camera_info fx=920.87, fy=921.57, cx=644.76, cy=343.15.
[adl_ui-15] 127.0.0.1 - - [23/Apr/2026 19:57:24] "GET /status_json HTTP/1.1" 200 -
[ros2_control_node-1] [WARN] [1776988645.349513704] [controller_manager]: Overrun might occur, Total time : 2634.634 us (Expected < 1000.000 us) --> Read time : 39.512 us, Update time : 245.811 us, Write time : 2349.311 us
[ros2_control_node-1] [WARN] [1776988645.349579989] [controller_manager]: Overrun detected! The controller manager missed its desired rate of 1000 Hz. The loop took 2.723554 ms (missed cycles : 3).
[adl_ui-15] 127.0.0.1 - - [23/Apr/2026 19:57:25] "GET /status_json HTTP/1.1" 200 -
[vision_apriltag-9] [INFO] [1776988646.165510225] [vision_apriltag_node]: Vision AprilTag: images are arriving, but no AprilTag has been seen for 99.0s.
[ros2_control_node-1] [WARN] [1776988646.349570753] [controller_manager]: Overrun might occur, Total time : 3691.493 us (Expected < 1000.000 us) --> Read time : 36.872 us, Update time : 225.364 us, Write time : 3429.257 us
[ros2_control_node-1] [WARN] [1776988646.349646693] [controller_manager]: Overrun detected! The controller manager missed its desired rate of 1000 Hz. The loop took 3.790222 ms (missed cycles : 4).
[adl_ui-15] 127.0.0.1 - - [23/Apr/2026 19:57:26] "GET /status_json HTTP/1.1" 200 -
[adl_ui-15] 127.0.0.1 - - [23/Apr/2026 19:57:27] "GET /status_json HTTP/1.1" 200 -
[ros2_control_node-1] [WARN] [1776988647.350488720] [controller_manager]: Overrun might occur, Total time : 2600.309 us (Expected < 1000.000 us) --> Read time : 44.265 us, Update time : 253.799 us, Write time : 2302.245 us
[ros2_control_node-1] [WARN] [1776988647.350592277] [controller_manager]: Overrun detected! The controller manager missed its desired rate of 1000 Hz. The loop took 2.734703 ms (missed cycles : 3).
[adl_ui-15] 127.0.0.1 - - [23/Apr/2026 19:57:27] "GET /status_json HTTP/1.1" 200 -
[vision_apriltag-9] [INFO] [1776988648.167122410] [vision_apriltag_node]: Vision AprilTag: images are arriving, but no AprilTag has been seen for 101.0s.
[ros2_control_node-1] [WARN] [1776988648.352309444] [controller_manager]: Overrun might occur, Total time : 2432.166 us (Expected < 1000.000 us) --> Read time : 39.702 us, Update time : 260.654 us, Write time : 2131.810 us
[ros2_control_node-1] [WARN] [1776988648.352379231] [controller_manager]: Overrun detected! The controller manager missed its desired rate of 1000 Hz. The loop took 2.522790 ms (missed cycles : 3).
[adl_ui-15] 127.0.0.1 - - [23/Apr/2026 19:57:28] "GET /status_json HTTP/1.1" 200 -
[vision_apriltag-9] [INFO] [1776988648.923883064] [vision_apriltag_node]: Vision AprilTag detection debug: no tags found after raw/CLAHE/sharp/adaptive/upscaled/tiled passes.
[ros2_control_node-1] [WARN] [1776988649.353667480] [controller_manager]: Overrun might occur, Total time : 2792.110 us (Expected < 1000.000 us) --> Read time : 30.038 us, Update time : 206.026 us, Write time : 2556.046 us
[ros2_control_node-1] [WARN] [1776988649.353729976] [controller_manager]: Overrun detected! The controller manager missed its desired rate of 1000 Hz. The loop took 2.873466 ms (missed cycles : 3).
[adl_ui-15] 127.0.0.1 - - [23/Apr/2026 19:57:29] "GET /status_json HTTP/1.1" 200 -
[wrist_camera_usb_publisher-8] [INFO] [1776988649.662384783] [wrist_camera_usb_publisher_node]: USB camera publisher heartbeat: publishing 1280x720 frames on /wrist_mounted_camera/image; camera_info fx=920.87, fy=921.57, cx=644.76, cy=343.15.
[vision_apriltag-9] [INFO] [1776988650.165831338] [vision_apriltag_node]: Vision AprilTag: images are arriving, but no AprilTag has been seen for 103.0s.
[adl_ui-15] 127.0.0.1 - - [23/Apr/2026 19:57:30] "GET /status_json HTTP/1.1" 200 -
[ros2_control_node-1] [WARN] [1776988650.357395207] [controller_manager]: Overrun might occur, Total time : 7508.049 us (Expected < 1000.000 us) --> Read time : 46.604 us, Update time : 287.412 us, Write time : 7174.033 us
[ros2_control_node-1] [WARN] [1776988650.357487368] [controller_manager]: Overrun detected! The controller manager missed its desired rate of 1000 Hz. The loop took 7.630700 ms (missed cycles : 8).
[adl_ui-15] 127.0.0.1 - - [23/Apr/2026 19:57:30] "GET /status_json HTTP/1.1" 200 -
[ros2_control_node-1] [WARN] [1776988651.362682920] [controller_manager]: Overrun might occur, Total time : 4783.583 us (Expected < 1000.000 us) --> Read time : 70.286 us, Update time : 293.748 us, Write time : 4419.549 us
[ros2_control_node-1] [WARN] [1776988651.362774354] [controller_manager]: Overrun detected! The controller manager missed its desired rate of 1000 Hz. The loop took 4.917256 ms (missed cycles : 5).
[adl_ui-15] 127.0.0.1 - - [23/Apr/2026 19:57:31] "GET /status_json HTTP/1.1" 200 -
[ros2_control_node-1] [WARN] [1776988652.363864640] [controller_manager]: Overrun might occur, Total time : 2980.066 us (Expected < 1000.000 us) --> Read time : 47.871 us, Update time : 249.019 us, Write time : 2683.176 us
[ros2_control_node-1] [WARN] [1776988652.363939117] [controller_manager]: Overrun detected! The controller manager missed its desired rate of 1000 Hz. The loop took 3.082551 ms (missed cycles : 4).
[vision_apriltag-9] [INFO] [1776988652.367665396] [vision_apriltag_node]: Vision AprilTag: images are arriving, but no AprilTag has been seen for 105.2s.
[adl_ui-15] 127.0.0.1 - - [23/Apr/2026 19:57:32] "GET /status_json HTTP/1.1" 200 -
[adl_ui-15] 127.0.0.1 - - [23/Apr/2026 19:57:33] "GET /status_json HTTP/1.1" 200 -
[ros2_control_node-1] [WARN] [1776988653.367294264] [controller_manager]: Overrun might occur, Total time : 3371.776 us (Expected < 1000.000 us) --> Read time : 38.018 us, Update time : 236.462 us, Write time : 3097.296 us
[ros2_control_node-1] [WARN] [1776988653.367488306] [controller_manager]: Overrun detected! The controller manager missed its desired rate of 1000 Hz. The loop took 3.630238 ms (missed cycles : 4).
[adl_ui-15] 127.0.0.1 - - [23/Apr/2026 19:57:33] "GET /status_json HTTP/1.1" 200 -
[vision_apriltag-9] [INFO] [1776988654.170051580] [vision_apriltag_node]: Vision AprilTag: images are arriving, but no AprilTag has been seen for 107.0s.
[vision_apriltag-9] [INFO] [1776988654.245181915] [vision_apriltag_node]: Vision AprilTag detection debug: no tags found after raw/CLAHE/sharp/adaptive/upscaled/tiled passes.
[ros2_control_node-1] [WARN] [1776988654.368350344] [controller_manager]: Overrun might occur, Total time : 2465.043 us (Expected < 1000.000 us) --> Read time : 28.042 us, Update time : 201.175 us, Write time : 2235.826 us
[ros2_control_node-1] [WARN] [1776988654.368465013] [controller_manager]: Overrun detected! The controller manager missed its desired rate of 1000 Hz. The loop took 2.608390 ms (missed cycles : 3).
[adl_ui-15] 127.0.0.1 - - [23/Apr/2026 19:57:34] "GET /status_json HTTP/1.1" 200 -
[wrist_camera_usb_publisher-8] [INFO] [1776988654.829511276] [wrist_camera_usb_publisher_node]: USB camera publisher heartbeat: publishing 1280x720 frames on /wrist_mounted_camera/image; camera_info fx=920.87, fy=921.57, cx=644.76, cy=343.15.
[ros2_control_node-1] [WARN] [1776988655.371034571] [controller_manager]: Overrun might occur, Total time : 4153.657 us (Expected < 1000.000 us) --> Read time : 38.137 us, Update time : 249.983 us, Write time : 3865.537 us
[ros2_control_node-1] [WARN] [1776988655.371120317] [controller_manager]: Overrun detected! The controller manager missed its desired rate of 1000 Hz. The loop took 4.263574 ms (missed cycles : 5).
[adl_ui-15] 127.0.0.1 - - [23/Apr/2026 19:57:35] "GET /status_json HTTP/1.1" 200 -
[vision_apriltag-9] [INFO] [1776988656.163410051] [vision_apriltag_node]: Vision AprilTag: images are arriving, but no AprilTag has been seen for 109.0s.
[adl_ui-15] 127.0.0.1 - - [23/Apr/2026 19:57:36] "GET /status_json HTTP/1.1" 200 -
[ros2_control_node-1] [WARN] [1776988656.378337842] [controller_manager]: Overrun might occur, Total time : 8453.417 us (Expected < 1000.000 us) --> Read time : 42.463 us, Update time : 273.825 us, Write time : 8137.129 us
[ros2_control_node-1] [WARN] [1776988656.378409729] [controller_manager]: Overrun detected! The controller manager missed its desired rate of 1000 Hz. The loop took 8.552953 ms (missed cycles : 9).
[adl_ui-15] 127.0.0.1 - - [23/Apr/2026 19:57:36] "GET /status_json HTTP/1.1" 200 -
[ros2_control_node-1] [WARN] [1776988657.380376506] [controller_manager]: Overrun might occur, Total time : 5491.276 us (Expected < 1000.000 us) --> Read time : 43.755 us, Update time : 276.817 us, Write time : 5170.704 us
[ros2_control_node-1] [WARN] [1776988657.380452873] [controller_manager]: Overrun detected! The controller manager missed its desired rate of 1000 Hz. The loop took 5.596501 ms (missed cycles : 6).
[adl_ui-15] 127.0.0.1 - - [23/Apr/2026 19:57:37] "GET /status_json HTTP/1.1" 200 -
[vision_apriltag-9] [INFO] [1776988658.164306488] [vision_apriltag_node]: Vision AprilTag: images are arriving, but no AprilTag has been seen for 111.0s.
[ros2_control_node-1] [WARN] [1776988658.381800589] [controller_manager]: Overrun might occur, Total time : 2918.864 us (Expected < 1000.000 us) --> Read time : 42.374 us, Update time : 232.191 us, Write time : 2644.299 us
[ros2_control_node-1] [WARN] [1776988658.381873861] [controller_manager]: Overrun detected! The controller manager missed its desired rate of 1000 Hz. The loop took 3.017591 ms (missed cycles : 4).
[adl_ui-15] 127.0.0.1 - - [23/Apr/2026 19:57:38] "GET /status_json HTTP/1.1" 200 -
[adl_ui-15] 127.0.0.1 - - [23/Apr/2026 19:57:39] "GET /status_json HTTP/1.1" 200 -
[ros2_control_node-1] [WARN] [1776988659.383731082] [controller_manager]: Overrun might occur, Total time : 2851.309 us (Expected < 1000.000 us) --> Read time : 44.839 us, Update time : 269.705 us, Write time : 2536.765 us
[ros2_control_node-1] [WARN] [1776988659.383808441] [controller_manager]: Overrun detected! The controller manager missed its desired rate of 1000 Hz. The loop took 2.951754 ms (missed cycles : 3).
[vision_apriltag-9] [INFO] [1776988659.742945813] [vision_apriltag_node]: Vision AprilTag detection debug: no tags found after raw/CLAHE/sharp/adaptive/upscaled/tiled passes.
[adl_ui-15] 127.0.0.1 - - [23/Apr/2026 19:57:39] "GET /status_json HTTP/1.1" 200 -
[wrist_camera_usb_publisher-8] [INFO] [1776988659.990186385] [wrist_camera_usb_publisher_node]: USB camera publisher heartbeat: publishing 1280x720 frames on /wrist_mounted_camera/image; camera_info fx=920.87, fy=921.57, cx=644.76, cy=343.15.
[ros2_control_node-1] [WARN] [1776988660.384390124] [controller_manager]: Overrun might occur, Total time : 2513.150 us (Expected < 1000.000 us) --> Read time : 39.411 us, Update time : 225.618 us, Write time : 2248.121 us
[ros2_control_node-1] [WARN] [1776988660.384458781] [controller_manager]: Overrun detected! The controller manager missed its desired rate of 1000 Hz. The loop took 2.602366 ms (missed cycles : 3).
[vision_apriltag-9] [INFO] [1776988660.446792591] [vision_apriltag_node]: Vision AprilTag: images are arriving, but no AprilTag has been seen for 113.3s.
[adl_ui-15] 127.0.0.1 - - [23/Apr/2026 19:57:40] "GET /status_json HTTP/1.1" 200 -
[ros2_control_node-1] [WARN] [1776988661.386459004] [controller_manager]: Overrun might occur, Total time : 2573.637 us (Expected < 1000.000 us) --> Read time : 53.238 us, Update time : 301.904 us, Write time : 2218.495 us
[ros2_control_node-1] [WARN] [1776988661.386530472] [controller_manager]: Overrun detected! The controller manager missed its desired rate of 1000 Hz. The loop took 2.674132 ms (missed cycles : 3).
[adl_ui-15] 127.0.0.1 - - [23/Apr/2026 19:57:41] "GET /status_json HTTP/1.1" 200 -
[adl_ui-15] 127.0.0.1 - - [23/Apr/2026 19:57:42] "GET /status_json HTTP/1.1" 200 -
[ros2_control_node-1] [WARN] [1776988662.395471743] [controller_manager]: Overrun might occur, Total time : 8574.538 us (Expected < 1000.000 us) --> Read time : 48.564 us, Update time : 272.324 us, Write time : 8253.650 us
[ros2_control_node-1] [WARN] [1776988662.395598870] [controller_manager]: Overrun detected! The controller manager missed its desired rate of 1000 Hz. The loop took 8.742254 ms (missed cycles : 9).
[vision_apriltag-9] [INFO] [1776988662.414045286] [vision_apriltag_node]: Vision AprilTag: images are arriving, but no AprilTag has been seen for 115.2s.
[adl_ui-15] 127.0.0.1 - - [23/Apr/2026 19:57:42] "GET /status_json HTTP/1.1" 200 -
[ros2_control_node-1] [WARN] [1776988663.397054537] [controller_manager]: Overrun might occur, Total time : 3169.948 us (Expected < 1000.000 us) --> Read time : 43.944 us, Update time : 265.796 us, Write time : 2860.208 us
[ros2_control_node-1] [WARN] [1776988663.397135683] [controller_manager]: Overrun detected! The controller manager missed its desired rate of 1000 Hz. The loop took 3.278890 ms (missed cycles : 4).
[adl_ui-15] 127.0.0.1 - - [23/Apr/2026 19:57:43] "GET /status_json HTTP/1.1" 200 -
[vision_apriltag-9] [INFO] [1776988664.313344742] [vision_apriltag_node]: Vision AprilTag: images are arriving, but no AprilTag has been seen for 117.1s.
[ros2_control_node-1] [WARN] [1776988664.397455882] [controller_manager]: Overrun might occur, Total time : 2568.712 us (Expected < 1000.000 us) --> Read time : 47.186 us, Update time : 243.982 us, Write time : 2277.544 us
[ros2_control_node-1] [WARN] [1776988664.397531104] [controller_manager]: Overrun detected! The controller manager missed its desired rate of 1000 Hz. The loop took 2.674692 ms (missed cycles : 3).
[adl_ui-15] 127.0.0.1 - - [23/Apr/2026 19:57:44] "GET /status_json HTTP/1.1" 200 -
[vision_apriltag-9] [INFO] [1776988664.905861371] [vision_apriltag_node]: Vision AprilTag detection debug: no tags found after raw/CLAHE/sharp/adaptive/upscaled/tiled passes.
[wrist_camera_usb_publisher-8] [INFO] [1776988664.989320583] [wrist_camera_usb_publisher_node]: USB camera publisher heartbeat: publishing 1280x720 frames on /wrist_mounted_camera/image; camera_info fx=920.87, fy=921.57, cx=644.76, cy=343.15.
[adl_ui-15] 127.0.0.1 - - [23/Apr/2026 19:57:45] "GET /status_json HTTP/1.1" 200 -
[ros2_control_node-1] [WARN] [1776988665.397854835] [controller_manager]: Overrun might occur, Total time : 3970.419 us (Expected < 1000.000 us) --> Read time : 45.541 us, Update time : 292.571 us, Write time : 3632.307 us
[ros2_control_node-1] [WARN] [1776988665.397934217] [controller_manager]: Overrun detected! The controller manager missed its desired rate of 1000 Hz. The loop took 4.077668 ms (missed cycles : 5).
[adl_ui-15] 127.0.0.1 - - [23/Apr/2026 19:57:45] "GET /status_json HTTP/1.1" 200 -
[vision_apriltag-9] [INFO] [1776988666.166526170] [vision_apriltag_node]: Vision AprilTag: images are arriving, but no AprilTag has been seen for 119.0s.
[ros2_control_node-1] [WARN] [1776988666.401403386] [controller_manager]: Overrun might occur, Total time : 7521.298 us (Expected < 1000.000 us) --> Read time : 50.827 us, Update time : 242.480 us, Write time : 7227.991 us
[ros2_control_node-1] [WARN] [1776988666.401484415] [controller_manager]: Overrun detected! The controller manager missed its desired rate of 1000 Hz. The loop took 7.627949 ms (missed cycles : 8).
[adl_ui-15] 127.0.0.1 - - [23/Apr/2026 19:57:46] "GET /status_json HTTP/1.1" 200 -
[ros2_control_node-1] [WARN] [1776988667.404332532] [controller_manager]: Overrun might occur, Total time : 2449.620 us (Expected < 1000.000 us) --> Read time : 40.604 us, Update time : 232.383 us, Write time : 2176.633 us
[ros2_control_node-1] [WARN] [1776988667.404413974] [controller_manager]: Overrun detected! The controller manager missed its desired rate of 1000 Hz. The loop took 2.557292 ms (missed cycles : 3).
[adl_ui-15] 127.0.0.1 - - [23/Apr/2026 19:57:47] "GET /status_json HTTP/1.1" 200 -
[vision_apriltag-9] [INFO] [1776988668.163635479] [vision_apriltag_node]: Vision AprilTag: images are arriving, but no AprilTag has been seen for 121.0s.
[adl_ui-15] 127.0.0.1 - - [23/Apr/2026 19:57:48] "GET /status_json HTTP/1.1" 200 -
[ros2_control_node-1] [WARN] [1776988668.404618499] [controller_manager]: Overrun might occur, Total time : 6731.947 us (Expected < 1000.000 us) --> Read time : 47.055 us, Update time : 283.884 us, Write time : 6401.008 us
[ros2_control_node-1] [WARN] [1776988668.404692386] [controller_manager]: Overrun detected! The controller manager missed its desired rate of 1000 Hz. The loop took 6.835841 ms (missed cycles : 7).
[adl_ui-15] 127.0.0.1 - - [23/Apr/2026 19:57:48] "GET /status_json HTTP/1.1" 200 -
[ros2_control_node-1] [WARN] [1776988669.408186890] [controller_manager]: Overrun might occur, Total time : 3301.803 us (Expected < 1000.000 us) --> Read time : 45.689 us, Update time : 290.496 us, Write time : 2965.618 us
[ros2_control_node-1] [WARN] [1776988669.408277493] [controller_manager]: Overrun detected! The controller manager missed its desired rate of 1000 Hz. The loop took 3.419972 ms (missed cycles : 4).
[adl_ui-15] 127.0.0.1 - - [23/Apr/2026 19:57:49] "GET /status_json HTTP/1.1" 200 -
[wrist_camera_usb_publisher-8] [INFO] [1776988670.156581801] [wrist_camera_usb_publisher_node]: USB camera publisher heartbeat: publishing 1280x720 frames on /wrist_mounted_camera/image; camera_info fx=920.87, fy=921.57, cx=644.76, cy=343.15.
[vision_apriltag-9] [INFO] [1776988670.258040196] [vision_apriltag_node]: Vision AprilTag detection debug: no tags found after raw/CLAHE/sharp/adaptive/upscaled/tiled passes.
[vision_apriltag-9] [INFO] [1776988670.267506070] [vision_apriltag_node]: Vision AprilTag: images are arriving, but no AprilTag has been seen for 123.1s.
[ros2_control_node-1] [WARN] [1776988670.409916720] [controller_manager]: Overrun might occur, Total time : 4035.216 us (Expected < 1000.000 us) --> Read time : 38.195 us, Update time : 241.700 us, Write time : 3755.321 us
[ros2_control_node-1] [WARN] [1776988670.410000889] [controller_manager]: Overrun detected! The controller manager missed its desired rate of 1000 Hz. The loop took 4.144080 ms (missed cycles : 5).
[adl_ui-15] 127.0.0.1 - - [23/Apr/2026 19:57:50] "GET /status_json HTTP/1.1" 200 -
[adl_ui-15] 127.0.0.1 - - [23/Apr/2026 19:57:51] "GET /status_json HTTP/1.1" 200 -
[ros2_control_node-1] [WARN] [1776988671.411716772] [controller_manager]: Overrun might occur, Total time : 2835.255 us (Expected < 1000.000 us) --> Read time : 43.986 us, Update time : 260.315 us, Write time : 2530.954 us
[ros2_control_node-1] [WARN] [1776988671.411804519] [controller_manager]: Overrun detected! The controller manager missed its desired rate of 1000 Hz. The loop took 2.948053 ms (missed cycles : 3).
[adl_ui-15] 127.0.0.1 - - [23/Apr/2026 19:57:51] "GET /status_json HTTP/1.1" 200 -
[vision_apriltag-9] [INFO] [1776988672.407398895] [vision_apriltag_node]: Vision AprilTag: images are arriving, but no AprilTag has been seen for 125.2s.
[ros2_control_node-1] [WARN] [1776988672.413190427] [controller_manager]: Overrun might occur, Total time : 3280.505 us (Expected < 1000.000 us) --> Read time : 85.457 us, Update time : 311.495 us, Write time : 2883.553 us
[ros2_control_node-1] [WARN] [1776988672.413290997] [controller_manager]: Overrun detected! The controller manager missed its desired rate of 1000 Hz. The loop took 3.433111 ms (missed cycles : 4).
[adl_ui-15] 127.0.0.1 - - [23/Apr/2026 19:57:52] "GET /status_json HTTP/1.1" 200 -
[ros2_control_node-1] [WARN] [1776988673.416454888] [controller_manager]: Overrun might occur, Total time : 3563.881 us (Expected < 1000.000 us) --> Read time : 34.430 us, Update time : 227.240 us, Write time : 3302.211 us
[ros2_control_node-1] [WARN] [1776988673.416546009] [controller_manager]: Overrun detected! The controller manager missed its desired rate of 1000 Hz. The loop took 3.688034 ms (missed cycles : 4).
[adl_ui-15] 127.0.0.1 - - [23/Apr/2026 19:57:53] "GET /status_json HTTP/1.1" 200 -
[vision_apriltag-9] [INFO] [1776988674.166267230] [vision_apriltag_node]: Vision AprilTag: images are arriving, but no AprilTag has been seen for 127.0s.
[adl_ui-15] 127.0.0.1 - - [23/Apr/2026 19:57:54] "GET /status_json HTTP/1.1" 200 -
[ros2_control_node-1] [WARN] [1776988674.417024325] [controller_manager]: Overrun might occur, Total time : 3146.911 us (Expected < 1000.000 us) --> Read time : 28.407 us, Update time : 188.867 us, Write time : 2929.637 us
[ros2_control_node-1] [WARN] [1776988674.417092012] [controller_manager]: Overrun detected! The controller manager missed its desired rate of 1000 Hz. The loop took 3.235236 ms (missed cycles : 4).
[adl_ui-15] 127.0.0.1 - - [23/Apr/2026 19:57:54] "GET /status_json HTTP/1.1" 200 -
[wrist_camera_usb_publisher-8] [INFO] [1776988675.299683388] [wrist_camera_usb_publisher_node]: USB camera publisher heartbeat: publishing 1280x720 frames on /wrist_mounted_camera/image; camera_info fx=920.87, fy=921.57, cx=644.76, cy=343.15.
[ros2_control_node-1] [WARN] [1776988675.418052288] [controller_manager]: Overrun might occur, Total time : 3169.910 us (Expected < 1000.000 us) --> Read time : 66.331 us, Update time : 387.629 us, Write time : 2715.950 us
[ros2_control_node-1] [WARN] [1776988675.418141951] [controller_manager]: Overrun detected! The controller manager missed its desired rate of 1000 Hz. The loop took 3.284892 ms (missed cycles : 4).
[adl_ui-15] 127.0.0.1 - - [23/Apr/2026 19:57:55] "GET /status_json HTTP/1.1" 200 -
[vision_apriltag-9] [INFO] [1776988675.786374846] [vision_apriltag_node]: Vision AprilTag detection debug: no tags found after raw/CLAHE/sharp/adaptive/upscaled/tiled passes.
[vision_apriltag-9] [INFO] [1776988676.166447770] [vision_apriltag_node]: Vision AprilTag: images are arriving, but no AprilTag has been seen for 129.0s.
[ros2_control_node-1] [WARN] [1776988676.420018382] [controller_manager]: Overrun might occur, Total time : 3135.172 us (Expected < 1000.000 us) --> Read time : 43.559 us, Update time : 242.266 us, Write time : 2849.347 us
[ros2_control_node-1] [WARN] [1776988676.420091186] [controller_manager]: Overrun detected! The controller manager missed its desired rate of 1000 Hz. The loop took 3.234418 ms (missed cycles : 4).
[adl_ui-15] 127.0.0.1 - - [23/Apr/2026 19:57:56] "GET /status_json HTTP/1.1" 200 -
[adl_ui-15] 127.0.0.1 - - [23/Apr/2026 19:57:57] "GET /status_json HTTP/1.1" 200 -
[ros2_control_node-1] [WARN] [1776988677.422052789] [controller_manager]: Overrun might occur, Total time : 3163.014 us (Expected < 1000.000 us) --> Read time : 41.674 us, Update time : 274.541 us, Write time : 2846.799 us
[ros2_control_node-1] [WARN] [1776988677.422179688] [controller_manager]: Overrun detected! The controller manager missed its desired rate of 1000 Hz. The loop took 3.321394 ms (missed cycles : 4).
[adl_ui-15] 127.0.0.1 - - [23/Apr/2026 19:57:57] "GET /status_json HTTP/1.1" 200 -
[vision_apriltag-9] [INFO] [1776988678.167037379] [vision_apriltag_node]: Vision AprilTag: images are arriving, but no AprilTag has been seen for 131.0s.
[ros2_control_node-1] [WARN] [1776988678.423105145] [controller_manager]: Overrun might occur, Total time : 6206.320 us (Expected < 1000.000 us) --> Read time : 66.003 us, Update time : 365.413 us, Write time : 5774.904 us
[ros2_control_node-1] [WARN] [1776988678.423217416] [controller_manager]: Overrun detected! The controller manager missed its desired rate of 1000 Hz. The loop took 6.360962 ms (missed cycles : 7).
[adl_ui-15] 127.0.0.1 - - [23/Apr/2026 19:57:58] "GET /status_json HTTP/1.1" 200 -
[ros2_control_node-1] [WARN] [1776988679.425073294] [controller_manager]: Overrun might occur, Total time : 3196.584 us (Expected < 1000.000 us) --> Read time : 35.820 us, Update time : 248.577 us, Write time : 2912.187 us
[ros2_control_node-1] [WARN] [1776988679.425151433] [controller_manager]: Overrun detected! The controller manager missed its desired rate of 1000 Hz. The loop took 3.294458 ms (missed cycles : 4).
[adl_ui-15] 127.0.0.1 - - [23/Apr/2026 19:57:59] "GET /status_json HTTP/1.1" 200 -
[vision_apriltag-9] [INFO] [1776988680.164576672] [vision_apriltag_node]: Vision AprilTag: images are arriving, but no AprilTag has been seen for 133.0s.
[adl_ui-15] 127.0.0.1 - - [23/Apr/2026 19:58:00] "GET /status_json HTTP/1.1" 200 -
[ros2_control_node-1] [WARN] [1776988680.425793952] [controller_manager]: Overrun might occur, Total time : 2914.770 us (Expected < 1000.000 us) --> Read time : 35.161 us, Update time : 244.630 us, Write time : 2634.979 us
[ros2_control_node-1] [WARN] [1776988680.425866900] [controller_manager]: Overrun detected! The controller manager missed its desired rate of 1000 Hz. The loop took 3.010027 ms (missed cycles : 4).
[wrist_camera_usb_publisher-8] [INFO] [1776988680.465927503] [wrist_camera_usb_publisher_node]: USB camera publisher heartbeat: publishing 1280x720 frames on /wrist_mounted_camera/image; camera_info fx=920.87, fy=921.57, cx=644.76, cy=343.15.
[vision_apriltag-9] [INFO] [1776988680.901718381] [vision_apriltag_node]: Vision AprilTag detection debug: no tags found after raw/CLAHE/sharp/adaptive/upscaled/tiled passes.
[adl_ui-15] 127.0.0.1 - - [23/Apr/2026 19:58:00] "GET /status_json HTTP/1.1" 200 -
[ros2_control_node-1] [WARN] [1776988681.429237885] [controller_manager]: Overrun might occur, Total time : 4355.591 us (Expected < 1000.000 us) --> Read time : 40.476 us, Update time : 250.058 us, Write time : 4065.057 us
[ros2_control_node-1] [WARN] [1776988681.429331233] [controller_manager]: Overrun detected! The controller manager missed its desired rate of 1000 Hz. The loop took 4.474383 ms (missed cycles : 5).
[adl_ui-15] 127.0.0.1 - - [23/Apr/2026 19:58:01] "GET /status_json HTTP/1.1" 200 -
[vision_apriltag-9] [INFO] [1776988682.347428632] [vision_apriltag_node]: Vision AprilTag: images are arriving, but no AprilTag has been seen for 135.2s.
[ros2_control_node-1] [WARN] [1776988682.429336249] [controller_manager]: Overrun might occur, Total time : 2451.898 us (Expected < 1000.000 us) --> Read time : 39.732 us, Update time : 233.483 us, Write time : 2178.683 us
[ros2_control_node-1] [WARN] [1776988682.429405526] [controller_manager]: Overrun detected! The controller manager missed its desired rate of 1000 Hz. The loop took 2.548976 ms (missed cycles : 3).
[adl_ui-15] 127.0.0.1 - - [23/Apr/2026 19:58:02] "GET /status_json HTTP/1.1" 200 -
[adl_ui-15] 127.0.0.1 - - [23/Apr/2026 19:58:03] "GET /status_json HTTP/1.1" 200 -
[ros2_control_node-1] [WARN] [1776988683.429372775] [controller_manager]: Overrun might occur, Total time : 2468.747 us (Expected < 1000.000 us) --> Read time : 38.389 us, Update time : 255.001 us, Write time : 2175.357 us
[ros2_control_node-1] [WARN] [1776988683.429454239] [controller_manager]: Overrun detected! The controller manager missed its desired rate of 1000 Hz. The loop took 2.597660 ms (missed cycles : 3).
[adl_ui-15] 127.0.0.1 - - [23/Apr/2026 19:58:03] "GET /status_json HTTP/1.1" 200 -
[vision_apriltag-9] [INFO] [1776988684.410350603] [vision_apriltag_node]: Vision AprilTag: images are arriving, but no AprilTag has been seen for 137.2s.
[ros2_control_node-1] [WARN] [1776988684.431855736] [controller_manager]: Overrun might occur, Total time : 2954.186 us (Expected < 1000.000 us) --> Read time : 85.145 us, Update time : 386.749 us, Write time : 2482.292 us
[ros2_control_node-1] [WARN] [1776988684.431931366] [controller_manager]: Overrun detected! The controller manager missed its desired rate of 1000 Hz. The loop took 3.074801 ms (missed cycles : 4).
[adl_ui-15] 127.0.0.1 - - [23/Apr/2026 19:58:04] "GET /status_json HTTP/1.1" 200 -
[ros2_control_node-1] [WARN] [1776988685.433601673] [controller_manager]: Overrun might occur, Total time : 2700.072 us (Expected < 1000.000 us) --> Read time : 88.431 us, Update time : 318.003 us, Write time : 2293.638 us
[ros2_control_node-1] [WARN] [1776988685.433668969] [controller_manager]: Overrun detected! The controller manager missed its desired rate of 1000 Hz. The loop took 2.813069 ms (missed cycles : 3).
[adl_ui-15] 127.0.0.1 - - [23/Apr/2026 19:58:05] "GET /status_json HTTP/1.1" 200 -
[wrist_camera_usb_publisher-8] [INFO] [1776988685.626857616] [wrist_camera_usb_publisher_node]: USB camera publisher heartbeat: publishing 1280x720 frames on /wrist_mounted_camera/image; camera_info fx=920.87, fy=921.57, cx=644.76, cy=343.15.
[adl_ui-15] 127.0.0.1 - - [23/Apr/2026 19:58:06] "GET /status_json HTTP/1.1" 200 -
[ros2_control_node-1] [WARN] [1776988686.436600557] [controller_manager]: Overrun might occur, Total time : 2718.795 us (Expected < 1000.000 us) --> Read time : 38.430 us, Update time : 216.621 us, Write time : 2463.744 us
[ros2_control_node-1] [WARN] [1776988686.436679332] [controller_manager]: Overrun detected! The controller manager missed its desired rate of 1000 Hz. The loop took 2.821989 ms (missed cycles : 3).
[vision_apriltag-9] [INFO] [1776988686.496569127] [vision_apriltag_node]: Vision AprilTag detection debug: no tags found after raw/CLAHE/sharp/adaptive/upscaled/tiled passes.
[vision_apriltag-9] [INFO] [1776988686.502797735] [vision_apriltag_node]: Vision AprilTag: images are arriving, but no AprilTag has been seen for 139.3s.
[adl_ui-15] 127.0.0.1 - - [23/Apr/2026 19:58:06] "GET /status_json HTTP/1.1" 200 -
[ros2_control_node-1] [WARN] [1776988687.439572467] [controller_manager]: Overrun might occur, Total time : 2691.274 us (Expected < 1000.000 us) --> Read time : 39.778 us, Update time : 238.627 us, Write time : 2412.869 us
[ros2_control_node-1] [WARN] [1776988687.439639882] [controller_manager]: Overrun detected! The controller manager missed its desired rate of 1000 Hz. The loop took 2.783318 ms (missed cycles : 3).
[adl_ui-15] 127.0.0.1 - - [23/Apr/2026 19:58:07] "GET /status_json HTTP/1.1" 200 -
[vision_apriltag-9] [INFO] [1776988688.165602492] [vision_apriltag_node]: Vision AprilTag: images are arriving, but no AprilTag has been seen for 141.0s.
[ros2_control_node-1] [WARN] [1776988688.440337005] [controller_manager]: Overrun might occur, Total time : 4452.591 us (Expected < 1000.000 us) --> Read time : 49.728 us, Update time : 262.204 us, Write time : 4140.659 us
[ros2_control_node-1] [WARN] [1776988688.440421409] [controller_manager]: Overrun detected! The controller manager missed its desired rate of 1000 Hz. The loop took 4.564362 ms (missed cycles : 5).
[adl_ui-15] 127.0.0.1 - - [23/Apr/2026 19:58:08] "GET /status_json HTTP/1.1" 200 -
[adl_ui-15] 127.0.0.1 - - [23/Apr/2026 19:58:09] "GET /status_json HTTP/1.1" 200 -
[ros2_control_node-1] [WARN] [1776988689.443785640] [controller_manager]: Overrun might occur, Total time : 2902.591 us (Expected < 1000.000 us) --> Read time : 43.512 us, Update time : 221.850 us, Write time : 2637.229 us
[ros2_control_node-1] [WARN] [1776988689.443871123] [controller_manager]: Overrun detected! The controller manager missed its desired rate of 1000 Hz. The loop took 3.014556 ms (missed cycles : 4).
[adl_ui-15] 127.0.0.1 - - [23/Apr/2026 19:58:09] "GET /status_json HTTP/1.1" 200 -
[vision_apriltag-9] [INFO] [1776988690.165367912] [vision_apriltag_node]: Vision AprilTag: images are arriving, but no AprilTag has been seen for 143.0s.
[ros2_control_node-1] [WARN] [1776988690.445984136] [controller_manager]: Overrun might occur, Total time : 3102.064 us (Expected < 1000.000 us) --> Read time : 39.926 us, Update time : 236.928 us, Write time : 2825.210 us
[ros2_control_node-1] [WARN] [1776988690.446069188] [controller_manager]: Overrun detected! The controller manager missed its desired rate of 1000 Hz. The loop took 3.211853 ms (missed cycles : 4).
[adl_ui-15] 127.0.0.1 - - [23/Apr/2026 19:58:10] "GET /status_json HTTP/1.1" 200 -
[wrist_camera_usb_publisher-8] [INFO] [1776988690.789644958] [wrist_camera_usb_publisher_node]: USB camera publisher heartbeat: publishing 1280x720 frames on /wrist_mounted_camera/image; camera_info fx=920.87, fy=921.57, cx=644.76, cy=343.15.
[ros2_control_node-1] [WARN] [1776988691.447266343] [controller_manager]: Overrun might occur, Total time : 5375.141 us (Expected < 1000.000 us) --> Read time : 47.857 us, Update time : 274.819 us, Write time : 5052.465 us
[ros2_control_node-1] [WARN] [1776988691.447351672] [controller_manager]: Overrun detected! The controller manager missed its desired rate of 1000 Hz. The loop took 5.494972 ms (missed cycles : 6).
[adl_ui-15] 127.0.0.1 - - [23/Apr/2026 19:58:11] "GET /status_json HTTP/1.1" 200 -
[vision_apriltag-9] [INFO] [1776988691.820468019] [vision_apriltag_node]: Vision AprilTag detection debug: no tags found after raw/CLAHE/sharp/adaptive/upscaled/tiled passes.
[vision_apriltag-9] [INFO] [1776988692.164215315] [vision_apriltag_node]: Vision AprilTag: images are arriving, but no AprilTag has been seen for 145.0s.
[adl_ui-15] 127.0.0.1 - - [23/Apr/2026 19:58:12] "GET /status_json HTTP/1.1" 200 -
[ros2_control_node-1] [WARN] [1776988692.448525130] [controller_manager]: Overrun might occur, Total time : 2621.435 us (Expected < 1000.000 us) --> Read time : 76.634 us, Update time : 388.761 us, Write time : 2156.040 us
[ros2_control_node-1] [WARN] [1776988692.448610865] [controller_manager]: Overrun detected! The controller manager missed its desired rate of 1000 Hz. The loop took 2.754205 ms (missed cycles : 3).
[adl_ui-15] 127.0.0.1 - - [23/Apr/2026 19:58:12] "GET /status_json HTTP/1.1" 200 -
[ros2_control_node-1] [WARN] [1776988693.450928032] [controller_manager]: Overrun might occur, Total time : 3034.284 us (Expected < 1000.000 us) --> Read time : 62.310 us, Update time : 288.000 us, Write time : 2683.974 us
[ros2_control_node-1] [WARN] [1776988693.451038030] [controller_manager]: Overrun detected! The controller manager missed its desired rate of 1000 Hz. The loop took 3.181231 ms (missed cycles : 4).
[adl_ui-15] 127.0.0.1 - - [23/Apr/2026 19:58:13] "GET /status_json HTTP/1.1" 200 -
[vision_apriltag-9] [INFO] [1776988694.376368747] [vision_apriltag_node]: Vision AprilTag: images are arriving, but no AprilTag has been seen for 147.2s.
[ros2_control_node-1] [WARN] [1776988694.453847389] [controller_manager]: Overrun might occur, Total time : 2965.140 us (Expected < 1000.000 us) --> Read time : 58.605 us, Update time : 303.127 us, Write time : 2603.408 us
[ros2_control_node-1] [WARN] [1776988694.453921255] [controller_manager]: Overrun detected! The controller manager missed its desired rate of 1000 Hz. The loop took 3.064261 ms (missed cycles : 4).
[adl_ui-15] 127.0.0.1 - - [23/Apr/2026 19:58:14] "GET /status_json HTTP/1.1" 200 -
[adl_ui-15] 127.0.0.1 - - [23/Apr/2026 19:58:15] "GET /status_json HTTP/1.1" 200 -
[ros2_control_node-1] [WARN] [1776988695.454361838] [controller_manager]: Overrun might occur, Total time : 2482.930 us (Expected < 1000.000 us) --> Read time : 55.948 us, Update time : 299.822 us, Write time : 2127.160 us
[ros2_control_node-1] [WARN] [1776988695.454427816] [controller_manager]: Overrun detected! The controller manager missed its desired rate of 1000 Hz. The loop took 2.571373 ms (missed cycles : 3).
[wrist_camera_usb_publisher-8] [INFO] [1776988695.944049465] [wrist_camera_usb_publisher_node]: USB camera publisher heartbeat: publishing 1280x720 frames on /wrist_mounted_camera/image; camera_info fx=920.87, fy=921.57, cx=644.76, cy=343.15.
[adl_ui-15] 127.0.0.1 - - [23/Apr/2026 19:58:15] "GET /status_json HTTP/1.1" 200 -
[vision_apriltag-9] [INFO] [1776988696.165029934] [vision_apriltag_node]: Vision AprilTag: images are arriving, but no AprilTag has been seen for 149.0s.
[ros2_control_node-1] [WARN] [1776988696.454386335] [controller_manager]: Overrun might occur, Total time : 3497.591 us (Expected < 1000.000 us) --> Read time : 48.117 us, Update time : 240.519 us, Write time : 3208.955 us
[ros2_control_node-1] [WARN] [1776988696.454471087] [controller_manager]: Overrun detected! The controller manager missed its desired rate of 1000 Hz. The loop took 3.613758 ms (missed cycles : 4).
[adl_ui-15] 127.0.0.1 - - [23/Apr/2026 19:58:16] "GET /status_json HTTP/1.1" 200 -
[vision_apriltag-9] [INFO] [1776988697.114783557] [vision_apriltag_node]: Vision AprilTag detection debug: no tags found after raw/CLAHE/sharp/adaptive/upscaled/tiled passes.
[ros2_control_node-1] [WARN] [1776988697.455994487] [controller_manager]: Overrun might occur, Total time : 3117.153 us (Expected < 1000.000 us) --> Read time : 35.444 us, Update time : 225.890 us, Write time : 2855.819 us
[ros2_control_node-1] [WARN] [1776988697.456068362] [controller_manager]: Overrun detected! The controller manager missed its desired rate of 1000 Hz. The loop took 3.211023 ms (missed cycles : 4).
[adl_ui-15] 127.0.0.1 - - [23/Apr/2026 19:58:17] "GET /status_json HTTP/1.1" 200 -
[vision_apriltag-9] [INFO] [1776988698.164814147] [vision_apriltag_node]: Vision AprilTag: images are arriving, but no AprilTag has been seen for 151.0s.
[adl_ui-15] 127.0.0.1 - - [23/Apr/2026 19:58:18] "GET /status_json HTTP/1.1" 200 -
[ros2_control_node-1] [WARN] [1776988698.456881009] [controller_manager]: Overrun might occur, Total time : 2990.350 us (Expected < 1000.000 us) --> Read time : 42.832 us, Update time : 276.540 us, Write time : 2670.978 us
[ros2_control_node-1] [WARN] [1776988698.457018156] [controller_manager]: Overrun detected! The controller manager missed its desired rate of 1000 Hz. The loop took 3.159723 ms (missed cycles : 4).
[adl_ui-15] 127.0.0.1 - - [23/Apr/2026 19:58:18] "GET /status_json HTTP/1.1" 200 -
[ros2_control_node-1] [WARN] [1776988699.461428379] [controller_manager]: Overrun might occur, Total time : 4539.799 us (Expected < 1000.000 us) --> Read time : 62.623 us, Update time : 349.498 us, Write time : 4127.678 us
[ros2_control_node-1] [WARN] [1776988699.461514908] [controller_manager]: Overrun detected! The controller manager missed its desired rate of 1000 Hz. The loop took 4.657958 ms (missed cycles : 5).
[adl_ui-15] 127.0.0.1 - - [23/Apr/2026 19:58:19] "GET /status_json HTTP/1.1" 200 -
[vision_apriltag-9] [INFO] [1776988700.168582784] [vision_apriltag_node]: Vision AprilTag: images are arriving, but no AprilTag has been seen for 153.0s.
[ros2_control_node-1] [WARN] [1776988700.464378698] [controller_manager]: Overrun might occur, Total time : 3492.814 us (Expected < 1000.000 us) --> Read time : 46.843 us, Update time : 245.607 us, Write time : 3200.364 us
[ros2_control_node-1] [WARN] [1776988700.464473123] [controller_manager]: Overrun detected! The controller manager missed its desired rate of 1000 Hz. The loop took 3.615964 ms (missed cycles : 4).
[adl_ui-15] 127.0.0.1 - - [23/Apr/2026 19:58:20] "GET /status_json HTTP/1.1" 200 -
[wrist_camera_usb_publisher-8] [INFO] [1776988701.104810225] [wrist_camera_usb_publisher_node]: USB camera publisher heartbeat: publishing 1280x720 frames on /wrist_mounted_camera/image; camera_info fx=920.87, fy=921.57, cx=644.76, cy=343.15.
[adl_ui-15] 127.0.0.1 - - [23/Apr/2026 19:58:21] "GET /status_json HTTP/1.1" 200 -
[ros2_control_node-1] [WARN] [1776988701.468821116] [controller_manager]: Overrun might occur, Total time : 4930.664 us (Expected < 1000.000 us) --> Read time : 52.488 us, Update time : 255.932 us, Write time : 4622.244 us
[ros2_control_node-1] [WARN] [1776988701.468932387] [controller_manager]: Overrun detected! The controller manager missed its desired rate of 1000 Hz. The loop took 5.075271 ms (missed cycles : 6).
[adl_ui-15] 127.0.0.1 - - [23/Apr/2026 19:58:21] "GET /status_json HTTP/1.1" 200 -
[vision_apriltag-9] [INFO] [1776988702.165197346] [vision_apriltag_node]: Vision AprilTag: images are arriving, but no AprilTag has been seen for 155.0s.
[vision_apriltag-9] [INFO] [1776988702.287081002] [vision_apriltag_node]: Vision AprilTag detection debug: no tags found after raw/CLAHE/sharp/adaptive/upscaled/tiled passes.
[ros2_control_node-1] [WARN] [1776988702.471633527] [controller_manager]: Overrun might occur, Total time : 2747.734 us (Expected < 1000.000 us) --> Read time : 43.819 us, Update time : 212.161 us, Write time : 2491.754 us
[ros2_control_node-1] [WARN] [1776988702.471711738] [controller_manager]: Overrun detected! The controller manager missed its desired rate of 1000 Hz. The loop took 2.855220 ms (missed cycles : 3).
[adl_ui-15] 127.0.0.1 - - [23/Apr/2026 19:58:22] "GET /status_json HTTP/1.1" 200 -
[ros2_control_node-1] [WARN] [1776988703.473810925] [controller_manager]: Overrun might occur, Total time : 2931.357 us (Expected < 1000.000 us) --> Read time : 46.087 us, Update time : 251.019 us, Write time : 2634.251 us
[ros2_control_node-1] [WARN] [1776988703.473878395] [controller_manager]: Overrun detected! The controller manager missed its desired rate of 1000 Hz. The loop took 3.022400 ms (missed cycles : 4).
[adl_ui-15] 127.0.0.1 - - [23/Apr/2026 19:58:23] "GET /status_json HTTP/1.1" 200 -
[adl_ui-15] 127.0.0.1 - - [23/Apr/2026 19:58:24] "GET /status_json HTTP/1.1" 200 -
[ros2_control_node-1] [WARN] [1776988704.475359014] [controller_manager]: Overrun might occur, Total time : 3457.604 us (Expected < 1000.000 us) --> Read time : 56.264 us, Update time : 253.150 us, Write time : 3148.190 us
[ros2_control_node-1] [WARN] [1776988704.475517811] [controller_manager]: Overrun detected! The controller manager missed its desired rate of 1000 Hz. The loop took 3.658941 ms (missed cycles : 4).
[vision_apriltag-9] [INFO] [1776988704.788975614] [vision_apriltag_node]: Vision AprilTag: images are arriving, but no AprilTag has been seen for 157.6s.
[adl_ui-15] 127.0.0.1 - - [23/Apr/2026 19:58:24] "GET /status_json HTTP/1.1" 200 -
[ros2_control_node-1] [WARN] [1776988705.477959954] [controller_manager]: Overrun might occur, Total time : 4075.110 us (Expected < 1000.000 us) --> Read time : 46.317 us, Update time : 253.483 us, Write time : 3775.310 us
[ros2_control_node-1] [WARN] [1776988705.478035082] [controller_manager]: Overrun detected! The controller manager missed its desired rate of 1000 Hz. The loop took 4.178904 ms (missed cycles : 5).
[adl_ui-15] 127.0.0.1 - - [23/Apr/2026 19:58:25] "GET /status_json HTTP/1.1" 200 -
[wrist_camera_usb_publisher-8] [INFO] [1776988706.104898006] [wrist_camera_usb_publisher_node]: USB camera publisher heartbeat: publishing 1280x720 frames on /wrist_mounted_camera/image; camera_info fx=920.87, fy=921.57, cx=644.76, cy=343.15.
[ros2_control_node-1] [WARN] [1776988706.478824897] [controller_manager]: Overrun might occur, Total time : 3939.698 us (Expected < 1000.000 us) --> Read time : 46.115 us, Update time : 243.009 us, Write time : 3650.574 us
[ros2_control_node-1] [WARN] [1776988706.478909419] [controller_manager]: Overrun detected! The controller manager missed its desired rate of 1000 Hz. The loop took 4.052071 ms (missed cycles : 5).
[adl_ui-15] 127.0.0.1 - - [23/Apr/2026 19:58:26] "GET /status_json HTTP/1.1" 200 -
[vision_apriltag-9] [INFO] [1776988706.764994616] [vision_apriltag_node]: Vision AprilTag: images are arriving, but no AprilTag has been seen for 159.6s.
[adl_ui-15] 127.0.0.1 - - [23/Apr/2026 19:58:27] "GET /status_json HTTP/1.1" 200 -
[vision_apriltag-9] [INFO] [1776988707.423833852] [vision_apriltag_node]: Vision AprilTag detection debug: no tags found after raw/CLAHE/sharp/adaptive/upscaled/tiled passes.
[ros2_control_node-1] [WARN] [1776988707.482682796] [controller_manager]: Overrun might occur, Total time : 3781.034 us (Expected < 1000.000 us) --> Read time : 82.024 us, Update time : 259.250 us, Write time : 3439.760 us
[ros2_control_node-1] [WARN] [1776988707.482762597] [controller_manager]: Overrun detected! The controller manager missed its desired rate of 1000 Hz. The loop took 3.905163 ms (missed cycles : 4).
[adl_ui-15] 127.0.0.1 - - [23/Apr/2026 19:58:27] "GET /status_json HTTP/1.1" 200 -
[vision_apriltag-9] [INFO] [1776988708.163685106] [vision_apriltag_node]: Vision AprilTag: images are arriving, but no AprilTag has been seen for 161.0s.
[ros2_control_node-1] [WARN] [1776988708.484703471] [controller_manager]: Overrun might occur, Total time : 2821.743 us (Expected < 1000.000 us) --> Read time : 46.796 us, Update time : 243.618 us, Write time : 2531.329 us
[ros2_control_node-1] [WARN] [1776988708.484761092] [controller_manager]: Overrun detected! The controller manager missed its desired rate of 1000 Hz. The loop took 2.904969 ms (missed cycles : 3).
[adl_ui-15] 127.0.0.1 - - [23/Apr/2026 19:58:28] "GET /status_json HTTP/1.1" 200 -
[ros2_control_node-1] [WARN] [1776988709.485608160] [controller_manager]: Overrun might occur, Total time : 2730.068 us (Expected < 1000.000 us) --> Read time : 39.109 us, Update time : 248.688 us, Write time : 2442.271 us
[ros2_control_node-1] [WARN] [1776988709.485679280] [controller_manager]: Overrun detected! The controller manager missed its desired rate of 1000 Hz. The loop took 2.822780 ms (missed cycles : 3).
[adl_ui-15] 127.0.0.1 - - [23/Apr/2026 19:58:29] "GET /status_json HTTP/1.1" 200 -
[vision_apriltag-9] [INFO] [1776988710.163843714] [vision_apriltag_node]: Vision AprilTag: images are arriving, but no AprilTag has been seen for 163.0s.
[adl_ui-15] 127.0.0.1 - - [23/Apr/2026 19:58:30] "GET /status_json HTTP/1.1" 200 -
[ros2_control_node-1] [WARN] [1776988710.489438555] [controller_manager]: Overrun might occur, Total time : 3554.133 us (Expected < 1000.000 us) --> Read time : 42.354 us, Update time : 241.066 us, Write time : 3270.713 us
[ros2_control_node-1] [WARN] [1776988710.489543105] [controller_manager]: Overrun detected! The controller manager missed its desired rate of 1000 Hz. The loop took 3.686102 ms (missed cycles : 4).
[adl_ui-15] 127.0.0.1 - - [23/Apr/2026 19:58:30] "GET /status_json HTTP/1.1" 200 -
[wrist_camera_usb_publisher-8] [INFO] [1776988711.272533887] [wrist_camera_usb_publisher_node]: USB camera publisher heartbeat: publishing 1280x720 frames on /wrist_mounted_camera/image; camera_info fx=920.87, fy=921.57, cx=644.76, cy=343.15.
[ros2_control_node-1] [WARN] [1776988711.489866337] [controller_manager]: Overrun might occur, Total time : 2973.338 us (Expected < 1000.000 us) --> Read time : 63.444 us, Update time : 284.717 us, Write time : 2625.177 us
[ros2_control_node-1] [WARN] [1776988711.489960687] [controller_manager]: Overrun detected! The controller manager missed its desired rate of 1000 Hz. The loop took 3.103671 ms (missed cycles : 4).
[adl_ui-15] 127.0.0.1 - - [23/Apr/2026 19:58:31] "GET /status_json HTTP/1.1" 200 -
[vision_apriltag-9] [INFO] [1776988712.164463195] [vision_apriltag_node]: Vision AprilTag: images are arriving, but no AprilTag has been seen for 165.0s.
[adl_ui-15] 127.0.0.1 - - [23/Apr/2026 19:58:32] "GET /status_json HTTP/1.1" 200 -
[ros2_control_node-1] [WARN] [1776988712.491813188] [controller_manager]: Overrun might occur, Total time : 2912.146 us (Expected < 1000.000 us) --> Read time : 65.385 us, Update time : 270.851 us, Write time : 2575.910 us
[ros2_control_node-1] [WARN] [1776988712.491907236] [controller_manager]: Overrun detected! The controller manager missed its desired rate of 1000 Hz. The loop took 3.050605 ms (missed cycles : 4).
[vision_apriltag-9] [INFO] [1776988712.988305534] [vision_apriltag_node]: Vision AprilTag detection debug: no tags found after raw/CLAHE/sharp/adaptive/upscaled/tiled passes.
[adl_ui-15] 127.0.0.1 - - [23/Apr/2026 19:58:33] "GET /status_json HTTP/1.1" 200 -
[ros2_control_node-1] [WARN] [1776988713.492163878] [controller_manager]: Overrun might occur, Total time : 9279.253 us (Expected < 1000.000 us) --> Read time : 40.734 us, Update time : 244.734 us, Write time : 8993.785 us
[ros2_control_node-1] [WARN] [1776988713.492252378] [controller_manager]: Overrun detected! The controller manager missed its desired rate of 1000 Hz. The loop took 9.395499 ms (missed cycles : 10).
[adl_ui-15] 127.0.0.1 - - [23/Apr/2026 19:58:33] "GET /status_json HTTP/1.1" 200 -
[vision_apriltag-9] [INFO] [1776988714.166400741] [vision_apriltag_node]: Vision AprilTag: images are arriving, but no AprilTag has been seen for 167.0s.
[ros2_control_node-1] [WARN] [1776988714.494178045] [controller_manager]: Overrun might occur, Total time : 4290.652 us (Expected < 1000.000 us) --> Read time : 40.807 us, Update time : 233.624 us, Write time : 4016.221 us
[ros2_control_node-1] [WARN] [1776988714.494269625] [controller_manager]: Overrun detected! The controller manager missed its desired rate of 1000 Hz. The loop took 4.412410 ms (missed cycles : 5).
[adl_ui-15] 127.0.0.1 - - [23/Apr/2026 19:58:34] "GET /status_json HTTP/1.1" 200 -
[ros2_control_node-1] [WARN] [1776988715.498382064] [controller_manager]: Overrun might occur, Total time : 4490.470 us (Expected < 1000.000 us) --> Read time : 58.437 us, Update time : 255.112 us, Write time : 4176.921 us
[ros2_control_node-1] [WARN] [1776988715.498462798] [controller_manager]: Overrun detected! The controller manager missed its desired rate of 1000 Hz. The loop took 4.605945 ms (missed cycles : 5).
[adl_ui-15] 127.0.0.1 - - [23/Apr/2026 19:58:35] "GET /status_json HTTP/1.1" 200 -
[vision_apriltag-9] [INFO] [1776988716.163400820] [vision_apriltag_node]: Vision AprilTag: images are arriving, but no AprilTag has been seen for 169.0s.
[adl_ui-15] 127.0.0.1 - - [23/Apr/2026 19:58:36] "GET /status_json HTTP/1.1" 200 -
[wrist_camera_usb_publisher-8] [INFO] [1776988716.423643238] [wrist_camera_usb_publisher_node]: USB camera publisher heartbeat: publishing 1280x720 frames on /wrist_mounted_camera/image; camera_info fx=920.87, fy=921.57, cx=644.76, cy=343.15.
[ros2_control_node-1] [WARN] [1776988716.500190623] [controller_manager]: Overrun might occur, Total time : 4306.311 us (Expected < 1000.000 us) --> Read time : 41.322 us, Update time : 266.132 us, Write time : 3998.857 us
[ros2_control_node-1] [WARN] [1776988716.500278133] [controller_manager]: Overrun detected! The controller manager missed its desired rate of 1000 Hz. The loop took 4.420848 ms (missed cycles : 5).
[adl_ui-15] 127.0.0.1 - - [23/Apr/2026 19:58:37] "GET /status_json HTTP/1.1" 200 -
[ros2_control_node-1] [WARN] [1776988717.501884808] [controller_manager]: Overrun might occur, Total time : 3003.690 us (Expected < 1000.000 us) --> Read time : 36.057 us, Update time : 288.656 us, Write time : 2678.977 us
[ros2_control_node-1] [WARN] [1776988717.501969384] [controller_manager]: Overrun detected! The controller manager missed its desired rate of 1000 Hz. The loop took 3.112516 ms (missed cycles : 4).
[adl_ui-15] 127.0.0.1 - - [23/Apr/2026 19:58:37] "GET /status_json HTTP/1.1" 200 -
[vision_apriltag-9] [INFO] [1776988718.171920559] [vision_apriltag_node]: Vision AprilTag: images are arriving, but no AprilTag has been seen for 171.0s.
[vision_apriltag-9] [INFO] [1776988718.484860621] [vision_apriltag_node]: Vision AprilTag detection debug: no tags found after raw/CLAHE/sharp/adaptive/upscaled/tiled passes.
[adl_ui-15] 127.0.0.1 - - [23/Apr/2026 19:58:38] "GET /status_json HTTP/1.1" 200 -
[ros2_control_node-1] [WARN] [1776988718.507203009] [controller_manager]: Overrun might occur, Total time : 5315.922 us (Expected < 1000.000 us) --> Read time : 44.703 us, Update time : 272.074 us, Write time : 4999.145 us
[ros2_control_node-1] [WARN] [1776988718.507309107] [controller_manager]: Overrun detected! The controller manager missed its desired rate of 1000 Hz. The loop took 5.452104 ms (missed cycles : 6).
[adl_ui-15] 127.0.0.1 - - [23/Apr/2026 19:58:39] "GET /status_json HTTP/1.1" 200 -
[ros2_control_node-1] [WARN] [1776988719.507643146] [controller_manager]: Overrun might occur, Total time : 2764.478 us (Expected < 1000.000 us) --> Read time : 37.500 us, Update time : 225.360 us, Write time : 2501.618 us
[ros2_control_node-1] [WARN] [1776988719.507727074] [controller_manager]: Overrun detected! The controller manager missed its desired rate of 1000 Hz. The loop took 2.870569 ms (missed cycles : 3).
[adl_ui-15] 127.0.0.1 - - [23/Apr/2026 19:58:40] "GET /status_json HTTP/1.1" 200 -
[vision_apriltag-9] [INFO] [1776988720.224041400] [vision_apriltag_node]: Vision AprilTag: images are arriving, but no AprilTag has been seen for 173.0s.
[ros2_control_node-1] [WARN] [1776988720.508523347] [controller_manager]: Overrun might occur, Total time : 3626.483 us (Expected < 1000.000 us) --> Read time : 46.237 us, Update time : 246.637 us, Write time : 3333.609 us
[ros2_control_node-1] [WARN] [1776988720.508670891] [controller_manager]: Overrun detected! The controller manager missed its desired rate of 1000 Hz. The loop took 3.813090 ms (missed cycles : 4).
[adl_ui-15] 127.0.0.1 - - [23/Apr/2026 19:58:40] "GET /status_json HTTP/1.1" 200 -
[adl_ui-15] 127.0.0.1 - - [23/Apr/2026 19:58:41] "GET /status_json HTTP/1.1" 200 -
[ros2_control_node-1] [WARN] [1776988721.509889942] [controller_manager]: Overrun might occur, Total time : 3016.713 us (Expected < 1000.000 us) --> Read time : 27.902 us, Update time : 258.125 us, Write time : 2730.686 us
[ros2_control_node-1] [WARN] [1776988721.509951489] [controller_manager]: Overrun detected! The controller manager missed its desired rate of 1000 Hz. The loop took 3.094717 ms (missed cycles : 4).
[wrist_camera_usb_publisher-8] [INFO] [1776988721.580675805] [wrist_camera_usb_publisher_node]: USB camera publisher heartbeat: publishing 1280x720 frames on /wrist_mounted_camera/image; camera_info fx=920.87, fy=921.57, cx=644.76, cy=343.15.
[vision_apriltag-9] [INFO] [1776988722.172395228] [vision_apriltag_node]: Vision AprilTag: images are arriving, but no AprilTag has been seen for 175.0s.
[adl_ui-15] 127.0.0.1 - - [23/Apr/2026 19:58:42] "GET /status_json HTTP/1.1" 200 -
[ros2_control_node-1] [WARN] [1776988722.512915785] [controller_manager]: Overrun might occur, Total time : 3005.975 us (Expected < 1000.000 us) --> Read time : 126.507 us, Update time : 422.283 us, Write time : 2457.185 us
[ros2_control_node-1] [WARN] [1776988722.513017536] [controller_manager]: Overrun detected! The controller manager missed its desired rate of 1000 Hz. The loop took 3.159747 ms (missed cycles : 4).
[adl_ui-15] 127.0.0.1 - - [23/Apr/2026 19:58:43] "GET /status_json HTTP/1.1" 200 -
[ros2_control_node-1] [WARN] [1776988723.515507957] [controller_manager]: Overrun might occur, Total time : 3617.911 us (Expected < 1000.000 us) --> Read time : 53.601 us, Update time : 283.263 us, Write time : 3281.047 us
[ros2_control_node-1] [WARN] [1776988723.515629351] [controller_manager]: Overrun detected! The controller manager missed its desired rate of 1000 Hz. The loop took 3.772001 ms (missed cycles : 4).
[vision_apriltag-9] [INFO] [1776988723.554769504] [vision_apriltag_node]: Vision AprilTag detection debug: no tags found after raw/CLAHE/sharp/adaptive/upscaled/tiled passes.
[adl_ui-15] 127.0.0.1 - - [23/Apr/2026 19:58:43] "GET /status_json HTTP/1.1" 200 -
[vision_apriltag-9] [INFO] [1776988724.165149481] [vision_apriltag_node]: Vision AprilTag: images are arriving, but no AprilTag has been seen for 177.0s.
[adl_ui-15] 127.0.0.1 - - [23/Apr/2026 19:58:44] "GET /status_json HTTP/1.1" 200 -
[ros2_control_node-1] [WARN] [1776988724.516302670] [controller_manager]: Overrun might occur, Total time : 2417.931 us (Expected < 1000.000 us) --> Read time : 43.401 us, Update time : 263.863 us, Write time : 2110.667 us
[ros2_control_node-1] [WARN] [1776988724.516385243] [controller_manager]: Overrun detected! The controller manager missed its desired rate of 1000 Hz. The loop took 2.527913 ms (missed cycles : 3).
[adl_ui-15] 127.0.0.1 - - [23/Apr/2026 19:58:45] "GET /status_json HTTP/1.1" 200 -
[ros2_control_node-1] [WARN] [1776988725.518058981] [controller_manager]: Overrun might occur, Total time : 3179.992 us (Expected < 1000.000 us) --> Read time : 38.487 us, Update time : 253.157 us, Write time : 2888.348 us
[ros2_control_node-1] [WARN] [1776988725.518135726] [controller_manager]: Overrun detected! The controller manager missed its desired rate of 1000 Hz. The loop took 3.279211 ms (missed cycles : 4).
[adl_ui-15] 127.0.0.1 - - [23/Apr/2026 19:58:46] "GET /status_json HTTP/1.1" 200 -
[vision_apriltag-9] [INFO] [1776988726.165002624] [vision_apriltag_node]: Vision AprilTag: images are arriving, but no AprilTag has been seen for 179.0s.
[ros2_control_node-1] [WARN] [1776988726.519555151] [controller_manager]: Overrun might occur, Total time : 2669.257 us (Expected < 1000.000 us) --> Read time : 42.894 us, Update time : 266.466 us, Write time : 2359.897 us
[ros2_control_node-1] [WARN] [1776988726.519670246] [controller_manager]: Overrun detected! The controller manager missed its desired rate of 1000 Hz. The loop took 2.813503 ms (missed cycles : 3).
[wrist_camera_usb_publisher-8] [INFO] [1776988726.750078937] [wrist_camera_usb_publisher_node]: USB camera publisher heartbeat: publishing 1280x720 frames on /wrist_mounted_camera/image; camera_info fx=920.87, fy=921.57, cx=644.76, cy=343.15.
[adl_ui-15] 127.0.0.1 - - [23/Apr/2026 19:58:46] "GET /status_json HTTP/1.1" 200 -
[adl_ui-15] 127.0.0.1 - - [23/Apr/2026 19:58:47] "GET /status_json HTTP/1.1" 200 -
[ros2_control_node-1] [WARN] [1776988727.521691337] [controller_manager]: Overrun might occur, Total time : 2812.598 us (Expected < 1000.000 us) --> Read time : 45.066 us, Update time : 268.261 us, Write time : 2499.271 us
[ros2_control_node-1] [WARN] [1776988727.521761235] [controller_manager]: Overrun detected! The controller manager missed its desired rate of 1000 Hz. The loop took 2.904764 ms (missed cycles : 3).
[vision_apriltag-9] [INFO] [1776988728.167632815] [vision_apriltag_node]: Vision AprilTag: images are arriving, but no AprilTag has been seen for 181.0s.
[adl_ui-15] 127.0.0.1 - - [23/Apr/2026 19:58:48] "GET /status_json HTTP/1.1" 200 -
[ros2_control_node-1] [WARN] [1776988728.522150846] [controller_manager]: Overrun might occur, Total time : 3267.951 us (Expected < 1000.000 us) --> Read time : 60.188 us, Update time : 230.221 us, Write time : 2977.542 us
[ros2_control_node-1] [WARN] [1776988728.522227773] [controller_manager]: Overrun detected! The controller manager missed its desired rate of 1000 Hz. The loop took 3.371157 ms (missed cycles : 4).
[vision_apriltag-9] [INFO] [1776988728.765053806] [vision_apriltag_node]: Vision AprilTag detection debug: no tags found after raw/CLAHE/sharp/adaptive/upscaled/tiled passes.
[adl_ui-15] 127.0.0.1 - - [23/Apr/2026 19:58:49] "GET /status_json HTTP/1.1" 200 -
[ros2_control_node-1] [WARN] [1776988729.523702295] [controller_manager]: Overrun might occur, Total time : 3823.302 us (Expected < 1000.000 us) --> Read time : 36.295 us, Update time : 212.825 us, Write time : 3574.182 us
[ros2_control_node-1] [WARN] [1776988729.523783167] [controller_manager]: Overrun detected! The controller manager missed its desired rate of 1000 Hz. The loop took 3.926562 ms (missed cycles : 4).
[adl_ui-15] 127.0.0.1 - - [23/Apr/2026 19:58:49] "GET /status_json HTTP/1.1" 200 -
[vision_apriltag-9] [INFO] [1776988730.163432435] [vision_apriltag_node]: Vision AprilTag: images are arriving, but no AprilTag has been seen for 183.0s.
[adl_ui-15] 127.0.0.1 - - [23/Apr/2026 19:58:50] "GET /status_json HTTP/1.1" 200 -
[ros2_control_node-1] [WARN] [1776988730.525804396] [controller_manager]: Overrun might occur, Total time : 2908.588 us (Expected < 1000.000 us) --> Read time : 70.447 us, Update time : 356.569 us, Write time : 2481.572 us
[ros2_control_node-1] [WARN] [1776988730.525902537] [controller_manager]: Overrun detected! The controller manager missed its desired rate of 1000 Hz. The loop took 3.043719 ms (missed cycles : 4).
[adl_ui-15] 127.0.0.1 - - [23/Apr/2026 19:58:51] "GET /status_json HTTP/1.1" 200 -
[ros2_control_node-1] [WARN] [1776988731.527383725] [controller_manager]: Overrun might occur, Total time : 3499.853 us (Expected < 1000.000 us) --> Read time : 43.005 us, Update time : 266.642 us, Write time : 3190.206 us
[ros2_control_node-1] [WARN] [1776988731.527475286] [controller_manager]: Overrun detected! The controller manager missed its desired rate of 1000 Hz. The loop took 3.618064 ms (missed cycles : 4).
[wrist_camera_usb_publisher-8] [INFO] [1776988731.905354171] [wrist_camera_usb_publisher_node]: USB camera publisher heartbeat: publishing 1280x720 frames on /wrist_mounted_camera/image; camera_info fx=920.87, fy=921.57, cx=644.76, cy=343.15.
[adl_ui-15] 127.0.0.1 - - [23/Apr/2026 19:58:52] "GET /status_json HTTP/1.1" 200 -
[vision_apriltag-9] [INFO] [1776988732.164430253] [vision_apriltag_node]: Vision AprilTag: images are arriving, but no AprilTag has been seen for 185.0s.
[ros2_control_node-1] [WARN] [1776988732.528245173] [controller_manager]: Overrun might occur, Total time : 3359.905 us (Expected < 1000.000 us) --> Read time : 40.557 us, Update time : 274.311 us, Write time : 3045.037 us
[ros2_control_node-1] [WARN] [1776988732.528356216] [controller_manager]: Overrun detected! The controller manager missed its desired rate of 1000 Hz. The loop took 3.498819 ms (missed cycles : 4).
[adl_ui-15] 127.0.0.1 - - [23/Apr/2026 19:58:52] "GET /status_json HTTP/1.1" 200 -
[adl_ui-15] 127.0.0.1 - - [23/Apr/2026 19:58:53] "GET /status_json HTTP/1.1" 200 -
[ros2_control_node-1] [WARN] [1776988733.531477127] [controller_manager]: Overrun might occur, Total time : 3586.683 us (Expected < 1000.000 us) --> Read time : 47.090 us, Update time : 315.112 us, Write time : 3224.481 us
[ros2_control_node-1] [WARN] [1776988733.531579269] [controller_manager]: Overrun detected! The controller manager missed its desired rate of 1000 Hz. The loop took 3.721047 ms (missed cycles : 4).
[adl_ui-15] 127.0.0.1 - - [23/Apr/2026 19:58:54] "GET /status_json HTTP/1.1" 200 -
[vision_apriltag-9] [INFO] [1776988734.381158564] [vision_apriltag_node]: Vision AprilTag detection debug: no tags found after raw/CLAHE/sharp/adaptive/upscaled/tiled passes.
[vision_apriltag-9] [INFO] [1776988734.401821659] [vision_apriltag_node]: Vision AprilTag: images are arriving, but no AprilTag has been seen for 187.2s.
[ros2_control_node-1] [WARN] [1776988734.539732827] [controller_manager]: Overrun might occur, Total time : 8839.024 us (Expected < 1000.000 us) --> Read time : 65.975 us, Update time : 273.889 us, Write time : 8499.160 us
[ros2_control_node-1] [WARN] [1776988734.539822096] [controller_manager]: Overrun detected! The controller manager missed its desired rate of 1000 Hz. The loop took 8.965390 ms (missed cycles : 9).
[adl_ui-15] 127.0.0.1 - - [23/Apr/2026 19:58:55] "GET /status_json HTTP/1.1" 200 -
[ros2_control_node-1] [WARN] [1776988735.540067522] [controller_manager]: Overrun might occur, Total time : 3185.133 us (Expected < 1000.000 us) --> Read time : 46.587 us, Update time : 315.609 us, Write time : 2822.937 us
[ros2_control_node-1] [WARN] [1776988735.540165987] [controller_manager]: Overrun detected! The controller manager missed its desired rate of 1000 Hz. The loop took 3.308660 ms (missed cycles : 4).
[adl_ui-15] 127.0.0.1 - - [23/Apr/2026 19:58:55] "GET /status_json HTTP/1.1" 200 -
[adl_ui-15] 127.0.0.1 - - [23/Apr/2026 19:58:56] "GET /status_json HTTP/1.1" 200 -
[ros2_control_node-1] [WARN] [1776988736.543553420] [controller_manager]: Overrun might occur, Total time : 4645.359 us (Expected < 1000.000 us) --> Read time : 100.910 us, Update time : 391.345 us, Write time : 4153.104 us
[ros2_control_node-1] [WARN] [1776988736.543639937] [controller_manager]: Overrun detected! The controller manager missed its desired rate of 1000 Hz. The loop took 4.782783 ms (missed cycles : 5).
[vision_apriltag-9] [INFO] [1776988736.565810133] [vision_apriltag_node]: Vision AprilTag: images are arriving, but no AprilTag has been seen for 189.4s.
[wrist_camera_usb_publisher-8] [INFO] [1776988737.067197465] [wrist_camera_usb_publisher_node]: USB camera publisher heartbeat: publishing 1280x720 frames on /wrist_mounted_camera/image; camera_info fx=920.87, fy=921.57, cx=644.76, cy=343.15.
[adl_ui-15] 127.0.0.1 - - [23/Apr/2026 19:58:57] "GET /status_json HTTP/1.1" 200 -
[ros2_control_node-1] [WARN] [1776988737.547389672] [controller_manager]: Overrun might occur, Total time : 4506.418 us (Expected < 1000.000 us) --> Read time : 41.877 us, Update time : 287.252 us, Write time : 4177.289 us
[ros2_control_node-1] [WARN] [1776988737.547482407] [controller_manager]: Overrun detected! The controller manager missed its desired rate of 1000 Hz. The loop took 4.624541 ms (missed cycles : 5).
[adl_ui-15] 127.0.0.1 - - [23/Apr/2026 19:58:58] "GET /status_json HTTP/1.1" 200 -
[vision_apriltag-9] [INFO] [1776988738.165088841] [vision_apriltag_node]: Vision AprilTag: images are arriving, but no AprilTag has been seen for 191.0s.
[ros2_control_node-1] [WARN] [1776988738.547786077] [controller_manager]: Overrun might occur, Total time : 2906.120 us (Expected < 1000.000 us) --> Read time : 40.443 us, Update time : 260.866 us, Write time : 2604.811 us
[ros2_control_node-1] [WARN] [1776988738.547856994] [controller_manager]: Overrun detected! The controller manager missed its desired rate of 1000 Hz. The loop took 3.000235 ms (missed cycles : 4).
[adl_ui-15] 127.0.0.1 - - [23/Apr/2026 19:58:58] "GET /status_json HTTP/1.1" 200 -
[adl_ui-15] 127.0.0.1 - - [23/Apr/2026 19:58:59] "GET /status_json HTTP/1.1" 200 -
[ros2_control_node-1] [WARN] [1776988739.551155142] [controller_manager]: Overrun might occur, Total time : 6269.852 us (Expected < 1000.000 us) --> Read time : 44.637 us, Update time : 288.292 us, Write time : 5936.923 us
[ros2_control_node-1] [WARN] [1776988739.551253927] [controller_manager]: Overrun detected! The controller manager missed its desired rate of 1000 Hz. The loop took 6.396611 ms (missed cycles : 7).
[vision_apriltag-9] [INFO] [1776988739.737147915] [vision_apriltag_node]: Vision AprilTag detection debug: no tags found after raw/CLAHE/sharp/adaptive/upscaled/tiled passes.
[vision_apriltag-9] [INFO] [1776988740.169079937] [vision_apriltag_node]: Vision AprilTag: images are arriving, but no AprilTag has been seen for 193.0s.
[adl_ui-15] 127.0.0.1 - - [23/Apr/2026 19:59:00] "GET /status_json HTTP/1.1" 200 -
[ros2_control_node-1] [WARN] [1776988740.553473993] [controller_manager]: Overrun might occur, Total time : 2595.012 us (Expected < 1000.000 us) --> Read time : 31.492 us, Update time : 230.078 us, Write time : 2333.442 us
[ros2_control_node-1] [WARN] [1776988740.553551446] [controller_manager]: Overrun detected! The controller manager missed its desired rate of 1000 Hz. The loop took 2.694672 ms (missed cycles : 3).
[adl_ui-15] 127.0.0.1 - - [23/Apr/2026 19:59:01] "GET /status_json HTTP/1.1" 200 -
[ros2_control_node-1] [WARN] [1776988741.554545438] [controller_manager]: Overrun might occur, Total time : 2665.795 us (Expected < 1000.000 us) --> Read time : 43.489 us, Update time : 240.003 us, Write time : 2382.303 us
[ros2_control_node-1] [WARN] [1776988741.554630913] [controller_manager]: Overrun detected! The controller manager missed its desired rate of 1000 Hz. The loop took 2.774071 ms (missed cycles : 3).
[adl_ui-15] 127.0.0.1 - - [23/Apr/2026 19:59:01] "GET /status_json HTTP/1.1" 200 -
[vision_apriltag-9] [INFO] [1776988742.164032069] [vision_apriltag_node]: Vision AprilTag: images are arriving, but no AprilTag has been seen for 195.0s.
[wrist_camera_usb_publisher-8] [INFO] [1776988742.224088152] [wrist_camera_usb_publisher_node]: USB camera publisher heartbeat: publishing 1280x720 frames on /wrist_mounted_camera/image; camera_info fx=920.87, fy=921.57, cx=644.76, cy=343.15.
[adl_ui-15] 127.0.0.1 - - [23/Apr/2026 19:59:02] "GET /status_json HTTP/1.1" 200 -
[ros2_control_node-1] [WARN] [1776988742.569387070] [controller_manager]: Overrun might occur, Total time : 15497.199 us (Expected < 1000.000 us) --> Read time : 65.397 us, Update time : 373.223 us, Write time : 15058.579 us
[ros2_control_node-1] [WARN] [1776988742.569465920] [controller_manager]: Overrun detected! The controller manager missed its desired rate of 1000 Hz. The loop took 15.609503 ms (missed cycles : 16).
[adl_ui-15] 127.0.0.1 - - [23/Apr/2026 19:59:03] "GET /status_json HTTP/1.1" 200 -
[ros2_control_node-1] [WARN] [1776988743.569457763] [controller_manager]: Overrun might occur, Total time : 2575.933 us (Expected < 1000.000 us) --> Read time : 33.955 us, Update time : 203.007 us, Write time : 2338.971 us
[ros2_control_node-1] [WARN] [1776988743.569533183] [controller_manager]: Overrun detected! The controller manager missed its desired rate of 1000 Hz. The loop took 2.676611 ms (missed cycles : 3).
[adl_ui-15] 127.0.0.1 - - [23/Apr/2026 19:59:04] "GET /status_json HTTP/1.1" 200 -
[vision_apriltag-9] [INFO] [1776988744.164816433] [vision_apriltag_node]: Vision AprilTag: images are arriving, but no AprilTag has been seen for 197.0s.
[ros2_control_node-1] [WARN] [1776988744.574513290] [controller_manager]: Overrun might occur, Total time : 12628.232 us (Expected < 1000.000 us) --> Read time : 58.425 us, Update time : 258.762 us, Write time : 12311.045 us
[ros2_control_node-1] [WARN] [1776988744.574602072] [controller_manager]: Overrun detected! The controller manager missed its desired rate of 1000 Hz. The loop took 12.744908 ms (missed cycles : 13).
[adl_ui-15] 127.0.0.1 - - [23/Apr/2026 19:59:04] "GET /status_json HTTP/1.1" 200 -
[vision_apriltag-9] [INFO] [1776988745.040489730] [vision_apriltag_node]: Vision AprilTag detection debug: no tags found after raw/CLAHE/sharp/adaptive/upscaled/tiled passes.
[adl_ui-15] 127.0.0.1 - - [23/Apr/2026 19:59:05] "GET /status_json HTTP/1.1" 200 -
[ros2_control_node-1] [WARN] [1776988745.577626148] [controller_manager]: Overrun might occur, Total time : 2741.036 us (Expected < 1000.000 us) --> Read time : 47.023 us, Update time : 266.574 us, Write time : 2427.439 us
[ros2_control_node-1] [WARN] [1776988745.577707729] [controller_manager]: Overrun detected! The controller manager missed its desired rate of 1000 Hz. The loop took 2.850410 ms (missed cycles : 3).
[vision_apriltag-9] [INFO] [1776988746.163660747] [vision_apriltag_node]: Vision AprilTag: images are arriving, but no AprilTag has been seen for 199.0s.
[adl_ui-15] 127.0.0.1 - - [23/Apr/2026 19:59:06] "GET /status_json HTTP/1.1" 200 -
[ros2_control_node-1] [WARN] [1776988746.578731752] [controller_manager]: Overrun might occur, Total time : 2843.997 us (Expected < 1000.000 us) --> Read time : 38.215 us, Update time : 235.492 us, Write time : 2570.290 us
[ros2_control_node-1] [WARN] [1776988746.578839084] [controller_manager]: Overrun detected! The controller manager missed its desired rate of 1000 Hz. The loop took 2.981507 ms (missed cycles : 3).
[adl_ui-15] 127.0.0.1 - - [23/Apr/2026 19:59:07] "GET /status_json HTTP/1.1" 200 -
[wrist_camera_usb_publisher-8] [INFO] [1776988747.226364181] [wrist_camera_usb_publisher_node]: USB camera publisher heartbeat: publishing 1280x720 frames on /wrist_mounted_camera/image; camera_info fx=920.87, fy=921.57, cx=644.76, cy=343.15.
[ros2_control_node-1] [WARN] [1776988747.579916099] [controller_manager]: Overrun might occur, Total time : 4027.176 us (Expected < 1000.000 us) --> Read time : 45.181 us, Update time : 246.485 us, Write time : 3735.510 us
[ros2_control_node-1] [WARN] [1776988747.580020399] [controller_manager]: Overrun detected! The controller manager missed its desired rate of 1000 Hz. The loop took 4.163703 ms (missed cycles : 5).
[adl_ui-15] 127.0.0.1 - - [23/Apr/2026 19:59:07] "GET /status_json HTTP/1.1" 200 -
[adl_ui-15] 127.0.0.1 - - [23/Apr/2026 19:59:08] "GET /status_json HTTP/1.1" 200 -
[ros2_control_node-1] [WARN] [1776988748.580802913] [controller_manager]: Overrun might occur, Total time : 2920.412 us (Expected < 1000.000 us) --> Read time : 40.271 us, Update time : 229.295 us, Write time : 2650.846 us
[ros2_control_node-1] [WARN] [1776988748.580892295] [controller_manager]: Overrun detected! The controller manager missed its desired rate of 1000 Hz. The loop took 3.035711 ms (missed cycles : 4).
[vision_apriltag-9] [INFO] [1776988748.920621943] [vision_apriltag_node]: Vision AprilTag: images are arriving, but no AprilTag has been seen for 201.7s.
[adl_ui-15] 127.0.0.1 - - [23/Apr/2026 19:59:09] "GET /status_json HTTP/1.1" 200 -
[ros2_control_node-1] [WARN] [1776988749.583375633] [controller_manager]: Overrun might occur, Total time : 3491.390 us (Expected < 1000.000 us) --> Read time : 44.160 us, Update time : 276.417 us, Write time : 3170.813 us
[ros2_control_node-1] [WARN] [1776988749.583460685] [controller_manager]: Overrun detected! The controller manager missed its desired rate of 1000 Hz. The loop took 3.603593 ms (missed cycles : 4).
[adl_ui-15] 127.0.0.1 - - [23/Apr/2026 19:59:10] "GET /status_json HTTP/1.1" 200 -
[vision_apriltag-9] [INFO] [1776988750.164803421] [vision_apriltag_node]: Vision AprilTag: images are arriving, but no AprilTag has been seen for 203.0s.
[vision_apriltag-9] [INFO] [1776988750.407808467] [vision_apriltag_node]: Vision AprilTag detection debug: no tags found after raw/CLAHE/sharp/adaptive/upscaled/tiled passes.
[ros2_control_node-1] [WARN] [1776988750.585279030] [controller_manager]: Overrun might occur, Total time : 3363.574 us (Expected < 1000.000 us) --> Read time : 80.889 us, Update time : 356.724 us, Write time : 2925.961 us
[ros2_control_node-1] [WARN] [1776988750.585377900] [controller_manager]: Overrun detected! The controller manager missed its desired rate of 1000 Hz. The loop took 3.520723 ms (missed cycles : 4).
[adl_ui-15] 127.0.0.1 - - [23/Apr/2026 19:59:10] "GET /status_json HTTP/1.1" 200 -
[adl_ui-15] 127.0.0.1 - - [23/Apr/2026 19:59:11] "GET /status_json HTTP/1.1" 200 -
[ros2_control_node-1] [WARN] [1776988751.588514222] [controller_manager]: Overrun might occur, Total time : 4624.680 us (Expected < 1000.000 us) --> Read time : 50.628 us, Update time : 265.787 us, Write time : 4308.265 us
[ros2_control_node-1] [WARN] [1776988751.588592055] [controller_manager]: Overrun detected! The controller manager missed its desired rate of 1000 Hz. The loop took 4.735435 ms (missed cycles : 5).
[vision_apriltag-9] [INFO] [1776988752.163561383] [vision_apriltag_node]: Vision AprilTag: images are arriving, but no AprilTag has been seen for 205.0s.
[adl_ui-15] 127.0.0.1 - - [23/Apr/2026 19:59:12] "GET /status_json HTTP/1.1" 200 -
[wrist_camera_usb_publisher-8] [INFO] [1776988752.391247861] [wrist_camera_usb_publisher_node]: USB camera publisher heartbeat: publishing 1280x720 frames on /wrist_mounted_camera/image; camera_info fx=920.87, fy=921.57, cx=644.76, cy=343.15.
[ros2_control_node-1] [WARN] [1776988752.590014411] [controller_manager]: Overrun might occur, Total time : 3129.015 us (Expected < 1000.000 us) --> Read time : 39.646 us, Update time : 212.287 us, Write time : 2877.082 us
[ros2_control_node-1] [WARN] [1776988752.590139965] [controller_manager]: Overrun detected! The controller manager missed its desired rate of 1000 Hz. The loop took 3.282437 ms (missed cycles : 4).
[adl_ui-15] 127.0.0.1 - - [23/Apr/2026 19:59:13] "GET /status_json HTTP/1.1" 200 -
[ros2_control_node-1] [WARN] [1776988753.592504597] [controller_manager]: Overrun might occur, Total time : 2590.299 us (Expected < 1000.000 us) --> Read time : 57.311 us, Update time : 377.903 us, Write time : 2155.085 us
[ros2_control_node-1] [WARN] [1776988753.592580522] [controller_manager]: Overrun detected! The controller manager missed its desired rate of 1000 Hz. The loop took 2.724099 ms (missed cycles : 3).
[adl_ui-15] 127.0.0.1 - - [23/Apr/2026 19:59:13] "GET /status_json HTTP/1.1" 200 -
[vision_apriltag-9] [INFO] [1776988754.164700193] [vision_apriltag_node]: Vision AprilTag: images are arriving, but no AprilTag has been seen for 207.0s.
[adl_ui-15] 127.0.0.1 - - [23/Apr/2026 19:59:14] "GET /status_json HTTP/1.1" 200 -
[ros2_control_node-1] [WARN] [1776988754.593580548] [controller_manager]: Overrun might occur, Total time : 2700.734 us (Expected < 1000.000 us) --> Read time : 40.058 us, Update time : 225.130 us, Write time : 2435.546 us
[ros2_control_node-1] [WARN] [1776988754.593653808] [controller_manager]: Overrun detected! The controller manager missed its desired rate of 1000 Hz. The loop took 2.797007 ms (missed cycles : 3).
[adl_ui-15] 127.0.0.1 - - [23/Apr/2026 19:59:15] "GET /status_json HTTP/1.1" 200 -
[ros2_control_node-1] [WARN] [1776988755.597297087] [controller_manager]: Overrun might occur, Total time : 3415.784 us (Expected < 1000.000 us) --> Read time : 37.662 us, Update time : 240.628 us, Write time : 3137.494 us
[ros2_control_node-1] [WARN] [1776988755.597374435] [controller_manager]: Overrun detected! The controller manager missed its desired rate of 1000 Hz. The loop took 3.517495 ms (missed cycles : 4).
[vision_apriltag-9] [INFO] [1776988755.817661065] [vision_apriltag_node]: Vision AprilTag detection debug: no tags found after raw/CLAHE/sharp/adaptive/upscaled/tiled passes.
[adl_ui-15] 127.0.0.1 - - [23/Apr/2026 19:59:16] "GET /status_json HTTP/1.1" 200 -
[vision_apriltag-9] [INFO] [1776988756.165241211] [vision_apriltag_node]: Vision AprilTag: images are arriving, but no AprilTag has been seen for 209.0s.
[ros2_control_node-1] [WARN] [1776988756.598006775] [controller_manager]: Overrun might occur, Total time : 3119.690 us (Expected < 1000.000 us) --> Read time : 51.976 us, Update time : 316.725 us, Write time : 2750.989 us
[ros2_control_node-1] [WARN] [1776988756.598084330] [controller_manager]: Overrun detected! The controller manager missed its desired rate of 1000 Hz. The loop took 3.227564 ms (missed cycles : 4).
[adl_ui-15] 127.0.0.1 - - [23/Apr/2026 19:59:16] "GET /status_json HTTP/1.1" 200 -
[wrist_camera_usb_publisher-8] [INFO] [1776988757.541825456] [wrist_camera_usb_publisher_node]: USB camera publisher heartbeat: publishing 1280x720 frames on /wrist_mounted_camera/image; camera_info fx=920.87, fy=921.57, cx=644.76, cy=343.15.
[adl_ui-15] 127.0.0.1 - - [23/Apr/2026 19:59:17] "GET /status_json HTTP/1.1" 200 -
[ros2_control_node-1] [WARN] [1776988757.598360422] [controller_manager]: Overrun might occur, Total time : 2463.199 us (Expected < 1000.000 us) --> Read time : 53.990 us, Update time : 278.953 us, Write time : 2130.256 us
[ros2_control_node-1] [WARN] [1776988757.598426704] [controller_manager]: Overrun detected! The controller manager missed its desired rate of 1000 Hz. The loop took 2.570419 ms (missed cycles : 3).
[vision_apriltag-9] [INFO] [1776988758.163797380] [vision_apriltag_node]: Vision AprilTag: images are arriving, but no AprilTag has been seen for 211.0s.
[adl_ui-15] 127.0.0.1 - - [23/Apr/2026 19:59:18] "GET /status_json HTTP/1.1" 200 -
[ros2_control_node-1] [WARN] [1776988758.599793328] [controller_manager]: Overrun might occur, Total time : 2910.618 us (Expected < 1000.000 us) --> Read time : 43.556 us, Update time : 241.350 us, Write time : 2625.712 us
[ros2_control_node-1] [WARN] [1776988758.599850425] [controller_manager]: Overrun detected! The controller manager missed its desired rate of 1000 Hz. The loop took 2.994614 ms (missed cycles : 3).
[adl_ui-15] 127.0.0.1 - - [23/Apr/2026 19:59:19] "GET /status_json HTTP/1.1" 200 -
[ros2_control_node-1] [WARN] [1776988759.601848575] [controller_manager]: Overrun might occur, Total time : 2957.183 us (Expected < 1000.000 us) --> Read time : 53.852 us, Update time : 237.800 us, Write time : 2665.531 us
[ros2_control_node-1] [WARN] [1776988759.601929850] [controller_manager]: Overrun detected! The controller manager missed its desired rate of 1000 Hz. The loop took 3.072934 ms (missed cycles : 4).
[adl_ui-15] 127.0.0.1 - - [23/Apr/2026 19:59:19] "GET /status_json HTTP/1.1" 200 -
[vision_apriltag-9] [INFO] [1776988760.163725088] [vision_apriltag_node]: Vision AprilTag: images are arriving, but no AprilTag has been seen for 213.0s.
[adl_ui-15] 127.0.0.1 - - [23/Apr/2026 19:59:20] "GET /status_json HTTP/1.1" 200 -
[ros2_control_node-1] [WARN] [1776988760.609908944] [controller_manager]: Overrun might occur, Total time : 13020.474 us (Expected < 1000.000 us) --> Read time : 42.530 us, Update time : 250.248 us, Write time : 12727.696 us
[ros2_control_node-1] [WARN] [1776988760.610095413] [controller_manager]: Overrun detected! The controller manager missed its desired rate of 1000 Hz. The loop took 13.236630 ms (missed cycles : 14).
[vision_apriltag-9] [INFO] [1776988760.841881189] [vision_apriltag_node]: Vision AprilTag detection debug: no tags found after raw/CLAHE/sharp/adaptive/upscaled/tiled passes.
[adl_ui-15] 127.0.0.1 - - [23/Apr/2026 19:59:21] "GET /status_json HTTP/1.1" 200 -
[ros2_control_node-1] [WARN] [1776988761.612668705] [controller_manager]: Overrun might occur, Total time : 2785.606 us (Expected < 1000.000 us) --> Read time : 51.018 us, Update time : 308.590 us, Write time : 2425.998 us
[ros2_control_node-1] [WARN] [1776988761.612746326] [controller_manager]: Overrun detected! The controller manager missed its desired rate of 1000 Hz. The loop took 2.889450 ms (missed cycles : 3).
[adl_ui-15] 127.0.0.1 - - [23/Apr/2026 19:59:22] "GET /status_json HTTP/1.1" 200 -
[vision_apriltag-9] [INFO] [1776988762.165418994] [vision_apriltag_node]: Vision AprilTag: images are arriving, but no AprilTag has been seen for 215.0s.
[ros2_control_node-1] [WARN] [1776988762.614863963] [controller_manager]: Overrun might occur, Total time : 2975.161 us (Expected < 1000.000 us) --> Read time : 43.911 us, Update time : 261.091 us, Write time : 2670.159 us
[ros2_control_node-1] [WARN] [1776988762.614969916] [controller_manager]: Overrun detected! The controller manager missed its desired rate of 1000 Hz. The loop took 3.112737 ms (missed cycles : 4).
[wrist_camera_usb_publisher-8] [INFO] [1776988762.700909344] [wrist_camera_usb_publisher_node]: USB camera publisher heartbeat: publishing 1280x720 frames on /wrist_mounted_camera/image; camera_info fx=920.87, fy=921.57, cx=644.76, cy=343.15.
[adl_ui-15] 127.0.0.1 - - [23/Apr/2026 19:59:22] "GET /status_json HTTP/1.1" 200 -
[adl_ui-15] 127.0.0.1 - - [23/Apr/2026 19:59:23] "GET /status_json HTTP/1.1" 200 -
[ros2_control_node-1] [WARN] [1776988763.618568503] [controller_manager]: Overrun might occur, Total time : 6675.263 us (Expected < 1000.000 us) --> Read time : 54.170 us, Update time : 286.027 us, Write time : 6335.066 us
[ros2_control_node-1] [WARN] [1776988763.618642702] [controller_manager]: Overrun detected! The controller manager missed its desired rate of 1000 Hz. The loop took 6.785431 ms (missed cycles : 7).
[vision_apriltag-9] [INFO] [1776988764.171876330] [vision_apriltag_node]: Vision AprilTag: images are arriving, but no AprilTag has been seen for 217.0s.
[adl_ui-15] 127.0.0.1 - - [23/Apr/2026 19:59:24] "GET /status_json HTTP/1.1" 200 -
[ros2_control_node-1] [WARN] [1776988764.619814251] [controller_manager]: Overrun might occur, Total time : 2930.424 us (Expected < 1000.000 us) --> Read time : 41.530 us, Update time : 236.713 us, Write time : 2652.181 us
[ros2_control_node-1] [WARN] [1776988764.619898338] [controller_manager]: Overrun detected! The controller manager missed its desired rate of 1000 Hz. The loop took 3.041694 ms (missed cycles : 4).
[adl_ui-15] 127.0.0.1 - - [23/Apr/2026 19:59:25] "GET /status_json HTTP/1.1" 200 -
[ros2_control_node-1] [WARN] [1776988765.620470069] [controller_manager]: Overrun might occur, Total time : 2583.761 us (Expected < 1000.000 us) --> Read time : 47.195 us, Update time : 288.548 us, Write time : 2248.018 us
[ros2_control_node-1] [WARN] [1776988765.620542710] [controller_manager]: Overrun detected! The controller manager missed its desired rate of 1000 Hz. The loop took 2.685448 ms (missed cycles : 3).
[adl_ui-15] 127.0.0.1 - - [23/Apr/2026 19:59:25] "GET /status_json HTTP/1.1" 200 -
[vision_apriltag-9] [INFO] [1776988766.164371978] [vision_apriltag_node]: Vision AprilTag: images are arriving, but no AprilTag has been seen for 219.0s.
[vision_apriltag-9] [INFO] [1776988766.406155728] [vision_apriltag_node]: Vision AprilTag detection debug: no tags found after raw/CLAHE/sharp/adaptive/upscaled/tiled passes.
[adl_ui-15] 127.0.0.1 - - [23/Apr/2026 19:59:26] "GET /status_json HTTP/1.1" 200 -
[ros2_control_node-1] [WARN] [1776988766.624706387] [controller_manager]: Overrun might occur, Total time : 6808.753 us (Expected < 1000.000 us) --> Read time : 53.076 us, Update time : 323.195 us, Write time : 6432.482 us
[ros2_control_node-1] [WARN] [1776988766.624790303] [controller_manager]: Overrun detected! The controller manager missed its desired rate of 1000 Hz. The loop took 6.933405 ms (missed cycles : 7).
[adl_ui-15] 127.0.0.1 - - [23/Apr/2026 19:59:27] "GET /status_json HTTP/1.1" 200 -
[ros2_control_node-1] [WARN] [1776988767.627642217] [controller_manager]: Overrun might occur, Total time : 2763.415 us (Expected < 1000.000 us) --> Read time : 39.259 us, Update time : 285.689 us, Write time : 2438.467 us
[ros2_control_node-1] [WARN] [1776988767.627714291] [controller_manager]: Overrun detected! The controller manager missed its desired rate of 1000 Hz. The loop took 2.857721 ms (missed cycles : 3).
[wrist_camera_usb_publisher-8] [INFO] [1776988767.861610916] [wrist_camera_usb_publisher_node]: USB camera publisher heartbeat: publishing 1280x720 frames on /wrist_mounted_camera/image; camera_info fx=920.87, fy=921.57, cx=644.76, cy=343.15.
[adl_ui-15] 127.0.0.1 - - [23/Apr/2026 19:59:28] "GET /status_json HTTP/1.1" 200 -
[vision_apriltag-9] [INFO] [1776988768.173625170] [vision_apriltag_node]: Vision AprilTag: images are arriving, but no AprilTag has been seen for 221.0s.
[ros2_control_node-1] [WARN] [1776988768.630539238] [controller_manager]: Overrun might occur, Total time : 3630.111 us (Expected < 1000.000 us) --> Read time : 30.898 us, Update time : 200.617 us, Write time : 3398.596 us
[ros2_control_node-1] [WARN] [1776988768.630695285] [controller_manager]: Overrun detected! The controller manager missed its desired rate of 1000 Hz. The loop took 3.838532 ms (missed cycles : 4).
[adl_ui-15] 127.0.0.1 - - [23/Apr/2026 19:59:28] "GET /status_json HTTP/1.1" 200 -
[adl_ui-15] 127.0.0.1 - - [23/Apr/2026 19:59:29] "GET /status_json HTTP/1.1" 200 -
[ros2_control_node-1] [WARN] [1776988769.633431267] [controller_manager]: Overrun might occur, Total time : 3535.737 us (Expected < 1000.000 us) --> Read time : 66.670 us, Update time : 254.043 us, Write time : 3215.024 us
[ros2_control_node-1] [WARN] [1776988769.633516029] [controller_manager]: Overrun detected! The controller manager missed its desired rate of 1000 Hz. The loop took 3.659093 ms (missed cycles : 4).
[vision_apriltag-9] [INFO] [1776988770.164457660] [vision_apriltag_node]: Vision AprilTag: images are arriving, but no AprilTag has been seen for 223.0s.
[adl_ui-15] 127.0.0.1 - - [23/Apr/2026 19:59:30] "GET /status_json HTTP/1.1" 200 -
[ros2_control_node-1] [WARN] [1776988770.635426744] [controller_manager]: Overrun might occur, Total time : 2551.550 us (Expected < 1000.000 us) --> Read time : 29.623 us, Update time : 234.279 us, Write time : 2287.648 us
[ros2_control_node-1] [WARN] [1776988770.635499788] [controller_manager]: Overrun detected! The controller manager missed its desired rate of 1000 Hz. The loop took 2.643110 ms (missed cycles : 3).
[adl_ui-15] 127.0.0.1 - - [23/Apr/2026 19:59:31] "GET /status_json HTTP/1.1" 200 -
[ros2_control_node-1] [WARN] [1776988771.637366787] [controller_manager]: Overrun might occur, Total time : 2476.305 us (Expected < 1000.000 us) --> Read time : 53.922 us, Update time : 259.555 us, Write time : 2162.828 us
[ros2_control_node-1] [WARN] [1776988771.637436575] [controller_manager]: Overrun detected! The controller manager missed its desired rate of 1000 Hz. The loop took 2.579961 ms (missed cycles : 3).
[vision_apriltag-9] [INFO] [1776988771.819328583] [vision_apriltag_node]: Vision AprilTag detection debug: no tags found after raw/CLAHE/sharp/adaptive/upscaled/tiled passes.
[adl_ui-15] 127.0.0.1 - - [23/Apr/2026 19:59:31] "GET /status_json HTTP/1.1" 200 -
[vision_apriltag-9] [INFO] [1776988772.167707258] [vision_apriltag_node]: Vision AprilTag: images are arriving, but no AprilTag has been seen for 225.0s.
[adl_ui-15] 127.0.0.1 - - [23/Apr/2026 19:59:32] "GET /status_json HTTP/1.1" 200 -
[ros2_control_node-1] [WARN] [1776988772.637397839] [controller_manager]: Overrun might occur, Total time : 3490.304 us (Expected < 1000.000 us) --> Read time : 57.866 us, Update time : 441.104 us, Write time : 2991.334 us
[ros2_control_node-1] [WARN] [1776988772.637514237] [controller_manager]: Overrun detected! The controller manager missed its desired rate of 1000 Hz. The loop took 3.656973 ms (missed cycles : 4).
[wrist_camera_usb_publisher-8] [INFO] [1776988773.030338842] [wrist_camera_usb_publisher_node]: USB camera publisher heartbeat: publishing 1280x720 frames on /wrist_mounted_camera/image; camera_info fx=920.87, fy=921.57, cx=644.76, cy=343.15.
[adl_ui-15] 127.0.0.1 - - [23/Apr/2026 19:59:33] "GET /status_json HTTP/1.1" 200 -
[ros2_control_node-1] [WARN] [1776988773.638461916] [controller_manager]: Overrun might occur, Total time : 3585.613 us (Expected < 1000.000 us) --> Read time : 39.031 us, Update time : 250.435 us, Write time : 3296.147 us
[ros2_control_node-1] [WARN] [1776988773.638536811] [controller_manager]: Overrun detected! The controller manager missed its desired rate of 1000 Hz. The loop took 3.680356 ms (missed cycles : 4).
[adl_ui-15] 127.0.0.1 - - [23/Apr/2026 19:59:34] "GET /status_json HTTP/1.1" 200 -
[vision_apriltag-9] [INFO] [1776988774.163658796] [vision_apriltag_node]: Vision AprilTag: images are arriving, but no AprilTag has been seen for 227.0s.
[ros2_control_node-1] [WARN] [1776988774.641545292] [controller_manager]: Overrun might occur, Total time : 2656.979 us (Expected < 1000.000 us) --> Read time : 66.368 us, Update time : 255.184 us, Write time : 2335.427 us
[ros2_control_node-1] [WARN] [1776988774.641632223] [controller_manager]: Overrun detected! The controller manager missed its desired rate of 1000 Hz. The loop took 2.775184 ms (missed cycles : 3).
[adl_ui-15] 127.0.0.1 - - [23/Apr/2026 19:59:34] "GET /status_json HTTP/1.1" 200 -
[adl_ui-15] 127.0.0.1 - - [23/Apr/2026 19:59:35] "GET /status_json HTTP/1.1" 200 -
[ros2_control_node-1] [WARN] [1776988775.644735450] [controller_manager]: Overrun might occur, Total time : 4854.015 us (Expected < 1000.000 us) --> Read time : 37.528 us, Update time : 218.562 us, Write time : 4597.925 us
[ros2_control_node-1] [WARN] [1776988775.644838999] [controller_manager]: Overrun detected! The controller manager missed its desired rate of 1000 Hz. The loop took 4.981348 ms (missed cycles : 5).
[adl_ui-15] 127.0.0.1 - - [23/Apr/2026 19:59:36] "GET /status_json HTTP/1.1" 200 -
[vision_apriltag-9] [INFO] [1776988776.405081476] [vision_apriltag_node]: Vision AprilTag: images are arriving, but no AprilTag has been seen for 229.2s.
[ros2_control_node-1] [WARN] [1776988776.645389261] [controller_manager]: Overrun might occur, Total time : 2506.991 us (Expected < 1000.000 us) --> Read time : 42.283 us, Update time : 257.432 us, Write time : 2207.276 us
[ros2_control_node-1] [WARN] [1776988776.645457601] [controller_manager]: Overrun detected! The controller manager missed its desired rate of 1000 Hz. The loop took 2.601142 ms (missed cycles : 3).
[adl_ui-15] 127.0.0.1 - - [23/Apr/2026 19:59:37] "GET /status_json HTTP/1.1" 200 -
[vision_apriltag-9] [INFO] [1776988777.341465303] [vision_apriltag_node]: Vision AprilTag detection debug: no tags found after raw/CLAHE/sharp/adaptive/upscaled/tiled passes.
[ros2_control_node-1] [WARN] [1776988777.649377609] [controller_manager]: Overrun might occur, Total time : 5500.807 us (Expected < 1000.000 us) --> Read time : 37.607 us, Update time : 238.591 us, Write time : 5224.609 us
[ros2_control_node-1] [WARN] [1776988777.649456559] [controller_manager]: Overrun detected! The controller manager missed its desired rate of 1000 Hz. The loop took 5.599745 ms (missed cycles : 6).
[adl_ui-15] 127.0.0.1 - - [23/Apr/2026 19:59:37] "GET /status_json HTTP/1.1" 200 -
[vision_apriltag-9] [INFO] [1776988778.163855969] [vision_apriltag_node]: Vision AprilTag: images are arriving, but no AprilTag has been seen for 231.0s.
[wrist_camera_usb_publisher-8] [INFO] [1776988778.187536164] [wrist_camera_usb_publisher_node]: USB camera publisher heartbeat: publishing 1280x720 frames on /wrist_mounted_camera/image; camera_info fx=920.87, fy=921.57, cx=644.76, cy=343.15.
[adl_ui-15] 127.0.0.1 - - [23/Apr/2026 19:59:38] "GET /status_json HTTP/1.1" 200 -
[ros2_control_node-1] [WARN] [1776988778.651546254] [controller_manager]: Overrun might occur, Total time : 13661.813 us (Expected < 1000.000 us) --> Read time : 44.781 us, Update time : 252.603 us, Write time : 13364.429 us
[ros2_control_node-1] [WARN] [1776988778.651623688] [controller_manager]: Overrun detected! The controller manager missed its desired rate of 1000 Hz. The loop took 13.766792 ms (missed cycles : 14).
[adl_ui-15] 127.0.0.1 - - [23/Apr/2026 19:59:39] "GET /status_json HTTP/1.1" 200 -
[ros2_control_node-1] [WARN] [1776988779.653372247] [controller_manager]: Overrun might occur, Total time : 3491.204 us (Expected < 1000.000 us) --> Read time : 33.827 us, Update time : 231.344 us, Write time : 3226.033 us
[ros2_control_node-1] [WARN] [1776988779.653446970] [controller_manager]: Overrun detected! The controller manager missed its desired rate of 1000 Hz. The loop took 3.590534 ms (missed cycles : 4).
[adl_ui-15] 127.0.0.1 - - [23/Apr/2026 19:59:40] "GET /status_json HTTP/1.1" 200 -
[ros2_control_node-1] [WARN] [1776988780.655618999] [controller_manager]: Overrun might occur, Total time : 2737.768 us (Expected < 1000.000 us) --> Read time : 42.654 us, Update time : 243.671 us, Write time : 2451.443 us
[ros2_control_node-1] [WARN] [1776988780.655688376] [controller_manager]: Overrun detected! The controller manager missed its desired rate of 1000 Hz. The loop took 2.832130 ms (missed cycles : 3).
[adl_ui-15] 127.0.0.1 - - [23/Apr/2026 19:59:40] "GET /status_json HTTP/1.1" 200 -
[vision_apriltag-9] [INFO] [1776988780.926338086] [vision_apriltag_node]: Vision AprilTag: images are arriving, but no AprilTag has been seen for 233.7s.
[adl_ui-15] 127.0.0.1 - - [23/Apr/2026 19:59:41] "GET /status_json HTTP/1.1" 200 -
[ros2_control_node-1] [WARN] [1776988781.658121884] [controller_manager]: Overrun might occur, Total time : 3233.964 us (Expected < 1000.000 us) --> Read time : 43.659 us, Update time : 278.612 us, Write time : 2911.693 us
[ros2_control_node-1] [WARN] [1776988781.658253365] [controller_manager]: Overrun detected! The controller manager missed its desired rate of 1000 Hz. The loop took 3.395459 ms (missed cycles : 4).
[vision_apriltag-9] [INFO] [1776988782.164140404] [vision_apriltag_node]: Vision AprilTag: images are arriving, but no AprilTag has been seen for 235.0s.
[adl_ui-15] 127.0.0.1 - - [23/Apr/2026 19:59:42] "GET /status_json HTTP/1.1" 200 -
[ros2_control_node-1] [WARN] [1776988782.659127548] [controller_manager]: Overrun might occur, Total time : 3238.835 us (Expected < 1000.000 us) --> Read time : 67.761 us, Update time : 307.376 us, Write time : 2863.698 us
[ros2_control_node-1] [WARN] [1776988782.659217203] [controller_manager]: Overrun detected! The controller manager missed its desired rate of 1000 Hz. The loop took 3.360207 ms (missed cycles : 4).
[vision_apriltag-9] [INFO] [1776988782.932453074] [vision_apriltag_node]: Vision AprilTag detection debug: no tags found after raw/CLAHE/sharp/adaptive/upscaled/tiled passes.
[adl_ui-15] 127.0.0.1 - - [23/Apr/2026 19:59:43] "GET /status_json HTTP/1.1" 200 -
[wrist_camera_usb_publisher-8] [INFO] [1776988783.347835878] [wrist_camera_usb_publisher_node]: USB camera publisher heartbeat: publishing 1280x720 frames on /wrist_mounted_camera/image; camera_info fx=920.87, fy=921.57, cx=644.76, cy=343.15.
[ros2_control_node-1] [WARN] [1776988783.661638159] [controller_manager]: Overrun might occur, Total time : 2757.322 us (Expected < 1000.000 us) --> Read time : 49.525 us, Update time : 384.076 us, Write time : 2323.721 us
[ros2_control_node-1] [WARN] [1776988783.661722450] [controller_manager]: Overrun detected! The controller manager missed its desired rate of 1000 Hz. The loop took 2.865641 ms (missed cycles : 3).
[adl_ui-15] 127.0.0.1 - - [23/Apr/2026 19:59:43] "GET /status_json HTTP/1.1" 200 -
[vision_apriltag-9] [INFO] [1776988784.167158891] [vision_apriltag_node]: Vision AprilTag: images are arriving, but no AprilTag has been seen for 237.0s.
[adl_ui-15] 127.0.0.1 - - [23/Apr/2026 19:59:44] "GET /status_json HTTP/1.1" 200 -
[ros2_control_node-1] [WARN] [1776988784.661741344] [controller_manager]: Overrun might occur, Total time : 2860.496 us (Expected < 1000.000 us) --> Read time : 34.049 us, Update time : 207.707 us, Write time : 2618.740 us
[ros2_control_node-1] [WARN] [1776988784.661859721] [controller_manager]: Overrun detected! The controller manager missed its desired rate of 1000 Hz. The loop took 3.002275 ms (missed cycles : 4).
[adl_ui-15] 127.0.0.1 - - [23/Apr/2026 19:59:45] "GET /status_json HTTP/1.1" 200 -
[ros2_control_node-1] [WARN] [1776988785.662463898] [controller_manager]: Overrun might occur, Total time : 2573.858 us (Expected < 1000.000 us) --> Read time : 72.986 us, Update time : 349.037 us, Write time : 2151.835 us
[ros2_control_node-1] [WARN] [1776988785.662542874] [controller_manager]: Overrun detected! The controller manager missed its desired rate of 1000 Hz. The loop took 2.685593 ms (missed cycles : 3).
[adl_ui-15] 127.0.0.1 - - [23/Apr/2026 19:59:46] "GET /status_json HTTP/1.1" 200 -
[vision_apriltag-9] [INFO] [1776988786.210327136] [vision_apriltag_node]: Vision AprilTag: images are arriving, but no AprilTag has been seen for 239.0s.
[ros2_control_node-1] [WARN] [1776988786.664929751] [controller_manager]: Overrun might occur, Total time : 3051.883 us (Expected < 1000.000 us) --> Read time : 37.373 us, Update time : 256.960 us, Write time : 2757.550 us
[ros2_control_node-1] [WARN] [1776988786.665003966] [controller_manager]: Overrun detected! The controller manager missed its desired rate of 1000 Hz. The loop took 3.147399 ms (missed cycles : 4).
[adl_ui-15] 127.0.0.1 - - [23/Apr/2026 19:59:46] "GET /status_json HTTP/1.1" 200 -
[adl_ui-15] 127.0.0.1 - - [23/Apr/2026 19:59:47] "GET /status_json HTTP/1.1" 200 -
[ros2_control_node-1] [WARN] [1776988787.665401354] [controller_manager]: Overrun might occur, Total time : 8516.136 us (Expected < 1000.000 us) --> Read time : 41.442 us, Update time : 262.155 us, Write time : 8212.539 us
[ros2_control_node-1] [WARN] [1776988787.665480889] [controller_manager]: Overrun detected! The controller manager missed its desired rate of 1000 Hz. The loop took 8.624310 ms (missed cycles : 9).
[vision_apriltag-9] [INFO] [1776988788.258032308] [vision_apriltag_node]: Vision AprilTag detection debug: no tags found after raw/CLAHE/sharp/adaptive/upscaled/tiled passes.
[vision_apriltag-9] [INFO] [1776988788.268584398] [vision_apriltag_node]: Vision AprilTag: images are arriving, but no AprilTag has been seen for 241.1s.
[adl_ui-15] 127.0.0.1 - - [23/Apr/2026 19:59:48] "GET /status_json HTTP/1.1" 200 -
[wrist_camera_usb_publisher-8] [INFO] [1776988788.354509038] [wrist_camera_usb_publisher_node]: USB camera publisher heartbeat: publishing 1280x720 frames on /wrist_mounted_camera/image; camera_info fx=920.87, fy=921.57, cx=644.76, cy=343.15.
[ros2_control_node-1] [WARN] [1776988788.667960073] [controller_manager]: Overrun might occur, Total time : 4071.545 us (Expected < 1000.000 us) --> Read time : 37.787 us, Update time : 256.169 us, Write time : 3777.589 us
[ros2_control_node-1] [WARN] [1776988788.668072732] [controller_manager]: Overrun detected! The controller manager missed its desired rate of 1000 Hz. The loop took 4.214749 ms (missed cycles : 5).
[adl_ui-15] 127.0.0.1 - - [23/Apr/2026 19:59:49] "GET /status_json HTTP/1.1" 200 -
[ros2_control_node-1] [WARN] [1776988789.671337072] [controller_manager]: Overrun might occur, Total time : 4447.314 us (Expected < 1000.000 us) --> Read time : 49.822 us, Update time : 272.155 us, Write time : 4125.337 us
[ros2_control_node-1] [WARN] [1776988789.671434630] [controller_manager]: Overrun detected! The controller manager missed its desired rate of 1000 Hz. The loop took 4.577726 ms (missed cycles : 5).
[adl_ui-15] 127.0.0.1 - - [23/Apr/2026 19:59:49] "GET /status_json HTTP/1.1" 200 -
[vision_apriltag-9] [INFO] [1776988790.302424384] [vision_apriltag_node]: Vision AprilTag: images are arriving, but no AprilTag has been seen for 243.1s.
[adl_ui-15] 127.0.0.1 - - [23/Apr/2026 19:59:50] "GET /status_json HTTP/1.1" 200 -
[ros2_control_node-1] [WARN] [1776988790.672839282] [controller_manager]: Overrun might occur, Total time : 3953.710 us (Expected < 1000.000 us) --> Read time : 51.229 us, Update time : 276.927 us, Write time : 3625.554 us
[ros2_control_node-1] [WARN] [1776988790.672918587] [controller_manager]: Overrun detected! The controller manager missed its desired rate of 1000 Hz. The loop took 4.062211 ms (missed cycles : 5).
[adl_ui-15] 127.0.0.1 - - [23/Apr/2026 19:59:51] "GET /status_json HTTP/1.1" 200 -
[ros2_control_node-1] [WARN] [1776988791.675497021] [controller_manager]: Overrun might occur, Total time : 2581.867 us (Expected < 1000.000 us) --> Read time : 43.231 us, Update time : 214.478 us, Write time : 2324.158 us
[ros2_control_node-1] [WARN] [1776988791.675591990] [controller_manager]: Overrun detected! The controller manager missed its desired rate of 1000 Hz. The loop took 2.734681 ms (missed cycles : 3).
[adl_ui-15] 127.0.0.1 - - [23/Apr/2026 19:59:52] "GET /status_json HTTP/1.1" 200 -
[vision_apriltag-9] [INFO] [1776988792.165042559] [vision_apriltag_node]: Vision AprilTag: images are arriving, but no AprilTag has been seen for 245.0s.
[ros2_control_node-1] [WARN] [1776988792.676217272] [controller_manager]: Overrun might occur, Total time : 3332.431 us (Expected < 1000.000 us) --> Read time : 41.293 us, Update time : 285.828 us, Write time : 3005.310 us
[ros2_control_node-1] [WARN] [1776988792.676310901] [controller_manager]: Overrun detected! The controller manager missed its desired rate of 1000 Hz. The loop took 3.453921 ms (missed cycles : 4).
[adl_ui-15] 127.0.0.1 - - [23/Apr/2026 19:59:52] "GET /status_json HTTP/1.1" 200 -
[vision_apriltag-9] [INFO] [1776988793.399833294] [vision_apriltag_node]: Vision AprilTag detection debug: no tags found after raw/CLAHE/sharp/adaptive/upscaled/tiled passes.
[wrist_camera_usb_publisher-8] [INFO] [1776988793.507084399] [wrist_camera_usb_publisher_node]: USB camera publisher heartbeat: publishing 1280x720 frames on /wrist_mounted_camera/image; camera_info fx=920.87, fy=921.57, cx=644.76, cy=343.15.
[adl_ui-15] 127.0.0.1 - - [23/Apr/2026 19:59:53] "GET /status_json HTTP/1.1" 200 -
[ros2_control_node-1] [WARN] [1776988793.676387498] [controller_manager]: Overrun might occur, Total time : 4494.578 us (Expected < 1000.000 us) --> Read time : 57.175 us, Update time : 273.461 us, Write time : 4163.942 us
[ros2_control_node-1] [WARN] [1776988793.676467390] [controller_manager]: Overrun detected! The controller manager missed its desired rate of 1000 Hz. The loop took 4.610366 ms (missed cycles : 5).
[adl_ui-15] 127.0.0.1 - - [23/Apr/2026 19:59:54] "GET /status_json HTTP/1.1" 200 -
[vision_apriltag-9] [INFO] [1776988794.364547976] [vision_apriltag_node]: Vision AprilTag: images are arriving, but no AprilTag has been seen for 247.2s.
[ros2_control_node-1] [WARN] [1776988794.681236754] [controller_manager]: Overrun might occur, Total time : 7360.194 us (Expected < 1000.000 us) --> Read time : 39.919 us, Update time : 224.183 us, Write time : 7096.092 us
[ros2_control_node-1] [WARN] [1776988794.681317031] [controller_manager]: Overrun detected! The controller manager missed its desired rate of 1000 Hz. The loop took 7.460368 ms (missed cycles : 8).
[adl_ui-15] 127.0.0.1 - - [23/Apr/2026 19:59:55] "GET /status_json HTTP/1.1" 200 -
[ros2_control_node-1] [WARN] [1776988795.683521500] [controller_manager]: Overrun might occur, Total time : 2639.001 us (Expected < 1000.000 us) --> Read time : 37.677 us, Update time : 233.963 us, Write time : 2367.361 us
[ros2_control_node-1] [WARN] [1776988795.683605321] [controller_manager]: Overrun detected! The controller manager missed its desired rate of 1000 Hz. The loop took 2.748244 ms (missed cycles : 3).
[adl_ui-15] 127.0.0.1 - - [23/Apr/2026 19:59:55] "GET /status_json HTTP/1.1" 200 -
[adl_ui-15] 127.0.0.1 - - [23/Apr/2026 19:59:56] "GET /status_json HTTP/1.1" 200 -
[vision_apriltag-9] [INFO] [1776988796.595799356] [vision_apriltag_node]: Vision AprilTag: images are arriving, but no AprilTag has been seen for 249.4s.
[ros2_control_node-1] [WARN] [1776988796.686735116] [controller_manager]: Overrun might occur, Total time : 2857.443 us (Expected < 1000.000 us) --> Read time : 39.934 us, Update time : 235.095 us, Write time : 2582.414 us
[ros2_control_node-1] [WARN] [1776988796.686806360] [controller_manager]: Overrun detected! The controller manager missed its desired rate of 1000 Hz. The loop took 2.949871 ms (missed cycles : 3).
[adl_ui-15] 127.0.0.1 - - [23/Apr/2026 19:59:57] "GET /status_json HTTP/1.1" 200 -
[ros2_control_node-1] [WARN] [1776988797.689751455] [controller_manager]: Overrun might occur, Total time : 2844.545 us (Expected < 1000.000 us) --> Read time : 58.005 us, Update time : 414.616 us, Write time : 2371.924 us
[ros2_control_node-1] [WARN] [1776988797.689917402] [controller_manager]: Overrun detected! The controller manager missed its desired rate of 1000 Hz. The loop took 3.060155 ms (missed cycles : 4).
[adl_ui-15] 127.0.0.1 - - [23/Apr/2026 19:59:58] "GET /status_json HTTP/1.1" 200 -
[vision_apriltag-9] [INFO] [1776988798.372696197] [vision_apriltag_node]: Vision AprilTag: images are arriving, but no AprilTag has been seen for 251.2s.
[wrist_camera_usb_publisher-8] [INFO] [1776988798.664507269] [wrist_camera_usb_publisher_node]: USB camera publisher heartbeat: publishing 1280x720 frames on /wrist_mounted_camera/image; camera_info fx=920.87, fy=921.57, cx=644.76, cy=343.15.
[ros2_control_node-1] [WARN] [1776988798.690938213] [controller_manager]: Overrun might occur, Total time : 3058.494 us (Expected < 1000.000 us) --> Read time : 43.429 us, Update time : 268.484 us, Write time : 2746.581 us
[ros2_control_node-1] [WARN] [1776988798.691019528] [controller_manager]: Overrun detected! The controller manager missed its desired rate of 1000 Hz. The loop took 3.162823 ms (missed cycles : 4).
[adl_ui-15] 127.0.0.1 - - [23/Apr/2026 19:59:58] "GET /status_json HTTP/1.1" 200 -
[vision_apriltag-9] [INFO] [1776988798.837478100] [vision_apriltag_node]: Vision AprilTag detection debug: no tags found after raw/CLAHE/sharp/adaptive/upscaled/tiled passes.
[adl_ui-15] 127.0.0.1 - - [23/Apr/2026 19:59:59] "GET /status_json HTTP/1.1" 200 -
[ros2_control_node-1] [WARN] [1776988799.694055695] [controller_manager]: Overrun might occur, Total time : 3172.144 us (Expected < 1000.000 us) --> Read time : 44.857 us, Update time : 597.061 us, Write time : 2530.226 us
[ros2_control_node-1] [WARN] [1776988799.694142180] [controller_manager]: Overrun detected! The controller manager missed its desired rate of 1000 Hz. The loop took 3.285431 ms (missed cycles : 4).
[vision_apriltag-9] [INFO] [1776988800.317081989] [vision_apriltag_node]: Vision AprilTag: images are arriving, but no AprilTag has been seen for 253.1s.
[adl_ui-15] 127.0.0.1 - - [23/Apr/2026 20:00:00] "GET /status_json HTTP/1.1" 200 -
[ros2_control_node-1] [WARN] [1776988800.696494008] [controller_manager]: Overrun might occur, Total time : 2611.071 us (Expected < 1000.000 us) --> Read time : 39.762 us, Update time : 343.300 us, Write time : 2228.009 us
[ros2_control_node-1] [WARN] [1776988800.696591643] [controller_manager]: Overrun detected! The controller manager missed its desired rate of 1000 Hz. The loop took 2.734570 ms (missed cycles : 3).
[adl_ui-15] 127.0.0.1 - - [23/Apr/2026 20:00:01] "GET /status_json HTTP/1.1" 200 -
[ros2_control_node-1] [WARN] [1776988801.700070320] [controller_manager]: Overrun might occur, Total time : 3186.971 us (Expected < 1000.000 us) --> Read time : 43.922 us, Update time : 230.218 us, Write time : 2912.831 us
[ros2_control_node-1] [WARN] [1776988801.700148600] [controller_manager]: Overrun detected! The controller manager missed its desired rate of 1000 Hz. The loop took 3.292049 ms (missed cycles : 4).
[adl_ui-15] 127.0.0.1 - - [23/Apr/2026 20:00:01] "GET /status_json HTTP/1.1" 200 -
[adl_ui-15] 127.0.0.1 - - [23/Apr/2026 20:00:02] "GET /status_json HTTP/1.1" 200 -
[ros2_control_node-1] [WARN] [1776988802.700940052] [controller_manager]: Overrun might occur, Total time : 4055.886 us (Expected < 1000.000 us) --> Read time : 42.888 us, Update time : 248.593 us, Write time : 3764.405 us
[ros2_control_node-1] [WARN] [1776988802.701013742] [controller_manager]: Overrun detected! The controller manager missed its desired rate of 1000 Hz. The loop took 4.156928 ms (missed cycles : 5).
[vision_apriltag-9] [INFO] [1776988802.964031458] [vision_apriltag_node]: Vision AprilTag: images are arriving, but no AprilTag has been seen for 255.8s.
[adl_ui-15] 127.0.0.1 - - [23/Apr/2026 20:00:03] "GET /status_json HTTP/1.1" 200 -
[ros2_control_node-1] [WARN] [1776988803.703396706] [controller_manager]: Overrun might occur, Total time : 9514.322 us (Expected < 1000.000 us) --> Read time : 41.278 us, Update time : 273.891 us, Write time : 9199.153 us
[ros2_control_node-1] [WARN] [1776988803.703494179] [controller_manager]: Overrun detected! The controller manager missed its desired rate of 1000 Hz. The loop took 9.637058 ms (missed cycles : 10).
[wrist_camera_usb_publisher-8] [INFO] [1776988803.823584612] [wrist_camera_usb_publisher_node]: USB camera publisher heartbeat: publishing 1280x720 frames on /wrist_mounted_camera/image; camera_info fx=920.87, fy=921.57, cx=644.76, cy=343.15.
[vision_apriltag-9] [INFO] [1776988804.016487799] [vision_apriltag_node]: Vision AprilTag detection debug: no tags found after raw/CLAHE/sharp/adaptive/upscaled/tiled passes.
[adl_ui-15] 127.0.0.1 - - [23/Apr/2026 20:00:04] "GET /status_json HTTP/1.1" 200 -
[vision_apriltag-9] [INFO] [1776988804.163916485] [vision_apriltag_node]: Vision AprilTag: images are arriving, but no AprilTag has been seen for 257.0s.
[ros2_control_node-1] [WARN] [1776988804.705206646] [controller_manager]: Overrun might occur, Total time : 3315.629 us (Expected < 1000.000 us) --> Read time : 81.076 us, Update time : 321.983 us, Write time : 2912.570 us
[ros2_control_node-1] [WARN] [1776988804.705305406] [controller_manager]: Overrun detected! The controller manager missed its desired rate of 1000 Hz. The loop took 3.448356 ms (missed cycles : 4).
[adl_ui-15] 127.0.0.1 - - [23/Apr/2026 20:00:04] "GET /status_json HTTP/1.1" 200 -
[adl_ui-15] 127.0.0.1 - - [23/Apr/2026 20:00:05] "GET /status_json HTTP/1.1" 200 -
[ros2_control_node-1] [WARN] [1776988805.706556066] [controller_manager]: Overrun might occur, Total time : 2672.683 us (Expected < 1000.000 us) --> Read time : 41.236 us, Update time : 259.434 us, Write time : 2372.013 us
[ros2_control_node-1] [WARN] [1776988805.706631835] [controller_manager]: Overrun detected! The controller manager missed its desired rate of 1000 Hz. The loop took 2.775117 ms (missed cycles : 3).
[vision_apriltag-9] [INFO] [1776988806.164004713] [vision_apriltag_node]: Vision AprilTag: images are arriving, but no AprilTag has been seen for 259.0s.
[adl_ui-15] 127.0.0.1 - - [23/Apr/2026 20:00:06] "GET /status_json HTTP/1.1" 200 -
[ros2_control_node-1] [WARN] [1776988806.709660490] [controller_manager]: Overrun might occur, Total time : 2778.172 us (Expected < 1000.000 us) --> Read time : 39.221 us, Update time : 243.384 us, Write time : 2495.567 us
[ros2_control_node-1] [WARN] [1776988806.709747956] [controller_manager]: Overrun detected! The controller manager missed its desired rate of 1000 Hz. The loop took 2.890646 ms (missed cycles : 3).
[adl_ui-15] 127.0.0.1 - - [23/Apr/2026 20:00:07] "GET /status_json HTTP/1.1" 200 -
[ros2_control_node-1] [WARN] [1776988807.711838976] [controller_manager]: Overrun might occur, Total time : 2954.980 us (Expected < 1000.000 us) --> Read time : 38.148 us, Update time : 232.422 us, Write time : 2684.410 us
[ros2_control_node-1] [WARN] [1776988807.711937542] [controller_manager]: Overrun detected! The controller manager missed its desired rate of 1000 Hz. The loop took 3.080288 ms (missed cycles : 4).
[adl_ui-15] 127.0.0.1 - - [23/Apr/2026 20:00:07] "GET /status_json HTTP/1.1" 200 -
[vision_apriltag-9] [INFO] [1776988808.165646419] [vision_apriltag_node]: Vision AprilTag: images are arriving, but no AprilTag has been seen for 261.0s.
[adl_ui-15] 127.0.0.1 - - [23/Apr/2026 20:00:08] "GET /status_json HTTP/1.1" 200 -
[ros2_control_node-1] [WARN] [1776988808.715099914] [controller_manager]: Overrun might occur, Total time : 3207.990 us (Expected < 1000.000 us) --> Read time : 35.615 us, Update time : 267.669 us, Write time : 2904.706 us
[ros2_control_node-1] [WARN] [1776988808.715256900] [controller_manager]: Overrun detected! The controller manager missed its desired rate of 1000 Hz. The loop took 3.399201 ms (missed cycles : 4).
[wrist_camera_usb_publisher-8] [INFO] [1776988808.990569021] [wrist_camera_usb_publisher_node]: USB camera publisher heartbeat: publishing 1280x720 frames on /wrist_mounted_camera/image; camera_info fx=920.87, fy=921.57, cx=644.76, cy=343.15.
[adl_ui-15] 127.0.0.1 - - [23/Apr/2026 20:00:09] "GET /status_json HTTP/1.1" 200 -
[vision_apriltag-9] [INFO] [1776988809.691778679] [vision_apriltag_node]: Vision AprilTag detection debug: no tags found after raw/CLAHE/sharp/adaptive/upscaled/tiled passes.
[ros2_control_node-1] [WARN] [1776988809.717679876] [controller_manager]: Overrun might occur, Total time : 2800.598 us (Expected < 1000.000 us) --> Read time : 31.629 us, Update time : 228.870 us, Write time : 2540.099 us
[ros2_control_node-1] [WARN] [1776988809.717757362] [controller_manager]: Overrun detected! The controller manager missed its desired rate of 1000 Hz. The loop took 2.900740 ms (missed cycles : 3).
[adl_ui-15] 127.0.0.1 - - [23/Apr/2026 20:00:10] "GET /status_json HTTP/1.1" 200 -
[ros2_control_node-1] [WARN] [1776988810.717861623] [controller_manager]: Overrun might occur, Total time : 4940.594 us (Expected < 1000.000 us) --> Read time : 139.336 us, Update time : 427.064 us, Write time : 4374.194 us
[ros2_control_node-1] [WARN] [1776988810.718006953] [controller_manager]: Overrun detected! The controller manager missed its desired rate of 1000 Hz. The loop took 5.147913 ms (missed cycles : 6).
[vision_apriltag-9] [INFO] [1776988810.721692016] [vision_apriltag_node]: Vision AprilTag: images are arriving, but no AprilTag has been seen for 263.5s.
[adl_ui-15] 127.0.0.1 - - [23/Apr/2026 20:00:10] "GET /status_json HTTP/1.1" 200 -
[adl_ui-15] 127.0.0.1 - - [23/Apr/2026 20:00:11] "GET /status_json HTTP/1.1" 200 -
[ros2_control_node-1] [WARN] [1776988811.721374039] [controller_manager]: Overrun might occur, Total time : 4484.004 us (Expected < 1000.000 us) --> Read time : 60.151 us, Update time : 359.195 us, Write time : 4064.658 us
[ros2_control_node-1] [WARN] [1776988811.721453198] [controller_manager]: Overrun detected! The controller manager missed its desired rate of 1000 Hz. The loop took 4.596284 ms (missed cycles : 5).
[vision_apriltag-9] [INFO] [1776988812.168827455] [vision_apriltag_node]: Vision AprilTag: images are arriving, but no AprilTag has been seen for 265.0s.
[adl_ui-15] 127.0.0.1 - - [23/Apr/2026 20:00:12] "GET /status_json HTTP/1.1" 200 -
[ros2_control_node-1] [WARN] [1776988812.724376945] [controller_manager]: Overrun might occur, Total time : 2491.193 us (Expected < 1000.000 us) --> Read time : 50.134 us, Update time : 245.368 us, Write time : 2195.691 us
[ros2_control_node-1] [WARN] [1776988812.724450809] [controller_manager]: Overrun detected! The controller manager missed its desired rate of 1000 Hz. The loop took 2.594206 ms (missed cycles : 3).
[adl_ui-15] 127.0.0.1 - - [23/Apr/2026 20:00:13] "GET /status_json HTTP/1.1" 200 -
[ros2_control_node-1] [WARN] [1776988813.726049255] [controller_manager]: Overrun might occur, Total time : 3170.008 us (Expected < 1000.000 us) --> Read time : 40.987 us, Update time : 253.052 us, Write time : 2875.969 us
[ros2_control_node-1] [WARN] [1776988813.726126047] [controller_manager]: Overrun detected! The controller manager missed its desired rate of 1000 Hz. The loop took 3.269985 ms (missed cycles : 4).
[adl_ui-15] 127.0.0.1 - - [23/Apr/2026 20:00:13] "GET /status_json HTTP/1.1" 200 -
[wrist_camera_usb_publisher-8] [INFO] [1776988814.145070970] [wrist_camera_usb_publisher_node]: USB camera publisher heartbeat: publishing 1280x720 frames on /wrist_mounted_camera/image; camera_info fx=920.87, fy=921.57, cx=644.76, cy=343.15.
[vision_apriltag-9] [INFO] [1776988814.164551979] [vision_apriltag_node]: Vision AprilTag: images are arriving, but no AprilTag has been seen for 267.0s.
[adl_ui-15] 127.0.0.1 - - [23/Apr/2026 20:00:14] "GET /status_json HTTP/1.1" 200 -
[ros2_control_node-1] [WARN] [1776988814.726287163] [controller_manager]: Overrun might occur, Total time : 2399.396 us (Expected < 1000.000 us) --> Read time : 44.327 us, Update time : 257.543 us, Write time : 2097.526 us
[ros2_control_node-1] [WARN] [1776988814.726362955] [controller_manager]: Overrun detected! The controller manager missed its desired rate of 1000 Hz. The loop took 2.506384 ms (missed cycles : 3).
[vision_apriltag-9] [INFO] [1776988815.052974520] [vision_apriltag_node]: Vision AprilTag detection debug: no tags found after raw/CLAHE/sharp/adaptive/upscaled/tiled passes.
[adl_ui-15] 127.0.0.1 - - [23/Apr/2026 20:00:15] "GET /status_json HTTP/1.1" 200 -
[ros2_control_node-1] [WARN] [1776988815.726982300] [controller_manager]: Overrun might occur, Total time : 3100.251 us (Expected < 1000.000 us) --> Read time : 43.668 us, Update time : 247.610 us, Write time : 2808.973 us
[ros2_control_node-1] [WARN] [1776988815.727055460] [controller_manager]: Overrun detected! The controller manager missed its desired rate of 1000 Hz. The loop took 3.198796 ms (missed cycles : 4).
[adl_ui-15] 127.0.0.1 - - [23/Apr/2026 20:00:16] "GET /status_json HTTP/1.1" 200 -
[vision_apriltag-9] [INFO] [1776988816.208016642] [vision_apriltag_node]: Vision AprilTag: images are arriving, but no AprilTag has been seen for 269.0s.
[ros2_control_node-1] [WARN] [1776988816.729229701] [controller_manager]: Overrun might occur, Total time : 3326.799 us (Expected < 1000.000 us) --> Read time : 80.433 us, Update time : 384.676 us, Write time : 2861.690 us
[ros2_control_node-1] [WARN] [1776988816.729327068] [controller_manager]: Overrun detected! The controller manager missed its desired rate of 1000 Hz. The loop took 3.470402 ms (missed cycles : 4).
[adl_ui-15] 127.0.0.1 - - [23/Apr/2026 20:00:16] "GET /status_json HTTP/1.1" 200 -
[adl_ui-15] 127.0.0.1 - - [23/Apr/2026 20:00:17] "GET /status_json HTTP/1.1" 200 -
[ros2_control_node-1] [WARN] [1776988817.729501248] [controller_manager]: Overrun might occur, Total time : 2612.044 us (Expected < 1000.000 us) --> Read time : 43.493 us, Update time : 243.364 us, Write time : 2325.187 us
[ros2_control_node-1] [WARN] [1776988817.729577266] [controller_manager]: Overrun detected! The controller manager missed its desired rate of 1000 Hz. The loop took 2.720746 ms (missed cycles : 3).
[vision_apriltag-9] [INFO] [1776988818.164027918] [vision_apriltag_node]: Vision AprilTag: images are arriving, but no AprilTag has been seen for 271.0s.
[adl_ui-15] 127.0.0.1 - - [23/Apr/2026 20:00:18] "GET /status_json HTTP/1.1" 200 -
[ros2_control_node-1] [WARN] [1776988818.732949138] [controller_manager]: Overrun might occur, Total time : 3055.834 us (Expected < 1000.000 us) --> Read time : 68.079 us, Update time : 304.306 us, Write time : 2683.449 us
[ros2_control_node-1] [WARN] [1776988818.733013769] [controller_manager]: Overrun detected! The controller manager missed its desired rate of 1000 Hz. The loop took 3.157813 ms (missed cycles : 4).
[adl_ui-15] 127.0.0.1 - - [23/Apr/2026 20:00:19] "GET /status_json HTTP/1.1" 200 -
[wrist_camera_usb_publisher-8] [INFO] [1776988819.303497427] [wrist_camera_usb_publisher_node]: USB camera publisher heartbeat: publishing 1280x720 frames on /wrist_mounted_camera/image; camera_info fx=920.87, fy=921.57, cx=644.76, cy=343.15.
[ros2_control_node-1] [WARN] [1776988819.736304792] [controller_manager]: Overrun might occur, Total time : 3415.380 us (Expected < 1000.000 us) --> Read time : 42.590 us, Update time : 248.216 us, Write time : 3124.574 us
[ros2_control_node-1] [WARN] [1776988819.736404800] [controller_manager]: Overrun detected! The controller manager missed its desired rate of 1000 Hz. The loop took 3.547869 ms (missed cycles : 4).
[adl_ui-15] 127.0.0.1 - - [23/Apr/2026 20:00:19] "GET /status_json HTTP/1.1" 200 -
[vision_apriltag-9] [INFO] [1776988820.164256078] [vision_apriltag_node]: Vision AprilTag: images are arriving, but no AprilTag has been seen for 273.0s.
[vision_apriltag-9] [INFO] [1776988820.433393142] [vision_apriltag_node]: Vision AprilTag detection debug: no tags found after raw/CLAHE/sharp/adaptive/upscaled/tiled passes.
[adl_ui-15] 127.0.0.1 - - [23/Apr/2026 20:00:20] "GET /status_json HTTP/1.1" 200 -
[ros2_control_node-1] [WARN] [1776988820.737768290] [controller_manager]: Overrun might occur, Total time : 2881.712 us (Expected < 1000.000 us) --> Read time : 71.417 us, Update time : 308.446 us, Write time : 2501.849 us
[ros2_control_node-1] [WARN] [1776988820.737844382] [controller_manager]: Overrun detected! The controller manager missed its desired rate of 1000 Hz. The loop took 2.987872 ms (missed cycles : 3).
[adl_ui-15] 127.0.0.1 - - [23/Apr/2026 20:00:21] "GET /status_json HTTP/1.1" 200 -
[ros2_control_node-1] [WARN] [1776988821.739068052] [controller_manager]: Overrun might occur, Total time : 4191.414 us (Expected < 1000.000 us) --> Read time : 40.211 us, Update time : 249.303 us, Write time : 3901.900 us
[ros2_control_node-1] [WARN] [1776988821.739147968] [controller_manager]: Overrun detected! The controller manager missed its desired rate of 1000 Hz. The loop took 4.291481 ms (missed cycles : 5).
[adl_ui-15] 127.0.0.1 - - [23/Apr/2026 20:00:22] "GET /status_json HTTP/1.1" 200 -
[vision_apriltag-9] [INFO] [1776988822.165444061] [vision_apriltag_node]: Vision AprilTag: images are arriving, but no AprilTag has been seen for 275.0s.
[ros2_control_node-1] [WARN] [1776988822.739367057] [controller_manager]: Overrun might occur, Total time : 3487.244 us (Expected < 1000.000 us) --> Read time : 40.750 us, Update time : 249.121 us, Write time : 3197.373 us
[ros2_control_node-1] [WARN] [1776988822.739444620] [controller_manager]: Overrun detected! The controller manager missed its desired rate of 1000 Hz. The loop took 3.587801 ms (missed cycles : 4).
[adl_ui-15] 127.0.0.1 - - [23/Apr/2026 20:00:22] "GET /status_json HTTP/1.1" 200 -
[adl_ui-15] 127.0.0.1 - - [23/Apr/2026 20:00:23] "GET /status_json HTTP/1.1" 200 -
[ros2_control_node-1] [WARN] [1776988823.741180589] [controller_manager]: Overrun might occur, Total time : 3278.074 us (Expected < 1000.000 us) --> Read time : 50.697 us, Update time : 293.454 us, Write time : 2933.923 us
[ros2_control_node-1] [WARN] [1776988823.741255597] [controller_manager]: Overrun detected! The controller manager missed its desired rate of 1000 Hz. The loop took 3.398912 ms (missed cycles : 4).
[vision_apriltag-9] [INFO] [1776988824.167600813] [vision_apriltag_node]: Vision AprilTag: images are arriving, but no AprilTag has been seen for 277.0s.
[adl_ui-15] 127.0.0.1 - - [23/Apr/2026 20:00:24] "GET /status_json HTTP/1.1" 200 -
[wrist_camera_usb_publisher-8] [INFO] [1776988824.463771413] [wrist_camera_usb_publisher_node]: USB camera publisher heartbeat: publishing 1280x720 frames on /wrist_mounted_camera/image; camera_info fx=920.87, fy=921.57, cx=644.76, cy=343.15.
[ros2_control_node-1] [WARN] [1776988824.745567077] [controller_manager]: Overrun might occur, Total time : 3686.300 us (Expected < 1000.000 us) --> Read time : 49.718 us, Update time : 273.410 us, Write time : 3363.172 us
[ros2_control_node-1] [WARN] [1776988824.745645656] [controller_manager]: Overrun detected! The controller manager missed its desired rate of 1000 Hz. The loop took 3.788796 ms (missed cycles : 4).
[adl_ui-15] 127.0.0.1 - - [23/Apr/2026 20:00:25] "GET /status_json HTTP/1.1" 200 -
[vision_apriltag-9] [INFO] [1776988825.689413742] [vision_apriltag_node]: Vision AprilTag detection debug: no tags found after raw/CLAHE/sharp/adaptive/upscaled/tiled passes.
[ros2_control_node-1] [WARN] [1776988825.747469288] [controller_manager]: Overrun might occur, Total time : 2590.795 us (Expected < 1000.000 us) --> Read time : 45.079 us, Update time : 263.927 us, Write time : 2281.789 us
[ros2_control_node-1] [WARN] [1776988825.747549920] [controller_manager]: Overrun detected! The controller manager missed its desired rate of 1000 Hz. The loop took 2.693292 ms (missed cycles : 3).
[adl_ui-15] 127.0.0.1 - - [23/Apr/2026 20:00:25] "GET /status_json HTTP/1.1" 200 -
[vision_apriltag-9] [INFO] [1776988826.164397476] [vision_apriltag_node]: Vision AprilTag: images are arriving, but no AprilTag has been seen for 279.0s.
[adl_ui-15] 127.0.0.1 - - [23/Apr/2026 20:00:26] "GET /status_json HTTP/1.1" 200 -
[ros2_control_node-1] [WARN] [1776988826.751710810] [controller_manager]: Overrun might occur, Total time : 3816.300 us (Expected < 1000.000 us) --> Read time : 62.726 us, Update time : 290.793 us, Write time : 3462.781 us
[ros2_control_node-1] [WARN] [1776988826.751795448] [controller_manager]: Overrun detected! The controller manager missed its desired rate of 1000 Hz. The loop took 3.938985 ms (missed cycles : 4).
[adl_ui-15] 127.0.0.1 - - [23/Apr/2026 20:00:27] "GET /status_json HTTP/1.1" 200 -
[ros2_control_node-1] [WARN] [1776988827.754779607] [controller_manager]: Overrun might occur, Total time : 2898.598 us (Expected < 1000.000 us) --> Read time : 35.927 us, Update time : 233.454 us, Write time : 2629.217 us
[ros2_control_node-1] [WARN] [1776988827.754862271] [controller_manager]: Overrun detected! The controller manager missed its desired rate of 1000 Hz. The loop took 3.005595 ms (missed cycles : 4).
[adl_ui-15] 127.0.0.1 - - [23/Apr/2026 20:00:28] "GET /status_json HTTP/1.1" 200 -
[vision_apriltag-9] [INFO] [1776988828.167457610] [vision_apriltag_node]: Vision AprilTag: images are arriving, but no AprilTag has been seen for 281.0s.
[ros2_control_node-1] [WARN] [1776988828.757893428] [controller_manager]: Overrun might occur, Total time : 3010.566 us (Expected < 1000.000 us) --> Read time : 40.659 us, Update time : 281.644 us, Write time : 2688.263 us
[ros2_control_node-1] [WARN] [1776988828.757969071] [controller_manager]: Overrun detected! The controller manager missed its desired rate of 1000 Hz. The loop took 3.112098 ms (missed cycles : 4).
[adl_ui-15] 127.0.0.1 - - [23/Apr/2026 20:00:28] "GET /status_json HTTP/1.1" 200 -
[adl_ui-15] 127.0.0.1 - - [23/Apr/2026 20:00:29] "GET /status_json HTTP/1.1" 200 -
[wrist_camera_usb_publisher-8] [INFO] [1776988829.627009509] [wrist_camera_usb_publisher_node]: USB camera publisher heartbeat: publishing 1280x720 frames on /wrist_mounted_camera/image; camera_info fx=920.87, fy=921.57, cx=644.76, cy=343.15.
[ros2_control_node-1] [WARN] [1776988829.758389726] [controller_manager]: Overrun might occur, Total time : 2501.738 us (Expected < 1000.000 us) --> Read time : 51.520 us, Update time : 256.318 us, Write time : 2193.900 us
[ros2_control_node-1] [WARN] [1776988829.758464387] [controller_manager]: Overrun detected! The controller manager missed its desired rate of 1000 Hz. The loop took 2.607763 ms (missed cycles : 3).
[vision_apriltag-9] [INFO] [1776988830.166720548] [vision_apriltag_node]: Vision AprilTag: images are arriving, but no AprilTag has been seen for 283.0s.
[adl_ui-15] 127.0.0.1 - - [23/Apr/2026 20:00:30] "GET /status_json HTTP/1.1" 200 -
[vision_apriltag-9] [INFO] [1776988830.706602632] [vision_apriltag_node]: Vision AprilTag detection debug: no tags found after raw/CLAHE/sharp/adaptive/upscaled/tiled passes.
[ros2_control_node-1] [WARN] [1776988830.760904091] [controller_manager]: Overrun might occur, Total time : 3028.599 us (Expected < 1000.000 us) --> Read time : 37.391 us, Update time : 217.366 us, Write time : 2773.842 us
[ros2_control_node-1] [WARN] [1776988830.760976174] [controller_manager]: Overrun detected! The controller manager missed its desired rate of 1000 Hz. The loop took 3.120317 ms (missed cycles : 4).
[adl_ui-15] 127.0.0.1 - - [23/Apr/2026 20:00:31] "GET /status_json HTTP/1.1" 200 -
[ros2_control_node-1] [WARN] [1776988831.763878242] [controller_manager]: Overrun might occur, Total time : 3004.991 us (Expected < 1000.000 us) --> Read time : 19.530 us, Update time : 159.434 us, Write time : 2826.027 us
[ros2_control_node-1] [WARN] [1776988831.763951900] [controller_manager]: Overrun detected! The controller manager missed its desired rate of 1000 Hz. The loop took 3.095240 ms (missed cycles : 4).
[adl_ui-15] 127.0.0.1 - - [23/Apr/2026 20:00:31] "GET /status_json HTTP/1.1" 200 -
[vision_apriltag-9] [INFO] [1776988832.163575359] [vision_apriltag_node]: Vision AprilTag: images are arriving, but no AprilTag has been seen for 285.0s.
[adl_ui-15] 127.0.0.1 - - [23/Apr/2026 20:00:32] "GET /status_json HTTP/1.1" 200 -
[ros2_control_node-1] [WARN] [1776988832.765172562] [controller_manager]: Overrun might occur, Total time : 3274.855 us (Expected < 1000.000 us) --> Read time : 72.731 us, Update time : 323.367 us, Write time : 2878.757 us
[ros2_control_node-1] [WARN] [1776988832.765247321] [controller_manager]: Overrun detected! The controller manager missed its desired rate of 1000 Hz. The loop took 3.390520 ms (missed cycles : 4).
[adl_ui-15] 127.0.0.1 - - [23/Apr/2026 20:00:33] "GET /status_json HTTP/1.1" 200 -
[ros2_control_node-1] [WARN] [1776988833.767371388] [controller_manager]: Overrun might occur, Total time : 2489.542 us (Expected < 1000.000 us) --> Read time : 39.778 us, Update time : 254.245 us, Write time : 2195.519 us
[ros2_control_node-1] [WARN] [1776988833.767447173] [controller_manager]: Overrun detected! The controller manager missed its desired rate of 1000 Hz. The loop took 2.590614 ms (missed cycles : 3).
[adl_ui-15] 127.0.0.1 - - [23/Apr/2026 20:00:34] "GET /status_json HTTP/1.1" 200 -
[vision_apriltag-9] [INFO] [1776988834.177910195] [vision_apriltag_node]: Vision AprilTag: images are arriving, but no AprilTag has been seen for 287.0s.
[ros2_control_node-1] [WARN] [1776988834.769092868] [controller_manager]: Overrun might occur, Total time : 3212.157 us (Expected < 1000.000 us) --> Read time : 31.983 us, Update time : 219.636 us, Write time : 2960.538 us
[ros2_control_node-1] [WARN] [1776988834.769174803] [controller_manager]: Overrun detected! The controller manager missed its desired rate of 1000 Hz. The loop took 3.318516 ms (missed cycles : 4).
[wrist_camera_usb_publisher-8] [INFO] [1776988834.792079945] [wrist_camera_usb_publisher_node]: USB camera publisher heartbeat: publishing 1280x720 frames on /wrist_mounted_camera/image; camera_info fx=920.87, fy=921.57, cx=644.76, cy=343.15.
[adl_ui-15] 127.0.0.1 - - [23/Apr/2026 20:00:34] "GET /status_json HTTP/1.1" 200 -
[adl_ui-15] 127.0.0.1 - - [23/Apr/2026 20:00:35] "GET /status_json HTTP/1.1" 200 -
[ros2_control_node-1] [WARN] [1776988835.770907886] [controller_manager]: Overrun might occur, Total time : 3003.892 us (Expected < 1000.000 us) --> Read time : 73.720 us, Update time : 323.197 us, Write time : 2606.975 us
[ros2_control_node-1] [WARN] [1776988835.771134713] [controller_manager]: Overrun detected! The controller manager missed its desired rate of 1000 Hz. The loop took 3.274235 ms (missed cycles : 4).
[vision_apriltag-9] [INFO] [1776988835.818955715] [vision_apriltag_node]: Vision AprilTag detection debug: no tags found after raw/CLAHE/sharp/adaptive/upscaled/tiled passes.
[adl_ui-15] 127.0.0.1 - - [23/Apr/2026 20:00:36] "GET /status_json HTTP/1.1" 200 -
[vision_apriltag-9] [INFO] [1776988836.434471005] [vision_apriltag_node]: Vision AprilTag: images are arriving, but no AprilTag has been seen for 289.2s.
[ros2_control_node-1] [WARN] [1776988836.770935559] [controller_manager]: Overrun might occur, Total time : 3043.369 us (Expected < 1000.000 us) --> Read time : 64.329 us, Update time : 265.821 us, Write time : 2713.219 us
[ros2_control_node-1] [WARN] [1776988836.774369723] [controller_manager]: Overrun detected! The controller manager missed its desired rate of 1000 Hz. The loop took 2.513404 ms (missed cycles : 3).
[adl_ui-15] 127.0.0.1 - - [23/Apr/2026 20:00:37] "GET /status_json HTTP/1.1" 200 -
[ros2_control_node-1] [WARN] [1776988837.771608930] [controller_manager]: Overrun might occur, Total time : 12723.100 us (Expected < 1000.000 us) --> Read time : 39.684 us, Update time : 234.648 us, Write time : 12448.768 us
[ros2_control_node-1] [WARN] [1776988837.777560143] [controller_manager]: Overrun detected! The controller manager missed its desired rate of 1000 Hz. The loop took 5.702972 ms (missed cycles : 6).
[adl_ui-15] 127.0.0.1 - - [23/Apr/2026 20:00:37] "GET /status_json HTTP/1.1" 200 -
[vision_apriltag-9] [INFO] [1776988838.184469319] [vision_apriltag_node]: Vision AprilTag: images are arriving, but no AprilTag has been seen for 291.0s.
[adl_ui-15] 127.0.0.1 - - [23/Apr/2026 20:00:38] "GET /status_json HTTP/1.1" 200 -
[ros2_control_node-1] [WARN] [1776988838.771687154] [controller_manager]: Overrun might occur, Total time : 2804.340 us (Expected < 1000.000 us) --> Read time : 42.469 us, Update time : 251.448 us, Write time : 2510.423 us
[ros2_control_node-1] [WARN] [1776988838.779948759] [controller_manager]: Overrun detected! The controller manager missed its desired rate of 1000 Hz. The loop took 3.092304 ms (missed cycles : 4).
[adl_ui-15] 127.0.0.1 - - [23/Apr/2026 20:00:39] "GET /status_json HTTP/1.1" 200 -
[ros2_control_node-1] [WARN] [1776988839.772005939] [controller_manager]: Overrun might occur, Total time : 3123.418 us (Expected < 1000.000 us) --> Read time : 53.313 us, Update time : 304.247 us, Write time : 2765.858 us
[ros2_control_node-1] [WARN] [1776988839.786315185] [controller_manager]: Overrun detected! The controller manager missed its desired rate of 1000 Hz. The loop took 9.458518 ms (missed cycles : 10).
[wrist_camera_usb_publisher-8] [INFO] [1776988839.798733391] [wrist_camera_usb_publisher_node]: USB camera publisher heartbeat: publishing 1280x720 frames on /wrist_mounted_camera/image; camera_info fx=920.87, fy=921.57, cx=644.76, cy=343.15.
[adl_ui-15] 127.0.0.1 - - [23/Apr/2026 20:00:40] "GET /status_json HTTP/1.1" 200 -
[ros2_control_node-1] [WARN] [1776988840.773817828] [controller_manager]: Overrun might occur, Total time : 2936.749 us (Expected < 1000.000 us) --> Read time : 35.707 us, Update time : 224.778 us, Write time : 2676.264 us
[ros2_control_node-1] [WARN] [1776988840.789554785] [controller_manager]: Overrun detected! The controller manager missed its desired rate of 1000 Hz. The loop took 2.698654 ms (missed cycles : 3).
[adl_ui-15] 127.0.0.1 - - [23/Apr/2026 20:00:40] "GET /status_json HTTP/1.1" 200 -
[vision_apriltag-9] [INFO] [1776988840.977755158] [vision_apriltag_node]: Vision AprilTag detection debug: no tags found after raw/CLAHE/sharp/adaptive/upscaled/tiled passes.
[vision_apriltag-9] [INFO] [1776988840.995028747] [vision_apriltag_node]: Vision AprilTag: images are arriving, but no AprilTag has been seen for 293.8s.
[adl_ui-15] 127.0.0.1 - - [23/Apr/2026 20:00:41] "GET /status_json HTTP/1.1" 200 -
[ros2_control_node-1] [WARN] [1776988841.774494473] [controller_manager]: Overrun might occur, Total time : 2604.772 us (Expected < 1000.000 us) --> Read time : 40.753 us, Update time : 254.677 us, Write time : 2309.342 us
[ros2_control_node-1] [WARN] [1776988841.792721827] [controller_manager]: Overrun detected! The controller manager missed its desired rate of 1000 Hz. The loop took 2.865817 ms (missed cycles : 3).
[vision_apriltag-9] [INFO] [1776988842.228534661] [vision_apriltag_node]: Vision AprilTag: images are arriving, but no AprilTag has been seen for 295.1s.
[adl_ui-15] 127.0.0.1 - - [23/Apr/2026 20:00:42] "GET /status_json HTTP/1.1" 200 -
[ros2_control_node-1] [WARN] [1776988842.776830309] [controller_manager]: Overrun might occur, Total time : 2927.407 us (Expected < 1000.000 us) --> Read time : 76.345 us, Update time : 324.979 us, Write time : 2526.083 us
[ros2_control_node-1] [WARN] [1776988842.795770094] [controller_manager]: Overrun detected! The controller manager missed its desired rate of 1000 Hz. The loop took 2.913823 ms (missed cycles : 3).
[adl_ui-15] 127.0.0.1 - - [23/Apr/2026 20:00:43] "GET /status_json HTTP/1.1" 200 -
[ros2_control_node-1] [WARN] [1776988843.785253120] [controller_manager]: Overrun might occur, Total time : 8346.683 us (Expected < 1000.000 us) --> Read time : 137.927 us, Update time : 516.629 us, Write time : 7692.127 us
[ros2_control_node-1] [WARN] [1776988843.796833382] [controller_manager]: Overrun detected! The controller manager missed its desired rate of 1000 Hz. The loop took 3.976998 ms (missed cycles : 4).
[adl_ui-15] 127.0.0.1 - - [23/Apr/2026 20:00:43] "GET /status_json HTTP/1.1" 200 -
[vision_apriltag-9] [INFO] [1776988844.164933574] [vision_apriltag_node]: Vision AprilTag: images are arriving, but no AprilTag has been seen for 297.0s.
[adl_ui-15] 127.0.0.1 - - [23/Apr/2026 20:00:44] "GET /status_json HTTP/1.1" 200 -
[ros2_control_node-1] [WARN] [1776988844.785784808] [controller_manager]: Overrun might occur, Total time : 2898.769 us (Expected < 1000.000 us) --> Read time : 48.394 us, Update time : 251.251 us, Write time : 2599.124 us
[ros2_control_node-1] [WARN] [1776988844.800131378] [controller_manager]: Overrun detected! The controller manager missed its desired rate of 1000 Hz. The loop took 3.275558 ms (missed cycles : 4).
[wrist_camera_usb_publisher-8] [INFO] [1776988844.942578773] [wrist_camera_usb_publisher_node]: USB camera publisher heartbeat: publishing 1280x720 frames on /wrist_mounted_camera/image; camera_info fx=920.87, fy=921.57, cx=644.76, cy=343.15.
[adl_ui-15] 127.0.0.1 - - [23/Apr/2026 20:00:45] "GET /status_json HTTP/1.1" 200 -
[ros2_control_node-1] [WARN] [1776988845.788676169] [controller_manager]: Overrun might occur, Total time : 2797.886 us (Expected < 1000.000 us) --> Read time : 37.593 us, Update time : 247.420 us, Write time : 2512.873 us
[ros2_control_node-1] [WARN] [1776988845.800914350] [controller_manager]: Overrun detected! The controller manager missed its desired rate of 1000 Hz. The loop took 3.057943 ms (missed cycles : 4).
[vision_apriltag-9] [INFO] [1776988846.169562944] [vision_apriltag_node]: Vision AprilTag: images are arriving, but no AprilTag has been seen for 299.0s.
[adl_ui-15] 127.0.0.1 - - [23/Apr/2026 20:00:46] "GET /status_json HTTP/1.1" 200 -
[vision_apriltag-9] [INFO] [1776988846.305536154] [vision_apriltag_node]: Vision AprilTag detection debug: no tags found after raw/CLAHE/sharp/adaptive/upscaled/tiled passes.
[ros2_control_node-1] [WARN] [1776988846.791871962] [controller_manager]: Overrun might occur, Total time : 2984.870 us (Expected < 1000.000 us) --> Read time : 46.010 us, Update time : 260.740 us, Write time : 2678.120 us
[ros2_control_node-1] [WARN] [1776988846.802258950] [controller_manager]: Overrun detected! The controller manager missed its desired rate of 1000 Hz. The loop took 2.402719 ms (missed cycles : 3).
[adl_ui-15] 127.0.0.1 - - [23/Apr/2026 20:00:46] "GET /status_json HTTP/1.1" 200 -
[adl_ui-15] 127.0.0.1 - - [23/Apr/2026 20:00:47] "GET /status_json HTTP/1.1" 200 -
[ros2_control_node-1] [WARN] [1776988847.794571860] [controller_manager]: Overrun might occur, Total time : 2690.287 us (Expected < 1000.000 us) --> Read time : 40.525 us, Update time : 258.970 us, Write time : 2390.792 us
[ros2_control_node-1] [WARN] [1776988847.802847378] [controller_manager]: Overrun detected! The controller manager missed its desired rate of 1000 Hz. The loop took 2.990657 ms (missed cycles : 3).
[vision_apriltag-9] [INFO] [1776988848.163521131] [vision_apriltag_node]: Vision AprilTag: images are arriving, but no AprilTag has been seen for 301.0s.
[adl_ui-15] 127.0.0.1 - - [23/Apr/2026 20:00:48] "GET /status_json HTTP/1.1" 200 -
[ros2_control_node-1] [WARN] [1776988848.797987421] [controller_manager]: Overrun might occur, Total time : 3096.652 us (Expected < 1000.000 us) --> Read time : 41.795 us, Update time : 280.980 us, Write time : 2773.877 us
[ros2_control_node-1] [WARN] [1776988848.808016236] [controller_manager]: Overrun detected! The controller manager missed its desired rate of 1000 Hz. The loop took 9.159922 ms (missed cycles : 10).
[adl_ui-15] 127.0.0.1 - - [23/Apr/2026 20:00:49] "GET /status_json HTTP/1.1" 200 -
[ros2_control_node-1] [WARN] [1776988849.799090293] [controller_manager]: Overrun might occur, Total time : 5190.976 us (Expected < 1000.000 us) --> Read time : 46.702 us, Update time : 305.324 us, Write time : 4838.950 us
[ros2_control_node-1] [WARN] [1776988849.809632164] [controller_manager]: Overrun detected! The controller manager missed its desired rate of 1000 Hz. The loop took 2.775578 ms (missed cycles : 3).
[adl_ui-15] 127.0.0.1 - - [23/Apr/2026 20:00:49] "GET /status_json HTTP/1.1" 200 -
[wrist_camera_usb_publisher-8] [INFO] [1776988850.106003473] [wrist_camera_usb_publisher_node]: USB camera publisher heartbeat: publishing 1280x720 frames on /wrist_mounted_camera/image; camera_info fx=920.87, fy=921.57, cx=644.76, cy=343.15.
[vision_apriltag-9] [INFO] [1776988850.165174960] [vision_apriltag_node]: Vision AprilTag: images are arriving, but no AprilTag has been seen for 303.0s.
[adl_ui-15] 127.0.0.1 - - [23/Apr/2026 20:00:50] "GET /status_json HTTP/1.1" 200 -
[ros2_control_node-1] [WARN] [1776988850.809798588] [controller_manager]: Overrun might occur, Total time : 12903.922 us (Expected < 1000.000 us) --> Read time : 38.950 us, Update time : 221.832 us, Write time : 12643.140 us
[ros2_control_node-1] [WARN] [1776988850.809984837] [controller_manager]: Overrun detected! The controller manager missed its desired rate of 1000 Hz. The loop took 13.126050 ms (missed cycles : 14).
[adl_ui-15] 127.0.0.1 - - [23/Apr/2026 20:00:51] "GET /status_json HTTP/1.1" 200 -
[vision_apriltag-9] [INFO] [1776988851.515283634] [vision_apriltag_node]: Vision AprilTag detection debug: no tags found after raw/CLAHE/sharp/adaptive/upscaled/tiled passes.
[ros2_control_node-1] [WARN] [1776988851.811325541] [controller_manager]: Overrun might occur, Total time : 2454.942 us (Expected < 1000.000 us) --> Read time : 26.058 us, Update time : 169.754 us, Write time : 2259.130 us
[ros2_control_node-1] [WARN] [1776988851.811391327] [controller_manager]: Overrun detected! The controller manager missed its desired rate of 1000 Hz. The loop took 2.535209 ms (missed cycles : 3).
[vision_apriltag-9] [INFO] [1776988852.163719956] [vision_apriltag_node]: Vision AprilTag: images are arriving, but no AprilTag has been seen for 305.0s.
[adl_ui-15] 127.0.0.1 - - [23/Apr/2026 20:00:52] "GET /status_json HTTP/1.1" 200 -
[ros2_control_node-1] [WARN] [1776988852.814367961] [controller_manager]: Overrun might occur, Total time : 2486.463 us (Expected < 1000.000 us) --> Read time : 35.670 us, Update time : 214.159 us, Write time : 2236.634 us
[ros2_control_node-1] [WARN] [1776988852.814445062] [controller_manager]: Overrun detected! The controller manager missed its desired rate of 1000 Hz. The loop took 2.588440 ms (missed cycles : 3).
[adl_ui-15] 127.0.0.1 - - [23/Apr/2026 20:00:52] "GET /status_json HTTP/1.1" 200 -
[adl_ui-15] 127.0.0.1 - - [23/Apr/2026 20:00:53] "GET /status_json HTTP/1.1" 200 -
[ros2_control_node-1] [WARN] [1776988853.816086311] [controller_manager]: Overrun might occur, Total time : 3191.673 us (Expected < 1000.000 us) --> Read time : 39.841 us, Update time : 278.748 us, Write time : 2873.084 us
[ros2_control_node-1] [WARN] [1776988853.816232548] [controller_manager]: Overrun detected! The controller manager missed its desired rate of 1000 Hz. The loop took 3.375340 ms (missed cycles : 4).
[vision_apriltag-9] [INFO] [1776988854.166008979] [vision_apriltag_node]: Vision AprilTag: images are arriving, but no AprilTag has been seen for 307.0s.
[adl_ui-15] 127.0.0.1 - - [23/Apr/2026 20:00:54] "GET /status_json HTTP/1.1" 200 -
[ros2_control_node-1] [WARN] [1776988854.816730279] [controller_manager]: Overrun might occur, Total time : 2839.306 us (Expected < 1000.000 us) --> Read time : 41.693 us, Update time : 267.147 us, Write time : 2530.466 us
[ros2_control_node-1] [WARN] [1776988854.816832321] [controller_manager]: Overrun detected! The controller manager missed its desired rate of 1000 Hz. The loop took 2.974748 ms (missed cycles : 3).
[adl_ui-15] 127.0.0.1 - - [23/Apr/2026 20:00:55] "GET /status_json HTTP/1.1" 200 -
[wrist_camera_usb_publisher-8] [INFO] [1776988855.266670179] [wrist_camera_usb_publisher_node]: USB camera publisher heartbeat: publishing 1280x720 frames on /wrist_mounted_camera/image; camera_info fx=920.87, fy=921.57, cx=644.76, cy=343.15.
[ros2_control_node-1] [WARN] [1776988855.817693481] [controller_manager]: Overrun might occur, Total time : 3813.464 us (Expected < 1000.000 us) --> Read time : 45.148 us, Update time : 241.813 us, Write time : 3526.503 us
[ros2_control_node-1] [WARN] [1776988855.817777794] [controller_manager]: Overrun detected! The controller manager missed its desired rate of 1000 Hz. The loop took 3.921157 ms (missed cycles : 4).
[adl_ui-15] 127.0.0.1 - - [23/Apr/2026 20:00:55] "GET /status_json HTTP/1.1" 200 -
[vision_apriltag-9] [INFO] [1776988856.195295508] [vision_apriltag_node]: Vision AprilTag: images are arriving, but no AprilTag has been seen for 309.0s.
[adl_ui-15] 127.0.0.1 - - [23/Apr/2026 20:00:56] "GET /status_json HTTP/1.1" 200 -
[ros2_control_node-1] [WARN] [1776988856.820413659] [controller_manager]: Overrun might occur, Total time : 3527.234 us (Expected < 1000.000 us) --> Read time : 42.813 us, Update time : 256.366 us, Write time : 3228.055 us
[ros2_control_node-1] [WARN] [1776988856.820499801] [controller_manager]: Overrun detected! The controller manager missed its desired rate of 1000 Hz. The loop took 3.643360 ms (missed cycles : 4).
[vision_apriltag-9] [INFO] [1776988857.302451037] [vision_apriltag_node]: Vision AprilTag detection debug: no tags found after raw/CLAHE/sharp/adaptive/upscaled/tiled passes.
[adl_ui-15] 127.0.0.1 - - [23/Apr/2026 20:00:57] "GET /status_json HTTP/1.1" 200 -
[ros2_control_node-1] [WARN] [1776988857.823745234] [controller_manager]: Overrun might occur, Total time : 2853.183 us (Expected < 1000.000 us) --> Read time : 46.469 us, Update time : 270.542 us, Write time : 2536.172 us
[ros2_control_node-1] [WARN] [1776988857.823824675] [controller_manager]: Overrun detected! The controller manager missed its desired rate of 1000 Hz. The loop took 2.967960 ms (missed cycles : 3).
[vision_apriltag-9] [INFO] [1776988858.164837887] [vision_apriltag_node]: Vision AprilTag: images are arriving, but no AprilTag has been seen for 311.0s.
[adl_ui-15] 127.0.0.1 - - [23/Apr/2026 20:00:58] "GET /status_json HTTP/1.1" 200 -
[ros2_control_node-1] [WARN] [1776988858.825749258] [controller_manager]: Overrun might occur, Total time : 2866.849 us (Expected < 1000.000 us) --> Read time : 44.179 us, Update time : 365.209 us, Write time : 2457.461 us
[ros2_control_node-1] [WARN] [1776988858.825831452] [controller_manager]: Overrun detected! The controller manager missed its desired rate of 1000 Hz. The loop took 2.973982 ms (missed cycles : 3).
[adl_ui-15] 127.0.0.1 - - [23/Apr/2026 20:00:58] "GET /status_json HTTP/1.1" 200 -
[adl_ui-15] 127.0.0.1 - - [23/Apr/2026 20:00:59] "GET /status_json HTTP/1.1" 200 -
[ros2_control_node-1] [WARN] [1776988859.826621157] [controller_manager]: Overrun might occur, Total time : 2742.431 us (Expected < 1000.000 us) --> Read time : 36.733 us, Update time : 224.410 us, Write time : 2481.288 us
[ros2_control_node-1] [WARN] [1776988859.826695303] [controller_manager]: Overrun detected! The controller manager missed its desired rate of 1000 Hz. The loop took 2.838789 ms (missed cycles : 3).
[vision_apriltag-9] [INFO] [1776988860.165401368] [vision_apriltag_node]: Vision AprilTag: images are arriving, but no AprilTag has been seen for 313.0s.
[wrist_camera_usb_publisher-8] [INFO] [1776988860.424155635] [wrist_camera_usb_publisher_node]: USB camera publisher heartbeat: publishing 1280x720 frames on /wrist_mounted_camera/image; camera_info fx=920.87, fy=921.57, cx=644.76, cy=343.15.
[adl_ui-15] 127.0.0.1 - - [23/Apr/2026 20:01:00] "GET /status_json HTTP/1.1" 200 -
[ros2_control_node-1] [WARN] [1776988860.829637140] [controller_manager]: Overrun might occur, Total time : 2721.819 us (Expected < 1000.000 us) --> Read time : 58.719 us, Update time : 260.138 us, Write time : 2402.962 us
[ros2_control_node-1] [WARN] [1776988860.829719355] [controller_manager]: Overrun detected! The controller manager missed its desired rate of 1000 Hz. The loop took 2.862557 ms (missed cycles : 3).
[adl_ui-15] 127.0.0.1 - - [23/Apr/2026 20:01:01] "GET /status_json HTTP/1.1" 200 -
[ros2_control_node-1] [WARN] [1776988861.832807438] [controller_manager]: Overrun might occur, Total time : 2926.367 us (Expected < 1000.000 us) --> Read time : 38.013 us, Update time : 240.263 us, Write time : 2648.091 us
[ros2_control_node-1] [WARN] [1776988861.832882891] [controller_manager]: Overrun detected! The controller manager missed its desired rate of 1000 Hz. The loop took 3.026308 ms (missed cycles : 4).
[adl_ui-15] 127.0.0.1 - - [23/Apr/2026 20:01:01] "GET /status_json HTTP/1.1" 200 -
[vision_apriltag-9] [INFO] [1776988862.349697040] [vision_apriltag_node]: Vision AprilTag detection debug: no tags found after raw/CLAHE/sharp/adaptive/upscaled/tiled passes.
[vision_apriltag-9] [INFO] [1776988862.366935398] [vision_apriltag_node]: Vision AprilTag: images are arriving, but no AprilTag has been seen for 315.2s.
[adl_ui-15] 127.0.0.1 - - [23/Apr/2026 20:01:02] "GET /status_json HTTP/1.1" 200 -
[ros2_control_node-1] [WARN] [1776988862.840069059] [controller_manager]: Overrun might occur, Total time : 19182.611 us (Expected < 1000.000 us) --> Read time : 38.179 us, Update time : 252.884 us, Write time : 18891.548 us
[ros2_control_node-1] [WARN] [1776988862.840157293] [controller_manager]: Overrun detected! The controller manager missed its desired rate of 1000 Hz. The loop took 19.300279 ms (missed cycles : 20).
[adl_ui-15] 127.0.0.1 - - [23/Apr/2026 20:01:03] "GET /status_json HTTP/1.1" 200 -
[ros2_control_node-1] [WARN] [1776988863.842387310] [controller_manager]: Overrun might occur, Total time : 4501.476 us (Expected < 1000.000 us) --> Read time : 38.798 us, Update time : 241.790 us, Write time : 4220.888 us
[ros2_control_node-1] [WARN] [1776988863.842468751] [controller_manager]: Overrun detected! The controller manager missed its desired rate of 1000 Hz. The loop took 4.612280 ms (missed cycles : 5).
[adl_ui-15] 127.0.0.1 - - [23/Apr/2026 20:01:04] "GET /status_json HTTP/1.1" 200 -
[ros2_control_node-1] [WARN] [1776988864.853526887] [controller_manager]: Overrun might occur, Total time : 11637.933 us (Expected < 1000.000 us) --> Read time : 55.309 us, Update time : 282.772 us, Write time : 11299.852 us
[ros2_control_node-1] [WARN] [1776988864.853609912] [controller_manager]: Overrun detected! The controller manager missed its desired rate of 1000 Hz. The loop took 11.753140 ms (missed cycles : 12).
[adl_ui-15] 127.0.0.1 - - [23/Apr/2026 20:01:04] "GET /status_json HTTP/1.1" 200 -
[vision_apriltag-9] [INFO] [1776988865.087058736] [vision_apriltag_node]: Vision AprilTag: images are arriving, but no AprilTag has been seen for 317.9s.
[wrist_camera_usb_publisher-8] [INFO] [1776988865.587996741] [wrist_camera_usb_publisher_node]: USB camera publisher heartbeat: publishing 1280x720 frames on /wrist_mounted_camera/image; camera_info fx=920.87, fy=921.57, cx=644.76, cy=343.15.
[adl_ui-15] 127.0.0.1 - - [23/Apr/2026 20:01:05] "GET /status_json HTTP/1.1" 200 -
[ros2_control_node-1] [WARN] [1776988865.854584837] [controller_manager]: Overrun might occur, Total time : 2698.379 us (Expected < 1000.000 us) --> Read time : 46.059 us, Update time : 259.743 us, Write time : 2392.577 us
[ros2_control_node-1] [WARN] [1776988865.854675485] [controller_manager]: Overrun detected! The controller manager missed its desired rate of 1000 Hz. The loop took 2.818833 ms (missed cycles : 3).
[vision_apriltag-9] [INFO] [1776988866.209740738] [vision_apriltag_node]: Vision AprilTag: images are arriving, but no AprilTag has been seen for 319.0s.
[adl_ui-15] 127.0.0.1 - - [23/Apr/2026 20:01:06] "GET /status_json HTTP/1.1" 200 -
[ros2_control_node-1] [WARN] [1776988866.855670733] [controller_manager]: Overrun might occur, Total time : 2789.429 us (Expected < 1000.000 us) --> Read time : 40.024 us, Update time : 261.401 us, Write time : 2488.004 us
[ros2_control_node-1] [WARN] [1776988866.855745905] [controller_manager]: Overrun detected! The controller manager missed its desired rate of 1000 Hz. The loop took 2.889044 ms (missed cycles : 3).
[adl_ui-15] 127.0.0.1 - - [23/Apr/2026 20:01:07] "GET /status_json HTTP/1.1" 200 -
[vision_apriltag-9] [INFO] [1776988867.523635625] [vision_apriltag_node]: Vision AprilTag detection debug: no tags found after raw/CLAHE/sharp/adaptive/upscaled/tiled passes.
[ros2_control_node-1] [WARN] [1776988867.856966294] [controller_manager]: Overrun might occur, Total time : 3088.253 us (Expected < 1000.000 us) --> Read time : 32.439 us, Update time : 217.134 us, Write time : 2838.680 us
[ros2_control_node-1] [WARN] [1776988867.857047161] [controller_manager]: Overrun detected! The controller manager missed its desired rate of 1000 Hz. The loop took 3.190294 ms (missed cycles : 4).
[adl_ui-15] 127.0.0.1 - - [23/Apr/2026 20:01:07] "GET /status_json HTTP/1.1" 200 -
[vision_apriltag-9] [INFO] [1776988868.619211981] [vision_apriltag_node]: Vision AprilTag: images are arriving, but no AprilTag has been seen for 321.4s.
[adl_ui-15] 127.0.0.1 - - [23/Apr/2026 20:01:08] "GET /status_json HTTP/1.1" 200 -
[ros2_control_node-1] [WARN] [1776988868.859817282] [controller_manager]: Overrun might occur, Total time : 4926.160 us (Expected < 1000.000 us) --> Read time : 48.629 us, Update time : 338.713 us, Write time : 4538.818 us
[ros2_control_node-1] [WARN] [1776988868.859898433] [controller_manager]: Overrun detected! The controller manager missed its desired rate of 1000 Hz. The loop took 5.041755 ms (missed cycles : 6).
[adl_ui-15] 127.0.0.1 - - [23/Apr/2026 20:01:09] "GET /status_json HTTP/1.1" 200 -
[ros2_control_node-1] [WARN] [1776988869.864716248] [controller_manager]: Overrun might occur, Total time : 8833.003 us (Expected < 1000.000 us) --> Read time : 45.519 us, Update time : 285.341 us, Write time : 8502.143 us
[ros2_control_node-1] [WARN] [1776988869.864807530] [controller_manager]: Overrun detected! The controller manager missed its desired rate of 1000 Hz. The loop took 8.950450 ms (missed cycles : 9).
[adl_ui-15] 127.0.0.1 - - [23/Apr/2026 20:01:10] "GET /status_json HTTP/1.1" 200 -
[vision_apriltag-9] [INFO] [1776988870.466997210] [vision_apriltag_node]: Vision AprilTag: images are arriving, but no AprilTag has been seen for 323.3s.
[wrist_camera_usb_publisher-8] [INFO] [1776988870.598158701] [wrist_camera_usb_publisher_node]: USB camera publisher heartbeat: publishing 1280x720 frames on /wrist_mounted_camera/image; camera_info fx=920.87, fy=921.57, cx=644.76, cy=343.15.
[ros2_control_node-1] [WARN] [1776988870.865910599] [controller_manager]: Overrun might occur, Total time : 3030.490 us (Expected < 1000.000 us) --> Read time : 41.124 us, Update time : 253.552 us, Write time : 2735.814 us
[ros2_control_node-1] [WARN] [1776988870.865985994] [controller_manager]: Overrun detected! The controller manager missed its desired rate of 1000 Hz. The loop took 3.129406 ms (missed cycles : 4).
[adl_ui-15] 127.0.0.1 - - [23/Apr/2026 20:01:10] "GET /status_json HTTP/1.1" 200 -
[adl_ui-15] 127.0.0.1 - - [23/Apr/2026 20:01:11] "GET /status_json HTTP/1.1" 200 -
[ros2_control_node-1] [WARN] [1776988871.866435280] [controller_manager]: Overrun might occur, Total time : 6544.922 us (Expected < 1000.000 us) --> Read time : 45.825 us, Update time : 247.679 us, Write time : 6251.418 us
[ros2_control_node-1] [WARN] [1776988871.866546535] [controller_manager]: Overrun detected! The controller manager missed its desired rate of 1000 Hz. The loop took 6.688822 ms (missed cycles : 7).
[vision_apriltag-9] [INFO] [1776988872.164028829] [vision_apriltag_node]: Vision AprilTag: images are arriving, but no AprilTag has been seen for 325.0s.
[adl_ui-15] 127.0.0.1 - - [23/Apr/2026 20:01:12] "GET /status_json HTTP/1.1" 200 -
[vision_apriltag-9] [INFO] [1776988872.638648672] [vision_apriltag_node]: Vision AprilTag detection debug: no tags found after raw/CLAHE/sharp/adaptive/upscaled/tiled passes.
[ros2_control_node-1] [WARN] [1776988872.868505120] [controller_manager]: Overrun might occur, Total time : 3614.157 us (Expected < 1000.000 us) --> Read time : 64.393 us, Update time : 294.755 us, Write time : 3255.009 us
[ros2_control_node-1] [WARN] [1776988872.868589598] [controller_manager]: Overrun detected! The controller manager missed its desired rate of 1000 Hz. The loop took 3.732314 ms (missed cycles : 4).
[adl_ui-15] 127.0.0.1 - - [23/Apr/2026 20:01:13] "GET /status_json HTTP/1.1" 200 -
[ros2_control_node-1] [WARN] [1776988873.869537794] [controller_manager]: Overrun might occur, Total time : 2659.685 us (Expected < 1000.000 us) --> Read time : 34.140 us, Update time : 244.090 us, Write time : 2381.455 us
[ros2_control_node-1] [WARN] [1776988873.869618266] [controller_manager]: Overrun detected! The controller manager missed its desired rate of 1000 Hz. The loop took 2.761567 ms (missed cycles : 3).
[adl_ui-15] 127.0.0.1 - - [23/Apr/2026 20:01:13] "GET /status_json HTTP/1.1" 200 -
[vision_apriltag-9] [INFO] [1776988874.390957486] [vision_apriltag_node]: Vision AprilTag: images are arriving, but no AprilTag has been seen for 327.2s.
[adl_ui-15] 127.0.0.1 - - [23/Apr/2026 20:01:14] "GET /status_json HTTP/1.1" 200 -
[ros2_control_node-1] [WARN] [1776988874.870716992] [controller_manager]: Overrun might occur, Total time : 2830.041 us (Expected < 1000.000 us) --> Read time : 46.456 us, Update time : 292.979 us, Write time : 2490.606 us
[ros2_control_node-1] [WARN] [1776988874.870812501] [controller_manager]: Overrun detected! The controller manager missed its desired rate of 1000 Hz. The loop took 2.956056 ms (missed cycles : 3).
[adl_ui-15] 127.0.0.1 - - [23/Apr/2026 20:01:15] "GET /status_json HTTP/1.1" 200 -
[wrist_camera_usb_publisher-8] [INFO] [1776988875.738961840] [wrist_camera_usb_publisher_node]: USB camera publisher heartbeat: publishing 1280x720 frames on /wrist_mounted_camera/image; camera_info fx=920.87, fy=921.57, cx=644.76, cy=343.15.
[ros2_control_node-1] [WARN] [1776988875.871118811] [controller_manager]: Overrun might occur, Total time : 3237.855 us (Expected < 1000.000 us) --> Read time : 57.603 us, Update time : 300.428 us, Write time : 2879.824 us
[ros2_control_node-1] [WARN] [1776988875.871187916] [controller_manager]: Overrun detected! The controller manager missed its desired rate of 1000 Hz. The loop took 3.331602 ms (missed cycles : 4).
[vision_apriltag-9] [INFO] [1776988876.164220705] [vision_apriltag_node]: Vision AprilTag: images are arriving, but no AprilTag has been seen for 329.0s.
[adl_ui-15] 127.0.0.1 - - [23/Apr/2026 20:01:16] "GET /status_json HTTP/1.1" 200 -
[ros2_control_node-1] [WARN] [1776988876.874920689] [controller_manager]: Overrun might occur, Total time : 3038.112 us (Expected < 1000.000 us) --> Read time : 46.368 us, Update time : 235.204 us, Write time : 2756.540 us
[ros2_control_node-1] [WARN] [1776988876.875005101] [controller_manager]: Overrun detected! The controller manager missed its desired rate of 1000 Hz. The loop took 3.148685 ms (missed cycles : 4).
[adl_ui-15] 127.0.0.1 - - [23/Apr/2026 20:01:16] "GET /status_json HTTP/1.1" 200 -
[adl_ui-15] 127.0.0.1 - - [23/Apr/2026 20:01:17] "GET /status_json HTTP/1.1" 200 -
[ros2_control_node-1] [WARN] [1776988877.876559152] [controller_manager]: Overrun might occur, Total time : 3659.241 us (Expected < 1000.000 us) --> Read time : 79.350 us, Update time : 306.705 us, Write time : 3273.186 us
[ros2_control_node-1] [WARN] [1776988877.876638742] [controller_manager]: Overrun detected! The controller manager missed its desired rate of 1000 Hz. The loop took 3.781874 ms (missed cycles : 4).
[vision_apriltag-9] [INFO] [1776988878.022798100] [vision_apriltag_node]: Vision AprilTag detection debug: no tags found after raw/CLAHE/sharp/adaptive/upscaled/tiled passes.
[vision_apriltag-9] [INFO] [1776988878.164074698] [vision_apriltag_node]: Vision AprilTag: images are arriving, but no AprilTag has been seen for 331.0s.
[adl_ui-15] 127.0.0.1 - - [23/Apr/2026 20:01:18] "GET /status_json HTTP/1.1" 200 -
[ros2_control_node-1] [WARN] [1776988878.876600322] [controller_manager]: Overrun might occur, Total time : 2717.743 us (Expected < 1000.000 us) --> Read time : 40.614 us, Update time : 248.873 us, Write time : 2428.256 us
[ros2_control_node-1] [WARN] [1776988878.876678276] [controller_manager]: Overrun detected! The controller manager missed its desired rate of 1000 Hz. The loop took 2.821847 ms (missed cycles : 3).
[adl_ui-15] 127.0.0.1 - - [23/Apr/2026 20:01:19] "GET /status_json HTTP/1.1" 200 -
[ros2_control_node-1] [WARN] [1776988879.878710966] [controller_manager]: Overrun might occur, Total time : 2829.702 us (Expected < 1000.000 us) --> Read time : 40.768 us, Update time : 233.850 us, Write time : 2555.084 us
[ros2_control_node-1] [WARN] [1776988879.878787590] [controller_manager]: Overrun detected! The controller manager missed its desired rate of 1000 Hz. The loop took 2.930939 ms (missed cycles : 3).
[adl_ui-15] 127.0.0.1 - - [23/Apr/2026 20:01:19] "GET /status_json HTTP/1.1" 200 -
[vision_apriltag-9] [INFO] [1776988880.309421287] [vision_apriltag_node]: Vision AprilTag: images are arriving, but no AprilTag has been seen for 333.1s.
[adl_ui-15] 127.0.0.1 - - [23/Apr/2026 20:01:20] "GET /status_json HTTP/1.1" 200 -
[wrist_camera_usb_publisher-8] [INFO] [1776988880.740820173] [wrist_camera_usb_publisher_node]: USB camera publisher heartbeat: publishing 1280x720 frames on /wrist_mounted_camera/image; camera_info fx=920.87, fy=921.57, cx=644.76, cy=343.15.
[ros2_control_node-1] [WARN] [1776988880.879601149] [controller_manager]: Overrun might occur, Total time : 2715.315 us (Expected < 1000.000 us) --> Read time : 50.089 us, Update time : 241.401 us, Write time : 2423.825 us
[ros2_control_node-1] [WARN] [1776988880.879669190] [controller_manager]: Overrun detected! The controller manager missed its desired rate of 1000 Hz. The loop took 2.812398 ms (missed cycles : 3).
[adl_ui-15] 127.0.0.1 - - [23/Apr/2026 20:01:21] "GET /status_json HTTP/1.1" 200 -
[ros2_control_node-1] [WARN] [1776988881.883083330] [controller_manager]: Overrun might occur, Total time : 4170.740 us (Expected < 1000.000 us) --> Read time : 81.690 us, Update time : 354.194 us, Write time : 3734.856 us
[ros2_control_node-1] [WARN] [1776988881.883185610] [controller_manager]: Overrun detected! The controller manager missed its desired rate of 1000 Hz. The loop took 4.328659 ms (missed cycles : 5).
[vision_apriltag-9] [INFO] [1776988882.166662174] [vision_apriltag_node]: Vision AprilTag: images are arriving, but no AprilTag has been seen for 335.0s.
[adl_ui-15] 127.0.0.1 - - [23/Apr/2026 20:01:22] "GET /status_json HTTP/1.1" 200 -
[ros2_control_node-1] [WARN] [1776988882.884600007] [controller_manager]: Overrun might occur, Total time : 2714.741 us (Expected < 1000.000 us) --> Read time : 44.467 us, Update time : 276.930 us, Write time : 2393.344 us
[ros2_control_node-1] [WARN] [1776988882.884684380] [controller_manager]: Overrun detected! The controller manager missed its desired rate of 1000 Hz. The loop took 2.826903 ms (missed cycles : 3).
[adl_ui-15] 127.0.0.1 - - [23/Apr/2026 20:01:22] "GET /status_json HTTP/1.1" 200 -
[vision_apriltag-9] [INFO] [1776988883.195874203] [vision_apriltag_node]: Vision AprilTag detection debug: no tags found after raw/CLAHE/sharp/adaptive/upscaled/tiled passes.
[adl_ui-15] 127.0.0.1 - - [23/Apr/2026 20:01:23] "GET /status_json HTTP/1.1" 200 -
[ros2_control_node-1] [WARN] [1776988883.886719427] [controller_manager]: Overrun might occur, Total time : 2839.162 us (Expected < 1000.000 us) --> Read time : 38.184 us, Update time : 230.581 us, Write time : 2570.397 us
[ros2_control_node-1] [WARN] [1776988883.886792446] [controller_manager]: Overrun detected! The controller manager missed its desired rate of 1000 Hz. The loop took 2.935744 ms (missed cycles : 3).
[vision_apriltag-9] [INFO] [1776988884.165881539] [vision_apriltag_node]: Vision AprilTag: images are arriving, but no AprilTag has been seen for 337.0s.
[adl_ui-15] 127.0.0.1 - - [23/Apr/2026 20:01:24] "GET /status_json HTTP/1.1" 200 -
[ros2_control_node-1] [WARN] [1776988884.887867050] [controller_manager]: Overrun might occur, Total time : 2988.232 us (Expected < 1000.000 us) --> Read time : 39.101 us, Update time : 236.964 us, Write time : 2712.167 us
[ros2_control_node-1] [WARN] [1776988884.887950940] [controller_manager]: Overrun detected! The controller manager missed its desired rate of 1000 Hz. The loop took 3.094201 ms (missed cycles : 4).
[adl_ui-15] 127.0.0.1 - - [23/Apr/2026 20:01:25] "GET /status_json HTTP/1.1" 200 -
[ros2_control_node-1] [WARN] [1776988885.892453025] [controller_manager]: Overrun might occur, Total time : 8552.827 us (Expected < 1000.000 us) --> Read time : 49.771 us, Update time : 276.948 us, Write time : 8226.108 us
[ros2_control_node-1] [WARN] [1776988885.892577333] [controller_manager]: Overrun detected! The controller manager missed its desired rate of 1000 Hz. The loop took 8.719321 ms (missed cycles : 9).
[wrist_camera_usb_publisher-8] [INFO] [1776988885.897866458] [wrist_camera_usb_publisher_node]: USB camera publisher heartbeat: publishing 1280x720 frames on /wrist_mounted_camera/image; camera_info fx=920.87, fy=921.57, cx=644.76, cy=343.15.
[adl_ui-15] 127.0.0.1 - - [23/Apr/2026 20:01:25] "GET /status_json HTTP/1.1" 200 -
[vision_apriltag-9] [INFO] [1776988886.165059751] [vision_apriltag_node]: Vision AprilTag: images are arriving, but no AprilTag has been seen for 339.0s.
[adl_ui-15] 127.0.0.1 - - [23/Apr/2026 20:01:26] "GET /status_json HTTP/1.1" 200 -
[ros2_control_node-1] [WARN] [1776988886.894588104] [controller_manager]: Overrun might occur, Total time : 2696.027 us (Expected < 1000.000 us) --> Read time : 63.429 us, Update time : 355.670 us, Write time : 2276.928 us
[ros2_control_node-1] [WARN] [1776988886.894663552] [controller_manager]: Overrun detected! The controller manager missed its desired rate of 1000 Hz. The loop took 2.806826 ms (missed cycles : 3).
[adl_ui-15] 127.0.0.1 - - [23/Apr/2026 20:01:27] "GET /status_json HTTP/1.1" 200 -
[ros2_control_node-1] [WARN] [1776988887.899439101] [controller_manager]: Overrun might occur, Total time : 5552.244 us (Expected < 1000.000 us) --> Read time : 49.961 us, Update time : 303.916 us, Write time : 5198.367 us
[ros2_control_node-1] [WARN] [1776988887.899537053] [controller_manager]: Overrun detected! The controller manager missed its desired rate of 1000 Hz. The loop took 5.679584 ms (missed cycles : 6).
[adl_ui-15] 127.0.0.1 - - [23/Apr/2026 20:01:28] "GET /status_json HTTP/1.1" 200 -
[vision_apriltag-9] [INFO] [1776988888.599000316] [vision_apriltag_node]: Vision AprilTag detection debug: no tags found after raw/CLAHE/sharp/adaptive/upscaled/tiled passes.
[vision_apriltag-9] [INFO] [1776988888.606865174] [vision_apriltag_node]: Vision AprilTag: images are arriving, but no AprilTag has been seen for 341.4s.
[ros2_control_node-1] [WARN] [1776988888.902172820] [controller_manager]: Overrun might occur, Total time : 5289.566 us (Expected < 1000.000 us) --> Read time : 39.263 us, Update time : 258.419 us, Write time : 4991.884 us
[ros2_control_node-1] [WARN] [1776988888.902253253] [controller_manager]: Overrun detected! The controller manager missed its desired rate of 1000 Hz. The loop took 5.396539 ms (missed cycles : 6).
[adl_ui-15] 127.0.0.1 - - [23/Apr/2026 20:01:28] "GET /status_json HTTP/1.1" 200 -
[adl_ui-15] 127.0.0.1 - - [23/Apr/2026 20:01:29] "GET /status_json HTTP/1.1" 200 -
[ros2_control_node-1] [WARN] [1776988889.909406238] [controller_manager]: Overrun might occur, Total time : 7522.559 us (Expected < 1000.000 us) --> Read time : 41.313 us, Update time : 261.210 us, Write time : 7220.036 us
[ros2_control_node-1] [WARN] [1776988889.909498496] [controller_manager]: Overrun detected! The controller manager missed its desired rate of 1000 Hz. The loop took 7.641857 ms (missed cycles : 8).
[vision_apriltag-9] [INFO] [1776988890.170823316] [vision_apriltag_node]: Vision AprilTag: images are arriving, but no AprilTag has been seen for 343.0s.
[adl_ui-15] 127.0.0.1 - - [23/Apr/2026 20:01:30] "GET /status_json HTTP/1.1" 200 -
[ros2_control_node-1] [WARN] [1776988890.912114412] [controller_manager]: Overrun might occur, Total time : 4220.509 us (Expected < 1000.000 us) --> Read time : 61.194 us, Update time : 314.016 us, Write time : 3845.299 us
[ros2_control_node-1] [WARN] [1776988890.912201015] [controller_manager]: Overrun detected! The controller manager missed its desired rate of 1000 Hz. The loop took 4.344354 ms (missed cycles : 5).
[wrist_camera_usb_publisher-8] [INFO] [1776988891.056625209] [wrist_camera_usb_publisher_node]: USB camera publisher heartbeat: publishing 1280x720 frames on /wrist_mounted_camera/image; camera_info fx=920.87, fy=921.57, cx=644.76, cy=343.15.
[adl_ui-15] 127.0.0.1 - - [23/Apr/2026 20:01:31] "GET /status_json HTTP/1.1" 200 -
[ros2_control_node-1] [WARN] [1776988891.914084580] [controller_manager]: Overrun might occur, Total time : 3207.352 us (Expected < 1000.000 us) --> Read time : 34.645 us, Update time : 223.156 us, Write time : 2949.551 us
[ros2_control_node-1] [WARN] [1776988891.914169031] [controller_manager]: Overrun detected! The controller manager missed its desired rate of 1000 Hz. The loop took 3.312315 ms (missed cycles : 4).
[adl_ui-15] 127.0.0.1 - - [23/Apr/2026 20:01:31] "GET /status_json HTTP/1.1" 200 -
[vision_apriltag-9] [INFO] [1776988892.163997553] [vision_apriltag_node]: Vision AprilTag: images are arriving, but no AprilTag has been seen for 345.0s.
[adl_ui-15] 127.0.0.1 - - [23/Apr/2026 20:01:32] "GET /status_json HTTP/1.1" 200 -
[ros2_control_node-1] [WARN] [1776988892.915436582] [controller_manager]: Overrun might occur, Total time : 2559.128 us (Expected < 1000.000 us) --> Read time : 35.191 us, Update time : 229.652 us, Write time : 2294.285 us
[ros2_control_node-1] [WARN] [1776988892.915513440] [controller_manager]: Overrun detected! The controller manager missed its desired rate of 1000 Hz. The loop took 2.656343 ms (missed cycles : 3).
[adl_ui-15] 127.0.0.1 - - [23/Apr/2026 20:01:33] "GET /status_json HTTP/1.1" 200 -
[ros2_control_node-1] [WARN] [1776988893.918623621] [controller_manager]: Overrun might occur, Total time : 3719.928 us (Expected < 1000.000 us) --> Read time : 49.204 us, Update time : 276.077 us, Write time : 3394.647 us
[ros2_control_node-1] [WARN] [1776988893.918839515] [controller_manager]: Overrun detected! The controller manager missed its desired rate of 1000 Hz. The loop took 3.979307 ms (missed cycles : 4).
[vision_apriltag-9] [INFO] [1776988893.964661929] [vision_apriltag_node]: Vision AprilTag detection debug: no tags found after raw/CLAHE/sharp/adaptive/upscaled/tiled passes.
[adl_ui-15] 127.0.0.1 - - [23/Apr/2026 20:01:34] "GET /status_json HTTP/1.1" 200 -
[vision_apriltag-9] [INFO] [1776988894.593928966] [vision_apriltag_node]: Vision AprilTag: images are arriving, but no AprilTag has been seen for 347.4s.
[ros2_control_node-1] [WARN] [1776988894.921142017] [controller_manager]: Overrun might occur, Total time : 3256.197 us (Expected < 1000.000 us) --> Read time : 41.625 us, Update time : 244.564 us, Write time : 2970.008 us
[ros2_control_node-1] [WARN] [1776988894.921250730] [controller_manager]: Overrun detected! The controller manager missed its desired rate of 1000 Hz. The loop took 3.392921 ms (missed cycles : 4).
[adl_ui-15] 127.0.0.1 - - [23/Apr/2026 20:01:34] "GET /status_json HTTP/1.1" 200 -
[adl_ui-15] 127.0.0.1 - - [23/Apr/2026 20:01:35] "GET /status_json HTTP/1.1" 200 -
[ros2_control_node-1] [WARN] [1776988895.921816427] [controller_manager]: Overrun might occur, Total time : 2934.111 us (Expected < 1000.000 us) --> Read time : 41.533 us, Update time : 242.703 us, Write time : 2649.875 us
[ros2_control_node-1] [WARN] [1776988895.921889804] [controller_manager]: Overrun detected! The controller manager missed its desired rate of 1000 Hz. The loop took 3.032684 ms (missed cycles : 4).
[wrist_camera_usb_publisher-8] [INFO] [1776988896.215543445] [wrist_camera_usb_publisher_node]: USB camera publisher heartbeat: publishing 1280x720 frames on /wrist_mounted_camera/image; camera_info fx=920.87, fy=921.57, cx=644.76, cy=343.15.
[vision_apriltag-9] [INFO] [1776988896.458584833] [vision_apriltag_node]: Vision AprilTag: images are arriving, but no AprilTag has been seen for 349.3s.
[adl_ui-15] 127.0.0.1 - - [23/Apr/2026 20:01:36] "GET /status_json HTTP/1.1" 200 -
[ros2_control_node-1] [WARN] [1776988896.922805385] [controller_manager]: Overrun might occur, Total time : 2924.180 us (Expected < 1000.000 us) --> Read time : 38.548 us, Update time : 225.068 us, Write time : 2660.564 us
[ros2_control_node-1] [WARN] [1776988896.922884088] [controller_manager]: Overrun detected! The controller manager missed its desired rate of 1000 Hz. The loop took 3.027436 ms (missed cycles : 4).
[adl_ui-15] 127.0.0.1 - - [23/Apr/2026 20:01:37] "GET /status_json HTTP/1.1" 200 -
[ros2_control_node-1] [WARN] [1776988897.923737490] [controller_manager]: Overrun might occur, Total time : 2859.699 us (Expected < 1000.000 us) --> Read time : 37.486 us, Update time : 244.224 us, Write time : 2577.989 us
[ros2_control_node-1] [WARN] [1776988897.923795990] [controller_manager]: Overrun detected! The controller manager missed its desired rate of 1000 Hz. The loop took 2.940195 ms (missed cycles : 3).
[adl_ui-15] 127.0.0.1 - - [23/Apr/2026 20:01:37] "GET /status_json HTTP/1.1" 200 -
[adl_ui-15] 127.0.0.1 - - [23/Apr/2026 20:01:38] "GET /status_json HTTP/1.1" 200 -
[ros2_control_node-1] [WARN] [1776988898.927117212] [controller_manager]: Overrun might occur, Total time : 4235.309 us (Expected < 1000.000 us) --> Read time : 50.578 us, Update time : 278.421 us, Write time : 3906.310 us
[ros2_control_node-1] [WARN] [1776988898.927206046] [controller_manager]: Overrun detected! The controller manager missed its desired rate of 1000 Hz. The loop took 4.349358 ms (missed cycles : 5).
[vision_apriltag-9] [INFO] [1776988898.973561980] [vision_apriltag_node]: Vision AprilTag detection debug: no tags found after raw/CLAHE/sharp/adaptive/upscaled/tiled passes.
[vision_apriltag-9] [INFO] [1776988898.999619042] [vision_apriltag_node]: Vision AprilTag: images are arriving, but no AprilTag has been seen for 351.8s.
[adl_ui-15] 127.0.0.1 - - [23/Apr/2026 20:01:39] "GET /status_json HTTP/1.1" 200 -
[ros2_control_node-1] [WARN] [1776988899.930995378] [controller_manager]: Overrun might occur, Total time : 6098.747 us (Expected < 1000.000 us) --> Read time : 43.581 us, Update time : 275.008 us, Write time : 5780.158 us
[ros2_control_node-1] [WARN] [1776988899.931164826] [controller_manager]: Overrun detected! The controller manager missed its desired rate of 1000 Hz. The loop took 6.306516 ms (missed cycles : 7).
[adl_ui-15] 127.0.0.1 - - [23/Apr/2026 20:01:40] "GET /status_json HTTP/1.1" 200 -
[vision_apriltag-9] [INFO] [1776988900.779035493] [vision_apriltag_node]: Vision AprilTag: images are arriving, but no AprilTag has been seen for 353.6s.
[ros2_control_node-1] [WARN] [1776988900.933495625] [controller_manager]: Overrun might occur, Total time : 2613.416 us (Expected < 1000.000 us) --> Read time : 42.635 us, Update time : 231.103 us, Write time : 2339.678 us
[ros2_control_node-1] [WARN] [1776988900.933580471] [controller_manager]: Overrun detected! The controller manager missed its desired rate of 1000 Hz. The loop took 2.723780 ms (missed cycles : 3).
[adl_ui-15] 127.0.0.1 - - [23/Apr/2026 20:01:40] "GET /status_json HTTP/1.1" 200 -
[wrist_camera_usb_publisher-8] [INFO] [1776988901.382095488] [wrist_camera_usb_publisher_node]: USB camera publisher heartbeat: publishing 1280x720 frames on /wrist_mounted_camera/image; camera_info fx=920.87, fy=921.57, cx=644.76, cy=343.15.
[adl_ui-15] 127.0.0.1 - - [23/Apr/2026 20:01:41] "GET /status_json HTTP/1.1" 200 -
[ros2_control_node-1] [WARN] [1776988901.936829525] [controller_manager]: Overrun might occur, Total time : 3950.047 us (Expected < 1000.000 us) --> Read time : 40.875 us, Update time : 263.404 us, Write time : 3645.768 us
[ros2_control_node-1] [WARN] [1776988901.936904426] [controller_manager]: Overrun detected! The controller manager missed its desired rate of 1000 Hz. The loop took 4.048031 ms (missed cycles : 5).
[vision_apriltag-9] [INFO] [1776988902.165278968] [vision_apriltag_node]: Vision AprilTag: images are arriving, but no AprilTag has been seen for 355.0s.
[adl_ui-15] 127.0.0.1 - - [23/Apr/2026 20:01:42] "GET /status_json HTTP/1.1" 200 -
[ros2_control_node-1] [WARN] [1776988902.938140314] [controller_manager]: Overrun might occur, Total time : 3259.202 us (Expected < 1000.000 us) --> Read time : 40.544 us, Update time : 249.735 us, Write time : 2968.923 us
[ros2_control_node-1] [WARN] [1776988902.938218572] [controller_manager]: Overrun detected! The controller manager missed its desired rate of 1000 Hz. The loop took 3.361474 ms (missed cycles : 4).
[adl_ui-15] 127.0.0.1 - - [23/Apr/2026 20:01:43] "GET /status_json HTTP/1.1" 200 -
[ros2_control_node-1] [WARN] [1776988903.942719738] [controller_manager]: Overrun might occur, Total time : 10838.385 us (Expected < 1000.000 us) --> Read time : 38.292 us, Update time : 239.065 us, Write time : 10561.028 us
[ros2_control_node-1] [WARN] [1776988903.942809711] [controller_manager]: Overrun detected! The controller manager missed its desired rate of 1000 Hz. The loop took 10.952238 ms (missed cycles : 11).
[adl_ui-15] 127.0.0.1 - - [23/Apr/2026 20:01:43] "GET /status_json HTTP/1.1" 200 -
[vision_apriltag-9] [INFO] [1776988904.448703307] [vision_apriltag_node]: Vision AprilTag detection debug: no tags found after raw/CLAHE/sharp/adaptive/upscaled/tiled passes.
[adl_ui-15] 127.0.0.1 - - [23/Apr/2026 20:01:44] "GET /status_json HTTP/1.1" 200 -
[ros2_control_node-1] [WARN] [1776988904.945476508] [controller_manager]: Overrun might occur, Total time : 3595.911 us (Expected < 1000.000 us) --> Read time : 38.461 us, Update time : 281.538 us, Write time : 3275.912 us
[ros2_control_node-1] [WARN] [1776988904.945564280] [controller_manager]: Overrun detected! The controller manager missed its desired rate of 1000 Hz. The loop took 3.707195 ms (missed cycles : 4).
[vision_apriltag-9] [INFO] [1776988905.039779925] [vision_apriltag_node]: Vision AprilTag: images are arriving, but no AprilTag has been seen for 357.9s.
[adl_ui-15] 127.0.0.1 - - [23/Apr/2026 20:01:45] "GET /status_json HTTP/1.1" 200 -
[ros2_control_node-1] [WARN] [1776988905.947451640] [controller_manager]: Overrun might occur, Total time : 4559.764 us (Expected < 1000.000 us) --> Read time : 43.598 us, Update time : 279.251 us, Write time : 4236.915 us
[ros2_control_node-1] [WARN] [1776988905.947581376] [controller_manager]: Overrun detected! The controller manager missed its desired rate of 1000 Hz. The loop took 4.723939 ms (missed cycles : 5).
[vision_apriltag-9] [INFO] [1776988906.164235631] [vision_apriltag_node]: Vision AprilTag: images are arriving, but no AprilTag has been seen for 359.0s.
[adl_ui-15] 127.0.0.1 - - [23/Apr/2026 20:01:46] "GET /status_json HTTP/1.1" 200 -
[wrist_camera_usb_publisher-8] [INFO] [1776988906.536883530] [wrist_camera_usb_publisher_node]: USB camera publisher heartbeat: publishing 1280x720 frames on /wrist_mounted_camera/image; camera_info fx=920.87, fy=921.57, cx=644.76, cy=343.15.
[ros2_control_node-1] [WARN] [1776988906.950656681] [controller_manager]: Overrun might occur, Total time : 2762.743 us (Expected < 1000.000 us) --> Read time : 47.985 us, Update time : 295.586 us, Write time : 2419.172 us
[ros2_control_node-1] [WARN] [1776988906.950789086] [controller_manager]: Overrun detected! The controller manager missed its desired rate of 1000 Hz. The loop took 2.931665 ms (missed cycles : 3).
[adl_ui-15] 127.0.0.1 - - [23/Apr/2026 20:01:47] "GET /status_json HTTP/1.1" 200 -
[adl_ui-15] 127.0.0.1 - - [23/Apr/2026 20:01:47] "GET /status_json HTTP/1.1" 200 -
[ros2_control_node-1] [WARN] [1776988907.950662914] [controller_manager]: Overrun might occur, Total time : 2787.704 us (Expected < 1000.000 us) --> Read time : 26.757 us, Update time : 207.203 us, Write time : 2553.744 us
[ros2_control_node-1] [WARN] [1776988907.953568024] [controller_manager]: Overrun detected! The controller manager missed its desired rate of 1000 Hz. The loop took 2.711082 ms (missed cycles : 3).
[vision_apriltag-9] [INFO] [1776988908.164328681] [vision_apriltag_node]: Vision AprilTag: images are arriving, but no AprilTag has been seen for 361.0s.
[adl_ui-15] 127.0.0.1 - - [23/Apr/2026 20:01:48] "GET /status_json HTTP/1.1" 200 -
[ros2_control_node-1] [WARN] [1776988908.951366405] [controller_manager]: Overrun might occur, Total time : 2484.487 us (Expected < 1000.000 us) --> Read time : 39.851 us, Update time : 226.901 us, Write time : 2217.735 us
[ros2_control_node-1] [WARN] [1776988908.955114747] [controller_manager]: Overrun detected! The controller manager missed its desired rate of 1000 Hz. The loop took 3.257823 ms (missed cycles : 4).
[adl_ui-15] 127.0.0.1 - - [23/Apr/2026 20:01:49] "GET /status_json HTTP/1.1" 200 -
[vision_apriltag-9] [INFO] [1776988909.506753713] [vision_apriltag_node]: Vision AprilTag detection debug: no tags found after raw/CLAHE/sharp/adaptive/upscaled/tiled passes.
[ros2_control_node-1] [WARN] [1776988909.953418679] [controller_manager]: Overrun might occur, Total time : 3533.293 us (Expected < 1000.000 us) --> Read time : 35.692 us, Update time : 243.640 us, Write time : 3253.961 us
[ros2_control_node-1] [WARN] [1776988909.958410036] [controller_manager]: Overrun detected! The controller manager missed its desired rate of 1000 Hz. The loop took 4.553203 ms (missed cycles : 5).
[adl_ui-15] 127.0.0.1 - - [23/Apr/2026 20:01:50] "GET /status_json HTTP/1.1" 200 -
[vision_apriltag-9] [INFO] [1776988910.164161718] [vision_apriltag_node]: Vision AprilTag: images are arriving, but no AprilTag has been seen for 363.0s.
[adl_ui-15] 127.0.0.1 - - [23/Apr/2026 20:01:50] "GET /status_json HTTP/1.1" 200 -
[ros2_control_node-1] [WARN] [1776988910.953602368] [controller_manager]: Overrun might occur, Total time : 2721.462 us (Expected < 1000.000 us) --> Read time : 40.589 us, Update time : 249.841 us, Write time : 2431.032 us
[ros2_control_node-1] [WARN] [1776988910.961982469] [controller_manager]: Overrun detected! The controller manager missed its desired rate of 1000 Hz. The loop took 3.125172 ms (missed cycles : 4).
[adl_ui-15] 127.0.0.1 - - [23/Apr/2026 20:01:51] "GET /status_json HTTP/1.1" 200 -
[wrist_camera_usb_publisher-8] [INFO] [1776988911.698056988] [wrist_camera_usb_publisher_node]: USB camera publisher heartbeat: publishing 1280x720 frames on /wrist_mounted_camera/image; camera_info fx=920.87, fy=921.57, cx=644.76, cy=343.15.
[ros2_control_node-1] [WARN] [1776988911.955357498] [controller_manager]: Overrun might occur, Total time : 3480.779 us (Expected < 1000.000 us) --> Read time : 32.889 us, Update time : 228.330 us, Write time : 3219.560 us
[ros2_control_node-1] [WARN] [1776988911.964679600] [controller_manager]: Overrun detected! The controller manager missed its desired rate of 1000 Hz. The loop took 2.823427 ms (missed cycles : 3).
[vision_apriltag-9] [INFO] [1776988912.164281939] [vision_apriltag_node]: Vision AprilTag: images are arriving, but no AprilTag has been seen for 365.0s.
[adl_ui-15] 127.0.0.1 - - [23/Apr/2026 20:01:52] "GET /status_json HTTP/1.1" 200 -
[ros2_control_node-1] [WARN] [1776988912.955529808] [controller_manager]: Overrun might occur, Total time : 2643.854 us (Expected < 1000.000 us) --> Read time : 45.786 us, Update time : 245.985 us, Write time : 2352.083 us
[ros2_control_node-1] [WARN] [1776988912.965849774] [controller_manager]: Overrun detected! The controller manager missed its desired rate of 1000 Hz. The loop took 2.993554 ms (missed cycles : 3).
[adl_ui-15] 127.0.0.1 - - [23/Apr/2026 20:01:53] "GET /status_json HTTP/1.1" 200 -
[adl_ui-15] 127.0.0.1 - - [23/Apr/2026 20:01:53] "GET /status_json HTTP/1.1" 200 -
[ros2_control_node-1] [WARN] [1776988913.956645986] [controller_manager]: Overrun might occur, Total time : 2770.463 us (Expected < 1000.000 us) --> Read time : 33.419 us, Update time : 209.532 us, Write time : 2527.512 us
[ros2_control_node-1] [WARN] [1776988913.967061115] [controller_manager]: Overrun detected! The controller manager missed its desired rate of 1000 Hz. The loop took 4.204743 ms (missed cycles : 5).
[vision_apriltag-9] [INFO] [1776988914.163368953] [vision_apriltag_node]: Vision AprilTag: images are arriving, but no AprilTag has been seen for 367.0s.
[adl_ui-15] 127.0.0.1 - - [23/Apr/2026 20:01:54] "GET /status_json HTTP/1.1" 200 -
[ros2_control_node-1] [WARN] [1776988914.957294856] [controller_manager]: Overrun might occur, Total time : 3413.250 us (Expected < 1000.000 us) --> Read time : 41.219 us, Update time : 243.643 us, Write time : 3128.388 us
[ros2_control_node-1] [WARN] [1776988914.968819494] [controller_manager]: Overrun detected! The controller manager missed its desired rate of 1000 Hz. The loop took 3.962730 ms (missed cycles : 4).
[vision_apriltag-9] [INFO] [1776988915.033110078] [vision_apriltag_node]: Vision AprilTag detection debug: no tags found after raw/CLAHE/sharp/adaptive/upscaled/tiled passes.
[adl_ui-15] 127.0.0.1 - - [23/Apr/2026 20:01:55] "GET /status_json HTTP/1.1" 200 -
[ros2_control_node-1] [WARN] [1776988915.959850007] [controller_manager]: Overrun might occur, Total time : 2967.354 us (Expected < 1000.000 us) --> Read time : 38.450 us, Update time : 240.403 us, Write time : 2688.501 us
[ros2_control_node-1] [WARN] [1776988915.972367470] [controller_manager]: Overrun detected! The controller manager missed its desired rate of 1000 Hz. The loop took 3.510963 ms (missed cycles : 4).
[adl_ui-15] 127.0.0.1 - - [23/Apr/2026 20:01:56] "GET /status_json HTTP/1.1" 200 -
[vision_apriltag-9] [INFO] [1776988916.164368970] [vision_apriltag_node]: Vision AprilTag: images are arriving, but no AprilTag has been seen for 369.0s.
[adl_ui-15] 127.0.0.1 - - [23/Apr/2026 20:01:56] "GET /status_json HTTP/1.1" 200 -
[wrist_camera_usb_publisher-8] [INFO] [1776988916.858990281] [wrist_camera_usb_publisher_node]: USB camera publisher heartbeat: publishing 1280x720 frames on /wrist_mounted_camera/image; camera_info fx=920.87, fy=921.57, cx=644.76, cy=343.15.
[ros2_control_node-1] [WARN] [1776988916.961490082] [controller_manager]: Overrun might occur, Total time : 2594.087 us (Expected < 1000.000 us) --> Read time : 59.475 us, Update time : 273.645 us, Write time : 2260.967 us
[ros2_control_node-1] [WARN] [1776988916.973767512] [controller_manager]: Overrun detected! The controller manager missed its desired rate of 1000 Hz. The loop took 2.910855 ms (missed cycles : 3).
[adl_ui-15] 127.0.0.1 - - [23/Apr/2026 20:01:57] "GET /status_json HTTP/1.1" 200 -
[ros2_control_node-1] [WARN] [1776988917.962404008] [controller_manager]: Overrun might occur, Total time : 2523.491 us (Expected < 1000.000 us) --> Read time : 47.476 us, Update time : 279.424 us, Write time : 2196.591 us
[ros2_control_node-1] [WARN] [1776988917.975417412] [controller_manager]: Overrun detected! The controller manager missed its desired rate of 1000 Hz. The loop took 5.560968 ms (missed cycles : 6).
[vision_apriltag-9] [INFO] [1776988918.164073791] [vision_apriltag_node]: Vision AprilTag: images are arriving, but no AprilTag has been seen for 371.0s.
[adl_ui-15] 127.0.0.1 - - [23/Apr/2026 20:01:58] "GET /status_json HTTP/1.1" 200 -
[ros2_control_node-1] [WARN] [1776988918.962705557] [controller_manager]: Overrun might occur, Total time : 2820.970 us (Expected < 1000.000 us) --> Read time : 40.965 us, Update time : 269.366 us, Write time : 2510.639 us
[ros2_control_node-1] [WARN] [1776988918.979394690] [controller_manager]: Overrun detected! The controller manager missed its desired rate of 1000 Hz. The loop took 6.538144 ms (missed cycles : 7).
[adl_ui-15] 127.0.0.1 - - [23/Apr/2026 20:01:59] "GET /status_json HTTP/1.1" 200 -
[adl_ui-15] 127.0.0.1 - - [23/Apr/2026 20:01:59] "GET /status_json HTTP/1.1" 200 -
[ros2_control_node-1] [WARN] [1776988919.965034059] [controller_manager]: Overrun might occur, Total time : 3144.608 us (Expected < 1000.000 us) --> Read time : 39.617 us, Update time : 220.591 us, Write time : 2884.400 us
[ros2_control_node-1] [WARN] [1776988919.979631377] [controller_manager]: Overrun detected! The controller manager missed its desired rate of 1000 Hz. The loop took 2.774740 ms (missed cycles : 3).
[vision_apriltag-9] [INFO] [1776988920.165893631] [vision_apriltag_node]: Vision AprilTag: images are arriving, but no AprilTag has been seen for 373.0s.
[vision_apriltag-9] [INFO] [1776988920.181240101] [vision_apriltag_node]: Vision AprilTag detection debug: no tags found after raw/CLAHE/sharp/adaptive/upscaled/tiled passes.
[adl_ui-15] 127.0.0.1 - - [23/Apr/2026 20:02:00] "GET /status_json HTTP/1.1" 200 -
[ros2_control_node-1] [WARN] [1776988920.968252400] [controller_manager]: Overrun might occur, Total time : 3366.897 us (Expected < 1000.000 us) --> Read time : 45.183 us, Update time : 243.255 us, Write time : 3078.459 us
[ros2_control_node-1] [WARN] [1776988920.982735903] [controller_manager]: Overrun detected! The controller manager missed its desired rate of 1000 Hz. The loop took 2.879428 ms (missed cycles : 3).
[adl_ui-15] 127.0.0.1 - - [23/Apr/2026 20:02:01] "GET /status_json HTTP/1.1" 200 -
[ros2_control_node-1] [WARN] [1776988921.968411972] [controller_manager]: Overrun might occur, Total time : 2533.790 us (Expected < 1000.000 us) --> Read time : 31.800 us, Update time : 219.821 us, Write time : 2282.169 us
[ros2_control_node-1] [WARN] [1776988921.983518537] [controller_manager]: Overrun detected! The controller manager missed its desired rate of 1000 Hz. The loop took 2.662301 ms (missed cycles : 3).
[adl_ui-15] 127.0.0.1 - - [23/Apr/2026 20:02:02] "GET /status_json HTTP/1.1" 200 -
[wrist_camera_usb_publisher-8] [INFO] [1776988922.019997455] [wrist_camera_usb_publisher_node]: USB camera publisher heartbeat: publishing 1280x720 frames on /wrist_mounted_camera/image; camera_info fx=920.87, fy=921.57, cx=644.76, cy=343.15.
[vision_apriltag-9] [INFO] [1776988922.163743780] [vision_apriltag_node]: Vision AprilTag: images are arriving, but no AprilTag has been seen for 375.0s.
[adl_ui-15] 127.0.0.1 - - [23/Apr/2026 20:02:02] "GET /status_json HTTP/1.1" 200 -
[ros2_control_node-1] [WARN] [1776988922.972356336] [controller_manager]: Overrun might occur, Total time : 4461.488 us (Expected < 1000.000 us) --> Read time : 38.955 us, Update time : 272.586 us, Write time : 4149.947 us
[ros2_control_node-1] [WARN] [1776988922.986734341] [controller_manager]: Overrun detected! The controller manager missed its desired rate of 1000 Hz. The loop took 3.877433 ms (missed cycles : 4).
[adl_ui-15] 127.0.0.1 - - [23/Apr/2026 20:02:03] "GET /status_json HTTP/1.1" 200 -
[ros2_control_node-1] [WARN] [1776988923.973378205] [controller_manager]: Overrun might occur, Total time : 2500.210 us (Expected < 1000.000 us) --> Read time : 44.668 us, Update time : 227.982 us, Write time : 2227.560 us
[ros2_control_node-1] [WARN] [1776988923.986920564] [controller_manager]: Overrun detected! The controller manager missed its desired rate of 1000 Hz. The loop took 3.064777 ms (missed cycles : 4).
[vision_apriltag-9] [INFO] [1776988924.163949805] [vision_apriltag_node]: Vision AprilTag: images are arriving, but no AprilTag has been seen for 377.0s.
[adl_ui-15] 127.0.0.1 - - [23/Apr/2026 20:02:04] "GET /status_json HTTP/1.1" 200 -
[ros2_control_node-1] [WARN] [1776988924.973586281] [controller_manager]: Overrun might occur, Total time : 2703.805 us (Expected < 1000.000 us) --> Read time : 41.320 us, Update time : 232.780 us, Write time : 2429.705 us
[ros2_control_node-1] [WARN] [1776988924.989109341] [controller_manager]: Overrun detected! The controller manager missed its desired rate of 1000 Hz. The loop took 3.253011 ms (missed cycles : 4).
[adl_ui-15] 127.0.0.1 - - [23/Apr/2026 20:02:05] "GET /status_json HTTP/1.1" 200 -
[vision_apriltag-9] [INFO] [1776988925.452985118] [vision_apriltag_node]: Vision AprilTag detection debug: no tags found after raw/CLAHE/sharp/adaptive/upscaled/tiled passes.
[adl_ui-15] 127.0.0.1 - - [23/Apr/2026 20:02:05] "GET /status_json HTTP/1.1" 200 -
[ros2_control_node-1] [WARN] [1776988925.973662083] [controller_manager]: Overrun might occur, Total time : 2776.261 us (Expected < 1000.000 us) --> Read time : 56.823 us, Update time : 316.066 us, Write time : 2403.372 us
[ros2_control_node-1] [WARN] [1776988925.990519544] [controller_manager]: Overrun detected! The controller manager missed its desired rate of 1000 Hz. The loop took 2.663321 ms (missed cycles : 3).
[vision_apriltag-9] [INFO] [1776988926.519382059] [vision_apriltag_node]: Vision AprilTag: images are arriving, but no AprilTag has been seen for 379.3s.
[adl_ui-15] 127.0.0.1 - - [23/Apr/2026 20:02:06] "GET /status_json HTTP/1.1" 200 -
[ros2_control_node-1] [WARN] [1776988926.974590745] [controller_manager]: Overrun might occur, Total time : 5713.481 us (Expected < 1000.000 us) --> Read time : 34.365 us, Update time : 236.440 us, Write time : 5442.676 us
[ros2_control_node-1] [WARN] [1776988926.992485111] [controller_manager]: Overrun detected! The controller manager missed its desired rate of 1000 Hz. The loop took 2.628649 ms (missed cycles : 3).
[wrist_camera_usb_publisher-8] [INFO] [1776988927.183919554] [wrist_camera_usb_publisher_node]: USB camera publisher heartbeat: publishing 1280x720 frames on /wrist_mounted_camera/image; camera_info fx=920.87, fy=921.57, cx=644.76, cy=343.15.
[adl_ui-15] 127.0.0.1 - - [23/Apr/2026 20:02:07] "GET /status_json HTTP/1.1" 200 -
[ros2_control_node-1] [WARN] [1776988927.976485951] [controller_manager]: Overrun might occur, Total time : 2609.220 us (Expected < 1000.000 us) --> Read time : 37.054 us, Update time : 237.831 us, Write time : 2334.335 us
[ros2_control_node-1] [WARN] [1776988927.994607067] [controller_manager]: Overrun detected! The controller manager missed its desired rate of 1000 Hz. The loop took 2.750673 ms (missed cycles : 3).
[adl_ui-15] 127.0.0.1 - - [23/Apr/2026 20:02:08] "GET /status_json HTTP/1.1" 200 -
[vision_apriltag-9] [INFO] [1776988928.165192754] [vision_apriltag_node]: Vision AprilTag: images are arriving, but no AprilTag has been seen for 381.0s.
[adl_ui-15] 127.0.0.1 - - [23/Apr/2026 20:02:08] "GET /status_json HTTP/1.1" 200 -
[ros2_control_node-1] [WARN] [1776988928.985068239] [controller_manager]: Overrun might occur, Total time : 28237.893 us (Expected < 1000.000 us) --> Read time : 64.657 us, Update time : 245.546 us, Write time : 27927.690 us
[ros2_control_node-1] [WARN] [1776988928.997702626] [controller_manager]: Overrun detected! The controller manager missed its desired rate of 1000 Hz. The loop took 2.846010 ms (missed cycles : 3).
[adl_ui-15] 127.0.0.1 - - [23/Apr/2026 20:02:09] "GET /status_json HTTP/1.1" 200 -
[ros2_control_node-1] [WARN] [1776988929.985560211] [controller_manager]: Overrun might occur, Total time : 2660.568 us (Expected < 1000.000 us) --> Read time : 57.091 us, Update time : 324.142 us, Write time : 2279.335 us
[ros2_control_node-1] [WARN] [1776988929.998582123] [controller_manager]: Overrun detected! The controller manager missed its desired rate of 1000 Hz. The loop took 3.722824 ms (missed cycles : 4).
[vision_apriltag-9] [INFO] [1776988930.164304495] [vision_apriltag_node]: Vision AprilTag: images are arriving, but no AprilTag has been seen for 383.0s.
[adl_ui-15] 127.0.0.1 - - [23/Apr/2026 20:02:10] "GET /status_json HTTP/1.1" 200 -
[vision_apriltag-9] [INFO] [1776988930.497430193] [vision_apriltag_node]: Vision AprilTag detection debug: no tags found after raw/CLAHE/sharp/adaptive/upscaled/tiled passes.
[ros2_control_node-1] [WARN] [1776988930.986413256] [controller_manager]: Overrun might occur, Total time : 2533.890 us (Expected < 1000.000 us) --> Read time : 42.750 us, Update time : 265.924 us, Write time : 2225.216 us
[ros2_control_node-1] [WARN] [1776988930.999499820] [controller_manager]: Overrun detected! The controller manager missed its desired rate of 1000 Hz. The loop took 2.643680 ms (missed cycles : 3).
[adl_ui-15] 127.0.0.1 - - [23/Apr/2026 20:02:11] "GET /status_json HTTP/1.1" 200 -
[adl_ui-15] 127.0.0.1 - - [23/Apr/2026 20:02:11] "GET /status_json HTTP/1.1" 200 -
[ros2_control_node-1] [WARN] [1776988931.989564259] [controller_manager]: Overrun might occur, Total time : 4675.813 us (Expected < 1000.000 us) --> Read time : 36.777 us, Update time : 244.612 us, Write time : 4394.424 us
[ros2_control_node-1] [WARN] [1776988932.000737247] [controller_manager]: Overrun detected! The controller manager missed its desired rate of 1000 Hz. The loop took 6.880714 ms (missed cycles : 7).
[wrist_camera_usb_publisher-8] [INFO] [1776988932.345579192] [wrist_camera_usb_publisher_node]: USB camera publisher heartbeat: publishing 1280x720 frames on /wrist_mounted_camera/image; camera_info fx=920.87, fy=921.57, cx=644.76, cy=343.15.
[vision_apriltag-9] [INFO] [1776988932.418702525] [vision_apriltag_node]: Vision AprilTag: images are arriving, but no AprilTag has been seen for 385.2s.
[adl_ui-15] 127.0.0.1 - - [23/Apr/2026 20:02:12] "GET /status_json HTTP/1.1" 200 -
[ros2_control_node-1] [WARN] [1776988932.990544731] [controller_manager]: Overrun might occur, Total time : 2661.942 us (Expected < 1000.000 us) --> Read time : 36.618 us, Update time : 255.154 us, Write time : 2370.170 us
[ros2_control_node-1] [WARN] [1776988933.003343649] [controller_manager]: Overrun detected! The controller manager missed its desired rate of 1000 Hz. The loop took 3.486532 ms (missed cycles : 4).
[adl_ui-15] 127.0.0.1 - - [23/Apr/2026 20:02:13] "GET /status_json HTTP/1.1" 200 -
[ros2_control_node-1] [WARN] [1776988933.992369380] [controller_manager]: Overrun might occur, Total time : 2496.705 us (Expected < 1000.000 us) --> Read time : 28.847 us, Update time : 180.034 us, Write time : 2287.824 us
[ros2_control_node-1] [WARN] [1776988934.003426154] [controller_manager]: Overrun detected! The controller manager missed its desired rate of 1000 Hz. The loop took 2.570516 ms (missed cycles : 3).
[adl_ui-15] 127.0.0.1 - - [23/Apr/2026 20:02:14] "GET /status_json HTTP/1.1" 200 -
[vision_apriltag-9] [INFO] [1776988934.163639686] [vision_apriltag_node]: Vision AprilTag: images are arriving, but no AprilTag has been seen for 387.0s.
[adl_ui-15] 127.0.0.1 - - [23/Apr/2026 20:02:14] "GET /status_json HTTP/1.1" 200 -
[ros2_control_node-1] [WARN] [1776988934.994794155] [controller_manager]: Overrun might occur, Total time : 2911.035 us (Expected < 1000.000 us) --> Read time : 45.123 us, Update time : 242.136 us, Write time : 2623.776 us
[ros2_control_node-1] [WARN] [1776988935.004629163] [controller_manager]: Overrun detected! The controller manager missed its desired rate of 1000 Hz. The loop took 2.772201 ms (missed cycles : 3).
[adl_ui-15] 127.0.0.1 - - [23/Apr/2026 20:02:15] "GET /status_json HTTP/1.1" 200 -
[vision_apriltag-9] [INFO] [1776988935.988131377] [vision_apriltag_node]: Vision AprilTag detection debug: no tags found after raw/CLAHE/sharp/adaptive/upscaled/tiled passes.
[ros2_control_node-1] [WARN] [1776988935.997637145] [controller_manager]: Overrun might occur, Total time : 2752.831 us (Expected < 1000.000 us) --> Read time : 40.722 us, Update time : 252.029 us, Write time : 2460.080 us
[ros2_control_node-1] [WARN] [1776988936.004773645] [controller_manager]: Overrun detected! The controller manager missed its desired rate of 1000 Hz. The loop took 2.916222 ms (missed cycles : 3).
[vision_apriltag-9] [INFO] [1776988936.165126833] [vision_apriltag_node]: Vision AprilTag: images are arriving, but no AprilTag has been seen for 389.0s.
[adl_ui-15] 127.0.0.1 - - [23/Apr/2026 20:02:16] "GET /status_json HTTP/1.1" 200 -
[ros2_control_node-1] [WARN] [1776988936.999375140] [controller_manager]: Overrun might occur, Total time : 2486.475 us (Expected < 1000.000 us) --> Read time : 38.931 us, Update time : 211.813 us, Write time : 2235.731 us
[ros2_control_node-1] [WARN] [1776988937.005839114] [controller_manager]: Overrun detected! The controller manager missed its desired rate of 1000 Hz. The loop took 2.981567 ms (missed cycles : 3).
[adl_ui-15] 127.0.0.1 - - [23/Apr/2026 20:02:17] "GET /status_json HTTP/1.1" 200 -
[wrist_camera_usb_publisher-8] [INFO] [1776988937.502058284] [wrist_camera_usb_publisher_node]: USB camera publisher heartbeat: publishing 1280x720 frames on /wrist_mounted_camera/image; camera_info fx=920.87, fy=921.57, cx=644.76, cy=343.15.
[adl_ui-15] 127.0.0.1 - - [23/Apr/2026 20:02:17] "GET /status_json HTTP/1.1" 200 -
[ros2_control_node-1] [WARN] [1776988938.001015717] [controller_manager]: Overrun might occur, Total time : 3128.089 us (Expected < 1000.000 us) --> Read time : 51.369 us, Update time : 312.714 us, Write time : 2764.006 us
[ros2_control_node-1] [WARN] [1776988938.008698310] [controller_manager]: Overrun detected! The controller manager missed its desired rate of 1000 Hz. The loop took 2.842750 ms (missed cycles : 3).
[vision_apriltag-9] [INFO] [1776988938.163720547] [vision_apriltag_node]: Vision AprilTag: images are arriving, but no AprilTag has been seen for 391.0s.
[adl_ui-15] 127.0.0.1 - - [23/Apr/2026 20:02:18] "GET /status_json HTTP/1.1" 200 -
[ros2_control_node-1] [WARN] [1776988939.004211334] [controller_manager]: Overrun might occur, Total time : 3315.624 us (Expected < 1000.000 us) --> Read time : 63.744 us, Update time : 293.695 us, Write time : 2958.185 us
[ros2_control_node-1] [WARN] [1776988939.011517371] [controller_manager]: Overrun detected! The controller manager missed its desired rate of 1000 Hz. The loop took 2.661080 ms (missed cycles : 3).
[adl_ui-15] 127.0.0.1 - - [23/Apr/2026 20:02:19] "GET /status_json HTTP/1.1" 200 -
[ros2_control_node-1] [WARN] [1776988940.005325476] [controller_manager]: Overrun might occur, Total time : 2454.474 us (Expected < 1000.000 us) --> Read time : 24.721 us, Update time : 168.078 us, Write time : 2261.675 us
[ros2_control_node-1] [WARN] [1776988940.011939831] [controller_manager]: Overrun detected! The controller manager missed its desired rate of 1000 Hz. The loop took 3.083364 ms (missed cycles : 4).
[adl_ui-15] 127.0.0.1 - - [23/Apr/2026 20:02:20] "GET /status_json HTTP/1.1" 200 -
[vision_apriltag-9] [INFO] [1776988940.164595845] [vision_apriltag_node]: Vision AprilTag: images are arriving, but no AprilTag has been seen for 393.0s.
[adl_ui-15] 127.0.0.1 - - [23/Apr/2026 20:02:20] "GET /status_json HTTP/1.1" 200 -
[ros2_control_node-1] [WARN] [1776988941.005401565] [controller_manager]: Overrun might occur, Total time : 2518.576 us (Expected < 1000.000 us) --> Read time : 52.184 us, Update time : 278.083 us, Write time : 2188.309 us
[ros2_control_node-1] [WARN] [1776988941.012673149] [controller_manager]: Overrun detected! The controller manager missed its desired rate of 1000 Hz. The loop took 2.816576 ms (missed cycles : 3).
[vision_apriltag-9] [INFO] [1776988941.059385525] [vision_apriltag_node]: Vision AprilTag detection debug: no tags found after raw/CLAHE/sharp/adaptive/upscaled/tiled passes.
[adl_ui-15] 127.0.0.1 - - [23/Apr/2026 20:02:21] "GET /status_json HTTP/1.1" 200 -
[ros2_control_node-1] [WARN] [1776988942.006515041] [controller_manager]: Overrun might occur, Total time : 2635.541 us (Expected < 1000.000 us) --> Read time : 41.208 us, Update time : 278.157 us, Write time : 2316.176 us
[ros2_control_node-1] [WARN] [1776988942.013096398] [controller_manager]: Overrun detected! The controller manager missed its desired rate of 1000 Hz. The loop took 3.238931 ms (missed cycles : 4).
[vision_apriltag-9] [INFO] [1776988942.171834433] [vision_apriltag_node]: Vision AprilTag: images are arriving, but no AprilTag has been seen for 395.0s.
[adl_ui-15] 127.0.0.1 - - [23/Apr/2026 20:02:22] "GET /status_json HTTP/1.1" 200 -
[wrist_camera_usb_publisher-8] [INFO] [1776988942.507740172] [wrist_camera_usb_publisher_node]: USB camera publisher heartbeat: publishing 1280x720 frames on /wrist_mounted_camera/image; camera_info fx=920.87, fy=921.57, cx=644.76, cy=343.15.
[ros2_control_node-1] [WARN] [1776988943.007614843] [controller_manager]: Overrun might occur, Total time : 2703.090 us (Expected < 1000.000 us) --> Read time : 79.863 us, Update time : 355.793 us, Write time : 2267.434 us
[ros2_control_node-1] [WARN] [1776988943.013630727] [controller_manager]: Overrun detected! The controller manager missed its desired rate of 1000 Hz. The loop took 2.773487 ms (missed cycles : 3).
[adl_ui-15] 127.0.0.1 - - [23/Apr/2026 20:02:23] "GET /status_json HTTP/1.1" 200 -
[adl_ui-15] 127.0.0.1 - - [23/Apr/2026 20:02:23] "GET /status_json HTTP/1.1" 200 -
[ros2_control_node-1] [WARN] [1776988944.008278264] [controller_manager]: Overrun might occur, Total time : 2390.928 us (Expected < 1000.000 us) --> Read time : 34.761 us, Update time : 227.089 us, Write time : 2129.078 us
[ros2_control_node-1] [WARN] [1776988944.014396242] [controller_manager]: Overrun detected! The controller manager missed its desired rate of 1000 Hz. The loop took 2.539737 ms (missed cycles : 3).
[vision_apriltag-9] [INFO] [1776988944.179910479] [vision_apriltag_node]: Vision AprilTag: images are arriving, but no AprilTag has been seen for 397.0s.
[adl_ui-15] 127.0.0.1 - - [23/Apr/2026 20:02:24] "GET /status_json HTTP/1.1" 200 -
[ros2_control_node-1] [WARN] [1776988945.010274907] [controller_manager]: Overrun might occur, Total time : 2390.821 us (Expected < 1000.000 us) --> Read time : 38.160 us, Update time : 229.144 us, Write time : 2123.517 us
[ros2_control_node-1] [WARN] [1776988945.017046641] [controller_manager]: Overrun detected! The controller manager missed its desired rate of 1000 Hz. The loop took 3.189892 ms (missed cycles : 4).
[adl_ui-15] 127.0.0.1 - - [23/Apr/2026 20:02:25] "GET /status_json HTTP/1.1" 200 -
[ros2_control_node-1] [WARN] [1776988946.012446157] [controller_manager]: Overrun might occur, Total time : 3562.964 us (Expected < 1000.000 us) --> Read time : 36.396 us, Update time : 241.627 us, Write time : 3284.941 us
[ros2_control_node-1] [WARN] [1776988946.022402974] [controller_manager]: Overrun detected! The controller manager missed its desired rate of 1000 Hz. The loop took 5.546547 ms (missed cycles : 6).
[adl_ui-15] 127.0.0.1 - - [23/Apr/2026 20:02:26] "GET /status_json HTTP/1.1" 200 -
[vision_apriltag-9] [INFO] [1776988946.074960235] [vision_apriltag_node]: Vision AprilTag detection debug: no tags found after raw/CLAHE/sharp/adaptive/upscaled/tiled passes.
[vision_apriltag-9] [INFO] [1776988946.166606196] [vision_apriltag_node]: Vision AprilTag: images are arriving, but no AprilTag has been seen for 399.0s.
[adl_ui-15] 127.0.0.1 - - [23/Apr/2026 20:02:26] "GET /status_json HTTP/1.1" 200 -
[ros2_control_node-1] [WARN] [1776988947.012790943] [controller_manager]: Overrun might occur, Total time : 2902.772 us (Expected < 1000.000 us) --> Read time : 46.030 us, Update time : 262.196 us, Write time : 2594.546 us
[ros2_control_node-1] [WARN] [1776988947.023366048] [controller_manager]: Overrun detected! The controller manager missed its desired rate of 1000 Hz. The loop took 2.509546 ms (missed cycles : 3).
[adl_ui-15] 127.0.0.1 - - [23/Apr/2026 20:02:27] "GET /status_json HTTP/1.1" 200 -
[wrist_camera_usb_publisher-8] [INFO] [1776988947.657309082] [wrist_camera_usb_publisher_node]: USB camera publisher heartbeat: publishing 1280x720 frames on /wrist_mounted_camera/image; camera_info fx=920.87, fy=921.57, cx=644.76, cy=343.15.
[ros2_control_node-1] [WARN] [1776988948.013375936] [controller_manager]: Overrun might occur, Total time : 3489.865 us (Expected < 1000.000 us) --> Read time : 45.240 us, Update time : 255.162 us, Write time : 3189.463 us
[ros2_control_node-1] [WARN] [1776988948.023899977] [controller_manager]: Overrun detected! The controller manager missed its desired rate of 1000 Hz. The loop took 6.043266 ms (missed cycles : 7).
[adl_ui-15] 127.0.0.1 - - [23/Apr/2026 20:02:28] "GET /status_json HTTP/1.1" 200 -
[vision_apriltag-9] [INFO] [1776988948.338635968] [vision_apriltag_node]: Vision AprilTag: images are arriving, but no AprilTag has been seen for 401.2s.
[ros2_control_node-1] [WARN] [1776988949.024967449] [controller_manager]: Overrun might occur, Total time : 11081.477 us (Expected < 1000.000 us) --> Read time : 48.313 us, Update time : 296.270 us, Write time : 10736.894 us
[ros2_control_node-1] [WARN] [1776988949.025052114] [controller_manager]: Overrun detected! The controller manager missed its desired rate of 1000 Hz. The loop took 11.195723 ms (missed cycles : 12).
[adl_ui-15] 127.0.0.1 - - [23/Apr/2026 20:02:29] "GET /status_json HTTP/1.1" 200 -
[adl_ui-15] 127.0.0.1 - - [23/Apr/2026 20:02:29] "GET /status_json HTTP/1.1" 200 -
[ros2_control_node-1] [WARN] [1776988950.027461952] [controller_manager]: Overrun might occur, Total time : 2572.225 us (Expected < 1000.000 us) --> Read time : 45.142 us, Update time : 300.968 us, Write time : 2226.115 us
[ros2_control_node-1] [WARN] [1776988950.027552008] [controller_manager]: Overrun detected! The controller manager missed its desired rate of 1000 Hz. The loop took 2.695333 ms (missed cycles : 3).
[adl_ui-15] 127.0.0.1 - - [23/Apr/2026 20:02:30] "GET /status_json HTTP/1.1" 200 -
[vision_apriltag-9] [INFO] [1776988950.762115396] [vision_apriltag_node]: Vision AprilTag: images are arriving, but no AprilTag has been seen for 403.6s.
[ros2_control_node-1] [WARN] [1776988951.027653468] [controller_manager]: Overrun might occur, Total time : 2774.262 us (Expected < 1000.000 us) --> Read time : 42.100 us, Update time : 256.612 us, Write time : 2475.550 us
[ros2_control_node-1] [WARN] [1776988951.027730795] [controller_manager]: Overrun detected! The controller manager missed its desired rate of 1000 Hz. The loop took 2.874319 ms (missed cycles : 3).
[adl_ui-15] 127.0.0.1 - - [23/Apr/2026 20:02:31] "GET /status_json HTTP/1.1" 200 -
[vision_apriltag-9] [INFO] [1776988951.582678461] [vision_apriltag_node]: Vision AprilTag detection debug: no tags found after raw/CLAHE/sharp/adaptive/upscaled/tiled passes.
[ros2_control_node-1] [WARN] [1776988952.027934548] [controller_manager]: Overrun might occur, Total time : 4048.145 us (Expected < 1000.000 us) --> Read time : 48.051 us, Update time : 250.418 us, Write time : 3749.676 us
[ros2_control_node-1] [WARN] [1776988952.028056798] [controller_manager]: Overrun detected! The controller manager missed its desired rate of 1000 Hz. The loop took 4.199888 ms (missed cycles : 5).
[adl_ui-15] 127.0.0.1 - - [23/Apr/2026 20:02:32] "GET /status_json HTTP/1.1" 200 -
[adl_ui-15] 127.0.0.1 - - [23/Apr/2026 20:02:32] "GET /status_json HTTP/1.1" 200 -
[wrist_camera_usb_publisher-8] [INFO] [1776988952.822896713] [wrist_camera_usb_publisher_node]: USB camera publisher heartbeat: publishing 1280x720 frames on /wrist_mounted_camera/image; camera_info fx=920.87, fy=921.57, cx=644.76, cy=343.15.
[vision_apriltag-9] [INFO] [1776988952.876922381] [vision_apriltag_node]: Vision AprilTag: images are arriving, but no AprilTag has been seen for 405.7s.
[ros2_control_node-1] [WARN] [1776988953.030783753] [controller_manager]: Overrun might occur, Total time : 2899.881 us (Expected < 1000.000 us) --> Read time : 55.488 us, Update time : 310.622 us, Write time : 2533.771 us
[ros2_control_node-1] [WARN] [1776988953.030861377] [controller_manager]: Overrun detected! The controller manager missed its desired rate of 1000 Hz. The loop took 3.004997 ms (missed cycles : 4).
[adl_ui-15] 127.0.0.1 - - [23/Apr/2026 20:02:33] "GET /status_json HTTP/1.1" 200 -
[ros2_control_node-1] [WARN] [1776988954.031538626] [controller_manager]: Overrun might occur, Total time : 3657.012 us (Expected < 1000.000 us) --> Read time : 43.071 us, Update time : 249.558 us, Write time : 3364.383 us
[ros2_control_node-1] [WARN] [1776988954.031612839] [controller_manager]: Overrun detected! The controller manager missed its desired rate of 1000 Hz. The loop took 3.756165 ms (missed cycles : 4).
[adl_ui-15] 127.0.0.1 - - [23/Apr/2026 20:02:34] "GET /status_json HTTP/1.1" 200 -
[vision_apriltag-9] [INFO] [1776988954.350560536] [vision_apriltag_node]: Vision AprilTag: images are arriving, but no AprilTag has been seen for 407.2s.
[ros2_control_node-1] [WARN] [1776988955.033344683] [controller_manager]: Overrun might occur, Total time : 2464.912 us (Expected < 1000.000 us) --> Read time : 39.096 us, Update time : 227.207 us, Write time : 2198.609 us
[ros2_control_node-1] [WARN] [1776988955.033421986] [controller_manager]: Overrun detected! The controller manager missed its desired rate of 1000 Hz. The loop took 2.565309 ms (missed cycles : 3).
[adl_ui-15] 127.0.0.1 - - [23/Apr/2026 20:02:35] "GET /status_json HTTP/1.1" 200 -
[adl_ui-15] 127.0.0.1 - - [23/Apr/2026 20:02:35] "GET /status_json HTTP/1.1" 200 -
[ros2_control_node-1] [WARN] [1776988956.033387770] [controller_manager]: Overrun might occur, Total time : 5502.538 us (Expected < 1000.000 us) --> Read time : 46.854 us, Update time : 266.032 us, Write time : 5189.652 us
[ros2_control_node-1] [WARN] [1776988956.033479446] [controller_manager]: Overrun detected! The controller manager missed its desired rate of 1000 Hz. The loop took 5.622493 ms (missed cycles : 6).
[vision_apriltag-9] [INFO] [1776988956.164332709] [vision_apriltag_node]: Vision AprilTag: images are arriving, but no AprilTag has been seen for 409.0s.
[adl_ui-15] 127.0.0.1 - - [23/Apr/2026 20:02:36] "GET /status_json HTTP/1.1" 200 -
[vision_apriltag-9] [INFO] [1776988956.831385886] [vision_apriltag_node]: Vision AprilTag detection debug: no tags found after raw/CLAHE/sharp/adaptive/upscaled/tiled passes.
[ros2_control_node-1] [WARN] [1776988957.034710476] [controller_manager]: Overrun might occur, Total time : 2832.577 us (Expected < 1000.000 us) --> Read time : 37.788 us, Update time : 212.877 us, Write time : 2581.912 us
[ros2_control_node-1] [WARN] [1776988957.034777632] [controller_manager]: Overrun detected! The controller manager missed its desired rate of 1000 Hz. The loop took 2.921269 ms (missed cycles : 3).
[adl_ui-15] 127.0.0.1 - - [23/Apr/2026 20:02:37] "GET /status_json HTTP/1.1" 200 -
[wrist_camera_usb_publisher-8] [INFO] [1776988957.982607544] [wrist_camera_usb_publisher_node]: USB camera publisher heartbeat: publishing 1280x720 frames on /wrist_mounted_camera/image; camera_info fx=920.87, fy=921.57, cx=644.76, cy=343.15.
[ros2_control_node-1] [WARN] [1776988958.037547911] [controller_manager]: Overrun might occur, Total time : 2665.220 us (Expected < 1000.000 us) --> Read time : 43.251 us, Update time : 254.930 us, Write time : 2367.039 us
[ros2_control_node-1] [WARN] [1776988958.037627780] [controller_manager]: Overrun detected! The controller manager missed its desired rate of 1000 Hz. The loop took 2.770609 ms (missed cycles : 3).
[adl_ui-15] 127.0.0.1 - - [23/Apr/2026 20:02:38] "GET /status_json HTTP/1.1" 200 -
[vision_apriltag-9] [INFO] [1776988958.164802997] [vision_apriltag_node]: Vision AprilTag: images are arriving, but no AprilTag has been seen for 411.0s.
[adl_ui-15] 127.0.0.1 - - [23/Apr/2026 20:02:38] "GET /status_json HTTP/1.1" 200 -
[ros2_control_node-1] [WARN] [1776988959.037718161] [controller_manager]: Overrun might occur, Total time : 2831.686 us (Expected < 1000.000 us) --> Read time : 42.898 us, Update time : 306.084 us, Write time : 2482.704 us
[ros2_control_node-1] [WARN] [1776988959.037819324] [controller_manager]: Overrun detected! The controller manager missed its desired rate of 1000 Hz. The loop took 2.962316 ms (missed cycles : 3).
[adl_ui-15] 127.0.0.1 - - [23/Apr/2026 20:02:39] "GET /status_json HTTP/1.1" 200 -
[ros2_control_node-1] [WARN] [1776988960.040012920] [controller_manager]: Overrun might occur, Total time : 3134.298 us (Expected < 1000.000 us) --> Read time : 43.661 us, Update time : 215.993 us, Write time : 2874.644 us
[ros2_control_node-1] [WARN] [1776988960.040084604] [controller_manager]: Overrun detected! The controller manager missed its desired rate of 1000 Hz. The loop took 3.227952 ms (missed cycles : 4).
[vision_apriltag-9] [INFO] [1776988960.165706579] [vision_apriltag_node]: Vision AprilTag: images are arriving, but no AprilTag has been seen for 413.0s.
[adl_ui-15] 127.0.0.1 - - [23/Apr/2026 20:02:40] "GET /status_json HTTP/1.1" 200 -
[ros2_control_node-1] [WARN] [1776988961.042221627] [controller_manager]: Overrun might occur, Total time : 3336.606 us (Expected < 1000.000 us) --> Read time : 42.242 us, Update time : 243.458 us, Write time : 3050.906 us
[ros2_control_node-1] [WARN] [1776988961.042350490] [controller_manager]: Overrun detected! The controller manager missed its desired rate of 1000 Hz. The loop took 3.480001 ms (missed cycles : 4).
[adl_ui-15] 127.0.0.1 - - [23/Apr/2026 20:02:41] "GET /status_json HTTP/1.1" 200 -
[adl_ui-15] 127.0.0.1 - - [23/Apr/2026 20:02:41] "GET /status_json HTTP/1.1" 200 -
[vision_apriltag-9] [INFO] [1776988961.835484504] [vision_apriltag_node]: Vision AprilTag detection debug: no tags found after raw/CLAHE/sharp/adaptive/upscaled/tiled passes.
[ros2_control_node-1] [WARN] [1776988962.044164986] [controller_manager]: Overrun might occur, Total time : 3271.164 us (Expected < 1000.000 us) --> Read time : 44.862 us, Update time : 220.027 us, Write time : 3006.275 us
[ros2_control_node-1] [WARN] [1776988962.044333824] [controller_manager]: Overrun detected! The controller manager missed its desired rate of 1000 Hz. The loop took 3.476627 ms (missed cycles : 4).
[vision_apriltag-9] [INFO] [1776988962.164744415] [vision_apriltag_node]: Vision AprilTag: images are arriving, but no AprilTag has been seen for 415.0s.
[adl_ui-15] 127.0.0.1 - - [23/Apr/2026 20:02:42] "GET /status_json HTTP/1.1" 200 -
[ros2_control_node-1] [WARN] [1776988963.045512231] [controller_manager]: Overrun might occur, Total time : 2629.455 us (Expected < 1000.000 us) --> Read time : 41.253 us, Update time : 215.394 us, Write time : 2372.808 us
[ros2_control_node-1] [WARN] [1776988963.045584892] [controller_manager]: Overrun detected! The controller manager missed its desired rate of 1000 Hz. The loop took 2.728253 ms (missed cycles : 3).
[wrist_camera_usb_publisher-8] [INFO] [1776988963.143153330] [wrist_camera_usb_publisher_node]: USB camera publisher heartbeat: publishing 1280x720 frames on /wrist_mounted_camera/image; camera_info fx=920.87, fy=921.57, cx=644.76, cy=343.15.
[adl_ui-15] 127.0.0.1 - - [23/Apr/2026 20:02:43] "GET /status_json HTTP/1.1" 200 -
[ros2_control_node-1] [WARN] [1776988964.052457874] [controller_manager]: Overrun might occur, Total time : 11561.981 us (Expected < 1000.000 us) --> Read time : 54.478 us, Update time : 267.570 us, Write time : 11239.933 us
[ros2_control_node-1] [WARN] [1776988964.052541882] [controller_manager]: Overrun detected! The controller manager missed its desired rate of 1000 Hz. The loop took 11.684899 ms (missed cycles : 12).
[adl_ui-15] 127.0.0.1 - - [23/Apr/2026 20:02:44] "GET /status_json HTTP/1.1" 200 -
[vision_apriltag-9] [INFO] [1776988964.338775449] [vision_apriltag_node]: Vision AprilTag: images are arriving, but no AprilTag has been seen for 417.2s.
[adl_ui-15] 127.0.0.1 - - [23/Apr/2026 20:02:44] "GET /status_json HTTP/1.1" 200 -
[ros2_control_node-1] [WARN] [1776988965.054647235] [controller_manager]: Overrun might occur, Total time : 2738.414 us (Expected < 1000.000 us) --> Read time : 37.301 us, Update time : 203.182 us, Write time : 2497.931 us
[ros2_control_node-1] [WARN] [1776988965.054715816] [controller_manager]: Overrun detected! The controller manager missed its desired rate of 1000 Hz. The loop took 2.859227 ms (missed cycles : 3).
[adl_ui-15] 127.0.0.1 - - [23/Apr/2026 20:02:45] "GET /status_json HTTP/1.1" 200 -
[ros2_control_node-1] [WARN] [1776988966.056423741] [controller_manager]: Overrun might occur, Total time : 2542.020 us (Expected < 1000.000 us) --> Read time : 44.256 us, Update time : 234.238 us, Write time : 2263.526 us
[ros2_control_node-1] [WARN] [1776988966.056501428] [controller_manager]: Overrun detected! The controller manager missed its desired rate of 1000 Hz. The loop took 2.644565 ms (missed cycles : 3).
[adl_ui-15] 127.0.0.1 - - [23/Apr/2026 20:02:46] "GET /status_json HTTP/1.1" 200 -
[vision_apriltag-9] [INFO] [1776988966.443745322] [vision_apriltag_node]: Vision AprilTag: images are arriving, but no AprilTag has been seen for 419.3s.
[vision_apriltag-9] [INFO] [1776988967.000349603] [vision_apriltag_node]: Vision AprilTag detection debug: no tags found after raw/CLAHE/sharp/adaptive/upscaled/tiled passes.
[ros2_control_node-1] [WARN] [1776988967.057002825] [controller_manager]: Overrun might occur, Total time : 3118.313 us (Expected < 1000.000 us) --> Read time : 49.976 us, Update time : 263.503 us, Write time : 2804.834 us
[ros2_control_node-1] [WARN] [1776988967.057085818] [controller_manager]: Overrun detected! The controller manager missed its desired rate of 1000 Hz. The loop took 3.229366 ms (missed cycles : 4).
[adl_ui-15] 127.0.0.1 - - [23/Apr/2026 20:02:47] "GET /status_json HTTP/1.1" 200 -
[adl_ui-15] 127.0.0.1 - - [23/Apr/2026 20:02:47] "GET /status_json HTTP/1.1" 200 -
[ros2_control_node-1] [WARN] [1776988968.062634557] [controller_manager]: Overrun might occur, Total time : 8747.686 us (Expected < 1000.000 us) --> Read time : 44.246 us, Update time : 240.207 us, Write time : 8463.233 us
[ros2_control_node-1] [WARN] [1776988968.062721269] [controller_manager]: Overrun detected! The controller manager missed its desired rate of 1000 Hz. The loop took 8.863772 ms (missed cycles : 9).
[vision_apriltag-9] [INFO] [1776988968.198838353] [vision_apriltag_node]: Vision AprilTag: images are arriving, but no AprilTag has been seen for 421.0s.
[wrist_camera_usb_publisher-8] [INFO] [1776988968.301348014] [wrist_camera_usb_publisher_node]: USB camera publisher heartbeat: publishing 1280x720 frames on /wrist_mounted_camera/image; camera_info fx=920.87, fy=921.57, cx=644.76, cy=343.15.
[adl_ui-15] 127.0.0.1 - - [23/Apr/2026 20:02:48] "GET /status_json HTTP/1.1" 200 -
[ros2_control_node-1] [WARN] [1776988969.065613932] [controller_manager]: Overrun might occur, Total time : 2732.058 us (Expected < 1000.000 us) --> Read time : 45.647 us, Update time : 247.122 us, Write time : 2439.289 us
[ros2_control_node-1] [WARN] [1776988969.065684172] [controller_manager]: Overrun detected! The controller manager missed its desired rate of 1000 Hz. The loop took 2.827766 ms (missed cycles : 3).
[adl_ui-15] 127.0.0.1 - - [23/Apr/2026 20:02:49] "GET /status_json HTTP/1.1" 200 -
[adl_ui-15] 127.0.0.1 - - [23/Apr/2026 20:02:50] "GET /status_json HTTP/1.1" 200 -
[ros2_control_node-1] [WARN] [1776988970.065683388] [controller_manager]: Overrun might occur, Total time : 2789.697 us (Expected < 1000.000 us) --> Read time : 53.498 us, Update time : 314.649 us, Write time : 2421.550 us
[ros2_control_node-1] [WARN] [1776988970.065758888] [controller_manager]: Overrun detected! The controller manager missed its desired rate of 1000 Hz. The loop took 2.902126 ms (missed cycles : 3).
[vision_apriltag-9] [INFO] [1776988970.357645779] [vision_apriltag_node]: Vision AprilTag: images are arriving, but no AprilTag has been seen for 423.2s.
[adl_ui-15] 127.0.0.1 - - [23/Apr/2026 20:02:50] "GET /status_json HTTP/1.1" 200 -
[ros2_control_node-1] [WARN] [1776988971.069520938] [controller_manager]: Overrun might occur, Total time : 3639.393 us (Expected < 1000.000 us) --> Read time : 39.197 us, Update time : 228.124 us, Write time : 3372.072 us
[ros2_control_node-1] [WARN] [1776988971.069607229] [controller_manager]: Overrun detected! The controller manager missed its desired rate of 1000 Hz. The loop took 3.750819 ms (missed cycles : 4).
[adl_ui-15] 127.0.0.1 - - [23/Apr/2026 20:02:51] "GET /status_json HTTP/1.1" 200 -
[vision_apriltag-9] [INFO] [1776988972.029141711] [vision_apriltag_node]: Vision AprilTag detection debug: no tags found after raw/CLAHE/sharp/adaptive/upscaled/tiled passes.
[ros2_control_node-1] [WARN] [1776988972.071410126] [controller_manager]: Overrun might occur, Total time : 3524.667 us (Expected < 1000.000 us) --> Read time : 69.038 us, Update time : 386.412 us, Write time : 3069.217 us
[ros2_control_node-1] [WARN] [1776988972.071484617] [controller_manager]: Overrun detected! The controller manager missed its desired rate of 1000 Hz. The loop took 3.628129 ms (missed cycles : 4).
[vision_apriltag-9] [INFO] [1776988972.166381702] [vision_apriltag_node]: Vision AprilTag: images are arriving, but no AprilTag has been seen for 425.0s.
[adl_ui-15] 127.0.0.1 - - [23/Apr/2026 20:02:52] "GET /status_json HTTP/1.1" 200 -
[adl_ui-15] 127.0.0.1 - - [23/Apr/2026 20:02:53] "GET /status_json HTTP/1.1" 200 -
[ros2_control_node-1] [WARN] [1776988973.084285525] [controller_manager]: Overrun might occur, Total time : 14400.311 us (Expected < 1000.000 us) --> Read time : 38.940 us, Update time : 249.297 us, Write time : 14112.074 us
[ros2_control_node-1] [WARN] [1776988973.084378615] [controller_manager]: Overrun detected! The controller manager missed its desired rate of 1000 Hz. The loop took 14.522058 ms (missed cycles : 15).
[wrist_camera_usb_publisher-8] [INFO] [1776988973.465993847] [wrist_camera_usb_publisher_node]: USB camera publisher heartbeat: publishing 1280x720 frames on /wrist_mounted_camera/image; camera_info fx=920.87, fy=921.57, cx=644.76, cy=343.15.
[adl_ui-15] 127.0.0.1 - - [23/Apr/2026 20:02:53] "GET /status_json HTTP/1.1" 200 -
[ros2_control_node-1] [WARN] [1776988974.086441948] [controller_manager]: Overrun might occur, Total time : 6552.270 us (Expected < 1000.000 us) --> Read time : 41.310 us, Update time : 259.225 us, Write time : 6251.735 us
[ros2_control_node-1] [WARN] [1776988974.086550342] [controller_manager]: Overrun detected! The controller manager missed its desired rate of 1000 Hz. The loop took 6.692378 ms (missed cycles : 7).
[adl_ui-15] 127.0.0.1 - - [23/Apr/2026 20:02:54] "GET /status_json HTTP/1.1" 200 -
[vision_apriltag-9] [INFO] [1776988974.677318475] [vision_apriltag_node]: Vision AprilTag: images are arriving, but no AprilTag has been seen for 427.5s.
[ros2_control_node-1] [WARN] [1776988975.088961780] [controller_manager]: Overrun might occur, Total time : 3081.415 us (Expected < 1000.000 us) --> Read time : 45.209 us, Update time : 291.508 us, Write time : 2744.698 us
[ros2_control_node-1] [WARN] [1776988975.089020914] [controller_manager]: Overrun detected! The controller manager missed its desired rate of 1000 Hz. The loop took 3.164584 ms (missed cycles : 4).
[adl_ui-15] 127.0.0.1 - - [23/Apr/2026 20:02:55] "GET /status_json HTTP/1.1" 200 -
[adl_ui-15] 127.0.0.1 - - [23/Apr/2026 20:02:56] "GET /status_json HTTP/1.1" 200 -
[ros2_control_node-1] [WARN] [1776988976.089543054] [controller_manager]: Overrun might occur, Total time : 3654.005 us (Expected < 1000.000 us) --> Read time : 38.954 us, Update time : 225.348 us, Write time : 3389.703 us
[ros2_control_node-1] [WARN] [1776988976.089650857] [controller_manager]: Overrun detected! The controller manager missed its desired rate of 1000 Hz. The loop took 3.792912 ms (missed cycles : 4).
[vision_apriltag-9] [INFO] [1776988976.163855260] [vision_apriltag_node]: Vision AprilTag: images are arriving, but no AprilTag has been seen for 429.0s.
[adl_ui-15] 127.0.0.1 - - [23/Apr/2026 20:02:56] "GET /status_json HTTP/1.1" 200 -
[ros2_control_node-1] [WARN] [1776988977.091416692] [controller_manager]: Overrun might occur, Total time : 2535.408 us (Expected < 1000.000 us) --> Read time : 45.441 us, Update time : 234.937 us, Write time : 2255.030 us
[ros2_control_node-1] [WARN] [1776988977.091482379] [controller_manager]: Overrun detected! The controller manager missed its desired rate of 1000 Hz. The loop took 2.625823 ms (missed cycles : 3).
[adl_ui-15] 127.0.0.1 - - [23/Apr/2026 20:02:57] "GET /status_json HTTP/1.1" 200 -
[vision_apriltag-9] [INFO] [1776988977.617912084] [vision_apriltag_node]: Vision AprilTag detection debug: no tags found after raw/CLAHE/sharp/adaptive/upscaled/tiled passes.
[ros2_control_node-1] [WARN] [1776988978.095611175] [controller_manager]: Overrun might occur, Total time : 3731.008 us (Expected < 1000.000 us) --> Read time : 44.788 us, Update time : 268.551 us, Write time : 3417.669 us
[ros2_control_node-1] [WARN] [1776988978.095685465] [controller_manager]: Overrun detected! The controller manager missed its desired rate of 1000 Hz. The loop took 3.828632 ms (missed cycles : 4).
[vision_apriltag-9] [INFO] [1776988978.164722579] [vision_apriltag_node]: Vision AprilTag: images are arriving, but no AprilTag has been seen for 431.0s.
[adl_ui-15] 127.0.0.1 - - [23/Apr/2026 20:02:58] "GET /status_json HTTP/1.1" 200 -
[wrist_camera_usb_publisher-8] [INFO] [1776988978.627602782] [wrist_camera_usb_publisher_node]: USB camera publisher heartbeat: publishing 1280x720 frames on /wrist_mounted_camera/image; camera_info fx=920.87, fy=921.57, cx=644.76, cy=343.15.
[adl_ui-15] 127.0.0.1 - - [23/Apr/2026 20:02:59] "GET /status_json HTTP/1.1" 200 -
[ros2_control_node-1] [WARN] [1776988979.098431783] [controller_manager]: Overrun might occur, Total time : 3550.129 us (Expected < 1000.000 us) --> Read time : 39.823 us, Update time : 239.675 us, Write time : 3270.631 us
[ros2_control_node-1] [WARN] [1776988979.098555718] [controller_manager]: Overrun detected! The controller manager missed its desired rate of 1000 Hz. The loop took 3.697879 ms (missed cycles : 4).
[adl_ui-15] 127.0.0.1 - - [23/Apr/2026 20:02:59] "GET /status_json HTTP/1.1" 200 -
[ros2_control_node-1] [WARN] [1776988980.099403385] [controller_manager]: Overrun might occur, Total time : 2513.094 us (Expected < 1000.000 us) --> Read time : 48.765 us, Update time : 255.081 us, Write time : 2209.248 us
[ros2_control_node-1] [WARN] [1776988980.099515265] [controller_manager]: Overrun detected! The controller manager missed its desired rate of 1000 Hz. The loop took 2.658247 ms (missed cycles : 3).
[vision_apriltag-9] [INFO] [1776988980.163981135] [vision_apriltag_node]: Vision AprilTag: images are arriving, but no AprilTag has been seen for 433.0s.
[adl_ui-15] 127.0.0.1 - - [23/Apr/2026 20:03:00] "GET /status_json HTTP/1.1" 200 -
[ros2_control_node-1] [WARN] [1776988981.100182995] [controller_manager]: Overrun might occur, Total time : 3298.799 us (Expected < 1000.000 us) --> Read time : 45.436 us, Update time : 260.339 us, Write time : 2993.024 us
[ros2_control_node-1] [WARN] [1776988981.100279379] [controller_manager]: Overrun detected! The controller manager missed its desired rate of 1000 Hz. The loop took 3.422354 ms (missed cycles : 4).
[adl_ui-15] 127.0.0.1 - - [23/Apr/2026 20:03:01] "GET /status_json HTTP/1.1" 200 -
[adl_ui-15] 127.0.0.1 - - [23/Apr/2026 20:03:02] "GET /status_json HTTP/1.1" 200 -
[ros2_control_node-1] [WARN] [1776988982.105234202] [controller_manager]: Overrun might occur, Total time : 6339.599 us (Expected < 1000.000 us) --> Read time : 53.819 us, Update time : 276.156 us, Write time : 6009.624 us
[ros2_control_node-1] [WARN] [1776988982.105327502] [controller_manager]: Overrun detected! The controller manager missed its desired rate of 1000 Hz. The loop took 6.470854 ms (missed cycles : 7).
[vision_apriltag-9] [INFO] [1776988982.167934568] [vision_apriltag_node]: Vision AprilTag: images are arriving, but no AprilTag has been seen for 435.0s.
[adl_ui-15] 127.0.0.1 - - [23/Apr/2026 20:03:02] "GET /status_json HTTP/1.1" 200 -
[vision_apriltag-9] [INFO] [1776988983.086801720] [vision_apriltag_node]: Vision AprilTag detection debug: no tags found after raw/CLAHE/sharp/adaptive/upscaled/tiled passes.
[ros2_control_node-1] [WARN] [1776988983.105747959] [controller_manager]: Overrun might occur, Total time : 2842.575 us (Expected < 1000.000 us) --> Read time : 48.477 us, Update time : 237.532 us, Write time : 2556.566 us
[ros2_control_node-1] [WARN] [1776988983.105819410] [controller_manager]: Overrun detected! The controller manager missed its desired rate of 1000 Hz. The loop took 2.962758 ms (missed cycles : 3).
[adl_ui-15] 127.0.0.1 - - [23/Apr/2026 20:03:03] "GET /status_json HTTP/1.1" 200 -
[wrist_camera_usb_publisher-8] [INFO] [1776988983.788253650] [wrist_camera_usb_publisher_node]: USB camera publisher heartbeat: publishing 1280x720 frames on /wrist_mounted_camera/image; camera_info fx=920.87, fy=921.57, cx=644.76, cy=343.15.
[ros2_control_node-1] [WARN] [1776988984.106512975] [controller_manager]: Overrun might occur, Total time : 2616.094 us (Expected < 1000.000 us) --> Read time : 25.365 us, Update time : 158.123 us, Write time : 2432.606 us
[ros2_control_node-1] [WARN] [1776988984.106570771] [controller_manager]: Overrun detected! The controller manager missed its desired rate of 1000 Hz. The loop took 2.714792 ms (missed cycles : 3).
[vision_apriltag-9] [INFO] [1776988984.164493938] [vision_apriltag_node]: Vision AprilTag: images are arriving, but no AprilTag has been seen for 437.0s.
[adl_ui-15] 127.0.0.1 - - [23/Apr/2026 20:03:04] "GET /status_json HTTP/1.1" 200 -
[adl_ui-15] 127.0.0.1 - - [23/Apr/2026 20:03:05] "GET /status_json HTTP/1.1" 200 -
[ros2_control_node-1] [WARN] [1776988985.107228796] [controller_manager]: Overrun might occur, Total time : 2348.430 us (Expected < 1000.000 us) --> Read time : 39.007 us, Update time : 230.659 us, Write time : 2078.764 us
[ros2_control_node-1] [WARN] [1776988985.107319981] [controller_manager]: Overrun detected! The controller manager missed its desired rate of 1000 Hz. The loop took 2.463316 ms (missed cycles : 3).
[adl_ui-15] 127.0.0.1 - - [23/Apr/2026 20:03:05] "GET /status_json HTTP/1.1" 200 -
[ros2_control_node-1] [WARN] [1776988986.108610395] [controller_manager]: Overrun might occur, Total time : 2734.372 us (Expected < 1000.000 us) --> Read time : 35.320 us, Update time : 253.149 us, Write time : 2445.903 us
[ros2_control_node-1] [WARN] [1776988986.108692168] [controller_manager]: Overrun detected! The controller manager missed its desired rate of 1000 Hz. The loop took 2.835464 ms (missed cycles : 3).
[vision_apriltag-9] [INFO] [1776988986.164771062] [vision_apriltag_node]: Vision AprilTag: images are arriving, but no AprilTag has been seen for 439.0s.
[adl_ui-15] 127.0.0.1 - - [23/Apr/2026 20:03:06] "GET /status_json HTTP/1.1" 200 -
[ros2_control_node-1] [WARN] [1776988987.110503411] [controller_manager]: Overrun might occur, Total time : 5615.688 us (Expected < 1000.000 us) --> Read time : 42.120 us, Update time : 242.291 us, Write time : 5331.277 us
[ros2_control_node-1] [WARN] [1776988987.110613816] [controller_manager]: Overrun detected! The controller manager missed its desired rate of 1000 Hz. The loop took 5.756772 ms (missed cycles : 6).
[adl_ui-15] 127.0.0.1 - - [23/Apr/2026 20:03:07] "GET /status_json HTTP/1.1" 200 -
[adl_ui-15] 127.0.0.1 - - [23/Apr/2026 20:03:08] "GET /status_json HTTP/1.1" 200 -
[ros2_control_node-1] [WARN] [1776988988.113663369] [controller_manager]: Overrun might occur, Total time : 2781.885 us (Expected < 1000.000 us) --> Read time : 46.407 us, Update time : 264.713 us, Write time : 2470.765 us
[ros2_control_node-1] [WARN] [1776988988.113747385] [controller_manager]: Overrun detected! The controller manager missed its desired rate of 1000 Hz. The loop took 2.890679 ms (missed cycles : 3).
[vision_apriltag-9] [INFO] [1776988988.168648260] [vision_apriltag_node]: Vision AprilTag: images are arriving, but no AprilTag has been seen for 441.0s.
[vision_apriltag-9] [INFO] [1776988988.516294675] [vision_apriltag_node]: Vision AprilTag detection debug: no tags found after raw/CLAHE/sharp/adaptive/upscaled/tiled passes.
[adl_ui-15] 127.0.0.1 - - [23/Apr/2026 20:03:08] "GET /status_json HTTP/1.1" 200 -
[wrist_camera_usb_publisher-8] [INFO] [1776988988.942495446] [wrist_camera_usb_publisher_node]: USB camera publisher heartbeat: publishing 1280x720 frames on /wrist_mounted_camera/image; camera_info fx=920.87, fy=921.57, cx=644.76, cy=343.15.
[ros2_control_node-1] [WARN] [1776988989.116854077] [controller_manager]: Overrun might occur, Total time : 3970.363 us (Expected < 1000.000 us) --> Read time : 39.296 us, Update time : 238.458 us, Write time : 3692.609 us
[ros2_control_node-1] [WARN] [1776988989.116954488] [controller_manager]: Overrun detected! The controller manager missed its desired rate of 1000 Hz. The loop took 4.097631 ms (missed cycles : 5).
[adl_ui-15] 127.0.0.1 - - [23/Apr/2026 20:03:09] "GET /status_json HTTP/1.1" 200 -
[ros2_control_node-1] [WARN] [1776988990.120228896] [controller_manager]: Overrun might occur, Total time : 3346.578 us (Expected < 1000.000 us) --> Read time : 41.854 us, Update time : 237.782 us, Write time : 3066.942 us
[ros2_control_node-1] [WARN] [1776988990.120330803] [controller_manager]: Overrun detected! The controller manager missed its desired rate of 1000 Hz. The loop took 3.473470 ms (missed cycles : 4).
[vision_apriltag-9] [INFO] [1776988990.280786657] [vision_apriltag_node]: Vision AprilTag: images are arriving, but no AprilTag has been seen for 443.1s.
[adl_ui-15] 127.0.0.1 - - [23/Apr/2026 20:03:10] "GET /status_json HTTP/1.1" 200 -
[adl_ui-15] 127.0.0.1 - - [23/Apr/2026 20:03:11] "GET /status_json HTTP/1.1" 200 -
[ros2_control_node-1] [WARN] [1776988991.122055035] [controller_manager]: Overrun might occur, Total time : 3162.215 us (Expected < 1000.000 us) --> Read time : 50.040 us, Update time : 267.984 us, Write time : 2844.191 us
[ros2_control_node-1] [WARN] [1776988991.122175359] [controller_manager]: Overrun detected! The controller manager missed its desired rate of 1000 Hz. The loop took 3.318102 ms (missed cycles : 4).
[adl_ui-15] 127.0.0.1 - - [23/Apr/2026 20:03:11] "GET /status_json HTTP/1.1" 200 -
[ros2_control_node-1] [WARN] [1776988992.122721670] [controller_manager]: Overrun might occur, Total time : 2843.823 us (Expected < 1000.000 us) --> Read time : 35.348 us, Update time : 210.665 us, Write time : 2597.810 us
[ros2_control_node-1] [WARN] [1776988992.122789392] [controller_manager]: Overrun detected! The controller manager missed its desired rate of 1000 Hz. The loop took 2.933021 ms (missed cycles : 3).
[vision_apriltag-9] [INFO] [1776988992.163770417] [vision_apriltag_node]: Vision AprilTag: images are arriving, but no AprilTag has been seen for 445.0s.
[adl_ui-15] 127.0.0.1 - - [23/Apr/2026 20:03:12] "GET /status_json HTTP/1.1" 200 -
[ros2_control_node-1] [WARN] [1776988993.123946078] [controller_manager]: Overrun might occur, Total time : 3058.984 us (Expected < 1000.000 us) --> Read time : 66.965 us, Update time : 275.013 us, Write time : 2717.006 us
[ros2_control_node-1] [WARN] [1776988993.124025150] [controller_manager]: Overrun detected! The controller manager missed its desired rate of 1000 Hz. The loop took 3.168633 ms (missed cycles : 4).
[adl_ui-15] 127.0.0.1 - - [23/Apr/2026 20:03:13] "GET /status_json HTTP/1.1" 200 -
[vision_apriltag-9] [INFO] [1776988993.698122716] [vision_apriltag_node]: Vision AprilTag detection debug: no tags found after raw/CLAHE/sharp/adaptive/upscaled/tiled passes.
[adl_ui-15] 127.0.0.1 - - [23/Apr/2026 20:03:14] "GET /status_json HTTP/1.1" 200 -
[wrist_camera_usb_publisher-8] [INFO] [1776988994.104331642] [wrist_camera_usb_publisher_node]: USB camera publisher heartbeat: publishing 1280x720 frames on /wrist_mounted_camera/image; camera_info fx=920.87, fy=921.57, cx=644.76, cy=343.15.
[ros2_control_node-1] [WARN] [1776988994.124966627] [controller_manager]: Overrun might occur, Total time : 3089.406 us (Expected < 1000.000 us) --> Read time : 42.778 us, Update time : 243.530 us, Write time : 2803.098 us
[ros2_control_node-1] [WARN] [1776988994.125040733] [controller_manager]: Overrun detected! The controller manager missed its desired rate of 1000 Hz. The loop took 3.184260 ms (missed cycles : 4).
[vision_apriltag-9] [INFO] [1776988994.165252343] [vision_apriltag_node]: Vision AprilTag: images are arriving, but no AprilTag has been seen for 447.0s.
[adl_ui-15] 127.0.0.1 - - [23/Apr/2026 20:03:14] "GET /status_json HTTP/1.1" 200 -
[ros2_control_node-1] [WARN] [1776988995.127895692] [controller_manager]: Overrun might occur, Total time : 3016.163 us (Expected < 1000.000 us) --> Read time : 36.172 us, Update time : 211.372 us, Write time : 2768.619 us
[ros2_control_node-1] [WARN] [1776988995.127963999] [controller_manager]: Overrun detected! The controller manager missed its desired rate of 1000 Hz. The loop took 3.107679 ms (missed cycles : 4).
[adl_ui-15] 127.0.0.1 - - [23/Apr/2026 20:03:15] "GET /status_json HTTP/1.1" 200 -
[ros2_control_node-1] [WARN] [1776988996.130945777] [controller_manager]: Overrun might occur, Total time : 3063.651 us (Expected < 1000.000 us) --> Read time : 40.075 us, Update time : 219.429 us, Write time : 2804.147 us
[ros2_control_node-1] [WARN] [1776988996.131024685] [controller_manager]: Overrun detected! The controller manager missed its desired rate of 1000 Hz. The loop took 3.167948 ms (missed cycles : 4).
[vision_apriltag-9] [INFO] [1776988996.164789333] [vision_apriltag_node]: Vision AprilTag: images are arriving, but no AprilTag has been seen for 449.0s.
[adl_ui-15] 127.0.0.1 - - [23/Apr/2026 20:03:16] "GET /status_json HTTP/1.1" 200 -
[adl_ui-15] 127.0.0.1 - - [23/Apr/2026 20:03:17] "GET /status_json HTTP/1.1" 200 -
[ros2_control_node-1] [WARN] [1776988997.131287960] [controller_manager]: Overrun might occur, Total time : 2408.430 us (Expected < 1000.000 us) --> Read time : 38.324 us, Update time : 231.749 us, Write time : 2138.357 us
[ros2_control_node-1] [WARN] [1776988997.131360442] [controller_manager]: Overrun detected! The controller manager missed its desired rate of 1000 Hz. The loop took 2.503515 ms (missed cycles : 3).
[adl_ui-15] 127.0.0.1 - - [23/Apr/2026 20:03:17] "GET /status_json HTTP/1.1" 200 -
[ros2_control_node-1] [WARN] [1776988998.132104645] [controller_manager]: Overrun might occur, Total time : 3212.143 us (Expected < 1000.000 us) --> Read time : 47.690 us, Update time : 235.483 us, Write time : 2928.970 us
[ros2_control_node-1] [WARN] [1776988998.132204134] [controller_manager]: Overrun detected! The controller manager missed its desired rate of 1000 Hz. The loop took 3.347235 ms (missed cycles : 4).
[vision_apriltag-9] [INFO] [1776988998.167431031] [vision_apriltag_node]: Vision AprilTag: images are arriving, but no AprilTag has been seen for 451.0s.
[adl_ui-15] 127.0.0.1 - - [23/Apr/2026 20:03:18] "GET /status_json HTTP/1.1" 200 -
[vision_apriltag-9] [INFO] [1776988998.725007325] [vision_apriltag_node]: Vision AprilTag detection debug: no tags found after raw/CLAHE/sharp/adaptive/upscaled/tiled passes.
[wrist_camera_usb_publisher-8] [INFO] [1776988999.107548884] [wrist_camera_usb_publisher_node]: USB camera publisher heartbeat: publishing 1280x720 frames on /wrist_mounted_camera/image; camera_info fx=920.87, fy=921.57, cx=644.76, cy=343.15.
[ros2_control_node-1] [WARN] [1776988999.135050482] [controller_manager]: Overrun might occur, Total time : 4163.554 us (Expected < 1000.000 us) --> Read time : 45.755 us, Update time : 252.729 us, Write time : 3865.070 us
[ros2_control_node-1] [WARN] [1776988999.135127961] [controller_manager]: Overrun detected! The controller manager missed its desired rate of 1000 Hz. The loop took 4.271459 ms (missed cycles : 5).
[adl_ui-15] 127.0.0.1 - - [23/Apr/2026 20:03:19] "GET /status_json HTTP/1.1" 200 -
[adl_ui-15] 127.0.0.1 - - [23/Apr/2026 20:03:20] "GET /status_json HTTP/1.1" 200 -
[ros2_control_node-1] [WARN] [1776989000.137045256] [controller_manager]: Overrun might occur, Total time : 3130.484 us (Expected < 1000.000 us) --> Read time : 40.226 us, Update time : 193.372 us, Write time : 2896.886 us
[ros2_control_node-1] [WARN] [1776989000.137164774] [controller_manager]: Overrun detected! The controller manager missed its desired rate of 1000 Hz. The loop took 3.307117 ms (missed cycles : 4).
[vision_apriltag-9] [INFO] [1776989000.164322507] [vision_apriltag_node]: Vision AprilTag: images are arriving, but no AprilTag has been seen for 453.0s.
[adl_ui-15] 127.0.0.1 - - [23/Apr/2026 20:03:20] "GET /status_json HTTP/1.1" 200 -
[ros2_control_node-1] [WARN] [1776989001.138553469] [controller_manager]: Overrun might occur, Total time : 2663.134 us (Expected < 1000.000 us) --> Read time : 43.909 us, Update time : 243.423 us, Write time : 2375.802 us
[ros2_control_node-1] [WARN] [1776989001.138636983] [controller_manager]: Overrun detected! The controller manager missed its desired rate of 1000 Hz. The loop took 2.779824 ms (missed cycles : 3).
[adl_ui-15] 127.0.0.1 - - [23/Apr/2026 20:03:21] "GET /status_json HTTP/1.1" 200 -
[ros2_control_node-1] [WARN] [1776989002.138946218] [controller_manager]: Overrun might occur, Total time : 3062.493 us (Expected < 1000.000 us) --> Read time : 48.519 us, Update time : 241.613 us, Write time : 2772.361 us
[ros2_control_node-1] [WARN] [1776989002.139033496] [controller_manager]: Overrun detected! The controller manager missed its desired rate of 1000 Hz. The loop took 3.176643 ms (missed cycles : 4).
[adl_ui-15] 127.0.0.1 - - [23/Apr/2026 20:03:22] "GET /status_json HTTP/1.1" 200 -
[vision_apriltag-9] [INFO] [1776989002.395753219] [vision_apriltag_node]: Vision AprilTag: images are arriving, but no AprilTag has been seen for 455.2s.
[adl_ui-15] 127.0.0.1 - - [23/Apr/2026 20:03:23] "GET /status_json HTTP/1.1" 200 -
[ros2_control_node-1] [WARN] [1776989003.140548014] [controller_manager]: Overrun might occur, Total time : 2669.508 us (Expected < 1000.000 us) --> Read time : 38.735 us, Update time : 234.459 us, Write time : 2396.314 us
[ros2_control_node-1] [WARN] [1776989003.140630674] [controller_manager]: Overrun detected! The controller manager missed its desired rate of 1000 Hz. The loop took 2.773887 ms (missed cycles : 3).
[adl_ui-15] 127.0.0.1 - - [23/Apr/2026 20:03:23] "GET /status_json HTTP/1.1" 200 -
[vision_apriltag-9] [INFO] [1776989003.889539183] [vision_apriltag_node]: Vision AprilTag detection debug: no tags found after raw/CLAHE/sharp/adaptive/upscaled/tiled passes.
[ros2_control_node-1] [WARN] [1776989004.141559605] [controller_manager]: Overrun might occur, Total time : 2674.960 us (Expected < 1000.000 us) --> Read time : 50.221 us, Update time : 291.052 us, Write time : 2333.687 us
[ros2_control_node-1] [WARN] [1776989004.141635970] [controller_manager]: Overrun detected! The controller manager missed its desired rate of 1000 Hz. The loop took 2.779391 ms (missed cycles : 3).
[vision_apriltag-9] [INFO] [1776989004.163909442] [vision_apriltag_node]: Vision AprilTag: images are arriving, but no AprilTag has been seen for 457.0s.
[wrist_camera_usb_publisher-8] [INFO] [1776989004.260912629] [wrist_camera_usb_publisher_node]: USB camera publisher heartbeat: publishing 1280x720 frames on /wrist_mounted_camera/image; camera_info fx=920.87, fy=921.57, cx=644.76, cy=343.15.
[adl_ui-15] 127.0.0.1 - - [23/Apr/2026 20:03:24] "GET /status_json HTTP/1.1" 200 -
[ros2_control_node-1] [WARN] [1776989005.145727333] [controller_manager]: Overrun might occur, Total time : 3832.739 us (Expected < 1000.000 us) --> Read time : 61.795 us, Update time : 293.036 us, Write time : 3477.908 us
[ros2_control_node-1] [WARN] [1776989005.145812268] [controller_manager]: Overrun detected! The controller manager missed its desired rate of 1000 Hz. The loop took 3.954903 ms (missed cycles : 4).
[adl_ui-15] 127.0.0.1 - - [23/Apr/2026 20:03:25] "GET /status_json HTTP/1.1" 200 -
[adl_ui-15] 127.0.0.1 - - [23/Apr/2026 20:03:26] "GET /status_json HTTP/1.1" 200 -
[ros2_control_node-1] [WARN] [1776989006.148004994] [controller_manager]: Overrun might occur, Total time : 3101.161 us (Expected < 1000.000 us) --> Read time : 32.424 us, Update time : 175.996 us, Write time : 2892.741 us
[ros2_control_node-1] [WARN] [1776989006.148098634] [controller_manager]: Overrun detected! The controller manager missed its desired rate of 1000 Hz. The loop took 3.242265 ms (missed cycles : 4).
[vision_apriltag-9] [INFO] [1776989006.167819924] [vision_apriltag_node]: Vision AprilTag: images are arriving, but no AprilTag has been seen for 459.0s.
[adl_ui-15] 127.0.0.1 - - [23/Apr/2026 20:03:26] "GET /status_json HTTP/1.1" 200 -
[ros2_control_node-1] [WARN] [1776989007.149379037] [controller_manager]: Overrun might occur, Total time : 2499.712 us (Expected < 1000.000 us) --> Read time : 45.629 us, Update time : 241.902 us, Write time : 2212.181 us
[ros2_control_node-1] [WARN] [1776989007.149457077] [controller_manager]: Overrun detected! The controller manager missed its desired rate of 1000 Hz. The loop took 2.600775 ms (missed cycles : 3).
[adl_ui-15] 127.0.0.1 - - [23/Apr/2026 20:03:27] "GET /status_json HTTP/1.1" 200 -
[ros2_control_node-1] [WARN] [1776989008.152310143] [controller_manager]: Overrun might occur, Total time : 3415.553 us (Expected < 1000.000 us) --> Read time : 59.144 us, Update time : 440.872 us, Write time : 2915.537 us
[ros2_control_node-1] [WARN] [1776989008.152371542] [controller_manager]: Overrun detected! The controller manager missed its desired rate of 1000 Hz. The loop took 3.515281 ms (missed cycles : 4).
[vision_apriltag-9] [INFO] [1776989008.168419499] [vision_apriltag_node]: Vision AprilTag: images are arriving, but no AprilTag has been seen for 461.0s.
[adl_ui-15] 127.0.0.1 - - [23/Apr/2026 20:03:28] "GET /status_json HTTP/1.1" 200 -
[vision_apriltag-9] [INFO] [1776989008.936611215] [vision_apriltag_node]: Vision AprilTag detection debug: no tags found after raw/CLAHE/sharp/adaptive/upscaled/tiled passes.
[adl_ui-15] 127.0.0.1 - - [23/Apr/2026 20:03:29] "GET /status_json HTTP/1.1" 200 -
[ros2_control_node-1] [WARN] [1776989009.154601377] [controller_manager]: Overrun might occur, Total time : 2723.566 us (Expected < 1000.000 us) --> Read time : 31.997 us, Update time : 198.484 us, Write time : 2493.085 us
[ros2_control_node-1] [WARN] [1776989009.154698506] [controller_manager]: Overrun detected! The controller manager missed its desired rate of 1000 Hz. The loop took 2.841106 ms (missed cycles : 3).
[wrist_camera_usb_publisher-8] [INFO] [1776989009.420312679] [wrist_camera_usb_publisher_node]: USB camera publisher heartbeat: publishing 1280x720 frames on /wrist_mounted_camera/image; camera_info fx=920.87, fy=921.57, cx=644.76, cy=343.15.
[adl_ui-15] 127.0.0.1 - - [23/Apr/2026 20:03:29] "GET /status_json HTTP/1.1" 200 -
[ros2_control_node-1] [WARN] [1776989010.158205976] [controller_manager]: Overrun might occur, Total time : 4320.531 us (Expected < 1000.000 us) --> Read time : 40.887 us, Update time : 253.209 us, Write time : 4026.435 us
[ros2_control_node-1] [WARN] [1776989010.158299580] [controller_manager]: Overrun detected! The controller manager missed its desired rate of 1000 Hz. The loop took 4.442352 ms (missed cycles : 5).
[vision_apriltag-9] [INFO] [1776989010.168411672] [vision_apriltag_node]: Vision AprilTag: images are arriving, but no AprilTag has been seen for 463.0s.
[adl_ui-15] 127.0.0.1 - - [23/Apr/2026 20:03:30] "GET /status_json HTTP/1.1" 200 -
[ros2_control_node-1] [WARN] [1776989011.159016883] [controller_manager]: Overrun might occur, Total time : 3118.211 us (Expected < 1000.000 us) --> Read time : 64.399 us, Update time : 274.360 us, Write time : 2779.452 us
[ros2_control_node-1] [WARN] [1776989011.159109643] [controller_manager]: Overrun detected! The controller manager missed its desired rate of 1000 Hz. The loop took 3.253283 ms (missed cycles : 4).
[adl_ui-15] 127.0.0.1 - - [23/Apr/2026 20:03:31] "GET /status_json HTTP/1.1" 200 -
[adl_ui-15] 127.0.0.1 - - [23/Apr/2026 20:03:32] "GET /status_json HTTP/1.1" 200 -
[ros2_control_node-1] [WARN] [1776989012.161404321] [controller_manager]: Overrun might occur, Total time : 3523.479 us (Expected < 1000.000 us) --> Read time : 38.777 us, Update time : 237.365 us, Write time : 3247.337 us
[ros2_control_node-1] [WARN] [1776989012.161485737] [controller_manager]: Overrun detected! The controller manager missed its desired rate of 1000 Hz. The loop took 3.628784 ms (missed cycles : 4).
[vision_apriltag-9] [INFO] [1776989012.163760314] [vision_apriltag_node]: Vision AprilTag: images are arriving, but no AprilTag has been seen for 465.0s.
[adl_ui-15] 127.0.0.1 - - [23/Apr/2026 20:03:32] "GET /status_json HTTP/1.1" 200 -
[ros2_control_node-1] [WARN] [1776989013.163457298] [controller_manager]: Overrun might occur, Total time : 2577.635 us (Expected < 1000.000 us) --> Read time : 37.342 us, Update time : 216.079 us, Write time : 2324.214 us
[ros2_control_node-1] [WARN] [1776989013.163533199] [controller_manager]: Overrun detected! The controller manager missed its desired rate of 1000 Hz. The loop took 2.675833 ms (missed cycles : 3).
[adl_ui-15] 127.0.0.1 - - [23/Apr/2026 20:03:33] "GET /status_json HTTP/1.1" 200 -
[vision_apriltag-9] [INFO] [1776989014.035641379] [vision_apriltag_node]: Vision AprilTag detection debug: no tags found after raw/CLAHE/sharp/adaptive/upscaled/tiled passes.
[ros2_control_node-1] [WARN] [1776989014.164586452] [controller_manager]: Overrun might occur, Total time : 2704.316 us (Expected < 1000.000 us) --> Read time : 43.322 us, Update time : 244.872 us, Write time : 2416.122 us
[ros2_control_node-1] [WARN] [1776989014.164670587] [controller_manager]: Overrun detected! The controller manager missed its desired rate of 1000 Hz. The loop took 2.814131 ms (missed cycles : 3).
[adl_ui-15] 127.0.0.1 - - [23/Apr/2026 20:03:34] "GET /status_json HTTP/1.1" 200 -
[wrist_camera_usb_publisher-8] [INFO] [1776989014.591165204] [wrist_camera_usb_publisher_node]: USB camera publisher heartbeat: publishing 1280x720 frames on /wrist_mounted_camera/image; camera_info fx=920.87, fy=921.57, cx=644.76, cy=343.15.
[vision_apriltag-9] [INFO] [1776989014.820870332] [vision_apriltag_node]: Vision AprilTag: images are arriving, but no AprilTag has been seen for 467.6s.
[adl_ui-15] 127.0.0.1 - - [23/Apr/2026 20:03:35] "GET /status_json HTTP/1.1" 200 -
[ros2_control_node-1] [WARN] [1776989015.166590943] [controller_manager]: Overrun might occur, Total time : 2699.389 us (Expected < 1000.000 us) --> Read time : 57.395 us, Update time : 248.615 us, Write time : 2393.379 us
[ros2_control_node-1] [WARN] [1776989015.166675939] [controller_manager]: Overrun detected! The controller manager missed its desired rate of 1000 Hz. The loop took 2.818494 ms (missed cycles : 3).
[adl_ui-15] 127.0.0.1 - - [23/Apr/2026 20:03:35] "GET /status_json HTTP/1.1" 200 -
[ros2_control_node-1] [WARN] [1776989016.169020859] [controller_manager]: Overrun might occur, Total time : 3139.335 us (Expected < 1000.000 us) --> Read time : 41.683 us, Update time : 253.146 us, Write time : 2844.506 us
[ros2_control_node-1] [WARN] [1776989016.169101949] [controller_manager]: Overrun detected! The controller manager missed its desired rate of 1000 Hz. The loop took 3.245051 ms (missed cycles : 4).
[vision_apriltag-9] [INFO] [1776989016.535809371] [vision_apriltag_node]: Vision AprilTag: images are arriving, but no AprilTag has been seen for 469.4s.
[adl_ui-15] 127.0.0.1 - - [23/Apr/2026 20:03:36] "GET /status_json HTTP/1.1" 200 -
[ros2_control_node-1] [WARN] [1776989017.169500336] [controller_manager]: Overrun might occur, Total time : 2621.570 us (Expected < 1000.000 us) --> Read time : 42.971 us, Update time : 274.770 us, Write time : 2303.829 us
[ros2_control_node-1] [WARN] [1776989017.169585853] [controller_manager]: Overrun detected! The controller manager missed its desired rate of 1000 Hz. The loop took 2.728805 ms (missed cycles : 3).
[adl_ui-15] 127.0.0.1 - - [23/Apr/2026 20:03:37] "GET /status_json HTTP/1.1" 200 -
[adl_ui-15] 127.0.0.1 - - [23/Apr/2026 20:03:38] "GET /status_json HTTP/1.1" 200 -
[vision_apriltag-9] [INFO] [1776989018.167804300] [vision_apriltag_node]: Vision AprilTag: images are arriving, but no AprilTag has been seen for 471.0s.
[ros2_control_node-1] [WARN] [1776989018.172561835] [controller_manager]: Overrun might occur, Total time : 3672.258 us (Expected < 1000.000 us) --> Read time : 65.537 us, Update time : 342.654 us, Write time : 3264.067 us
[ros2_control_node-1] [WARN] [1776989018.172643963] [controller_manager]: Overrun detected! The controller manager missed its desired rate of 1000 Hz. The loop took 3.786539 ms (missed cycles : 4).
[adl_ui-15] 127.0.0.1 - - [23/Apr/2026 20:03:38] "GET /status_json HTTP/1.1" 200 -
[ros2_control_node-1] [WARN] [1776989019.172929712] [controller_manager]: Overrun might occur, Total time : 3043.099 us (Expected < 1000.000 us) --> Read time : 38.650 us, Update time : 233.009 us, Write time : 2771.440 us
[ros2_control_node-1] [WARN] [1776989019.173009673] [controller_manager]: Overrun detected! The controller manager missed its desired rate of 1000 Hz. The loop took 3.152614 ms (missed cycles : 4).
[adl_ui-15] 127.0.0.1 - - [23/Apr/2026 20:03:39] "GET /status_json HTTP/1.1" 200 -
[vision_apriltag-9] [INFO] [1776989019.653296739] [vision_apriltag_node]: Vision AprilTag detection debug: no tags found after raw/CLAHE/sharp/adaptive/upscaled/tiled passes.
[wrist_camera_usb_publisher-8] [INFO] [1776989019.743078494] [wrist_camera_usb_publisher_node]: USB camera publisher heartbeat: publishing 1280x720 frames on /wrist_mounted_camera/image; camera_info fx=920.87, fy=921.57, cx=644.76, cy=343.15.
[vision_apriltag-9] [INFO] [1776989020.163439599] [vision_apriltag_node]: Vision AprilTag: images are arriving, but no AprilTag has been seen for 473.0s.
[ros2_control_node-1] [WARN] [1776989020.177799407] [controller_manager]: Overrun might occur, Total time : 3905.417 us (Expected < 1000.000 us) --> Read time : 71.282 us, Update time : 262.944 us, Write time : 3571.191 us
[ros2_control_node-1] [WARN] [1776989020.177881783] [controller_manager]: Overrun detected! The controller manager missed its desired rate of 1000 Hz. The loop took 4.025084 ms (missed cycles : 5).
[adl_ui-15] 127.0.0.1 - - [23/Apr/2026 20:03:40] "GET /status_json HTTP/1.1" 200 -
[adl_ui-15] 127.0.0.1 - - [23/Apr/2026 20:03:41] "GET /status_json HTTP/1.1" 200 -
[ros2_control_node-1] [WARN] [1776989021.181175313] [controller_manager]: Overrun might occur, Total time : 6296.303 us (Expected < 1000.000 us) --> Read time : 35.420 us, Update time : 236.011 us, Write time : 6024.872 us
[ros2_control_node-1] [WARN] [1776989021.181258537] [controller_manager]: Overrun detected! The controller manager missed its desired rate of 1000 Hz. The loop took 6.402023 ms (missed cycles : 7).
[adl_ui-15] 127.0.0.1 - - [23/Apr/2026 20:03:41] "GET /status_json HTTP/1.1" 200 -
[vision_apriltag-9] [INFO] [1776989022.165126284] [vision_apriltag_node]: Vision AprilTag: images are arriving, but no AprilTag has been seen for 475.0s.
[ros2_control_node-1] [WARN] [1776989022.183197691] [controller_manager]: Overrun might occur, Total time : 3310.514 us (Expected < 1000.000 us) --> Read time : 43.907 us, Update time : 273.069 us, Write time : 2993.538 us
[ros2_control_node-1] [WARN] [1776989022.183313802] [controller_manager]: Overrun detected! The controller manager missed its desired rate of 1000 Hz. The loop took 3.456197 ms (missed cycles : 4).
[adl_ui-15] 127.0.0.1 - - [23/Apr/2026 20:03:42] "GET /status_json HTTP/1.1" 200 -
[ros2_control_node-1] [WARN] [1776989023.183502357] [controller_manager]: Overrun might occur, Total time : 2617.617 us (Expected < 1000.000 us) --> Read time : 44.650 us, Update time : 243.442 us, Write time : 2329.525 us
[ros2_control_node-1] [WARN] [1776989023.183594419] [controller_manager]: Overrun detected! The controller manager missed its desired rate of 1000 Hz. The loop took 2.737472 ms (missed cycles : 3).
[adl_ui-15] 127.0.0.1 - - [23/Apr/2026 20:03:43] "GET /status_json HTTP/1.1" 200 -
[adl_ui-15] 127.0.0.1 - - [23/Apr/2026 20:03:44] "GET /status_json HTTP/1.1" 200 -
[vision_apriltag-9] [INFO] [1776989024.172998361] [vision_apriltag_node]: Vision AprilTag: images are arriving, but no AprilTag has been seen for 477.0s.
[ros2_control_node-1] [WARN] [1776989024.185390843] [controller_manager]: Overrun might occur, Total time : 8508.246 us (Expected < 1000.000 us) --> Read time : 43.143 us, Update time : 317.511 us, Write time : 8147.592 us
[ros2_control_node-1] [WARN] [1776989024.185477159] [controller_manager]: Overrun detected! The controller manager missed its desired rate of 1000 Hz. The loop took 8.619981 ms (missed cycles : 9).
[vision_apriltag-9] [INFO] [1776989024.753975095] [vision_apriltag_node]: Vision AprilTag detection debug: no tags found after raw/CLAHE/sharp/adaptive/upscaled/tiled passes.
[adl_ui-15] 127.0.0.1 - - [23/Apr/2026 20:03:44] "GET /status_json HTTP/1.1" 200 -
[wrist_camera_usb_publisher-8] [INFO] [1776989024.901803716] [wrist_camera_usb_publisher_node]: USB camera publisher heartbeat: publishing 1280x720 frames on /wrist_mounted_camera/image; camera_info fx=920.87, fy=921.57, cx=644.76, cy=343.15.
[ros2_control_node-1] [WARN] [1776989025.187070764] [controller_manager]: Overrun might occur, Total time : 3195.536 us (Expected < 1000.000 us) --> Read time : 36.200 us, Update time : 242.667 us, Write time : 2916.669 us
[ros2_control_node-1] [WARN] [1776989025.187174489] [controller_manager]: Overrun detected! The controller manager missed its desired rate of 1000 Hz. The loop took 3.317574 ms (missed cycles : 4).
[adl_ui-15] 127.0.0.1 - - [23/Apr/2026 20:03:45] "GET /status_json HTTP/1.1" 200 -
[vision_apriltag-9] [INFO] [1776989026.165793392] [vision_apriltag_node]: Vision AprilTag: images are arriving, but no AprilTag has been seen for 479.0s.
[ros2_control_node-1] [WARN] [1776989026.188417209] [controller_manager]: Overrun might occur, Total time : 2537.210 us (Expected < 1000.000 us) --> Read time : 41.660 us, Update time : 243.738 us, Write time : 2251.812 us
[ros2_control_node-1] [WARN] [1776989026.188484766] [controller_manager]: Overrun detected! The controller manager missed its desired rate of 1000 Hz. The loop took 2.627770 ms (missed cycles : 3).
[adl_ui-15] 127.0.0.1 - - [23/Apr/2026 20:03:46] "GET /status_json HTTP/1.1" 200 -
[adl_ui-15] 127.0.0.1 - - [23/Apr/2026 20:03:47] "GET /status_json HTTP/1.1" 200 -
[ros2_control_node-1] [WARN] [1776989027.190558744] [controller_manager]: Overrun might occur, Total time : 2670.138 us (Expected < 1000.000 us) --> Read time : 47.615 us, Update time : 250.068 us, Write time : 2372.455 us
[ros2_control_node-1] [WARN] [1776989027.190646873] [controller_manager]: Overrun detected! The controller manager missed its desired rate of 1000 Hz. The loop took 2.790054 ms (missed cycles : 3).
[adl_ui-15] 127.0.0.1 - - [23/Apr/2026 20:03:47] "GET /status_json HTTP/1.1" 200 -
[vision_apriltag-9] [INFO] [1776989028.165910110] [vision_apriltag_node]: Vision AprilTag: images are arriving, but no AprilTag has been seen for 481.0s.
[ros2_control_node-1] [WARN] [1776989028.191362301] [controller_manager]: Overrun might occur, Total time : 2480.142 us (Expected < 1000.000 us) --> Read time : 46.366 us, Update time : 369.292 us, Write time : 2064.484 us
[ros2_control_node-1] [WARN] [1776989028.191440665] [controller_manager]: Overrun detected! The controller manager missed its desired rate of 1000 Hz. The loop took 2.583836 ms (missed cycles : 3).
[adl_ui-15] 127.0.0.1 - - [23/Apr/2026 20:03:48] "GET /status_json HTTP/1.1" 200 -
[ros2_control_node-1] [WARN] [1776989029.192532548] [controller_manager]: Overrun might occur, Total time : 2651.972 us (Expected < 1000.000 us) --> Read time : 39.910 us, Update time : 238.612 us, Write time : 2373.450 us
[ros2_control_node-1] [WARN] [1776989029.192605859] [controller_manager]: Overrun detected! The controller manager missed its desired rate of 1000 Hz. The loop took 2.748949 ms (missed cycles : 3).
[adl_ui-15] 127.0.0.1 - - [23/Apr/2026 20:03:49] "GET /status_json HTTP/1.1" 200 -
[wrist_camera_usb_publisher-8] [INFO] [1776989030.063609401] [wrist_camera_usb_publisher_node]: USB camera publisher heartbeat: publishing 1280x720 frames on /wrist_mounted_camera/image; camera_info fx=920.87, fy=921.57, cx=644.76, cy=343.15.
[adl_ui-15] 127.0.0.1 - - [23/Apr/2026 20:03:50] "GET /status_json HTTP/1.1" 200 -
[vision_apriltag-9] [INFO] [1776989030.168795395] [vision_apriltag_node]: Vision AprilTag: images are arriving, but no AprilTag has been seen for 483.0s.
[ros2_control_node-1] [WARN] [1776989030.196308046] [controller_manager]: Overrun might occur, Total time : 3425.774 us (Expected < 1000.000 us) --> Read time : 41.691 us, Update time : 255.578 us, Write time : 3128.505 us
[ros2_control_node-1] [WARN] [1776989030.196399927] [controller_manager]: Overrun detected! The controller manager missed its desired rate of 1000 Hz. The loop took 3.542339 ms (missed cycles : 4).
[vision_apriltag-9] [INFO] [1776989030.249225117] [vision_apriltag_node]: Vision AprilTag detection debug: no tags found after raw/CLAHE/sharp/adaptive/upscaled/tiled passes.
[adl_ui-15] 127.0.0.1 - - [23/Apr/2026 20:03:50] "GET /status_json HTTP/1.1" 200 -
[ros2_control_node-1] [WARN] [1776989031.197972921] [controller_manager]: Overrun might occur, Total time : 3094.022 us (Expected < 1000.000 us) --> Read time : 39.749 us, Update time : 299.381 us, Write time : 2754.892 us
[ros2_control_node-1] [WARN] [1776989031.198042005] [controller_manager]: Overrun detected! The controller manager missed its desired rate of 1000 Hz. The loop took 3.185210 ms (missed cycles : 4).
[adl_ui-15] 127.0.0.1 - - [23/Apr/2026 20:03:51] "GET /status_json HTTP/1.1" 200 -
[vision_apriltag-9] [INFO] [1776989032.164100155] [vision_apriltag_node]: Vision AprilTag: images are arriving, but no AprilTag has been seen for 485.0s.
[ros2_control_node-1] [WARN] [1776989032.198811665] [controller_manager]: Overrun might occur, Total time : 2927.854 us (Expected < 1000.000 us) --> Read time : 43.420 us, Update time : 234.836 us, Write time : 2649.598 us
[ros2_control_node-1] [WARN] [1776989032.198906371] [controller_manager]: Overrun detected! The controller manager missed its desired rate of 1000 Hz. The loop took 3.049197 ms (missed cycles : 4).
[adl_ui-15] 127.0.0.1 - - [23/Apr/2026 20:03:52] "GET /status_json HTTP/1.1" 200 -
[adl_ui-15] 127.0.0.1 - - [23/Apr/2026 20:03:53] "GET /status_json HTTP/1.1" 200 -
[ros2_control_node-1] [WARN] [1776989033.200401283] [controller_manager]: Overrun might occur, Total time : 2523.390 us (Expected < 1000.000 us) --> Read time : 38.348 us, Update time : 223.103 us, Write time : 2261.939 us
[ros2_control_node-1] [WARN] [1776989033.200483717] [controller_manager]: Overrun detected! The controller manager missed its desired rate of 1000 Hz. The loop took 2.626990 ms (missed cycles : 3).
[adl_ui-15] 127.0.0.1 - - [23/Apr/2026 20:03:53] "GET /status_json HTTP/1.1" 200 -
[vision_apriltag-9] [INFO] [1776989034.169244548] [vision_apriltag_node]: Vision AprilTag: images are arriving, but no AprilTag has been seen for 487.0s.
[ros2_control_node-1] [WARN] [1776989034.200747557] [controller_manager]: Overrun might occur, Total time : 2853.703 us (Expected < 1000.000 us) --> Read time : 58.758 us, Update time : 251.961 us, Write time : 2542.984 us
[ros2_control_node-1] [WARN] [1776989034.200827737] [controller_manager]: Overrun detected! The controller manager missed its desired rate of 1000 Hz. The loop took 2.971326 ms (missed cycles : 3).
[adl_ui-15] 127.0.0.1 - - [23/Apr/2026 20:03:54] "GET /status_json HTTP/1.1" 200 -
[ros2_control_node-1] [WARN] [1776989035.202500303] [controller_manager]: Overrun might occur, Total time : 2619.045 us (Expected < 1000.000 us) --> Read time : 43.237 us, Update time : 218.411 us, Write time : 2357.397 us
[ros2_control_node-1] [WARN] [1776989035.202571249] [controller_manager]: Overrun detected! The controller manager missed its desired rate of 1000 Hz. The loop took 2.714728 ms (missed cycles : 3).
[wrist_camera_usb_publisher-8] [INFO] [1776989035.227772046] [wrist_camera_usb_publisher_node]: USB camera publisher heartbeat: publishing 1280x720 frames on /wrist_mounted_camera/image; camera_info fx=920.87, fy=921.57, cx=644.76, cy=343.15.
[vision_apriltag-9] [INFO] [1776989035.275285833] [vision_apriltag_node]: Vision AprilTag detection debug: no tags found after raw/CLAHE/sharp/adaptive/upscaled/tiled passes.
[adl_ui-15] 127.0.0.1 - - [23/Apr/2026 20:03:55] "GET /status_json HTTP/1.1" 200 -
[adl_ui-15] 127.0.0.1 - - [23/Apr/2026 20:03:56] "GET /status_json HTTP/1.1" 200 -
[vision_apriltag-9] [INFO] [1776989036.164758448] [vision_apriltag_node]: Vision AprilTag: images are arriving, but no AprilTag has been seen for 489.0s.
[ros2_control_node-1] [WARN] [1776989036.203214872] [controller_manager]: Overrun might occur, Total time : 3334.250 us (Expected < 1000.000 us) --> Read time : 39.194 us, Update time : 219.516 us, Write time : 3075.540 us
[ros2_control_node-1] [WARN] [1776989036.203310182] [controller_manager]: Overrun detected! The controller manager missed its desired rate of 1000 Hz. The loop took 3.453489 ms (missed cycles : 4).
[adl_ui-15] 127.0.0.1 - - [23/Apr/2026 20:03:56] "GET /status_json HTTP/1.1" 200 -
[ros2_control_node-1] [WARN] [1776989037.204784795] [controller_manager]: Overrun might occur, Total time : 2898.466 us (Expected < 1000.000 us) --> Read time : 45.415 us, Update time : 268.844 us, Write time : 2584.207 us
[ros2_control_node-1] [WARN] [1776989037.204867823] [controller_manager]: Overrun detected! The controller manager missed its desired rate of 1000 Hz. The loop took 3.010997 ms (missed cycles : 4).
[adl_ui-15] 127.0.0.1 - - [23/Apr/2026 20:03:57] "GET /status_json HTTP/1.1" 200 -
[vision_apriltag-9] [INFO] [1776989038.166304916] [vision_apriltag_node]: Vision AprilTag: images are arriving, but no AprilTag has been seen for 491.0s.
[ros2_control_node-1] [WARN] [1776989038.205586477] [controller_manager]: Overrun might occur, Total time : 2701.613 us (Expected < 1000.000 us) --> Read time : 52.140 us, Update time : 274.329 us, Write time : 2375.144 us
[ros2_control_node-1] [WARN] [1776989038.205655364] [controller_manager]: Overrun detected! The controller manager missed its desired rate of 1000 Hz. The loop took 2.798754 ms (missed cycles : 3).
[adl_ui-15] 127.0.0.1 - - [23/Apr/2026 20:03:58] "GET /status_json HTTP/1.1" 200 -
[adl_ui-15] 127.0.0.1 - - [23/Apr/2026 20:03:59] "GET /status_json HTTP/1.1" 200 -
[ros2_control_node-1] [WARN] [1776989039.206328165] [controller_manager]: Overrun might occur, Total time : 2426.356 us (Expected < 1000.000 us) --> Read time : 32.374 us, Update time : 179.176 us, Write time : 2214.806 us
[ros2_control_node-1] [WARN] [1776989039.206386321] [controller_manager]: Overrun detected! The controller manager missed its desired rate of 1000 Hz. The loop took 2.530286 ms (missed cycles : 3).
[adl_ui-15] 127.0.0.1 - - [23/Apr/2026 20:03:59] "GET /status_json HTTP/1.1" 200 -
[vision_apriltag-9] [INFO] [1776989040.167141649] [vision_apriltag_node]: Vision AprilTag: images are arriving, but no AprilTag has been seen for 493.0s.
[ros2_control_node-1] [WARN] [1776989040.209750771] [controller_manager]: Overrun might occur, Total time : 2860.732 us (Expected < 1000.000 us) --> Read time : 46.537 us, Update time : 254.531 us, Write time : 2559.664 us
[ros2_control_node-1] [WARN] [1776989040.209873175] [controller_manager]: Overrun detected! The controller manager missed its desired rate of 1000 Hz. The loop took 3.015749 ms (missed cycles : 4).
[wrist_camera_usb_publisher-8] [INFO] [1776989040.385359256] [wrist_camera_usb_publisher_node]: USB camera publisher heartbeat: publishing 1280x720 frames on /wrist_mounted_camera/image; camera_info fx=920.87, fy=921.57, cx=644.76, cy=343.15.
[adl_ui-15] 127.0.0.1 - - [23/Apr/2026 20:04:00] "GET /status_json HTTP/1.1" 200 -
[vision_apriltag-9] [INFO] [1776989040.700849333] [vision_apriltag_node]: Vision AprilTag detection debug: no tags found after raw/CLAHE/sharp/adaptive/upscaled/tiled passes.
[ros2_control_node-1] [WARN] [1776989041.211219340] [controller_manager]: Overrun might occur, Total time : 3320.881 us (Expected < 1000.000 us) --> Read time : 67.370 us, Update time : 276.770 us, Write time : 2976.741 us
[ros2_control_node-1] [WARN] [1776989041.211344105] [controller_manager]: Overrun detected! The controller manager missed its desired rate of 1000 Hz. The loop took 3.486446 ms (missed cycles : 4).
[adl_ui-15] 127.0.0.1 - - [23/Apr/2026 20:04:01] "GET /status_json HTTP/1.1" 200 -
[adl_ui-15] 127.0.0.1 - - [23/Apr/2026 20:04:02] "GET /status_json HTTP/1.1" 200 -
[vision_apriltag-9] [INFO] [1776989042.166518910] [vision_apriltag_node]: Vision AprilTag: images are arriving, but no AprilTag has been seen for 495.0s.
[ros2_control_node-1] [WARN] [1776989042.213832788] [controller_manager]: Overrun might occur, Total time : 2936.619 us (Expected < 1000.000 us) --> Read time : 91.892 us, Update time : 346.590 us, Write time : 2498.137 us
[ros2_control_node-1] [WARN] [1776989042.213963384] [controller_manager]: Overrun detected! The controller manager missed its desired rate of 1000 Hz. The loop took 3.105759 ms (missed cycles : 4).
[adl_ui-15] 127.0.0.1 - - [23/Apr/2026 20:04:02] "GET /status_json HTTP/1.1" 200 -
[ros2_control_node-1] [WARN] [1776989043.219106601] [controller_manager]: Overrun might occur, Total time : 5207.924 us (Expected < 1000.000 us) --> Read time : 82.952 us, Update time : 420.678 us, Write time : 4704.294 us
[ros2_control_node-1] [WARN] [1776989043.219186932] [controller_manager]: Overrun detected! The controller manager missed its desired rate of 1000 Hz. The loop took 5.330550 ms (missed cycles : 6).
[adl_ui-15] 127.0.0.1 - - [23/Apr/2026 20:04:03] "GET /status_json HTTP/1.1" 200 -
[vision_apriltag-9] [INFO] [1776989044.163435382] [vision_apriltag_node]: Vision AprilTag: images are arriving, but no AprilTag has been seen for 497.0s.
[ros2_control_node-1] [WARN] [1776989044.220840712] [controller_manager]: Overrun might occur, Total time : 2946.108 us (Expected < 1000.000 us) --> Read time : 48.871 us, Update time : 250.037 us, Write time : 2647.200 us
[ros2_control_node-1] [WARN] [1776989044.220914365] [controller_manager]: Overrun detected! The controller manager missed its desired rate of 1000 Hz. The loop took 3.057798 ms (missed cycles : 4).
[adl_ui-15] 127.0.0.1 - - [23/Apr/2026 20:04:04] "GET /status_json HTTP/1.1" 200 -
[adl_ui-15] 127.0.0.1 - - [23/Apr/2026 20:04:05] "GET /status_json HTTP/1.1" 200 -
[ros2_control_node-1] [WARN] [1776989045.222923458] [controller_manager]: Overrun might occur, Total time : 3041.612 us (Expected < 1000.000 us) --> Read time : 42.834 us, Update time : 242.591 us, Write time : 2756.187 us
[ros2_control_node-1] [WARN] [1776989045.222998469] [controller_manager]: Overrun detected! The controller manager missed its desired rate of 1000 Hz. The loop took 3.141686 ms (missed cycles : 4).
[wrist_camera_usb_publisher-8] [INFO] [1776989045.548722284] [wrist_camera_usb_publisher_node]: USB camera publisher heartbeat: publishing 1280x720 frames on /wrist_mounted_camera/image; camera_info fx=920.87, fy=921.57, cx=644.76, cy=343.15.
[vision_apriltag-9] [INFO] [1776989045.774669321] [vision_apriltag_node]: Vision AprilTag detection debug: no tags found after raw/CLAHE/sharp/adaptive/upscaled/tiled passes.
[adl_ui-15] 127.0.0.1 - - [23/Apr/2026 20:04:05] "GET /status_json HTTP/1.1" 200 -
[ros2_control_node-1] [WARN] [1776989046.223214657] [controller_manager]: Overrun might occur, Total time : 3332.019 us (Expected < 1000.000 us) --> Read time : 44.741 us, Update time : 267.449 us, Write time : 3019.829 us
[ros2_control_node-1] [WARN] [1776989046.223299872] [controller_manager]: Overrun detected! The controller manager missed its desired rate of 1000 Hz. The loop took 3.442844 ms (missed cycles : 4).
[vision_apriltag-9] [INFO] [1776989046.570074715] [vision_apriltag_node]: Vision AprilTag: images are arriving, but no AprilTag has been seen for 499.4s.
[adl_ui-15] 127.0.0.1 - - [23/Apr/2026 20:04:06] "GET /status_json HTTP/1.1" 200 -
[ros2_control_node-1] [WARN] [1776989047.224061626] [controller_manager]: Overrun might occur, Total time : 3165.394 us (Expected < 1000.000 us) --> Read time : 56.836 us, Update time : 283.890 us, Write time : 2824.668 us
[ros2_control_node-1] [WARN] [1776989047.224142086] [controller_manager]: Overrun detected! The controller manager missed its desired rate of 1000 Hz. The loop took 3.285316 ms (missed cycles : 4).
[adl_ui-15] 127.0.0.1 - - [23/Apr/2026 20:04:07] "GET /status_json HTTP/1.1" 200 -
[adl_ui-15] 127.0.0.1 - - [23/Apr/2026 20:04:08] "GET /status_json HTTP/1.1" 200 -
[vision_apriltag-9] [INFO] [1776989048.163216757] [vision_apriltag_node]: Vision AprilTag: images are arriving, but no AprilTag has been seen for 501.0s.
[ros2_control_node-1] [WARN] [1776989048.225893235] [controller_manager]: Overrun might occur, Total time : 3013.692 us (Expected < 1000.000 us) --> Read time : 35.950 us, Update time : 230.117 us, Write time : 2747.625 us
[ros2_control_node-1] [WARN] [1776989048.225970571] [controller_manager]: Overrun detected! The controller manager missed its desired rate of 1000 Hz. The loop took 3.113498 ms (missed cycles : 4).
[adl_ui-15] 127.0.0.1 - - [23/Apr/2026 20:04:08] "GET /status_json HTTP/1.1" 200 -
[ros2_control_node-1] [WARN] [1776989049.228875394] [controller_manager]: Overrun might occur, Total time : 2979.304 us (Expected < 1000.000 us) --> Read time : 43.289 us, Update time : 248.032 us, Write time : 2687.983 us
[ros2_control_node-1] [WARN] [1776989049.228955155] [controller_manager]: Overrun detected! The controller manager missed its desired rate of 1000 Hz. The loop took 3.097964 ms (missed cycles : 4).
[adl_ui-15] 127.0.0.1 - - [23/Apr/2026 20:04:09] "GET /status_json HTTP/1.1" 200 -
[vision_apriltag-9] [INFO] [1776989050.164506804] [vision_apriltag_node]: Vision AprilTag: images are arriving, but no AprilTag has been seen for 503.0s.
[ros2_control_node-1] [WARN] [1776989050.229874713] [controller_manager]: Overrun might occur, Total time : 2988.560 us (Expected < 1000.000 us) --> Read time : 46.930 us, Update time : 246.438 us, Write time : 2695.192 us
[ros2_control_node-1] [WARN] [1776989050.229965094] [controller_manager]: Overrun detected! The controller manager missed its desired rate of 1000 Hz. The loop took 3.108402 ms (missed cycles : 4).
[adl_ui-15] 127.0.0.1 - - [23/Apr/2026 20:04:10] "GET /status_json HTTP/1.1" 200 -
[wrist_camera_usb_publisher-8] [INFO] [1776989050.708118808] [wrist_camera_usb_publisher_node]: USB camera publisher heartbeat: publishing 1280x720 frames on /wrist_mounted_camera/image; camera_info fx=920.87, fy=921.57, cx=644.76, cy=343.15.
[vision_apriltag-9] [INFO] [1776989050.950568524] [vision_apriltag_node]: Vision AprilTag detection debug: no tags found after raw/CLAHE/sharp/adaptive/upscaled/tiled passes.
[adl_ui-15] 127.0.0.1 - - [23/Apr/2026 20:04:11] "GET /status_json HTTP/1.1" 200 -
[ros2_control_node-1] [WARN] [1776989051.232043489] [controller_manager]: Overrun might occur, Total time : 3128.637 us (Expected < 1000.000 us) --> Read time : 51.628 us, Update time : 196.018 us, Write time : 2880.991 us
[ros2_control_node-1] [WARN] [1776989051.232106483] [controller_manager]: Overrun detected! The controller manager missed its desired rate of 1000 Hz. The loop took 3.249631 ms (missed cycles : 4).
[adl_ui-15] 127.0.0.1 - - [23/Apr/2026 20:04:11] "GET /status_json HTTP/1.1" 200 -
[vision_apriltag-9] [INFO] [1776989052.163236697] [vision_apriltag_node]: Vision AprilTag: images are arriving, but no AprilTag has been seen for 505.0s.
[ros2_control_node-1] [WARN] [1776989052.233482458] [controller_manager]: Overrun might occur, Total time : 2602.278 us (Expected < 1000.000 us) --> Read time : 23.909 us, Update time : 191.877 us, Write time : 2386.492 us
[ros2_control_node-1] [WARN] [1776989052.233595266] [controller_manager]: Overrun detected! The controller manager missed its desired rate of 1000 Hz. The loop took 2.737848 ms (missed cycles : 3).
[adl_ui-15] 127.0.0.1 - - [23/Apr/2026 20:04:12] "GET /status_json HTTP/1.1" 200 -
[ros2_control_node-1] [WARN] [1776989053.233595598] [controller_manager]: Overrun might occur, Total time : 2686.159 us (Expected < 1000.000 us) --> Read time : 37.444 us, Update time : 222.376 us, Write time : 2426.339 us
[ros2_control_node-1] [WARN] [1776989053.233720852] [controller_manager]: Overrun detected! The controller manager missed its desired rate of 1000 Hz. The loop took 2.862950 ms (missed cycles : 3).
[adl_ui-15] 127.0.0.1 - - [23/Apr/2026 20:04:13] "GET /status_json HTTP/1.1" 200 -
[adl_ui-15] 127.0.0.1 - - [23/Apr/2026 20:04:14] "GET /status_json HTTP/1.1" 200 -
[vision_apriltag-9] [INFO] [1776989054.163687342] [vision_apriltag_node]: Vision AprilTag: images are arriving, but no AprilTag has been seen for 507.0s.
[ros2_control_node-1] [WARN] [1776989054.234949940] [controller_manager]: Overrun might occur, Total time : 3056.040 us (Expected < 1000.000 us) --> Read time : 58.919 us, Update time : 272.621 us, Write time : 2724.500 us
[ros2_control_node-1] [WARN] [1776989054.235040316] [controller_manager]: Overrun detected! The controller manager missed its desired rate of 1000 Hz. The loop took 3.183826 ms (missed cycles : 4).
[adl_ui-15] 127.0.0.1 - - [23/Apr/2026 20:04:14] "GET /status_json HTTP/1.1" 200 -
[ros2_control_node-1] [WARN] [1776989055.236707879] [controller_manager]: Overrun might occur, Total time : 2827.208 us (Expected < 1000.000 us) --> Read time : 42.495 us, Update time : 252.535 us, Write time : 2532.178 us
[ros2_control_node-1] [WARN] [1776989055.236792859] [controller_manager]: Overrun detected! The controller manager missed its desired rate of 1000 Hz. The loop took 2.935877 ms (missed cycles : 3).
[adl_ui-15] 127.0.0.1 - - [23/Apr/2026 20:04:15] "GET /status_json HTTP/1.1" 200 -
[wrist_camera_usb_publisher-8] [INFO] [1776989055.869599926] [wrist_camera_usb_publisher_node]: USB camera publisher heartbeat: publishing 1280x720 frames on /wrist_mounted_camera/image; camera_info fx=920.87, fy=921.57, cx=644.76, cy=343.15.
[vision_apriltag-9] [INFO] [1776989056.105019746] [vision_apriltag_node]: Vision AprilTag detection debug: no tags found after raw/CLAHE/sharp/adaptive/upscaled/tiled passes.
[vision_apriltag-9] [INFO] [1776989056.164562794] [vision_apriltag_node]: Vision AprilTag: images are arriving, but no AprilTag has been seen for 509.0s.
[ros2_control_node-1] [WARN] [1776989056.239853860] [controller_manager]: Overrun might occur, Total time : 2971.715 us (Expected < 1000.000 us) --> Read time : 43.431 us, Update time : 237.243 us, Write time : 2691.041 us
[ros2_control_node-1] [WARN] [1776989056.239956534] [controller_manager]: Overrun detected! The controller manager missed its desired rate of 1000 Hz. The loop took 3.100018 ms (missed cycles : 4).
[adl_ui-15] 127.0.0.1 - - [23/Apr/2026 20:04:16] "GET /status_json HTTP/1.1" 200 -
[adl_ui-15] 127.0.0.1 - - [23/Apr/2026 20:04:17] "GET /status_json HTTP/1.1" 200 -
[ros2_control_node-1] [WARN] [1776989057.241595799] [controller_manager]: Overrun might occur, Total time : 4713.142 us (Expected < 1000.000 us) --> Read time : 41.415 us, Update time : 233.114 us, Write time : 4438.613 us
[ros2_control_node-1] [WARN] [1776989057.241685462] [controller_manager]: Overrun detected! The controller manager missed its desired rate of 1000 Hz. The loop took 4.828514 ms (missed cycles : 5).
[adl_ui-15] 127.0.0.1 - - [23/Apr/2026 20:04:17] "GET /status_json HTTP/1.1" 200 -
[vision_apriltag-9] [INFO] [1776989058.166071272] [vision_apriltag_node]: Vision AprilTag: images are arriving, but no AprilTag has been seen for 511.0s.
[ros2_control_node-1] [WARN] [1776989058.241866565] [controller_manager]: Overrun might occur, Total time : 2978.815 us (Expected < 1000.000 us) --> Read time : 46.175 us, Update time : 288.235 us, Write time : 2644.405 us
[ros2_control_node-1] [WARN] [1776989058.241959660] [controller_manager]: Overrun detected! The controller manager missed its desired rate of 1000 Hz. The loop took 3.102758 ms (missed cycles : 4).
[adl_ui-15] 127.0.0.1 - - [23/Apr/2026 20:04:18] "GET /status_json HTTP/1.1" 200 -
[ros2_control_node-1] [WARN] [1776989059.241957846] [controller_manager]: Overrun might occur, Total time : 3075.213 us (Expected < 1000.000 us) --> Read time : 52.197 us, Update time : 262.943 us, Write time : 2760.073 us
[ros2_control_node-1] [WARN] [1776989059.242056874] [controller_manager]: Overrun detected! The controller manager missed its desired rate of 1000 Hz. The loop took 3.199019 ms (missed cycles : 4).
[adl_ui-15] 127.0.0.1 - - [23/Apr/2026 20:04:19] "GET /status_json HTTP/1.1" 200 -
[adl_ui-15] 127.0.0.1 - - [23/Apr/2026 20:04:20] "GET /status_json HTTP/1.1" 200 -
[vision_apriltag-9] [INFO] [1776989060.166144398] [vision_apriltag_node]: Vision AprilTag: images are arriving, but no AprilTag has been seen for 513.0s.
[ros2_control_node-1] [WARN] [1776989060.243944343] [controller_manager]: Overrun might occur, Total time : 3044.288 us (Expected < 1000.000 us) --> Read time : 75.419 us, Update time : 292.803 us, Write time : 2676.066 us
[ros2_control_node-1] [WARN] [1776989060.244054806] [controller_manager]: Overrun detected! The controller manager missed its desired rate of 1000 Hz. The loop took 3.198060 ms (missed cycles : 4).
[adl_ui-15] 127.0.0.1 - - [23/Apr/2026 20:04:20] "GET /status_json HTTP/1.1" 200 -
[wrist_camera_usb_publisher-8] [INFO] [1776989061.028513651] [wrist_camera_usb_publisher_node]: USB camera publisher heartbeat: publishing 1280x720 frames on /wrist_mounted_camera/image; camera_info fx=920.87, fy=921.57, cx=644.76, cy=343.15.
[ros2_control_node-1] [WARN] [1776989061.244949842] [controller_manager]: Overrun might occur, Total time : 4065.327 us (Expected < 1000.000 us) --> Read time : 45.772 us, Update time : 263.086 us, Write time : 3756.469 us
[ros2_control_node-1] [WARN] [1776989061.245033431] [controller_manager]: Overrun detected! The controller manager missed its desired rate of 1000 Hz. The loop took 4.176301 ms (missed cycles : 5).
[vision_apriltag-9] [INFO] [1776989061.584115177] [vision_apriltag_node]: Vision AprilTag detection debug: no tags found after raw/CLAHE/sharp/adaptive/upscaled/tiled passes.
[adl_ui-15] 127.0.0.1 - - [23/Apr/2026 20:04:21] "GET /status_json HTTP/1.1" 200 -
[ros2_control_node-1] [WARN] [1776989062.246439442] [controller_manager]: Overrun might occur, Total time : 3560.676 us (Expected < 1000.000 us) --> Read time : 38.240 us, Update time : 234.355 us, Write time : 3288.081 us
[ros2_control_node-1] [WARN] [1776989062.246512595] [controller_manager]: Overrun detected! The controller manager missed its desired rate of 1000 Hz. The loop took 3.656040 ms (missed cycles : 4).
[adl_ui-15] 127.0.0.1 - - [23/Apr/2026 20:04:22] "GET /status_json HTTP/1.1" 200 -
[vision_apriltag-9] [INFO] [1776989062.525600382] [vision_apriltag_node]: Vision AprilTag: images are arriving, but no AprilTag has been seen for 515.3s.
[adl_ui-15] 127.0.0.1 - - [23/Apr/2026 20:04:23] "GET /status_json HTTP/1.1" 200 -
[ros2_control_node-1] [WARN] [1776989063.247684235] [controller_manager]: Overrun might occur, Total time : 2801.780 us (Expected < 1000.000 us) --> Read time : 41.210 us, Update time : 229.909 us, Write time : 2530.661 us
[ros2_control_node-1] [WARN] [1776989063.247763843] [controller_manager]: Overrun detected! The controller manager missed its desired rate of 1000 Hz. The loop took 2.906915 ms (missed cycles : 3).
[adl_ui-15] 127.0.0.1 - - [23/Apr/2026 20:04:23] "GET /status_json HTTP/1.1" 200 -
[vision_apriltag-9] [INFO] [1776989064.164207841] [vision_apriltag_node]: Vision AprilTag: images are arriving, but no AprilTag has been seen for 517.0s.
[ros2_control_node-1] [WARN] [1776989064.248831411] [controller_manager]: Overrun might occur, Total time : 2922.907 us (Expected < 1000.000 us) --> Read time : 45.808 us, Update time : 221.048 us, Write time : 2656.051 us
[ros2_control_node-1] [WARN] [1776989064.248898002] [controller_manager]: Overrun detected! The controller manager missed its desired rate of 1000 Hz. The loop took 3.041537 ms (missed cycles : 4).
[adl_ui-15] 127.0.0.1 - - [23/Apr/2026 20:04:24] "GET /status_json HTTP/1.1" 200 -
[ros2_control_node-1] [WARN] [1776989065.248842014] [controller_manager]: Overrun might occur, Total time : 2944.079 us (Expected < 1000.000 us) --> Read time : 78.430 us, Update time : 359.173 us, Write time : 2506.476 us
[ros2_control_node-1] [WARN] [1776989065.248914357] [controller_manager]: Overrun detected! The controller manager missed its desired rate of 1000 Hz. The loop took 3.057603 ms (missed cycles : 4).
[adl_ui-15] 127.0.0.1 - - [23/Apr/2026 20:04:25] "GET /status_json HTTP/1.1" 200 -
[wrist_camera_usb_publisher-8] [INFO] [1776989066.031112180] [wrist_camera_usb_publisher_node]: USB camera publisher heartbeat: publishing 1280x720 frames on /wrist_mounted_camera/image; camera_info fx=920.87, fy=921.57, cx=644.76, cy=343.15.
[adl_ui-15] 127.0.0.1 - - [23/Apr/2026 20:04:26] "GET /status_json HTTP/1.1" 200 -
[vision_apriltag-9] [INFO] [1776989066.164753028] [vision_apriltag_node]: Vision AprilTag: images are arriving, but no AprilTag has been seen for 519.0s.
[ros2_control_node-1] [WARN] [1776989066.249847030] [controller_manager]: Overrun might occur, Total time : 2961.432 us (Expected < 1000.000 us) --> Read time : 52.540 us, Update time : 267.667 us, Write time : 2641.225 us
[ros2_control_node-1] [WARN] [1776989066.249902647] [controller_manager]: Overrun detected! The controller manager missed its desired rate of 1000 Hz. The loop took 3.046870 ms (missed cycles : 4).
[adl_ui-15] 127.0.0.1 - - [23/Apr/2026 20:04:26] "GET /status_json HTTP/1.1" 200 -
[vision_apriltag-9] [INFO] [1776989067.220820714] [vision_apriltag_node]: Vision AprilTag detection debug: no tags found after raw/CLAHE/sharp/adaptive/upscaled/tiled passes.
[ros2_control_node-1] [WARN] [1776989067.252833876] [controller_manager]: Overrun might occur, Total time : 2948.732 us (Expected < 1000.000 us) --> Read time : 59.640 us, Update time : 341.014 us, Write time : 2548.078 us
[ros2_control_node-1] [WARN] [1776989067.252924364] [controller_manager]: Overrun detected! The controller manager missed its desired rate of 1000 Hz. The loop took 3.067390 ms (missed cycles : 4).
[adl_ui-15] 127.0.0.1 - - [23/Apr/2026 20:04:27] "GET /status_json HTTP/1.1" 200 -
[vision_apriltag-9] [INFO] [1776989068.166598203] [vision_apriltag_node]: Vision AprilTag: images are arriving, but no AprilTag has been seen for 521.0s.
[ros2_control_node-1] [WARN] [1776989068.252847224] [controller_manager]: Overrun might occur, Total time : 2964.251 us (Expected < 1000.000 us) --> Read time : 44.671 us, Update time : 244.914 us, Write time : 2674.666 us
[ros2_control_node-1] [WARN] [1776989068.257650406] [controller_manager]: Overrun detected! The controller manager missed its desired rate of 1000 Hz. The loop took 3.794032 ms (missed cycles : 4).
[adl_ui-15] 127.0.0.1 - - [23/Apr/2026 20:04:28] "GET /status_json HTTP/1.1" 200 -
[adl_ui-15] 127.0.0.1 - - [23/Apr/2026 20:04:29] "GET /status_json HTTP/1.1" 200 -
[ros2_control_node-1] [WARN] [1776989069.255807164] [controller_manager]: Overrun might occur, Total time : 2927.820 us (Expected < 1000.000 us) --> Read time : 47.046 us, Update time : 220.600 us, Write time : 2660.174 us
[ros2_control_node-1] [WARN] [1776989069.260333045] [controller_manager]: Overrun detected! The controller manager missed its desired rate of 1000 Hz. The loop took 3.476558 ms (missed cycles : 4).
[adl_ui-15] 127.0.0.1 - - [23/Apr/2026 20:04:29] "GET /status_json HTTP/1.1" 200 -
[vision_apriltag-9] [INFO] [1776989070.166190532] [vision_apriltag_node]: Vision AprilTag: images are arriving, but no AprilTag has been seen for 523.0s.
[ros2_control_node-1] [WARN] [1776989070.260813780] [controller_manager]: Overrun might occur, Total time : 4928.793 us (Expected < 1000.000 us) --> Read time : 47.235 us, Update time : 258.636 us, Write time : 4622.922 us
[ros2_control_node-1] [WARN] [1776989070.260896321] [controller_manager]: Overrun detected! The controller manager missed its desired rate of 1000 Hz. The loop took 5.039778 ms (missed cycles : 6).
[adl_ui-15] 127.0.0.1 - - [23/Apr/2026 20:04:30] "GET /status_json HTTP/1.1" 200 -
[wrist_camera_usb_publisher-8] [INFO] [1776989071.183231253] [wrist_camera_usb_publisher_node]: USB camera publisher heartbeat: publishing 1280x720 frames on /wrist_mounted_camera/image; camera_info fx=920.87, fy=921.57, cx=644.76, cy=343.15.
[ros2_control_node-1] [WARN] [1776989071.261120274] [controller_manager]: Overrun might occur, Total time : 3239.127 us (Expected < 1000.000 us) --> Read time : 40.353 us, Update time : 240.389 us, Write time : 2958.385 us
[ros2_control_node-1] [WARN] [1776989071.261198663] [controller_manager]: Overrun detected! The controller manager missed its desired rate of 1000 Hz. The loop took 3.342050 ms (missed cycles : 4).
[adl_ui-15] 127.0.0.1 - - [23/Apr/2026 20:04:31] "GET /status_json HTTP/1.1" 200 -
[adl_ui-15] 127.0.0.1 - - [23/Apr/2026 20:04:32] "GET /status_json HTTP/1.1" 200 -
[vision_apriltag-9] [INFO] [1776989072.170681132] [vision_apriltag_node]: Vision AprilTag: images are arriving, but no AprilTag has been seen for 525.0s.
[ros2_control_node-1] [WARN] [1776989072.263815690] [controller_manager]: Overrun might occur, Total time : 2934.335 us (Expected < 1000.000 us) --> Read time : 38.836 us, Update time : 256.272 us, Write time : 2639.227 us
[ros2_control_node-1] [WARN] [1776989072.263897035] [controller_manager]: Overrun detected! The controller manager missed its desired rate of 1000 Hz. The loop took 3.039921 ms (missed cycles : 4).
[vision_apriltag-9] [INFO] [1776989072.888830096] [vision_apriltag_node]: Vision AprilTag detection debug: no tags found after raw/CLAHE/sharp/adaptive/upscaled/tiled passes.
[adl_ui-15] 127.0.0.1 - - [23/Apr/2026 20:04:32] "GET /status_json HTTP/1.1" 200 -
[ros2_control_node-1] [WARN] [1776989073.264977193] [controller_manager]: Overrun might occur, Total time : 4096.390 us (Expected < 1000.000 us) --> Read time : 37.803 us, Update time : 234.405 us, Write time : 3824.182 us
[ros2_control_node-1] [WARN] [1776989073.265058092] [controller_manager]: Overrun detected! The controller manager missed its desired rate of 1000 Hz. The loop took 4.201501 ms (missed cycles : 5).
[adl_ui-15] 127.0.0.1 - - [23/Apr/2026 20:04:33] "GET /status_json HTTP/1.1" 200 -
[ros2_control_node-1] [WARN] [1776989074.266384532] [controller_manager]: Overrun might occur, Total time : 3495.029 us (Expected < 1000.000 us) --> Read time : 58.506 us, Update time : 260.859 us, Write time : 3175.664 us
[ros2_control_node-1] [WARN] [1776989074.266477718] [controller_manager]: Overrun detected! The controller manager missed its desired rate of 1000 Hz. The loop took 3.620578 ms (missed cycles : 4).
[adl_ui-15] 127.0.0.1 - - [23/Apr/2026 20:04:34] "GET /status_json HTTP/1.1" 200 -
[vision_apriltag-9] [INFO] [1776989074.774359502] [vision_apriltag_node]: Vision AprilTag: images are arriving, but no AprilTag has been seen for 527.6s.
[adl_ui-15] 127.0.0.1 - - [23/Apr/2026 20:04:35] "GET /status_json HTTP/1.1" 200 -
[ros2_control_node-1] [WARN] [1776989075.268879542] [controller_manager]: Overrun might occur, Total time : 2998.401 us (Expected < 1000.000 us) --> Read time : 40.603 us, Update time : 257.468 us, Write time : 2700.330 us
[ros2_control_node-1] [WARN] [1776989075.268963316] [controller_manager]: Overrun detected! The controller manager missed its desired rate of 1000 Hz. The loop took 3.106121 ms (missed cycles : 4).
[adl_ui-15] 127.0.0.1 - - [23/Apr/2026 20:04:35] "GET /status_json HTTP/1.1" 200 -
[ros2_control_node-1] [WARN] [1776989076.270715305] [controller_manager]: Overrun might occur, Total time : 3817.838 us (Expected < 1000.000 us) --> Read time : 67.418 us, Update time : 409.535 us, Write time : 3340.885 us
[ros2_control_node-1] [WARN] [1776989076.270839037] [controller_manager]: Overrun detected! The controller manager missed its desired rate of 1000 Hz. The loop took 3.981826 ms (missed cycles : 4).
[wrist_camera_usb_publisher-8] [INFO] [1776989076.355162946] [wrist_camera_usb_publisher_node]: USB camera publisher heartbeat: publishing 1280x720 frames on /wrist_mounted_camera/image; camera_info fx=920.87, fy=921.57, cx=644.76, cy=343.15.
[adl_ui-15] 127.0.0.1 - - [23/Apr/2026 20:04:36] "GET /status_json HTTP/1.1" 200 -
[vision_apriltag-9] [INFO] [1776989077.026138385] [vision_apriltag_node]: Vision AprilTag: images are arriving, but no AprilTag has been seen for 529.8s.
[ros2_control_node-1] [WARN] [1776989077.274378346] [controller_manager]: Overrun might occur, Total time : 5492.407 us (Expected < 1000.000 us) --> Read time : 43.224 us, Update time : 233.323 us, Write time : 5215.860 us
[ros2_control_node-1] [WARN] [1776989077.274458878] [controller_manager]: Overrun detected! The controller manager missed its desired rate of 1000 Hz. The loop took 5.602370 ms (missed cycles : 6).
[adl_ui-15] 127.0.0.1 - - [23/Apr/2026 20:04:37] "GET /status_json HTTP/1.1" 200 -
[vision_apriltag-9] [INFO] [1776989077.948688965] [vision_apriltag_node]: Vision AprilTag detection debug: no tags found after raw/CLAHE/sharp/adaptive/upscaled/tiled passes.
[adl_ui-15] 127.0.0.1 - - [23/Apr/2026 20:04:38] "GET /status_json HTTP/1.1" 200 -
[ros2_control_node-1] [WARN] [1776989078.275023879] [controller_manager]: Overrun might occur, Total time : 3112.484 us (Expected < 1000.000 us) --> Read time : 106.061 us, Update time : 447.533 us, Write time : 2558.890 us
[ros2_control_node-1] [WARN] [1776989078.275105637] [controller_manager]: Overrun detected! The controller manager missed its desired rate of 1000 Hz. The loop took 3.248598 ms (missed cycles : 4).
[vision_apriltag-9] [INFO] [1776989078.597272521] [vision_apriltag_node]: Vision AprilTag: images are arriving, but no AprilTag has been seen for 531.4s.
[adl_ui-15] 127.0.0.1 - - [23/Apr/2026 20:04:38] "GET /status_json HTTP/1.1" 200 -
[ros2_control_node-1] [WARN] [1776989079.277792882] [controller_manager]: Overrun might occur, Total time : 2909.012 us (Expected < 1000.000 us) --> Read time : 46.391 us, Update time : 258.837 us, Write time : 2603.784 us
[ros2_control_node-1] [WARN] [1776989079.277872306] [controller_manager]: Overrun detected! The controller manager missed its desired rate of 1000 Hz. The loop took 3.014959 ms (missed cycles : 4).
[adl_ui-15] 127.0.0.1 - - [23/Apr/2026 20:04:39] "GET /status_json HTTP/1.1" 200 -
[ros2_control_node-1] [WARN] [1776989080.280499425] [controller_manager]: Overrun might occur, Total time : 2610.546 us (Expected < 1000.000 us) --> Read time : 51.879 us, Update time : 271.243 us, Write time : 2287.424 us
[ros2_control_node-1] [WARN] [1776989080.280598187] [controller_manager]: Overrun detected! The controller manager missed its desired rate of 1000 Hz. The loop took 2.741190 ms (missed cycles : 3).
[adl_ui-15] 127.0.0.1 - - [23/Apr/2026 20:04:40] "GET /status_json HTTP/1.1" 200 -
[vision_apriltag-9] [INFO] [1776989080.424253058] [vision_apriltag_node]: Vision AprilTag: images are arriving, but no AprilTag has been seen for 533.2s.
[adl_ui-15] 127.0.0.1 - - [23/Apr/2026 20:04:41] "GET /status_json HTTP/1.1" 200 -
[ros2_control_node-1] [WARN] [1776989081.281417077] [controller_manager]: Overrun might occur, Total time : 2537.337 us (Expected < 1000.000 us) --> Read time : 39.223 us, Update time : 244.500 us, Write time : 2253.614 us
[ros2_control_node-1] [WARN] [1776989081.281485819] [controller_manager]: Overrun detected! The controller manager missed its desired rate of 1000 Hz. The loop took 2.629477 ms (missed cycles : 3).
[wrist_camera_usb_publisher-8] [INFO] [1776989081.505081960] [wrist_camera_usb_publisher_node]: USB camera publisher heartbeat: publishing 1280x720 frames on /wrist_mounted_camera/image; camera_info fx=920.87, fy=921.57, cx=644.76, cy=343.15.
[adl_ui-15] 127.0.0.1 - - [23/Apr/2026 20:04:41] "GET /status_json HTTP/1.1" 200 -
[vision_apriltag-9] [INFO] [1776989082.210279600] [vision_apriltag_node]: Vision AprilTag: images are arriving, but no AprilTag has been seen for 535.0s.
[ros2_control_node-1] [WARN] [1776989082.284121604] [controller_manager]: Overrun might occur, Total time : 3235.065 us (Expected < 1000.000 us) --> Read time : 42.546 us, Update time : 258.641 us, Write time : 2933.878 us
[ros2_control_node-1] [WARN] [1776989082.284213799] [controller_manager]: Overrun detected! The controller manager missed its desired rate of 1000 Hz. The loop took 3.356771 ms (missed cycles : 4).
[adl_ui-15] 127.0.0.1 - - [23/Apr/2026 20:04:42] "GET /status_json HTTP/1.1" 200 -
[vision_apriltag-9] [INFO] [1776989083.135330810] [vision_apriltag_node]: Vision AprilTag detection debug: no tags found after raw/CLAHE/sharp/adaptive/upscaled/tiled passes.
[ros2_control_node-1] [WARN] [1776989083.284489534] [controller_manager]: Overrun might occur, Total time : 12605.166 us (Expected < 1000.000 us) --> Read time : 37.873 us, Update time : 233.609 us, Write time : 12333.684 us
[ros2_control_node-1] [WARN] [1776989083.284576317] [controller_manager]: Overrun detected! The controller manager missed its desired rate of 1000 Hz. The loop took 12.719198 ms (missed cycles : 13).
[adl_ui-15] 127.0.0.1 - - [23/Apr/2026 20:04:43] "GET /status_json HTTP/1.1" 200 -
[adl_ui-15] 127.0.0.1 - - [23/Apr/2026 20:04:44] "GET /status_json HTTP/1.1" 200 -
[ros2_control_node-1] [WARN] [1776989084.287660534] [controller_manager]: Overrun might occur, Total time : 2777.146 us (Expected < 1000.000 us) --> Read time : 49.657 us, Update time : 265.198 us, Write time : 2462.291 us
[ros2_control_node-1] [WARN] [1776989084.287746616] [controller_manager]: Overrun detected! The controller manager missed its desired rate of 1000 Hz. The loop took 2.889652 ms (missed cycles : 3).
[vision_apriltag-9] [INFO] [1776989084.380479636] [vision_apriltag_node]: Vision AprilTag: images are arriving, but no AprilTag has been seen for 537.2s.
[adl_ui-15] 127.0.0.1 - - [23/Apr/2026 20:04:44] "GET /status_json HTTP/1.1" 200 -
[ros2_control_node-1] [WARN] [1776989085.289256464] [controller_manager]: Overrun might occur, Total time : 2376.521 us (Expected < 1000.000 us) --> Read time : 36.346 us, Update time : 204.589 us, Write time : 2135.586 us
[ros2_control_node-1] [WARN] [1776989085.289338427] [controller_manager]: Overrun detected! The controller manager missed its desired rate of 1000 Hz. The loop took 2.481826 ms (missed cycles : 3).
[adl_ui-15] 127.0.0.1 - - [23/Apr/2026 20:04:45] "GET /status_json HTTP/1.1" 200 -
[vision_apriltag-9] [INFO] [1776989086.165699674] [vision_apriltag_node]: Vision AprilTag: images are arriving, but no AprilTag has been seen for 539.0s.
[ros2_control_node-1] [WARN] [1776989086.290795965] [controller_manager]: Overrun might occur, Total time : 2909.576 us (Expected < 1000.000 us) --> Read time : 48.065 us, Update time : 257.331 us, Write time : 2604.180 us
[ros2_control_node-1] [WARN] [1776989086.290885814] [controller_manager]: Overrun detected! The controller manager missed its desired rate of 1000 Hz. The loop took 3.028671 ms (missed cycles : 4).
[adl_ui-15] 127.0.0.1 - - [23/Apr/2026 20:04:46] "GET /status_json HTTP/1.1" 200 -
[wrist_camera_usb_publisher-8] [INFO] [1776989086.682867679] [wrist_camera_usb_publisher_node]: USB camera publisher heartbeat: publishing 1280x720 frames on /wrist_mounted_camera/image; camera_info fx=920.87, fy=921.57, cx=644.76, cy=343.15.
[adl_ui-15] 127.0.0.1 - - [23/Apr/2026 20:04:47] "GET /status_json HTTP/1.1" 200 -
[ros2_control_node-1] [WARN] [1776989087.293122715] [controller_manager]: Overrun might occur, Total time : 3239.941 us (Expected < 1000.000 us) --> Read time : 46.536 us, Update time : 247.122 us, Write time : 2946.283 us
[ros2_control_node-1] [WARN] [1776989087.293211343] [controller_manager]: Overrun detected! The controller manager missed its desired rate of 1000 Hz. The loop took 3.354790 ms (missed cycles : 4).
[adl_ui-15] 127.0.0.1 - - [23/Apr/2026 20:04:47] "GET /status_json HTTP/1.1" 200 -
[vision_apriltag-9] [INFO] [1776989088.248699088] [vision_apriltag_node]: Vision AprilTag detection debug: no tags found after raw/CLAHE/sharp/adaptive/upscaled/tiled passes.
[vision_apriltag-9] [INFO] [1776989088.252388936] [vision_apriltag_node]: Vision AprilTag: images are arriving, but no AprilTag has been seen for 541.1s.
[ros2_control_node-1] [WARN] [1776989088.294164560] [controller_manager]: Overrun might occur, Total time : 3280.743 us (Expected < 1000.000 us) --> Read time : 45.725 us, Update time : 310.902 us, Write time : 2924.116 us
[ros2_control_node-1] [WARN] [1776989088.294238128] [controller_manager]: Overrun detected! The controller manager missed its desired rate of 1000 Hz. The loop took 3.381183 ms (missed cycles : 4).
[adl_ui-15] 127.0.0.1 - - [23/Apr/2026 20:04:48] "GET /status_json HTTP/1.1" 200 -
[ros2_control_node-1] [WARN] [1776989089.294887996] [controller_manager]: Overrun might occur, Total time : 3003.766 us (Expected < 1000.000 us) --> Read time : 43.477 us, Update time : 243.443 us, Write time : 2716.846 us
[ros2_control_node-1] [WARN] [1776989089.294973689] [controller_manager]: Overrun detected! The controller manager missed its desired rate of 1000 Hz. The loop took 3.116404 ms (missed cycles : 4).
[adl_ui-15] 127.0.0.1 - - [23/Apr/2026 20:04:49] "GET /status_json HTTP/1.1" 200 -
[adl_ui-15] 127.0.0.1 - - [23/Apr/2026 20:04:50] "GET /status_json HTTP/1.1" 200 -
[vision_apriltag-9] [INFO] [1776989090.167843276] [vision_apriltag_node]: Vision AprilTag: images are arriving, but no AprilTag has been seen for 543.0s.
[ros2_control_node-1] [WARN] [1776989090.298920826] [controller_manager]: Overrun might occur, Total time : 4015.739 us (Expected < 1000.000 us) --> Read time : 58.574 us, Update time : 344.813 us, Write time : 3612.352 us
[ros2_control_node-1] [WARN] [1776989090.299042444] [controller_manager]: Overrun detected! The controller manager missed its desired rate of 1000 Hz. The loop took 4.184279 ms (missed cycles : 5).
[adl_ui-15] 127.0.0.1 - - [23/Apr/2026 20:04:50] "GET /status_json HTTP/1.1" 200 -
[ros2_control_node-1] [WARN] [1776989091.299706443] [controller_manager]: Overrun might occur, Total time : 3821.224 us (Expected < 1000.000 us) --> Read time : 45.739 us, Update time : 274.803 us, Write time : 3500.682 us
[ros2_control_node-1] [WARN] [1776989091.299791362] [controller_manager]: Overrun detected! The controller manager missed its desired rate of 1000 Hz. The loop took 3.934444 ms (missed cycles : 4).
[adl_ui-15] 127.0.0.1 - - [23/Apr/2026 20:04:51] "GET /status_json HTTP/1.1" 200 -
[wrist_camera_usb_publisher-8] [INFO] [1776989091.826365125] [wrist_camera_usb_publisher_node]: USB camera publisher heartbeat: publishing 1280x720 frames on /wrist_mounted_camera/image; camera_info fx=920.87, fy=921.57, cx=644.76, cy=343.15.
[vision_apriltag-9] [INFO] [1776989092.173180918] [vision_apriltag_node]: Vision AprilTag: images are arriving, but no AprilTag has been seen for 545.0s.
[ros2_control_node-1] [WARN] [1776989092.302356706] [controller_manager]: Overrun might occur, Total time : 3472.907 us (Expected < 1000.000 us) --> Read time : 47.549 us, Update time : 273.049 us, Write time : 3152.309 us
[ros2_control_node-1] [WARN] [1776989092.302422093] [controller_manager]: Overrun detected! The controller manager missed its desired rate of 1000 Hz. The loop took 3.566258 ms (missed cycles : 4).
[adl_ui-15] 127.0.0.1 - - [23/Apr/2026 20:04:52] "GET /status_json HTTP/1.1" 200 -
[adl_ui-15] 127.0.0.1 - - [23/Apr/2026 20:04:53] "GET /status_json HTTP/1.1" 200 -
[ros2_control_node-1] [WARN] [1776989093.303870285] [controller_manager]: Overrun might occur, Total time : 2981.565 us (Expected < 1000.000 us) --> Read time : 70.891 us, Update time : 404.495 us, Write time : 2506.179 us
[ros2_control_node-1] [WARN] [1776989093.303949531] [controller_manager]: Overrun detected! The controller manager missed its desired rate of 1000 Hz. The loop took 3.092975 ms (missed cycles : 4).
[vision_apriltag-9] [INFO] [1776989093.485158190] [vision_apriltag_node]: Vision AprilTag detection debug: no tags found after raw/CLAHE/sharp/adaptive/upscaled/tiled passes.
[adl_ui-15] 127.0.0.1 - - [23/Apr/2026 20:04:53] "GET /status_json HTTP/1.1" 200 -
[vision_apriltag-9] [INFO] [1776989094.164812836] [vision_apriltag_node]: Vision AprilTag: images are arriving, but no AprilTag has been seen for 547.0s.
[ros2_control_node-1] [WARN] [1776989094.306719144] [controller_manager]: Overrun might occur, Total time : 2842.402 us (Expected < 1000.000 us) --> Read time : 37.097 us, Update time : 225.543 us, Write time : 2579.762 us
[ros2_control_node-1] [WARN] [1776989094.306790804] [controller_manager]: Overrun detected! The controller manager missed its desired rate of 1000 Hz. The loop took 2.934067 ms (missed cycles : 3).
[adl_ui-15] 127.0.0.1 - - [23/Apr/2026 20:04:54] "GET /status_json HTTP/1.1" 200 -
[ros2_control_node-1] [WARN] [1776989095.307407068] [controller_manager]: Overrun might occur, Total time : 2525.343 us (Expected < 1000.000 us) --> Read time : 41.795 us, Update time : 258.118 us, Write time : 2225.430 us
[ros2_control_node-1] [WARN] [1776989095.307484822] [controller_manager]: Overrun detected! The controller manager missed its desired rate of 1000 Hz. The loop took 2.628016 ms (missed cycles : 3).
[adl_ui-15] 127.0.0.1 - - [23/Apr/2026 20:04:55] "GET /status_json HTTP/1.1" 200 -
[adl_ui-15] 127.0.0.1 - - [23/Apr/2026 20:04:56] "GET /status_json HTTP/1.1" 200 -
[vision_apriltag-9] [INFO] [1776989096.167911164] [vision_apriltag_node]: Vision AprilTag: images are arriving, but no AprilTag has been seen for 549.0s.
[ros2_control_node-1] [WARN] [1776989096.307900773] [controller_manager]: Overrun might occur, Total time : 3012.767 us (Expected < 1000.000 us) --> Read time : 35.544 us, Update time : 237.356 us, Write time : 2739.867 us
[ros2_control_node-1] [WARN] [1776989096.308001854] [controller_manager]: Overrun detected! The controller manager missed its desired rate of 1000 Hz. The loop took 3.143874 ms (missed cycles : 4).
[wrist_camera_usb_publisher-8] [INFO] [1776989096.833000345] [wrist_camera_usb_publisher_node]: USB camera publisher heartbeat: publishing 1280x720 frames on /wrist_mounted_camera/image; camera_info fx=920.87, fy=921.57, cx=644.76, cy=343.15.
[adl_ui-15] 127.0.0.1 - - [23/Apr/2026 20:04:56] "GET /status_json HTTP/1.1" 200 -
[ros2_control_node-1] [WARN] [1776989097.310780029] [controller_manager]: Overrun might occur, Total time : 2899.963 us (Expected < 1000.000 us) --> Read time : 36.304 us, Update time : 238.034 us, Write time : 2625.625 us
[ros2_control_node-1] [WARN] [1776989097.310851559] [controller_manager]: Overrun detected! The controller manager missed its desired rate of 1000 Hz. The loop took 2.995043 ms (missed cycles : 3).
[adl_ui-15] 127.0.0.1 - - [23/Apr/2026 20:04:57] "GET /status_json HTTP/1.1" 200 -
[ros2_control_node-1] [WARN] [1776989098.312717142] [controller_manager]: Overrun might occur, Total time : 2838.116 us (Expected < 1000.000 us) --> Read time : 39.307 us, Update time : 239.449 us, Write time : 2559.360 us
[ros2_control_node-1] [WARN] [1776989098.312794665] [controller_manager]: Overrun detected! The controller manager missed its desired rate of 1000 Hz. The loop took 2.938093 ms (missed cycles : 3).
[adl_ui-15] 127.0.0.1 - - [23/Apr/2026 20:04:58] "GET /status_json HTTP/1.1" 200 -
[vision_apriltag-9] [INFO] [1776989098.457652365] [vision_apriltag_node]: Vision AprilTag: images are arriving, but no AprilTag has been seen for 551.3s.
[vision_apriltag-9] [INFO] [1776989098.511854817] [vision_apriltag_node]: Vision AprilTag detection debug: no tags found after raw/CLAHE/sharp/adaptive/upscaled/tiled passes.
[adl_ui-15] 127.0.0.1 - - [23/Apr/2026 20:04:59] "GET /status_json HTTP/1.1" 200 -
[ros2_control_node-1] [WARN] [1776989099.314131446] [controller_manager]: Overrun might occur, Total time : 3244.436 us (Expected < 1000.000 us) --> Read time : 40.344 us, Update time : 222.561 us, Write time : 2981.531 us
[ros2_control_node-1] [WARN] [1776989099.314297514] [controller_manager]: Overrun detected! The controller manager missed its desired rate of 1000 Hz. The loop took 3.438725 ms (missed cycles : 4).
[adl_ui-15] 127.0.0.1 - - [23/Apr/2026 20:04:59] "GET /status_json HTTP/1.1" 200 -
[vision_apriltag-9] [INFO] [1776989100.163573036] [vision_apriltag_node]: Vision AprilTag: images are arriving, but no AprilTag has been seen for 553.0s.
[ros2_control_node-1] [WARN] [1776989100.320459508] [controller_manager]: Overrun might occur, Total time : 6568.133 us (Expected < 1000.000 us) --> Read time : 74.587 us, Update time : 322.903 us, Write time : 6170.643 us
[ros2_control_node-1] [WARN] [1776989100.320554790] [controller_manager]: Overrun detected! The controller manager missed its desired rate of 1000 Hz. The loop took 6.697863 ms (missed cycles : 7).
[adl_ui-15] 127.0.0.1 - - [23/Apr/2026 20:05:00] "GET /status_json HTTP/1.1" 200 -
[ros2_control_node-1] [WARN] [1776989101.323588992] [controller_manager]: Overrun might occur, Total time : 3699.285 us (Expected < 1000.000 us) --> Read time : 58.154 us, Update time : 411.092 us, Write time : 3230.039 us
[ros2_control_node-1] [WARN] [1776989101.323707300] [controller_manager]: Overrun detected! The controller manager missed its desired rate of 1000 Hz. The loop took 3.842374 ms (missed cycles : 4).
[adl_ui-15] 127.0.0.1 - - [23/Apr/2026 20:05:01] "GET /status_json HTTP/1.1" 200 -
[wrist_camera_usb_publisher-8] [INFO] [1776989101.984542268] [wrist_camera_usb_publisher_node]: USB camera publisher heartbeat: publishing 1280x720 frames on /wrist_mounted_camera/image; camera_info fx=920.87, fy=921.57, cx=644.76, cy=343.15.
[vision_apriltag-9] [INFO] [1776989102.165821881] [vision_apriltag_node]: Vision AprilTag: images are arriving, but no AprilTag has been seen for 555.0s.
[adl_ui-15] 127.0.0.1 - - [23/Apr/2026 20:05:02] "GET /status_json HTTP/1.1" 200 -
[ros2_control_node-1] [WARN] [1776989102.323961380] [controller_manager]: Overrun might occur, Total time : 3069.845 us (Expected < 1000.000 us) --> Read time : 40.457 us, Update time : 244.445 us, Write time : 2784.943 us
[ros2_control_node-1] [WARN] [1776989102.324155107] [controller_manager]: Overrun detected! The controller manager missed its desired rate of 1000 Hz. The loop took 3.298114 ms (missed cycles : 4).
[adl_ui-15] 127.0.0.1 - - [23/Apr/2026 20:05:02] "GET /status_json HTTP/1.1" 200 -
[ros2_control_node-1] [WARN] [1776989103.327888326] [controller_manager]: Overrun might occur, Total time : 10998.281 us (Expected < 1000.000 us) --> Read time : 46.144 us, Update time : 285.634 us, Write time : 10666.503 us
[ros2_control_node-1] [WARN] [1776989103.327980414] [controller_manager]: Overrun detected! The controller manager missed its desired rate of 1000 Hz. The loop took 11.123588 ms (missed cycles : 12).
[adl_ui-15] 127.0.0.1 - - [23/Apr/2026 20:05:03] "GET /status_json HTTP/1.1" 200 -
[vision_apriltag-9] [INFO] [1776989103.818103704] [vision_apriltag_node]: Vision AprilTag detection debug: no tags found after raw/CLAHE/sharp/adaptive/upscaled/tiled passes.
[vision_apriltag-9] [INFO] [1776989104.164547271] [vision_apriltag_node]: Vision AprilTag: images are arriving, but no AprilTag has been seen for 557.0s.
[ros2_control_node-1] [WARN] [1776989104.328767607] [controller_manager]: Overrun might occur, Total time : 2883.635 us (Expected < 1000.000 us) --> Read time : 37.369 us, Update time : 217.411 us, Write time : 2628.855 us
[ros2_control_node-1] [WARN] [1776989104.328880393] [controller_manager]: Overrun detected! The controller manager missed its desired rate of 1000 Hz. The loop took 3.022525 ms (missed cycles : 4).
[adl_ui-15] 127.0.0.1 - - [23/Apr/2026 20:05:04] "GET /status_json HTTP/1.1" 200 -
[adl_ui-15] 127.0.0.1 - - [23/Apr/2026 20:05:05] "GET /status_json HTTP/1.1" 200 -
[ros2_control_node-1] [WARN] [1776989105.330306240] [controller_manager]: Overrun might occur, Total time : 3422.386 us (Expected < 1000.000 us) --> Read time : 46.619 us, Update time : 252.525 us, Write time : 3123.242 us
[ros2_control_node-1] [WARN] [1776989105.330388405] [controller_manager]: Overrun detected! The controller manager missed its desired rate of 1000 Hz. The loop took 3.531577 ms (missed cycles : 4).
[adl_ui-15] 127.0.0.1 - - [23/Apr/2026 20:05:05] "GET /status_json HTTP/1.1" 200 -
[ros2_control_node-1] [WARN] [1776989106.330376078] [controller_manager]: Overrun might occur, Total time : 4468.636 us (Expected < 1000.000 us) --> Read time : 71.623 us, Update time : 313.870 us, Write time : 4083.143 us
[ros2_control_node-1] [WARN] [1776989106.330503053] [controller_manager]: Overrun detected! The controller manager missed its desired rate of 1000 Hz. The loop took 4.645657 ms (missed cycles : 5).
[vision_apriltag-9] [INFO] [1776989106.397105455] [vision_apriltag_node]: Vision AprilTag: images are arriving, but no AprilTag has been seen for 559.2s.
[adl_ui-15] 127.0.0.1 - - [23/Apr/2026 20:05:06] "GET /status_json HTTP/1.1" 200 -
[wrist_camera_usb_publisher-8] [INFO] [1776989107.143686373] [wrist_camera_usb_publisher_node]: USB camera publisher heartbeat: publishing 1280x720 frames on /wrist_mounted_camera/image; camera_info fx=920.87, fy=921.57, cx=644.76, cy=343.15.
[ros2_control_node-1] [WARN] [1776989107.330398293] [controller_manager]: Overrun might occur, Total time : 5517.879 us (Expected < 1000.000 us) --> Read time : 34.760 us, Update time : 240.725 us, Write time : 5242.394 us
[ros2_control_node-1] [WARN] [1776989107.335408205] [controller_manager]: Overrun detected! The controller manager missed its desired rate of 1000 Hz. The loop took 4.551544 ms (missed cycles : 5).
[adl_ui-15] 127.0.0.1 - - [23/Apr/2026 20:05:07] "GET /status_json HTTP/1.1" 200 -
[vision_apriltag-9] [INFO] [1776989108.165506525] [vision_apriltag_node]: Vision AprilTag: images are arriving, but no AprilTag has been seen for 561.0s.
[adl_ui-15] 127.0.0.1 - - [23/Apr/2026 20:05:08] "GET /status_json HTTP/1.1" 200 -
[ros2_control_node-1] [WARN] [1776989108.333693736] [controller_manager]: Overrun might occur, Total time : 2802.438 us (Expected < 1000.000 us) --> Read time : 43.514 us, Update time : 255.568 us, Write time : 2503.356 us
[ros2_control_node-1] [WARN] [1776989108.340020138] [controller_manager]: Overrun detected! The controller manager missed its desired rate of 1000 Hz. The loop took 6.163912 ms (missed cycles : 7).
[adl_ui-15] 127.0.0.1 - - [23/Apr/2026 20:05:08] "GET /status_json HTTP/1.1" 200 -
[vision_apriltag-9] [INFO] [1776989109.106743978] [vision_apriltag_node]: Vision AprilTag detection debug: no tags found after raw/CLAHE/sharp/adaptive/upscaled/tiled passes.
[ros2_control_node-1] [WARN] [1776989109.336019443] [controller_manager]: Overrun might occur, Total time : 3131.928 us (Expected < 1000.000 us) --> Read time : 50.272 us, Update time : 462.649 us, Write time : 2619.007 us
[ros2_control_node-1] [WARN] [1776989109.343916728] [controller_manager]: Overrun detected! The controller manager missed its desired rate of 1000 Hz. The loop took 3.060132 ms (missed cycles : 4).
[adl_ui-15] 127.0.0.1 - - [23/Apr/2026 20:05:09] "GET /status_json HTTP/1.1" 200 -
[vision_apriltag-9] [INFO] [1776989110.163542676] [vision_apriltag_node]: Vision AprilTag: images are arriving, but no AprilTag has been seen for 563.0s.
[ros2_control_node-1] [WARN] [1776989110.338701119] [controller_manager]: Overrun might occur, Total time : 2812.872 us (Expected < 1000.000 us) --> Read time : 65.226 us, Update time : 331.308 us, Write time : 2416.338 us
[ros2_control_node-1] [WARN] [1776989110.346759407] [controller_manager]: Overrun detected! The controller manager missed its desired rate of 1000 Hz. The loop took 2.903137 ms (missed cycles : 3).
[adl_ui-15] 127.0.0.1 - - [23/Apr/2026 20:05:10] "GET /status_json HTTP/1.1" 200 -
[adl_ui-15] 127.0.0.1 - - [23/Apr/2026 20:05:11] "GET /status_json HTTP/1.1" 200 -
[ros2_control_node-1] [WARN] [1776989111.345398765] [controller_manager]: Overrun might occur, Total time : 6513.086 us (Expected < 1000.000 us) --> Read time : 43.424 us, Update time : 247.779 us, Write time : 6221.883 us
[ros2_control_node-1] [WARN] [1776989111.349891546] [controller_manager]: Overrun detected! The controller manager missed its desired rate of 1000 Hz. The loop took 4.035118 ms (missed cycles : 5).
[adl_ui-15] 127.0.0.1 - - [23/Apr/2026 20:05:11] "GET /status_json HTTP/1.1" 200 -
[vision_apriltag-9] [INFO] [1776989112.196540086] [vision_apriltag_node]: Vision AprilTag: images are arriving, but no AprilTag has been seen for 565.0s.
[wrist_camera_usb_publisher-8] [INFO] [1776989112.304000723] [wrist_camera_usb_publisher_node]: USB camera publisher heartbeat: publishing 1280x720 frames on /wrist_mounted_camera/image; camera_info fx=920.87, fy=921.57, cx=644.76, cy=343.15.
[ros2_control_node-1] [WARN] [1776989112.347368817] [controller_manager]: Overrun might occur, Total time : 3487.925 us (Expected < 1000.000 us) --> Read time : 38.781 us, Update time : 274.979 us, Write time : 3174.165 us
[ros2_control_node-1] [WARN] [1776989112.351238064] [controller_manager]: Overrun detected! The controller manager missed its desired rate of 1000 Hz. The loop took 3.381667 ms (missed cycles : 4).
[adl_ui-15] 127.0.0.1 - - [23/Apr/2026 20:05:12] "GET /status_json HTTP/1.1" 200 -
[ros2_control_node-1] [WARN] [1776989113.349568356] [controller_manager]: Overrun might occur, Total time : 2679.456 us (Expected < 1000.000 us) --> Read time : 39.980 us, Update time : 238.429 us, Write time : 2401.047 us
[ros2_control_node-1] [WARN] [1776989113.352596232] [controller_manager]: Overrun detected! The controller manager missed its desired rate of 1000 Hz. The loop took 2.739495 ms (missed cycles : 3).
[adl_ui-15] 127.0.0.1 - - [23/Apr/2026 20:05:13] "GET /status_json HTTP/1.1" 200 -
[adl_ui-15] 127.0.0.1 - - [23/Apr/2026 20:05:14] "GET /status_json HTTP/1.1" 200 -
[ros2_control_node-1] [WARN] [1776989114.349620811] [controller_manager]: Overrun might occur, Total time : 2744.741 us (Expected < 1000.000 us) --> Read time : 42.683 us, Update time : 244.455 us, Write time : 2457.603 us
[ros2_control_node-1] [WARN] [1776989114.355883384] [controller_manager]: Overrun detected! The controller manager missed its desired rate of 1000 Hz. The loop took 3.026824 ms (missed cycles : 4).
[vision_apriltag-9] [INFO] [1776989114.706451784] [vision_apriltag_node]: Vision AprilTag detection debug: no tags found after raw/CLAHE/sharp/adaptive/upscaled/tiled passes.
[vision_apriltag-9] [INFO] [1776989114.716691882] [vision_apriltag_node]: Vision AprilTag: images are arriving, but no AprilTag has been seen for 567.5s.
[adl_ui-15] 127.0.0.1 - - [23/Apr/2026 20:05:14] "GET /status_json HTTP/1.1" 200 -
[ros2_control_node-1] [WARN] [1776989115.350826735] [controller_manager]: Overrun might occur, Total time : 2905.232 us (Expected < 1000.000 us) --> Read time : 63.758 us, Update time : 269.477 us, Write time : 2571.997 us
[ros2_control_node-1] [WARN] [1776989115.358406408] [controller_manager]: Overrun detected! The controller manager missed its desired rate of 1000 Hz. The loop took 3.550140 ms (missed cycles : 4).
[adl_ui-15] 127.0.0.1 - - [23/Apr/2026 20:05:15] "GET /status_json HTTP/1.1" 200 -
[vision_apriltag-9] [INFO] [1776989116.165639709] [vision_apriltag_node]: Vision AprilTag: images are arriving, but no AprilTag has been seen for 569.0s.
[ros2_control_node-1] [WARN] [1776989116.355497887] [controller_manager]: Overrun might occur, Total time : 4610.582 us (Expected < 1000.000 us) --> Read time : 42.073 us, Update time : 241.547 us, Write time : 4326.962 us
[ros2_control_node-1] [WARN] [1776989116.358737432] [controller_manager]: Overrun detected! The controller manager missed its desired rate of 1000 Hz. The loop took 2.880191 ms (missed cycles : 3).
[adl_ui-15] 127.0.0.1 - - [23/Apr/2026 20:05:16] "GET /status_json HTTP/1.1" 200 -
[adl_ui-15] 127.0.0.1 - - [23/Apr/2026 20:05:17] "GET /status_json HTTP/1.1" 200 -
[ros2_control_node-1] [WARN] [1776989117.358311619] [controller_manager]: Overrun might occur, Total time : 3429.870 us (Expected < 1000.000 us) --> Read time : 41.728 us, Update time : 247.658 us, Write time : 3140.484 us
[ros2_control_node-1] [WARN] [1776989117.362071939] [controller_manager]: Overrun detected! The controller manager missed its desired rate of 1000 Hz. The loop took 3.215090 ms (missed cycles : 4).
[wrist_camera_usb_publisher-8] [INFO] [1776989117.466419729] [wrist_camera_usb_publisher_node]: USB camera publisher heartbeat: publishing 1280x720 frames on /wrist_mounted_camera/image; camera_info fx=920.87, fy=921.57, cx=644.76, cy=343.15.
[adl_ui-15] 127.0.0.1 - - [23/Apr/2026 20:05:17] "GET /status_json HTTP/1.1" 200 -
[vision_apriltag-9] [INFO] [1776989118.174546478] [vision_apriltag_node]: Vision AprilTag: images are arriving, but no AprilTag has been seen for 571.0s.
[ros2_control_node-1] [WARN] [1776989118.363094393] [controller_manager]: Overrun might occur, Total time : 9210.675 us (Expected < 1000.000 us) --> Read time : 44.869 us, Update time : 274.441 us, Write time : 8891.365 us
[ros2_control_node-1] [WARN] [1776989118.363176445] [controller_manager]: Overrun detected! The controller manager missed its desired rate of 1000 Hz. The loop took 9.319572 ms (missed cycles : 10).
[adl_ui-15] 127.0.0.1 - - [23/Apr/2026 20:05:18] "GET /status_json HTTP/1.1" 200 -
[ros2_control_node-1] [WARN] [1776989119.364985398] [controller_manager]: Overrun might occur, Total time : 3106.859 us (Expected < 1000.000 us) --> Read time : 40.615 us, Update time : 224.078 us, Write time : 2842.166 us
[ros2_control_node-1] [WARN] [1776989119.365060625] [controller_manager]: Overrun detected! The controller manager missed its desired rate of 1000 Hz. The loop took 3.204169 ms (missed cycles : 4).
[adl_ui-15] 127.0.0.1 - - [23/Apr/2026 20:05:19] "GET /status_json HTTP/1.1" 200 -
[vision_apriltag-9] [INFO] [1776989119.982655492] [vision_apriltag_node]: Vision AprilTag detection debug: no tags found after raw/CLAHE/sharp/adaptive/upscaled/tiled passes.
[vision_apriltag-9] [INFO] [1776989120.163961864] [vision_apriltag_node]: Vision AprilTag: images are arriving, but no AprilTag has been seen for 573.0s.
[adl_ui-15] 127.0.0.1 - - [23/Apr/2026 20:05:20] "GET /status_json HTTP/1.1" 200 -
[ros2_control_node-1] [WARN] [1776989120.377624800] [controller_manager]: Overrun might occur, Total time : 16745.442 us (Expected < 1000.000 us) --> Read time : 45.172 us, Update time : 234.819 us, Write time : 16465.451 us
[ros2_control_node-1] [WARN] [1776989120.377703593] [controller_manager]: Overrun detected! The controller manager missed its desired rate of 1000 Hz. The loop took 16.846982 ms (missed cycles : 17).
[adl_ui-15] 127.0.0.1 - - [23/Apr/2026 20:05:20] "GET /status_json HTTP/1.1" 200 -
[ros2_control_node-1] [WARN] [1776989121.379896629] [controller_manager]: Overrun might occur, Total time : 5010.732 us (Expected < 1000.000 us) --> Read time : 43.156 us, Update time : 261.024 us, Write time : 4706.552 us
[ros2_control_node-1] [WARN] [1776989121.379969364] [controller_manager]: Overrun detected! The controller manager missed its desired rate of 1000 Hz. The loop took 5.112847 ms (missed cycles : 6).
[adl_ui-15] 127.0.0.1 - - [23/Apr/2026 20:05:21] "GET /status_json HTTP/1.1" 200 -
[vision_apriltag-9] [INFO] [1776989122.384463248] [vision_apriltag_node]: Vision AprilTag: images are arriving, but no AprilTag has been seen for 575.2s.
[ros2_control_node-1] [WARN] [1776989122.386536246] [controller_manager]: Overrun might occur, Total time : 8650.410 us (Expected < 1000.000 us) --> Read time : 68.279 us, Update time : 340.211 us, Write time : 8241.920 us
[ros2_control_node-1] [WARN] [1776989122.386619538] [controller_manager]: Overrun detected! The controller manager missed its desired rate of 1000 Hz. The loop took 8.762515 ms (missed cycles : 9).
[adl_ui-15] 127.0.0.1 - - [23/Apr/2026 20:05:22] "GET /status_json HTTP/1.1" 200 -
[wrist_camera_usb_publisher-8] [INFO] [1776989122.476030736] [wrist_camera_usb_publisher_node]: USB camera publisher heartbeat: publishing 1280x720 frames on /wrist_mounted_camera/image; camera_info fx=920.87, fy=921.57, cx=644.76, cy=343.15.
[adl_ui-15] 127.0.0.1 - - [23/Apr/2026 20:05:23] "GET /status_json HTTP/1.1" 200 -
[ros2_control_node-1] [WARN] [1776989123.386908861] [controller_manager]: Overrun might occur, Total time : 8019.394 us (Expected < 1000.000 us) --> Read time : 62.822 us, Update time : 334.048 us, Write time : 7622.524 us
[ros2_control_node-1] [WARN] [1776989123.386991620] [controller_manager]: Overrun detected! The controller manager missed its desired rate of 1000 Hz. The loop took 8.135057 ms (missed cycles : 9).
[adl_ui-15] 127.0.0.1 - - [23/Apr/2026 20:05:23] "GET /status_json HTTP/1.1" 200 -
[vision_apriltag-9] [INFO] [1776989124.164616760] [vision_apriltag_node]: Vision AprilTag: images are arriving, but no AprilTag has been seen for 577.0s.
[ros2_control_node-1] [WARN] [1776989124.387368540] [controller_manager]: Overrun might occur, Total time : 5486.733 us (Expected < 1000.000 us) --> Read time : 36.966 us, Update time : 233.973 us, Write time : 5215.794 us
[ros2_control_node-1] [WARN] [1776989124.387475369] [controller_manager]: Overrun detected! The controller manager missed its desired rate of 1000 Hz. The loop took 5.617669 ms (missed cycles : 6).
[adl_ui-15] 127.0.0.1 - - [23/Apr/2026 20:05:24] "GET /status_json HTTP/1.1" 200 -
[vision_apriltag-9] [INFO] [1776989125.202738773] [vision_apriltag_node]: Vision AprilTag detection debug: no tags found after raw/CLAHE/sharp/adaptive/upscaled/tiled passes.
[ros2_control_node-1] [WARN] [1776989125.390397605] [controller_manager]: Overrun might occur, Total time : 16508.343 us (Expected < 1000.000 us) --> Read time : 43.350 us, Update time : 243.631 us, Write time : 16221.362 us
[ros2_control_node-1] [WARN] [1776989125.390495179] [controller_manager]: Overrun detected! The controller manager missed its desired rate of 1000 Hz. The loop took 16.638314 ms (missed cycles : 17).
[adl_ui-15] 127.0.0.1 - - [23/Apr/2026 20:05:25] "GET /status_json HTTP/1.1" 200 -
[vision_apriltag-9] [INFO] [1776989126.165236743] [vision_apriltag_node]: Vision AprilTag: images are arriving, but no AprilTag has been seen for 579.0s.
[adl_ui-15] 127.0.0.1 - - [23/Apr/2026 20:05:26] "GET /status_json HTTP/1.1" 200 -
[ros2_control_node-1] [WARN] [1776989126.392749402] [controller_manager]: Overrun might occur, Total time : 2871.016 us (Expected < 1000.000 us) --> Read time : 36.447 us, Update time : 212.418 us, Write time : 2622.151 us
[ros2_control_node-1] [WARN] [1776989126.392826496] [controller_manager]: Overrun detected! The controller manager missed its desired rate of 1000 Hz. The loop took 2.969588 ms (missed cycles : 3).
[adl_ui-15] 127.0.0.1 - - [23/Apr/2026 20:05:26] "GET /status_json HTTP/1.1" 200 -
[ros2_control_node-1] [WARN] [1776989127.395825415] [controller_manager]: Overrun might occur, Total time : 2943.590 us (Expected < 1000.000 us) --> Read time : 43.912 us, Update time : 242.973 us, Write time : 2656.705 us
[ros2_control_node-1] [WARN] [1776989127.395908266] [controller_manager]: Overrun detected! The controller manager missed its desired rate of 1000 Hz. The loop took 3.051722 ms (missed cycles : 4).
[wrist_camera_usb_publisher-8] [INFO] [1776989127.627100653] [wrist_camera_usb_publisher_node]: USB camera publisher heartbeat: publishing 1280x720 frames on /wrist_mounted_camera/image; camera_info fx=920.87, fy=921.57, cx=644.76, cy=343.15.
[adl_ui-15] 127.0.0.1 - - [23/Apr/2026 20:05:27] "GET /status_json HTTP/1.1" 200 -
[ros2_control_node-1] [WARN] [1776989128.396014876] [controller_manager]: Overrun might occur, Total time : 3126.787 us (Expected < 1000.000 us) --> Read time : 44.242 us, Update time : 240.145 us, Write time : 2842.400 us
[ros2_control_node-1] [WARN] [1776989128.396120691] [controller_manager]: Overrun detected! The controller manager missed its desired rate of 1000 Hz. The loop took 3.263672 ms (missed cycles : 4).
[adl_ui-15] 127.0.0.1 - - [23/Apr/2026 20:05:28] "GET /status_json HTTP/1.1" 200 -
[vision_apriltag-9] [INFO] [1776989128.479475518] [vision_apriltag_node]: Vision AprilTag: images are arriving, but no AprilTag has been seen for 581.3s.
[adl_ui-15] 127.0.0.1 - - [23/Apr/2026 20:05:29] "GET /status_json HTTP/1.1" 200 -
[ros2_control_node-1] [WARN] [1776989129.400802971] [controller_manager]: Overrun might occur, Total time : 4915.297 us (Expected < 1000.000 us) --> Read time : 52.778 us, Update time : 272.787 us, Write time : 4589.732 us
[ros2_control_node-1] [WARN] [1776989129.400891232] [controller_manager]: Overrun detected! The controller manager missed its desired rate of 1000 Hz. The loop took 5.034586 ms (missed cycles : 6).
[adl_ui-15] 127.0.0.1 - - [23/Apr/2026 20:05:29] "GET /status_json HTTP/1.1" 200 -
[vision_apriltag-9] [INFO] [1776989130.275236034] [vision_apriltag_node]: Vision AprilTag detection debug: no tags found after raw/CLAHE/sharp/adaptive/upscaled/tiled passes.
[ros2_control_node-1] [WARN] [1776989130.401796143] [controller_manager]: Overrun might occur, Total time : 2903.715 us (Expected < 1000.000 us) --> Read time : 69.081 us, Update time : 328.143 us, Write time : 2506.491 us
[ros2_control_node-1] [WARN] [1776989130.401881227] [controller_manager]: Overrun detected! The controller manager missed its desired rate of 1000 Hz. The loop took 3.024626 ms (missed cycles : 4).
[vision_apriltag-9] [INFO] [1776989130.533519917] [vision_apriltag_node]: Vision AprilTag: images are arriving, but no AprilTag has been seen for 583.4s.
[adl_ui-15] 127.0.0.1 - - [23/Apr/2026 20:05:30] "GET /status_json HTTP/1.1" 200 -
[ros2_control_node-1] [WARN] [1776989131.404026669] [controller_manager]: Overrun might occur, Total time : 3153.114 us (Expected < 1000.000 us) --> Read time : 28.662 us, Update time : 190.113 us, Write time : 2934.339 us
[ros2_control_node-1] [WARN] [1776989131.404103721] [controller_manager]: Overrun detected! The controller manager missed its desired rate of 1000 Hz. The loop took 3.246923 ms (missed cycles : 4).
[adl_ui-15] 127.0.0.1 - - [23/Apr/2026 20:05:31] "GET /status_json HTTP/1.1" 200 -
[vision_apriltag-9] [INFO] [1776989132.167115474] [vision_apriltag_node]: Vision AprilTag: images are arriving, but no AprilTag has been seen for 585.0s.
[adl_ui-15] 127.0.0.1 - - [23/Apr/2026 20:05:32] "GET /status_json HTTP/1.1" 200 -
[ros2_control_node-1] [WARN] [1776989132.406898926] [controller_manager]: Overrun might occur, Total time : 2997.330 us (Expected < 1000.000 us) --> Read time : 32.606 us, Update time : 220.957 us, Write time : 2743.767 us
[ros2_control_node-1] [WARN] [1776989132.406958794] [controller_manager]: Overrun detected! The controller manager missed its desired rate of 1000 Hz. The loop took 3.102839 ms (missed cycles : 4).
[wrist_camera_usb_publisher-8] [INFO] [1776989132.787226852] [wrist_camera_usb_publisher_node]: USB camera publisher heartbeat: publishing 1280x720 frames on /wrist_mounted_camera/image; camera_info fx=920.87, fy=921.57, cx=644.76, cy=343.15.
[adl_ui-15] 127.0.0.1 - - [23/Apr/2026 20:05:32] "GET /status_json HTTP/1.1" 200 -
[ros2_control_node-1] [WARN] [1776989133.410757183] [controller_manager]: Overrun might occur, Total time : 4870.593 us (Expected < 1000.000 us) --> Read time : 41.702 us, Update time : 258.092 us, Write time : 4570.799 us
[ros2_control_node-1] [WARN] [1776989133.410862585] [controller_manager]: Overrun detected! The controller manager missed its desired rate of 1000 Hz. The loop took 5.003324 ms (missed cycles : 6).
[adl_ui-15] 127.0.0.1 - - [23/Apr/2026 20:05:33] "GET /status_json HTTP/1.1" 200 -
[vision_apriltag-9] [INFO] [1776989134.164649814] [vision_apriltag_node]: Vision AprilTag: images are arriving, but no AprilTag has been seen for 587.0s.
[ros2_control_node-1] [WARN] [1776989134.413744286] [controller_manager]: Overrun might occur, Total time : 2864.784 us (Expected < 1000.000 us) --> Read time : 50.538 us, Update time : 287.961 us, Write time : 2526.285 us
[ros2_control_node-1] [WARN] [1776989134.413807752] [controller_manager]: Overrun detected! The controller manager missed its desired rate of 1000 Hz. The loop took 2.951705 ms (missed cycles : 3).
[adl_ui-15] 127.0.0.1 - - [23/Apr/2026 20:05:34] "GET /status_json HTTP/1.1" 200 -
[adl_ui-15] 127.0.0.1 - - [23/Apr/2026 20:05:35] "GET /status_json HTTP/1.1" 200 -
[vision_apriltag-9] [INFO] [1776989135.385973644] [vision_apriltag_node]: Vision AprilTag detection debug: no tags found after raw/CLAHE/sharp/adaptive/upscaled/tiled passes.
[ros2_control_node-1] [WARN] [1776989135.416482356] [controller_manager]: Overrun might occur, Total time : 3599.952 us (Expected < 1000.000 us) --> Read time : 46.276 us, Update time : 239.974 us, Write time : 3313.702 us
[ros2_control_node-1] [WARN] [1776989135.416559746] [controller_manager]: Overrun detected! The controller manager missed its desired rate of 1000 Hz. The loop took 3.703242 ms (missed cycles : 4).
[adl_ui-15] 127.0.0.1 - - [23/Apr/2026 20:05:35] "GET /status_json HTTP/1.1" 200 -
[vision_apriltag-9] [INFO] [1776989136.163460368] [vision_apriltag_node]: Vision AprilTag: images are arriving, but no AprilTag has been seen for 589.0s.
[ros2_control_node-1] [WARN] [1776989136.417752063] [controller_manager]: Overrun might occur, Total time : 2841.636 us (Expected < 1000.000 us) --> Read time : 40.411 us, Update time : 240.841 us, Write time : 2560.384 us
[ros2_control_node-1] [WARN] [1776989136.417817215] [controller_manager]: Overrun detected! The controller manager missed its desired rate of 1000 Hz. The loop took 2.960706 ms (missed cycles : 3).
[adl_ui-15] 127.0.0.1 - - [23/Apr/2026 20:05:36] "GET /status_json HTTP/1.1" 200 -
[ros2_control_node-1] [WARN] [1776989137.418663690] [controller_manager]: Overrun might occur, Total time : 2785.732 us (Expected < 1000.000 us) --> Read time : 33.933 us, Update time : 214.637 us, Write time : 2537.162 us
[ros2_control_node-1] [WARN] [1776989137.418741297] [controller_manager]: Overrun detected! The controller manager missed its desired rate of 1000 Hz. The loop took 2.884522 ms (missed cycles : 3).
[adl_ui-15] 127.0.0.1 - - [23/Apr/2026 20:05:37] "GET /status_json HTTP/1.1" 200 -
[wrist_camera_usb_publisher-8] [INFO] [1776989137.945114485] [wrist_camera_usb_publisher_node]: USB camera publisher heartbeat: publishing 1280x720 frames on /wrist_mounted_camera/image; camera_info fx=920.87, fy=921.57, cx=644.76, cy=343.15.
[vision_apriltag-9] [INFO] [1776989138.167692494] [vision_apriltag_node]: Vision AprilTag: images are arriving, but no AprilTag has been seen for 591.0s.
[adl_ui-15] 127.0.0.1 - - [23/Apr/2026 20:05:38] "GET /status_json HTTP/1.1" 200 -
[ros2_control_node-1] [WARN] [1776989138.419850202] [controller_manager]: Overrun might occur, Total time : 2964.091 us (Expected < 1000.000 us) --> Read time : 46.900 us, Update time : 228.556 us, Write time : 2688.635 us
[ros2_control_node-1] [WARN] [1776989138.419930592] [controller_manager]: Overrun detected! The controller manager missed its desired rate of 1000 Hz. The loop took 3.074178 ms (missed cycles : 4).
[adl_ui-15] 127.0.0.1 - - [23/Apr/2026 20:05:38] "GET /status_json HTTP/1.1" 200 -
[ros2_control_node-1] [WARN] [1776989139.421471320] [controller_manager]: Overrun might occur, Total time : 4580.300 us (Expected < 1000.000 us) --> Read time : 47.852 us, Update time : 246.797 us, Write time : 4285.651 us
[ros2_control_node-1] [WARN] [1776989139.421560361] [controller_manager]: Overrun detected! The controller manager missed its desired rate of 1000 Hz. The loop took 4.703502 ms (missed cycles : 5).
[adl_ui-15] 127.0.0.1 - - [23/Apr/2026 20:05:39] "GET /status_json HTTP/1.1" 200 -
[vision_apriltag-9] [INFO] [1776989140.253009251] [vision_apriltag_node]: Vision AprilTag: images are arriving, but no AprilTag has been seen for 593.1s.
[vision_apriltag-9] [INFO] [1776989140.417459280] [vision_apriltag_node]: Vision AprilTag detection debug: no tags found after raw/CLAHE/sharp/adaptive/upscaled/tiled passes.
[ros2_control_node-1] [WARN] [1776989140.424677550] [controller_manager]: Overrun might occur, Total time : 2796.662 us (Expected < 1000.000 us) --> Read time : 38.307 us, Update time : 209.292 us, Write time : 2549.063 us
[ros2_control_node-1] [WARN] [1776989140.424749202] [controller_manager]: Overrun detected! The controller manager missed its desired rate of 1000 Hz. The loop took 2.892726 ms (missed cycles : 3).
[adl_ui-15] 127.0.0.1 - - [23/Apr/2026 20:05:40] "GET /status_json HTTP/1.1" 200 -
[adl_ui-15] 127.0.0.1 - - [23/Apr/2026 20:05:41] "GET /status_json HTTP/1.1" 200 -
[ros2_control_node-1] [WARN] [1776989141.424777265] [controller_manager]: Overrun might occur, Total time : 2895.212 us (Expected < 1000.000 us) --> Read time : 37.258 us, Update time : 240.012 us, Write time : 2617.942 us
[ros2_control_node-1] [WARN] [1776989141.424877696] [controller_manager]: Overrun detected! The controller manager missed its desired rate of 1000 Hz. The loop took 3.020745 ms (missed cycles : 4).
[adl_ui-15] 127.0.0.1 - - [23/Apr/2026 20:05:41] "GET /status_json HTTP/1.1" 200 -
[vision_apriltag-9] [INFO] [1776989142.165315384] [vision_apriltag_node]: Vision AprilTag: images are arriving, but no AprilTag has been seen for 595.0s.
[ros2_control_node-1] [WARN] [1776989142.427235293] [controller_manager]: Overrun might occur, Total time : 3335.857 us (Expected < 1000.000 us) --> Read time : 61.552 us, Update time : 258.109 us, Write time : 3016.196 us
[ros2_control_node-1] [WARN] [1776989142.427389895] [controller_manager]: Overrun detected! The controller manager missed its desired rate of 1000 Hz. The loop took 3.532334 ms (missed cycles : 4).
[adl_ui-15] 127.0.0.1 - - [23/Apr/2026 20:05:42] "GET /status_json HTTP/1.1" 200 -
[wrist_camera_usb_publisher-8] [INFO] [1776989143.108008455] [wrist_camera_usb_publisher_node]: USB camera publisher heartbeat: publishing 1280x720 frames on /wrist_mounted_camera/image; camera_info fx=920.87, fy=921.57, cx=644.76, cy=343.15.
[ros2_control_node-1] [WARN] [1776989143.430217275] [controller_manager]: Overrun might occur, Total time : 3323.584 us (Expected < 1000.000 us) --> Read time : 67.817 us, Update time : 521.616 us, Write time : 2734.151 us
[ros2_control_node-1] [WARN] [1776989143.430360077] [controller_manager]: Overrun detected! The controller manager missed its desired rate of 1000 Hz. The loop took 3.502482 ms (missed cycles : 4).
[adl_ui-15] 127.0.0.1 - - [23/Apr/2026 20:05:43] "GET /status_json HTTP/1.1" 200 -
[vision_apriltag-9] [INFO] [1776989144.164428000] [vision_apriltag_node]: Vision AprilTag: images are arriving, but no AprilTag has been seen for 597.0s.
[adl_ui-15] 127.0.0.1 - - [23/Apr/2026 20:05:44] "GET /status_json HTTP/1.1" 200 -
[ros2_control_node-1] [WARN] [1776989144.433663610] [controller_manager]: Overrun might occur, Total time : 3771.293 us (Expected < 1000.000 us) --> Read time : 71.025 us, Update time : 443.613 us, Write time : 3256.655 us
[ros2_control_node-1] [WARN] [1776989144.433758032] [controller_manager]: Overrun detected! The controller manager missed its desired rate of 1000 Hz. The loop took 3.901013 ms (missed cycles : 4).
[adl_ui-15] 127.0.0.1 - - [23/Apr/2026 20:05:44] "GET /status_json HTTP/1.1" 200 -
[ros2_control_node-1] [WARN] [1776989145.434142694] [controller_manager]: Overrun might occur, Total time : 3231.844 us (Expected < 1000.000 us) --> Read time : 118.979 us, Update time : 462.543 us, Write time : 2650.322 us
[ros2_control_node-1] [WARN] [1776989145.434242882] [controller_manager]: Overrun detected! The controller manager missed its desired rate of 1000 Hz. The loop took 3.385723 ms (missed cycles : 4).
[vision_apriltag-9] [INFO] [1776989145.478128745] [vision_apriltag_node]: Vision AprilTag detection debug: no tags found after raw/CLAHE/sharp/adaptive/upscaled/tiled passes.
[adl_ui-15] 127.0.0.1 - - [23/Apr/2026 20:05:45] "GET /status_json HTTP/1.1" 200 -
[vision_apriltag-9] [INFO] [1776989146.165871651] [vision_apriltag_node]: Vision AprilTag: images are arriving, but no AprilTag has been seen for 599.0s.
[ros2_control_node-1] [WARN] [1776989146.434622828] [controller_manager]: Overrun might occur, Total time : 2745.894 us (Expected < 1000.000 us) --> Read time : 42.031 us, Update time : 180.838 us, Write time : 2523.025 us
[ros2_control_node-1] [WARN] [1776989146.434680580] [controller_manager]: Overrun detected! The controller manager missed its desired rate of 1000 Hz. The loop took 2.824307 ms (missed cycles : 3).
[adl_ui-15] 127.0.0.1 - - [23/Apr/2026 20:05:46] "GET /status_json HTTP/1.1" 200 -
[adl_ui-15] 127.0.0.1 - - [23/Apr/2026 20:05:47] "GET /status_json HTTP/1.1" 200 -
[ros2_control_node-1] [WARN] [1776989147.437547849] [controller_manager]: Overrun might occur, Total time : 2671.154 us (Expected < 1000.000 us) --> Read time : 33.266 us, Update time : 225.659 us, Write time : 2412.229 us
[ros2_control_node-1] [WARN] [1776989147.437613882] [controller_manager]: Overrun detected! The controller manager missed its desired rate of 1000 Hz. The loop took 2.757389 ms (missed cycles : 3).
[adl_ui-15] 127.0.0.1 - - [23/Apr/2026 20:05:47] "GET /status_json HTTP/1.1" 200 -
[vision_apriltag-9] [INFO] [1776989148.165130568] [vision_apriltag_node]: Vision AprilTag: images are arriving, but no AprilTag has been seen for 601.0s.
[wrist_camera_usb_publisher-8] [INFO] [1776989148.262240683] [wrist_camera_usb_publisher_node]: USB camera publisher heartbeat: publishing 1280x720 frames on /wrist_mounted_camera/image; camera_info fx=920.87, fy=921.57, cx=644.76, cy=343.15.
[ros2_control_node-1] [WARN] [1776989148.439608688] [controller_manager]: Overrun might occur, Total time : 2723.907 us (Expected < 1000.000 us) --> Read time : 40.948 us, Update time : 233.462 us, Write time : 2449.497 us
[ros2_control_node-1] [WARN] [1776989148.439692379] [controller_manager]: Overrun detected! The controller manager missed its desired rate of 1000 Hz. The loop took 2.835837 ms (missed cycles : 3).
[adl_ui-15] 127.0.0.1 - - [23/Apr/2026 20:05:48] "GET /status_json HTTP/1.1" 200 -
[ros2_control_node-1] [WARN] [1776989149.442607335] [controller_manager]: Overrun might occur, Total time : 2726.634 us (Expected < 1000.000 us) --> Read time : 40.860 us, Update time : 223.936 us, Write time : 2461.838 us
[ros2_control_node-1] [WARN] [1776989149.442682325] [controller_manager]: Overrun detected! The controller manager missed its desired rate of 1000 Hz. The loop took 2.825306 ms (missed cycles : 3).
[adl_ui-15] 127.0.0.1 - - [23/Apr/2026 20:05:49] "GET /status_json HTTP/1.1" 200 -
[vision_apriltag-9] [INFO] [1776989150.165826122] [vision_apriltag_node]: Vision AprilTag: images are arriving, but no AprilTag has been seen for 603.0s.
[adl_ui-15] 127.0.0.1 - - [23/Apr/2026 20:05:50] "GET /status_json HTTP/1.1" 200 -
[ros2_control_node-1] [WARN] [1776989150.444183357] [controller_manager]: Overrun might occur, Total time : 3298.756 us (Expected < 1000.000 us) --> Read time : 44.362 us, Update time : 253.909 us, Write time : 3000.485 us
[ros2_control_node-1] [WARN] [1776989150.444276166] [controller_manager]: Overrun detected! The controller manager missed its desired rate of 1000 Hz. The loop took 3.418799 ms (missed cycles : 4).
[vision_apriltag-9] [INFO] [1776989150.496661046] [vision_apriltag_node]: Vision AprilTag detection debug: no tags found after raw/CLAHE/sharp/adaptive/upscaled/tiled passes.
[adl_ui-15] 127.0.0.1 - - [23/Apr/2026 20:05:50] "GET /status_json HTTP/1.1" 200 -
[ros2_control_node-1] [WARN] [1776989151.446155213] [controller_manager]: Overrun might occur, Total time : 2283.702 us (Expected < 1000.000 us) --> Read time : 30.204 us, Update time : 196.756 us, Write time : 2056.742 us
[ros2_control_node-1] [WARN] [1776989151.446214152] [controller_manager]: Overrun detected! The controller manager missed its desired rate of 1000 Hz. The loop took 2.358131 ms (missed cycles : 3).
[adl_ui-15] 127.0.0.1 - - [23/Apr/2026 20:05:51] "GET /status_json HTTP/1.1" 200 -
[vision_apriltag-9] [INFO] [1776989152.165676405] [vision_apriltag_node]: Vision AprilTag: images are arriving, but no AprilTag has been seen for 605.0s.
[ros2_control_node-1] [WARN] [1776989152.448715489] [controller_manager]: Overrun might occur, Total time : 2816.348 us (Expected < 1000.000 us) --> Read time : 52.485 us, Update time : 291.511 us, Write time : 2472.352 us
[ros2_control_node-1] [WARN] [1776989152.448873802] [controller_manager]: Overrun detected! The controller manager missed its desired rate of 1000 Hz. The loop took 3.014834 ms (missed cycles : 4).
[adl_ui-15] 127.0.0.1 - - [23/Apr/2026 20:05:52] "GET /status_json HTTP/1.1" 200 -
[adl_ui-15] 127.0.0.1 - - [23/Apr/2026 20:05:53] "GET /status_json HTTP/1.1" 200 -
[wrist_camera_usb_publisher-8] [INFO] [1776989153.427388789] [wrist_camera_usb_publisher_node]: USB camera publisher heartbeat: publishing 1280x720 frames on /wrist_mounted_camera/image; camera_info fx=920.87, fy=921.57, cx=644.76, cy=343.15.
[ros2_control_node-1] [WARN] [1776989153.449593528] [controller_manager]: Overrun might occur, Total time : 2712.021 us (Expected < 1000.000 us) --> Read time : 39.813 us, Update time : 238.929 us, Write time : 2433.279 us
[ros2_control_node-1] [WARN] [1776989153.449675494] [controller_manager]: Overrun detected! The controller manager missed its desired rate of 1000 Hz. The loop took 2.818613 ms (missed cycles : 3).
[adl_ui-15] 127.0.0.1 - - [23/Apr/2026 20:05:53] "GET /status_json HTTP/1.1" 200 -
[vision_apriltag-9] [INFO] [1776989154.163623330] [vision_apriltag_node]: Vision AprilTag: images are arriving, but no AprilTag has been seen for 607.0s.
[ros2_control_node-1] [WARN] [1776989154.451649497] [controller_manager]: Overrun might occur, Total time : 2745.959 us (Expected < 1000.000 us) --> Read time : 40.139 us, Update time : 145.308 us, Write time : 2560.512 us
[ros2_control_node-1] [WARN] [1776989154.451703956] [controller_manager]: Overrun detected! The controller manager missed its desired rate of 1000 Hz. The loop took 2.847891 ms (missed cycles : 3).
[adl_ui-15] 127.0.0.1 - - [23/Apr/2026 20:05:54] "GET /status_json HTTP/1.1" 200 -
[ros2_control_node-1] [WARN] [1776989155.452622923] [controller_manager]: Overrun might occur, Total time : 2732.313 us (Expected < 1000.000 us) --> Read time : 78.427 us, Update time : 296.818 us, Write time : 2357.068 us
[ros2_control_node-1] [WARN] [1776989155.452724188] [controller_manager]: Overrun detected! The controller manager missed its desired rate of 1000 Hz. The loop took 2.867601 ms (missed cycles : 3).
[adl_ui-15] 127.0.0.1 - - [23/Apr/2026 20:05:55] "GET /status_json HTTP/1.1" 200 -
[vision_apriltag-9] [INFO] [1776989155.608946763] [vision_apriltag_node]: Vision AprilTag detection debug: no tags found after raw/CLAHE/sharp/adaptive/upscaled/tiled passes.
[adl_ui-15] 127.0.0.1 - - [23/Apr/2026 20:05:56] "GET /status_json HTTP/1.1" 200 -
[ros2_control_node-1] [WARN] [1776989156.455581280] [controller_manager]: Overrun might occur, Total time : 3701.935 us (Expected < 1000.000 us) --> Read time : 35.433 us, Update time : 238.072 us, Write time : 3428.430 us
[ros2_control_node-1] [WARN] [1776989156.455659719] [controller_manager]: Overrun detected! The controller manager missed its desired rate of 1000 Hz. The loop took 3.802939 ms (missed cycles : 4).
[vision_apriltag-9] [INFO] [1776989156.514118509] [vision_apriltag_node]: Vision AprilTag: images are arriving, but no AprilTag has been seen for 609.3s.
[adl_ui-15] 127.0.0.1 - - [23/Apr/2026 20:05:56] "GET /status_json HTTP/1.1" 200 -
[ros2_control_node-1] [WARN] [1776989157.456802196] [controller_manager]: Overrun might occur, Total time : 2917.961 us (Expected < 1000.000 us) --> Read time : 42.224 us, Update time : 236.578 us, Write time : 2639.159 us
[ros2_control_node-1] [WARN] [1776989157.456907298] [controller_manager]: Overrun detected! The controller manager missed its desired rate of 1000 Hz. The loop took 3.050453 ms (missed cycles : 4).
[adl_ui-15] 127.0.0.1 - - [23/Apr/2026 20:05:57] "GET /status_json HTTP/1.1" 200 -
[ros2_control_node-1] [WARN] [1776989158.458096450] [controller_manager]: Overrun might occur, Total time : 5210.832 us (Expected < 1000.000 us) --> Read time : 40.391 us, Update time : 234.049 us, Write time : 4936.392 us
[ros2_control_node-1] [WARN] [1776989158.458190623] [controller_manager]: Overrun detected! The controller manager missed its desired rate of 1000 Hz. The loop took 5.333768 ms (missed cycles : 6).
[adl_ui-15] 127.0.0.1 - - [23/Apr/2026 20:05:58] "GET /status_json HTTP/1.1" 200 -
[wrist_camera_usb_publisher-8] [INFO] [1776989158.585452129] [wrist_camera_usb_publisher_node]: USB camera publisher heartbeat: publishing 1280x720 frames on /wrist_mounted_camera/image; camera_info fx=920.87, fy=921.57, cx=644.76, cy=343.15.
[vision_apriltag-9] [INFO] [1776989159.015175436] [vision_apriltag_node]: Vision AprilTag: images are arriving, but no AprilTag has been seen for 611.8s.
[adl_ui-15] 127.0.0.1 - - [23/Apr/2026 20:05:59] "GET /status_json HTTP/1.1" 200 -
[ros2_control_node-1] [WARN] [1776989159.458555336] [controller_manager]: Overrun might occur, Total time : 3670.899 us (Expected < 1000.000 us) --> Read time : 49.434 us, Update time : 267.658 us, Write time : 3353.807 us
[ros2_control_node-1] [WARN] [1776989159.458632654] [controller_manager]: Overrun detected! The controller manager missed its desired rate of 1000 Hz. The loop took 3.775984 ms (missed cycles : 4).
[adl_ui-15] 127.0.0.1 - - [23/Apr/2026 20:05:59] "GET /status_json HTTP/1.1" 200 -
[ros2_control_node-1] [WARN] [1776989160.462412047] [controller_manager]: Overrun might occur, Total time : 3528.801 us (Expected < 1000.000 us) --> Read time : 42.701 us, Update time : 281.605 us, Write time : 3204.495 us
[ros2_control_node-1] [WARN] [1776989160.462501924] [controller_manager]: Overrun detected! The controller manager missed its desired rate of 1000 Hz. The loop took 3.644516 ms (missed cycles : 4).
[adl_ui-15] 127.0.0.1 - - [23/Apr/2026 20:06:00] "GET /status_json HTTP/1.1" 200 -
[vision_apriltag-9] [INFO] [1776989160.793126825] [vision_apriltag_node]: Vision AprilTag detection debug: no tags found after raw/CLAHE/sharp/adaptive/upscaled/tiled passes.
[vision_apriltag-9] [INFO] [1776989160.798170473] [vision_apriltag_node]: Vision AprilTag: images are arriving, but no AprilTag has been seen for 613.6s.
[ros2_control_node-1] [WARN] [1776989161.462922661] [controller_manager]: Overrun might occur, Total time : 3038.150 us (Expected < 1000.000 us) --> Read time : 42.453 us, Update time : 222.223 us, Write time : 2773.474 us
[ros2_control_node-1] [WARN] [1776989161.463005869] [controller_manager]: Overrun detected! The controller manager missed its desired rate of 1000 Hz. The loop took 3.149134 ms (missed cycles : 4).
[adl_ui-15] 127.0.0.1 - - [23/Apr/2026 20:06:01] "GET /status_json HTTP/1.1" 200 -
[adl_ui-15] 127.0.0.1 - - [23/Apr/2026 20:06:02] "GET /status_json HTTP/1.1" 200 -
[ros2_control_node-1] [WARN] [1776989162.464118813] [controller_manager]: Overrun might occur, Total time : 3224.792 us (Expected < 1000.000 us) --> Read time : 65.233 us, Update time : 300.164 us, Write time : 2859.395 us
[ros2_control_node-1] [WARN] [1776989162.464208973] [controller_manager]: Overrun detected! The controller manager missed its desired rate of 1000 Hz. The loop took 3.351690 ms (missed cycles : 4).
[vision_apriltag-9] [INFO] [1776989162.492015161] [vision_apriltag_node]: Vision AprilTag: images are arriving, but no AprilTag has been seen for 615.3s.
[adl_ui-15] 127.0.0.1 - - [23/Apr/2026 20:06:02] "GET /status_json HTTP/1.1" 200 -
[ros2_control_node-1] [WARN] [1776989163.465798486] [controller_manager]: Overrun might occur, Total time : 2903.288 us (Expected < 1000.000 us) --> Read time : 67.701 us, Update time : 397.795 us, Write time : 2437.792 us
[ros2_control_node-1] [WARN] [1776989163.465876646] [controller_manager]: Overrun detected! The controller manager missed its desired rate of 1000 Hz. The loop took 3.019486 ms (missed cycles : 4).
[adl_ui-15] 127.0.0.1 - - [23/Apr/2026 20:06:03] "GET /status_json HTTP/1.1" 200 -
[wrist_camera_usb_publisher-8] [INFO] [1776989163.753077595] [wrist_camera_usb_publisher_node]: USB camera publisher heartbeat: publishing 1280x720 frames on /wrist_mounted_camera/image; camera_info fx=920.87, fy=921.57, cx=644.76, cy=343.15.
[vision_apriltag-9] [INFO] [1776989164.164006064] [vision_apriltag_node]: Vision AprilTag: images are arriving, but no AprilTag has been seen for 617.0s.
[ros2_control_node-1] [WARN] [1776989164.468407601] [controller_manager]: Overrun might occur, Total time : 2530.717 us (Expected < 1000.000 us) --> Read time : 33.664 us, Update time : 221.341 us, Write time : 2275.712 us
[ros2_control_node-1] [WARN] [1776989164.468480097] [controller_manager]: Overrun detected! The controller manager missed its desired rate of 1000 Hz. The loop took 2.623713 ms (missed cycles : 3).
[adl_ui-15] 127.0.0.1 - - [23/Apr/2026 20:06:04] "GET /status_json HTTP/1.1" 200 -
[adl_ui-15] 127.0.0.1 - - [23/Apr/2026 20:06:05] "GET /status_json HTTP/1.1" 200 -
[ros2_control_node-1] [WARN] [1776989165.471621807] [controller_manager]: Overrun might occur, Total time : 6735.673 us (Expected < 1000.000 us) --> Read time : 43.760 us, Update time : 245.808 us, Write time : 6446.105 us
[ros2_control_node-1] [WARN] [1776989165.471739550] [controller_manager]: Overrun detected! The controller manager missed its desired rate of 1000 Hz. The loop took 6.882297 ms (missed cycles : 7).
[adl_ui-15] 127.0.0.1 - - [23/Apr/2026 20:06:05] "GET /status_json HTTP/1.1" 200 -
[vision_apriltag-9] [INFO] [1776989166.042853165] [vision_apriltag_node]: Vision AprilTag detection debug: no tags found after raw/CLAHE/sharp/adaptive/upscaled/tiled passes.
[ros2_control_node-1] [WARN] [1776989166.482415665] [controller_manager]: Overrun might occur, Total time : 10529.673 us (Expected < 1000.000 us) --> Read time : 42.595 us, Update time : 245.853 us, Write time : 10241.225 us
[ros2_control_node-1] [WARN] [1776989166.482520486] [controller_manager]: Overrun detected! The controller manager missed its desired rate of 1000 Hz. The loop took 10.662803 ms (missed cycles : 11).
[adl_ui-15] 127.0.0.1 - - [23/Apr/2026 20:06:06] "GET /status_json HTTP/1.1" 200 -
[vision_apriltag-9] [INFO] [1776989166.973636684] [vision_apriltag_node]: Vision AprilTag: images are arriving, but no AprilTag has been seen for 619.8s.
[ros2_control_node-1] [WARN] [1776989167.483222070] [controller_manager]: Overrun might occur, Total time : 15339.881 us (Expected < 1000.000 us) --> Read time : 36.440 us, Update time : 230.143 us, Write time : 15073.298 us
[ros2_control_node-1] [WARN] [1776989167.483312526] [controller_manager]: Overrun detected! The controller manager missed its desired rate of 1000 Hz. The loop took 15.455915 ms (missed cycles : 16).
[adl_ui-15] 127.0.0.1 - - [23/Apr/2026 20:06:07] "GET /status_json HTTP/1.1" 200 -
[vision_apriltag-9] [INFO] [1776989168.164768744] [vision_apriltag_node]: Vision AprilTag: images are arriving, but no AprilTag has been seen for 621.0s.
[adl_ui-15] 127.0.0.1 - - [23/Apr/2026 20:06:08] "GET /status_json HTTP/1.1" 200 -
[ros2_control_node-1] [WARN] [1776989168.487076140] [controller_manager]: Overrun might occur, Total time : 11196.030 us (Expected < 1000.000 us) --> Read time : 38.937 us, Update time : 223.005 us, Write time : 10934.088 us
[ros2_control_node-1] [WARN] [1776989168.487157702] [controller_manager]: Overrun detected! The controller manager missed its desired rate of 1000 Hz. The loop took 11.300915 ms (missed cycles : 12).
[wrist_camera_usb_publisher-8] [INFO] [1776989168.906484341] [wrist_camera_usb_publisher_node]: USB camera publisher heartbeat: publishing 1280x720 frames on /wrist_mounted_camera/image; camera_info fx=920.87, fy=921.57, cx=644.76, cy=343.15.
[adl_ui-15] 127.0.0.1 - - [23/Apr/2026 20:06:08] "GET /status_json HTTP/1.1" 200 -
[ros2_control_node-1] [WARN] [1776989169.489536245] [controller_manager]: Overrun might occur, Total time : 2663.105 us (Expected < 1000.000 us) --> Read time : 35.782 us, Update time : 210.415 us, Write time : 2416.908 us
[ros2_control_node-1] [WARN] [1776989169.489605688] [controller_manager]: Overrun detected! The controller manager missed its desired rate of 1000 Hz. The loop took 2.749111 ms (missed cycles : 3).
[adl_ui-15] 127.0.0.1 - - [23/Apr/2026 20:06:09] "GET /status_json HTTP/1.1" 200 -
[vision_apriltag-9] [INFO] [1776989170.165547288] [vision_apriltag_node]: Vision AprilTag: images are arriving, but no AprilTag has been seen for 623.0s.
[adl_ui-15] 127.0.0.1 - - [23/Apr/2026 20:06:10] "GET /status_json HTTP/1.1" 200 -
[ros2_control_node-1] [WARN] [1776989170.489711981] [controller_manager]: Overrun might occur, Total time : 4833.090 us (Expected < 1000.000 us) --> Read time : 39.370 us, Update time : 243.698 us, Write time : 4550.022 us
[ros2_control_node-1] [WARN] [1776989170.489792917] [controller_manager]: Overrun detected! The controller manager missed its desired rate of 1000 Hz. The loop took 4.935449 ms (missed cycles : 5).
[adl_ui-15] 127.0.0.1 - - [23/Apr/2026 20:06:11] "GET /status_json HTTP/1.1" 200 -
[vision_apriltag-9] [INFO] [1776989171.320150678] [vision_apriltag_node]: Vision AprilTag detection debug: no tags found after raw/CLAHE/sharp/adaptive/upscaled/tiled passes.
[ros2_control_node-1] [WARN] [1776989171.490587802] [controller_manager]: Overrun might occur, Total time : 2697.590 us (Expected < 1000.000 us) --> Read time : 64.343 us, Update time : 290.645 us, Write time : 2342.602 us
[ros2_control_node-1] [WARN] [1776989171.490688229] [controller_manager]: Overrun detected! The controller manager missed its desired rate of 1000 Hz. The loop took 2.830864 ms (missed cycles : 3).
[adl_ui-15] 127.0.0.1 - - [23/Apr/2026 20:06:11] "GET /status_json HTTP/1.1" 200 -
[vision_apriltag-9] [INFO] [1776989172.165383457] [vision_apriltag_node]: Vision AprilTag: images are arriving, but no AprilTag has been seen for 625.0s.
[ros2_control_node-1] [WARN] [1776989172.492438853] [controller_manager]: Overrun might occur, Total time : 3557.904 us (Expected < 1000.000 us) --> Read time : 31.784 us, Update time : 198.754 us, Write time : 3327.366 us
[ros2_control_node-1] [WARN] [1776989172.492511510] [controller_manager]: Overrun detected! The controller manager missed its desired rate of 1000 Hz. The loop took 3.654925 ms (missed cycles : 4).
[adl_ui-15] 127.0.0.1 - - [23/Apr/2026 20:06:12] "GET /status_json HTTP/1.1" 200 -
[adl_ui-15] 127.0.0.1 - - [23/Apr/2026 20:06:13] "GET /status_json HTTP/1.1" 200 -
[ros2_control_node-1] [WARN] [1776989173.492889165] [controller_manager]: Overrun might occur, Total time : 2994.571 us (Expected < 1000.000 us) --> Read time : 53.128 us, Update time : 250.279 us, Write time : 2691.164 us
[ros2_control_node-1] [WARN] [1776989173.493003418] [controller_manager]: Overrun detected! The controller manager missed its desired rate of 1000 Hz. The loop took 3.145209 ms (missed cycles : 4).
[wrist_camera_usb_publisher-8] [INFO] [1776989174.067171962] [wrist_camera_usb_publisher_node]: USB camera publisher heartbeat: publishing 1280x720 frames on /wrist_mounted_camera/image; camera_info fx=920.87, fy=921.57, cx=644.76, cy=343.15.
[vision_apriltag-9] [INFO] [1776989174.164757228] [vision_apriltag_node]: Vision AprilTag: images are arriving, but no AprilTag has been seen for 627.0s.
[adl_ui-15] 127.0.0.1 - - [23/Apr/2026 20:06:14] "GET /status_json HTTP/1.1" 200 -
[ros2_control_node-1] [WARN] [1776989174.494938691] [controller_manager]: Overrun might occur, Total time : 3039.111 us (Expected < 1000.000 us) --> Read time : 92.734 us, Update time : 539.326 us, Write time : 2407.051 us
[ros2_control_node-1] [WARN] [1776989174.495018317] [controller_manager]: Overrun detected! The controller manager missed its desired rate of 1000 Hz. The loop took 3.161140 ms (missed cycles : 4).
[adl_ui-15] 127.0.0.1 - - [23/Apr/2026 20:06:14] "GET /status_json HTTP/1.1" 200 -
[ros2_control_node-1] [WARN] [1776989175.495650278] [controller_manager]: Overrun might occur, Total time : 2765.327 us (Expected < 1000.000 us) --> Read time : 43.297 us, Update time : 217.161 us, Write time : 2504.869 us
[ros2_control_node-1] [WARN] [1776989175.495767425] [controller_manager]: Overrun detected! The controller manager missed its desired rate of 1000 Hz. The loop took 2.910009 ms (missed cycles : 3).
[adl_ui-15] 127.0.0.1 - - [23/Apr/2026 20:06:15] "GET /status_json HTTP/1.1" 200 -
[vision_apriltag-9] [INFO] [1776989176.165113020] [vision_apriltag_node]: Vision AprilTag: images are arriving, but no AprilTag has been seen for 629.0s.
[adl_ui-15] 127.0.0.1 - - [23/Apr/2026 20:06:16] "GET /status_json HTTP/1.1" 200 -
[ros2_control_node-1] [WARN] [1776989176.496832938] [controller_manager]: Overrun might occur, Total time : 2958.275 us (Expected < 1000.000 us) --> Read time : 28.271 us, Update time : 206.311 us, Write time : 2723.693 us
[ros2_control_node-1] [WARN] [1776989176.496908643] [controller_manager]: Overrun detected! The controller manager missed its desired rate of 1000 Hz. The loop took 3.051852 ms (missed cycles : 4).
[vision_apriltag-9] [INFO] [1776989176.750725347] [vision_apriltag_node]: Vision AprilTag detection debug: no tags found after raw/CLAHE/sharp/adaptive/upscaled/tiled passes.
[adl_ui-15] 127.0.0.1 - - [23/Apr/2026 20:06:17] "GET /status_json HTTP/1.1" 200 -
[ros2_control_node-1] [WARN] [1776989177.498669040] [controller_manager]: Overrun might occur, Total time : 3781.261 us (Expected < 1000.000 us) --> Read time : 57.216 us, Update time : 270.206 us, Write time : 3453.839 us
[ros2_control_node-1] [WARN] [1776989177.498745905] [controller_manager]: Overrun detected! The controller manager missed its desired rate of 1000 Hz. The loop took 3.889013 ms (missed cycles : 4).
[adl_ui-15] 127.0.0.1 - - [23/Apr/2026 20:06:17] "GET /status_json HTTP/1.1" 200 -
[vision_apriltag-9] [INFO] [1776989178.163069042] [vision_apriltag_node]: Vision AprilTag: images are arriving, but no AprilTag has been seen for 631.0s.
[ros2_control_node-1] [WARN] [1776989178.499482129] [controller_manager]: Overrun might occur, Total time : 8594.628 us (Expected < 1000.000 us) --> Read time : 53.077 us, Update time : 301.904 us, Write time : 8239.647 us
[ros2_control_node-1] [WARN] [1776989178.499582728] [controller_manager]: Overrun detected! The controller manager missed its desired rate of 1000 Hz. The loop took 8.725363 ms (missed cycles : 9).
[adl_ui-15] 127.0.0.1 - - [23/Apr/2026 20:06:18] "GET /status_json HTTP/1.1" 200 -
[wrist_camera_usb_publisher-8] [INFO] [1776989179.229500640] [wrist_camera_usb_publisher_node]: USB camera publisher heartbeat: publishing 1280x720 frames on /wrist_mounted_camera/image; camera_info fx=920.87, fy=921.57, cx=644.76, cy=343.15.
[adl_ui-15] 127.0.0.1 - - [23/Apr/2026 20:06:19] "GET /status_json HTTP/1.1" 200 -
[ros2_control_node-1] [WARN] [1776989179.499592241] [controller_manager]: Overrun might occur, Total time : 2712.078 us (Expected < 1000.000 us) --> Read time : 37.600 us, Update time : 265.879 us, Write time : 2408.599 us
[ros2_control_node-1] [WARN] [1776989179.499664551] [controller_manager]: Overrun detected! The controller manager missed its desired rate of 1000 Hz. The loop took 2.807878 ms (missed cycles : 3).
[vision_apriltag-9] [INFO] [1776989180.164243851] [vision_apriltag_node]: Vision AprilTag: images are arriving, but no AprilTag has been seen for 633.0s.
[adl_ui-15] 127.0.0.1 - - [23/Apr/2026 20:06:20] "GET /status_json HTTP/1.1" 200 -
[ros2_control_node-1] [WARN] [1776989180.502591297] [controller_manager]: Overrun might occur, Total time : 2720.526 us (Expected < 1000.000 us) --> Read time : 27.204 us, Update time : 154.578 us, Write time : 2538.744 us
[ros2_control_node-1] [WARN] [1776989180.502649167] [controller_manager]: Overrun detected! The controller manager missed its desired rate of 1000 Hz. The loop took 2.792605 ms (missed cycles : 3).
[adl_ui-15] 127.0.0.1 - - [23/Apr/2026 20:06:20] "GET /status_json HTTP/1.1" 200 -
[ros2_control_node-1] [WARN] [1776989181.504662570] [controller_manager]: Overrun might occur, Total time : 2775.168 us (Expected < 1000.000 us) --> Read time : 40.806 us, Update time : 267.603 us, Write time : 2466.759 us
[ros2_control_node-1] [WARN] [1776989181.504780602] [controller_manager]: Overrun detected! The controller manager missed its desired rate of 1000 Hz. The loop took 2.922018 ms (missed cycles : 3).
[adl_ui-15] 127.0.0.1 - - [23/Apr/2026 20:06:21] "GET /status_json HTTP/1.1" 200 -
[vision_apriltag-9] [INFO] [1776989182.060880670] [vision_apriltag_node]: Vision AprilTag detection debug: no tags found after raw/CLAHE/sharp/adaptive/upscaled/tiled passes.
[vision_apriltag-9] [INFO] [1776989182.164028925] [vision_apriltag_node]: Vision AprilTag: images are arriving, but no AprilTag has been seen for 635.0s.
[adl_ui-15] 127.0.0.1 - - [23/Apr/2026 20:06:22] "GET /status_json HTTP/1.1" 200 -
[ros2_control_node-1] [WARN] [1776989182.505526937] [controller_manager]: Overrun might occur, Total time : 2647.529 us (Expected < 1000.000 us) --> Read time : 37.572 us, Update time : 222.200 us, Write time : 2387.757 us
[ros2_control_node-1] [WARN] [1776989182.505597038] [controller_manager]: Overrun detected! The controller manager missed its desired rate of 1000 Hz. The loop took 2.740629 ms (missed cycles : 3).
[adl_ui-15] 127.0.0.1 - - [23/Apr/2026 20:06:23] "GET /status_json HTTP/1.1" 200 -
[ros2_control_node-1] [WARN] [1776989183.507224644] [controller_manager]: Overrun might occur, Total time : 2344.273 us (Expected < 1000.000 us) --> Read time : 36.161 us, Update time : 234.475 us, Write time : 2073.637 us
[ros2_control_node-1] [WARN] [1776989183.507310568] [controller_manager]: Overrun detected! The controller manager missed its desired rate of 1000 Hz. The loop took 2.453842 ms (missed cycles : 3).
[adl_ui-15] 127.0.0.1 - - [23/Apr/2026 20:06:23] "GET /status_json HTTP/1.1" 200 -
[wrist_camera_usb_publisher-8] [INFO] [1776989184.390180105] [wrist_camera_usb_publisher_node]: USB camera publisher heartbeat: publishing 1280x720 frames on /wrist_mounted_camera/image; camera_info fx=920.87, fy=921.57, cx=644.76, cy=343.15.
[vision_apriltag-9] [INFO] [1776989184.432814423] [vision_apriltag_node]: Vision AprilTag: images are arriving, but no AprilTag has been seen for 637.2s.
[ros2_control_node-1] [WARN] [1776989184.510413570] [controller_manager]: Overrun might occur, Total time : 5527.056 us (Expected < 1000.000 us) --> Read time : 40.168 us, Update time : 241.889 us, Write time : 5244.999 us
[ros2_control_node-1] [WARN] [1776989184.510523685] [controller_manager]: Overrun detected! The controller manager missed its desired rate of 1000 Hz. The loop took 5.666641 ms (missed cycles : 6).
[adl_ui-15] 127.0.0.1 - - [23/Apr/2026 20:06:24] "GET /status_json HTTP/1.1" 200 -
[adl_ui-15] 127.0.0.1 - - [23/Apr/2026 20:06:25] "GET /status_json HTTP/1.1" 200 -
[ros2_control_node-1] [WARN] [1776989185.510542033] [controller_manager]: Overrun might occur, Total time : 2658.998 us (Expected < 1000.000 us) --> Read time : 37.712 us, Update time : 232.886 us, Write time : 2388.400 us
[ros2_control_node-1] [WARN] [1776989185.510661882] [controller_manager]: Overrun detected! The controller manager missed its desired rate of 1000 Hz. The loop took 2.804548 ms (missed cycles : 3).
[vision_apriltag-9] [INFO] [1776989186.163372635] [vision_apriltag_node]: Vision AprilTag: images are arriving, but no AprilTag has been seen for 639.0s.
[adl_ui-15] 127.0.0.1 - - [23/Apr/2026 20:06:26] "GET /status_json HTTP/1.1" 200 -
[ros2_control_node-1] [WARN] [1776989186.510702287] [controller_manager]: Overrun might occur, Total time : 2823.403 us (Expected < 1000.000 us) --> Read time : 34.729 us, Update time : 244.707 us, Write time : 2543.967 us
[ros2_control_node-1] [WARN] [1776989186.510788162] [controller_manager]: Overrun detected! The controller manager missed its desired rate of 1000 Hz. The loop took 2.930884 ms (missed cycles : 3).
[adl_ui-15] 127.0.0.1 - - [23/Apr/2026 20:06:26] "GET /status_json HTTP/1.1" 200 -
[vision_apriltag-9] [INFO] [1776989187.347696126] [vision_apriltag_node]: Vision AprilTag detection debug: no tags found after raw/CLAHE/sharp/adaptive/upscaled/tiled passes.
[ros2_control_node-1] [WARN] [1776989187.513514692] [controller_manager]: Overrun might occur, Total time : 2633.459 us (Expected < 1000.000 us) --> Read time : 39.787 us, Update time : 230.411 us, Write time : 2363.261 us
[ros2_control_node-1] [WARN] [1776989187.513587954] [controller_manager]: Overrun detected! The controller manager missed its desired rate of 1000 Hz. The loop took 2.731262 ms (missed cycles : 3).
[adl_ui-15] 127.0.0.1 - - [23/Apr/2026 20:06:27] "GET /status_json HTTP/1.1" 200 -
[vision_apriltag-9] [INFO] [1776989188.165476491] [vision_apriltag_node]: Vision AprilTag: images are arriving, but no AprilTag has been seen for 641.0s.
[adl_ui-15] 127.0.0.1 - - [23/Apr/2026 20:06:28] "GET /status_json HTTP/1.1" 200 -
[ros2_control_node-1] [WARN] [1776989188.514541713] [controller_manager]: Overrun might occur, Total time : 3661.136 us (Expected < 1000.000 us) --> Read time : 43.116 us, Update time : 273.718 us, Write time : 3344.302 us
[ros2_control_node-1] [WARN] [1776989188.514614990] [controller_manager]: Overrun detected! The controller manager missed its desired rate of 1000 Hz. The loop took 3.757880 ms (missed cycles : 4).
[adl_ui-15] 127.0.0.1 - - [23/Apr/2026 20:06:29] "GET /status_json HTTP/1.1" 200 -
[ros2_control_node-1] [WARN] [1776989189.516768215] [controller_manager]: Overrun might occur, Total time : 2866.255 us (Expected < 1000.000 us) --> Read time : 64.246 us, Update time : 270.526 us, Write time : 2531.483 us
[ros2_control_node-1] [WARN] [1776989189.516849512] [controller_manager]: Overrun detected! The controller manager missed its desired rate of 1000 Hz. The loop took 2.992460 ms (missed cycles : 3).
[wrist_camera_usb_publisher-8] [INFO] [1776989189.551682391] [wrist_camera_usb_publisher_node]: USB camera publisher heartbeat: publishing 1280x720 frames on /wrist_mounted_camera/image; camera_info fx=920.87, fy=921.57, cx=644.76, cy=343.15.
[adl_ui-15] 127.0.0.1 - - [23/Apr/2026 20:06:30] "GET /status_json HTTP/1.1" 200 -
[vision_apriltag-9] [INFO] [1776989190.163221304] [vision_apriltag_node]: Vision AprilTag: images are arriving, but no AprilTag has been seen for 643.0s.
[ros2_control_node-1] [WARN] [1776989190.517925627] [controller_manager]: Overrun might occur, Total time : 3041.594 us (Expected < 1000.000 us) --> Read time : 44.133 us, Update time : 232.198 us, Write time : 2765.263 us
[ros2_control_node-1] [WARN] [1776989190.518004595] [controller_manager]: Overrun detected! The controller manager missed its desired rate of 1000 Hz. The loop took 3.147991 ms (missed cycles : 4).
[adl_ui-15] 127.0.0.1 - - [23/Apr/2026 20:06:30] "GET /status_json HTTP/1.1" 200 -
[adl_ui-15] 127.0.0.1 - - [23/Apr/2026 20:06:31] "GET /status_json HTTP/1.1" 200 -
[ros2_control_node-1] [WARN] [1776989191.519437351] [controller_manager]: Overrun might occur, Total time : 3532.364 us (Expected < 1000.000 us) --> Read time : 96.050 us, Update time : 355.580 us, Write time : 3080.734 us
[ros2_control_node-1] [WARN] [1776989191.519518221] [controller_manager]: Overrun detected! The controller manager missed its desired rate of 1000 Hz. The loop took 3.661297 ms (missed cycles : 4).
[adl_ui-15] 127.0.0.1 - - [23/Apr/2026 20:06:32] "GET /status_json HTTP/1.1" 200 -
[vision_apriltag-9] [INFO] [1776989192.376886486] [vision_apriltag_node]: Vision AprilTag detection debug: no tags found after raw/CLAHE/sharp/adaptive/upscaled/tiled passes.
[vision_apriltag-9] [INFO] [1776989192.389228925] [vision_apriltag_node]: Vision AprilTag: images are arriving, but no AprilTag has been seen for 645.2s.
[ros2_control_node-1] [WARN] [1776989192.520094602] [controller_manager]: Overrun might occur, Total time : 3211.030 us (Expected < 1000.000 us) --> Read time : 44.624 us, Update time : 250.161 us, Write time : 2916.245 us
[ros2_control_node-1] [WARN] [1776989192.520175778] [controller_manager]: Overrun detected! The controller manager missed its desired rate of 1000 Hz. The loop took 3.319221 ms (missed cycles : 4).
[adl_ui-15] 127.0.0.1 - - [23/Apr/2026 20:06:33] "GET /status_json HTTP/1.1" 200 -
[ros2_control_node-1] [WARN] [1776989193.520690168] [controller_manager]: Overrun might occur, Total time : 2809.701 us (Expected < 1000.000 us) --> Read time : 36.978 us, Update time : 239.210 us, Write time : 2533.513 us
[ros2_control_node-1] [WARN] [1776989193.520769835] [controller_manager]: Overrun detected! The controller manager missed its desired rate of 1000 Hz. The loop took 2.912762 ms (missed cycles : 3).
[adl_ui-15] 127.0.0.1 - - [23/Apr/2026 20:06:33] "GET /status_json HTTP/1.1" 200 -
[vision_apriltag-9] [INFO] [1776989194.166642985] [vision_apriltag_node]: Vision AprilTag: images are arriving, but no AprilTag has been seen for 647.0s.
[adl_ui-15] 127.0.0.1 - - [23/Apr/2026 20:06:34] "GET /status_json HTTP/1.1" 200 -
[ros2_control_node-1] [WARN] [1776989194.523884662] [controller_manager]: Overrun might occur, Total time : 2992.411 us (Expected < 1000.000 us) --> Read time : 44.284 us, Update time : 331.315 us, Write time : 2616.812 us
[ros2_control_node-1] [WARN] [1776989194.524039735] [controller_manager]: Overrun detected! The controller manager missed its desired rate of 1000 Hz. The loop took 3.178320 ms (missed cycles : 4).
[wrist_camera_usb_publisher-8] [INFO] [1776989194.711439007] [wrist_camera_usb_publisher_node]: USB camera publisher heartbeat: publishing 1280x720 frames on /wrist_mounted_camera/image; camera_info fx=920.87, fy=921.57, cx=644.76, cy=343.15.
[adl_ui-15] 127.0.0.1 - - [23/Apr/2026 20:06:35] "GET /status_json HTTP/1.1" 200 -
[ros2_control_node-1] [WARN] [1776989195.525099572] [controller_manager]: Overrun might occur, Total time : 3210.299 us (Expected < 1000.000 us) --> Read time : 40.909 us, Update time : 239.164 us, Write time : 2930.226 us
[ros2_control_node-1] [WARN] [1776989195.525183381] [controller_manager]: Overrun detected! The controller manager missed its desired rate of 1000 Hz. The loop took 3.326469 ms (missed cycles : 4).
[adl_ui-15] 127.0.0.1 - - [23/Apr/2026 20:06:36] "GET /status_json HTTP/1.1" 200 -
[vision_apriltag-9] [INFO] [1776989196.164904667] [vision_apriltag_node]: Vision AprilTag: images are arriving, but no AprilTag has been seen for 649.0s.
[ros2_control_node-1] [WARN] [1776989196.531317986] [controller_manager]: Overrun might occur, Total time : 13432.895 us (Expected < 1000.000 us) --> Read time : 40.502 us, Update time : 233.293 us, Write time : 13159.100 us
[ros2_control_node-1] [WARN] [1776989196.531403429] [controller_manager]: Overrun detected! The controller manager missed its desired rate of 1000 Hz. The loop took 13.546693 ms (missed cycles : 14).
[adl_ui-15] 127.0.0.1 - - [23/Apr/2026 20:06:36] "GET /status_json HTTP/1.1" 200 -
[adl_ui-15] 127.0.0.1 - - [23/Apr/2026 20:06:37] "GET /status_json HTTP/1.1" 200 -
[ros2_control_node-1] [WARN] [1776989197.533076184] [controller_manager]: Overrun might occur, Total time : 3184.239 us (Expected < 1000.000 us) --> Read time : 58.517 us, Update time : 346.080 us, Write time : 2779.642 us
[ros2_control_node-1] [WARN] [1776989197.533165152] [controller_manager]: Overrun detected! The controller manager missed its desired rate of 1000 Hz. The loop took 3.308014 ms (missed cycles : 4).
[vision_apriltag-9] [INFO] [1776989197.568591736] [vision_apriltag_node]: Vision AprilTag detection debug: no tags found after raw/CLAHE/sharp/adaptive/upscaled/tiled passes.
[adl_ui-15] 127.0.0.1 - - [23/Apr/2026 20:06:38] "GET /status_json HTTP/1.1" 200 -
[ros2_control_node-1] [WARN] [1776989198.537409351] [controller_manager]: Overrun might occur, Total time : 4523.105 us (Expected < 1000.000 us) --> Read time : 44.183 us, Update time : 256.594 us, Write time : 4222.328 us
[ros2_control_node-1] [WARN] [1776989198.537505260] [controller_manager]: Overrun detected! The controller manager missed its desired rate of 1000 Hz. The loop took 4.646962 ms (missed cycles : 5).
[vision_apriltag-9] [INFO] [1776989198.975400346] [vision_apriltag_node]: Vision AprilTag: images are arriving, but no AprilTag has been seen for 651.8s.
[adl_ui-15] 127.0.0.1 - - [23/Apr/2026 20:06:39] "GET /status_json HTTP/1.1" 200 -
[ros2_control_node-1] [WARN] [1776989199.540380542] [controller_manager]: Overrun might occur, Total time : 7494.784 us (Expected < 1000.000 us) --> Read time : 50.605 us, Update time : 265.305 us, Write time : 7178.874 us
[ros2_control_node-1] [WARN] [1776989199.540462458] [controller_manager]: Overrun detected! The controller manager missed its desired rate of 1000 Hz. The loop took 7.605804 ms (missed cycles : 8).
[wrist_camera_usb_publisher-8] [INFO] [1776989199.712603705] [wrist_camera_usb_publisher_node]: USB camera publisher heartbeat: publishing 1280x720 frames on /wrist_mounted_camera/image; camera_info fx=920.87, fy=921.57, cx=644.76, cy=343.15.
[adl_ui-15] 127.0.0.1 - - [23/Apr/2026 20:06:39] "GET /status_json HTTP/1.1" 200 -
[vision_apriltag-9] [INFO] [1776989200.336788054] [vision_apriltag_node]: Vision AprilTag: images are arriving, but no AprilTag has been seen for 653.2s.
[adl_ui-15] 127.0.0.1 - - [23/Apr/2026 20:06:40] "GET /status_json HTTP/1.1" 200 -
[ros2_control_node-1] [WARN] [1776989200.544135436] [controller_manager]: Overrun might occur, Total time : 9244.516 us (Expected < 1000.000 us) --> Read time : 67.768 us, Update time : 350.307 us, Write time : 8826.441 us
[ros2_control_node-1] [WARN] [1776989200.544230956] [controller_manager]: Overrun detected! The controller manager missed its desired rate of 1000 Hz. The loop took 9.373849 ms (missed cycles : 10).
[adl_ui-15] 127.0.0.1 - - [23/Apr/2026 20:06:41] "GET /status_json HTTP/1.1" 200 -
[ros2_control_node-1] [WARN] [1776989201.545316351] [controller_manager]: Overrun might occur, Total time : 3429.181 us (Expected < 1000.000 us) --> Read time : 50.971 us, Update time : 243.075 us, Write time : 3135.135 us
[ros2_control_node-1] [WARN] [1776989201.545393144] [controller_manager]: Overrun detected! The controller manager missed its desired rate of 1000 Hz. The loop took 3.536348 ms (missed cycles : 4).
[adl_ui-15] 127.0.0.1 - - [23/Apr/2026 20:06:42] "GET /status_json HTTP/1.1" 200 -
[vision_apriltag-9] [INFO] [1776989202.166614449] [vision_apriltag_node]: Vision AprilTag: images are arriving, but no AprilTag has been seen for 655.0s.
[ros2_control_node-1] [WARN] [1776989202.547082393] [controller_manager]: Overrun might occur, Total time : 3201.233 us (Expected < 1000.000 us) --> Read time : 39.039 us, Update time : 307.353 us, Write time : 2854.841 us
[ros2_control_node-1] [WARN] [1776989202.547175459] [controller_manager]: Overrun detected! The controller manager missed its desired rate of 1000 Hz. The loop took 3.318767 ms (missed cycles : 4).
[vision_apriltag-9] [INFO] [1776989202.621518249] [vision_apriltag_node]: Vision AprilTag detection debug: no tags found after raw/CLAHE/sharp/adaptive/upscaled/tiled passes.
[adl_ui-15] 127.0.0.1 - - [23/Apr/2026 20:06:42] "GET /status_json HTTP/1.1" 200 -
[adl_ui-15] 127.0.0.1 - - [23/Apr/2026 20:06:43] "GET /status_json HTTP/1.1" 200 -
[ros2_control_node-1] [WARN] [1776989203.550829682] [controller_manager]: Overrun might occur, Total time : 3946.529 us (Expected < 1000.000 us) --> Read time : 42.433 us, Update time : 301.753 us, Write time : 3602.343 us
[ros2_control_node-1] [WARN] [1776989203.550926896] [controller_manager]: Overrun detected! The controller manager missed its desired rate of 1000 Hz. The loop took 4.069980 ms (missed cycles : 5).
[vision_apriltag-9] [INFO] [1776989204.165636014] [vision_apriltag_node]: Vision AprilTag: images are arriving, but no AprilTag has been seen for 657.0s.
[adl_ui-15] 127.0.0.1 - - [23/Apr/2026 20:06:44] "GET /status_json HTTP/1.1" 200 -
[ros2_control_node-1] [WARN] [1776989204.551778236] [controller_manager]: Overrun might occur, Total time : 3903.118 us (Expected < 1000.000 us) --> Read time : 26.141 us, Update time : 164.494 us, Write time : 3712.483 us
[ros2_control_node-1] [WARN] [1776989204.551856298] [controller_manager]: Overrun detected! The controller manager missed its desired rate of 1000 Hz. The loop took 3.997748 ms (missed cycles : 4).
[wrist_camera_usb_publisher-8] [INFO] [1776989204.865244244] [wrist_camera_usb_publisher_node]: USB camera publisher heartbeat: publishing 1280x720 frames on /wrist_mounted_camera/image; camera_info fx=920.87, fy=921.57, cx=644.76, cy=343.15.
[adl_ui-15] 127.0.0.1 - - [23/Apr/2026 20:06:45] "GET /status_json HTTP/1.1" 200 -
[ros2_control_node-1] [WARN] [1776989205.551954386] [controller_manager]: Overrun might occur, Total time : 3060.020 us (Expected < 1000.000 us) --> Read time : 67.287 us, Update time : 258.132 us, Write time : 2734.601 us
[ros2_control_node-1] [WARN] [1776989205.552039509] [controller_manager]: Overrun detected! The controller manager missed its desired rate of 1000 Hz. The loop took 3.182312 ms (missed cycles : 4).
[adl_ui-15] 127.0.0.1 - - [23/Apr/2026 20:06:45] "GET /status_json HTTP/1.1" 200 -
[vision_apriltag-9] [INFO] [1776989206.165143998] [vision_apriltag_node]: Vision AprilTag: images are arriving, but no AprilTag has been seen for 659.0s.
[adl_ui-15] 127.0.0.1 - - [23/Apr/2026 20:06:46] "GET /status_json HTTP/1.1" 200 -
[ros2_control_node-1] [WARN] [1776989206.554532278] [controller_manager]: Overrun might occur, Total time : 2624.663 us (Expected < 1000.000 us) --> Read time : 63.211 us, Update time : 263.911 us, Write time : 2297.541 us
[ros2_control_node-1] [WARN] [1776989206.554651139] [controller_manager]: Overrun detected! The controller manager missed its desired rate of 1000 Hz. The loop took 2.794263 ms (missed cycles : 3).
[adl_ui-15] 127.0.0.1 - - [23/Apr/2026 20:06:47] "GET /status_json HTTP/1.1" 200 -
[ros2_control_node-1] [WARN] [1776989207.555669976] [controller_manager]: Overrun might occur, Total time : 2791.702 us (Expected < 1000.000 us) --> Read time : 37.205 us, Update time : 217.641 us, Write time : 2536.856 us
[ros2_control_node-1] [WARN] [1776989207.555747129] [controller_manager]: Overrun detected! The controller manager missed its desired rate of 1000 Hz. The loop took 2.889868 ms (missed cycles : 3).
[vision_apriltag-9] [INFO] [1776989207.735817519] [vision_apriltag_node]: Vision AprilTag detection debug: no tags found after raw/CLAHE/sharp/adaptive/upscaled/tiled passes.
[adl_ui-15] 127.0.0.1 - - [23/Apr/2026 20:06:48] "GET /status_json HTTP/1.1" 200 -
[vision_apriltag-9] [INFO] [1776989208.164025950] [vision_apriltag_node]: Vision AprilTag: images are arriving, but no AprilTag has been seen for 661.0s.
[ros2_control_node-1] [WARN] [1776989208.556471600] [controller_manager]: Overrun might occur, Total time : 2597.953 us (Expected < 1000.000 us) --> Read time : 28.808 us, Update time : 189.283 us, Write time : 2379.862 us
[ros2_control_node-1] [WARN] [1776989208.556546662] [controller_manager]: Overrun detected! The controller manager missed its desired rate of 1000 Hz. The loop took 2.689621 ms (missed cycles : 3).
[adl_ui-15] 127.0.0.1 - - [23/Apr/2026 20:06:48] "GET /status_json HTTP/1.1" 200 -
[adl_ui-15] 127.0.0.1 - - [23/Apr/2026 20:06:49] "GET /status_json HTTP/1.1" 200 -
[ros2_control_node-1] [WARN] [1776989209.556617437] [controller_manager]: Overrun might occur, Total time : 2734.035 us (Expected < 1000.000 us) --> Read time : 45.047 us, Update time : 251.421 us, Write time : 2437.567 us
[ros2_control_node-1] [WARN] [1776989209.556703005] [controller_manager]: Overrun detected! The controller manager missed its desired rate of 1000 Hz. The loop took 2.845496 ms (missed cycles : 3).
[wrist_camera_usb_publisher-8] [INFO] [1776989210.027564414] [wrist_camera_usb_publisher_node]: USB camera publisher heartbeat: publishing 1280x720 frames on /wrist_mounted_camera/image; camera_info fx=920.87, fy=921.57, cx=644.76, cy=343.15.
[vision_apriltag-9] [INFO] [1776989210.188710673] [vision_apriltag_node]: Vision AprilTag: images are arriving, but no AprilTag has been seen for 663.0s.
[adl_ui-15] 127.0.0.1 - - [23/Apr/2026 20:06:50] "GET /status_json HTTP/1.1" 200 -
[ros2_control_node-1] [WARN] [1776989210.559432124] [controller_manager]: Overrun might occur, Total time : 3533.694 us (Expected < 1000.000 us) --> Read time : 72.876 us, Update time : 339.039 us, Write time : 3121.779 us
[ros2_control_node-1] [WARN] [1776989210.559517793] [controller_manager]: Overrun detected! The controller manager missed its desired rate of 1000 Hz. The loop took 3.660905 ms (missed cycles : 4).
[adl_ui-15] 127.0.0.1 - - [23/Apr/2026 20:06:51] "GET /status_json HTTP/1.1" 200 -
[ros2_control_node-1] [WARN] [1776989211.559750306] [controller_manager]: Overrun might occur, Total time : 3857.361 us (Expected < 1000.000 us) --> Read time : 45.635 us, Update time : 262.723 us, Write time : 3549.003 us
[ros2_control_node-1] [WARN] [1776989211.559833640] [controller_manager]: Overrun detected! The controller manager missed its desired rate of 1000 Hz. The loop took 3.976645 ms (missed cycles : 4).
[adl_ui-15] 127.0.0.1 - - [23/Apr/2026 20:06:51] "GET /status_json HTTP/1.1" 200 -
[vision_apriltag-9] [INFO] [1776989212.329879897] [vision_apriltag_node]: Vision AprilTag: images are arriving, but no AprilTag has been seen for 665.2s.
[adl_ui-15] 127.0.0.1 - - [23/Apr/2026 20:06:52] "GET /status_json HTTP/1.1" 200 -
[ros2_control_node-1] [WARN] [1776989212.562459679] [controller_manager]: Overrun might occur, Total time : 3577.028 us (Expected < 1000.000 us) --> Read time : 50.383 us, Update time : 296.775 us, Write time : 3229.870 us
[ros2_control_node-1] [WARN] [1776989212.562535384] [controller_manager]: Overrun detected! The controller manager missed its desired rate of 1000 Hz. The loop took 3.678726 ms (missed cycles : 4).
[vision_apriltag-9] [INFO] [1776989212.812308181] [vision_apriltag_node]: Vision AprilTag detection debug: no tags found after raw/CLAHE/sharp/adaptive/upscaled/tiled passes.
[adl_ui-15] 127.0.0.1 - - [23/Apr/2026 20:06:53] "GET /status_json HTTP/1.1" 200 -
[ros2_control_node-1] [WARN] [1776989213.562503096] [controller_manager]: Overrun might occur, Total time : 3614.568 us (Expected < 1000.000 us) --> Read time : 39.941 us, Update time : 275.375 us, Write time : 3299.252 us
[ros2_control_node-1] [WARN] [1776989213.562671976] [controller_manager]: Overrun detected! The controller manager missed its desired rate of 1000 Hz. The loop took 3.813696 ms (missed cycles : 4).
[adl_ui-15] 127.0.0.1 - - [23/Apr/2026 20:06:54] "GET /status_json HTTP/1.1" 200 -
[vision_apriltag-9] [INFO] [1776989214.166782509] [vision_apriltag_node]: Vision AprilTag: images are arriving, but no AprilTag has been seen for 667.0s.
[ros2_control_node-1] [WARN] [1776989214.563029288] [controller_manager]: Overrun might occur, Total time : 6145.705 us (Expected < 1000.000 us) --> Read time : 47.013 us, Update time : 259.634 us, Write time : 5839.058 us
[ros2_control_node-1] [WARN] [1776989214.563146486] [controller_manager]: Overrun detected! The controller manager missed its desired rate of 1000 Hz. The loop took 6.289353 ms (missed cycles : 7).
[adl_ui-15] 127.0.0.1 - - [23/Apr/2026 20:06:54] "GET /status_json HTTP/1.1" 200 -
[wrist_camera_usb_publisher-8] [INFO] [1776989215.031290317] [wrist_camera_usb_publisher_node]: USB camera publisher heartbeat: publishing 1280x720 frames on /wrist_mounted_camera/image; camera_info fx=920.87, fy=921.57, cx=644.76, cy=343.15.
[adl_ui-15] 127.0.0.1 - - [23/Apr/2026 20:06:55] "GET /status_json HTTP/1.1" 200 -
[ros2_control_node-1] [WARN] [1776989215.564057214] [controller_manager]: Overrun might occur, Total time : 3169.186 us (Expected < 1000.000 us) --> Read time : 46.774 us, Update time : 243.718 us, Write time : 2878.694 us
[ros2_control_node-1] [WARN] [1776989215.564154793] [controller_manager]: Overrun detected! The controller manager missed its desired rate of 1000 Hz. The loop took 3.298066 ms (missed cycles : 4).
[vision_apriltag-9] [INFO] [1776989216.163765561] [vision_apriltag_node]: Vision AprilTag: images are arriving, but no AprilTag has been seen for 669.0s.
[adl_ui-15] 127.0.0.1 - - [23/Apr/2026 20:06:56] "GET /status_json HTTP/1.1" 200 -
[ros2_control_node-1] [WARN] [1776989216.564799827] [controller_manager]: Overrun might occur, Total time : 3912.685 us (Expected < 1000.000 us) --> Read time : 43.178 us, Update time : 241.809 us, Write time : 3627.698 us
[ros2_control_node-1] [WARN] [1776989216.564882521] [controller_manager]: Overrun detected! The controller manager missed its desired rate of 1000 Hz. The loop took 4.025732 ms (missed cycles : 5).
[adl_ui-15] 127.0.0.1 - - [23/Apr/2026 20:06:57] "GET /status_json HTTP/1.1" 200 -
[ros2_control_node-1] [WARN] [1776989217.567608315] [controller_manager]: Overrun might occur, Total time : 2721.872 us (Expected < 1000.000 us) --> Read time : 48.379 us, Update time : 298.085 us, Write time : 2375.408 us
[ros2_control_node-1] [WARN] [1776989217.567693720] [controller_manager]: Overrun detected! The controller manager missed its desired rate of 1000 Hz. The loop took 2.836183 ms (missed cycles : 3).
[adl_ui-15] 127.0.0.1 - - [23/Apr/2026 20:06:57] "GET /status_json HTTP/1.1" 200 -
[vision_apriltag-9] [INFO] [1776989218.120366624] [vision_apriltag_node]: Vision AprilTag detection debug: no tags found after raw/CLAHE/sharp/adaptive/upscaled/tiled passes.
[vision_apriltag-9] [INFO] [1776989218.164515342] [vision_apriltag_node]: Vision AprilTag: images are arriving, but no AprilTag has been seen for 671.0s.
[adl_ui-15] 127.0.0.1 - - [23/Apr/2026 20:06:58] "GET /status_json HTTP/1.1" 200 -
[ros2_control_node-1] [WARN] [1776989218.569155408] [controller_manager]: Overrun might occur, Total time : 3282.876 us (Expected < 1000.000 us) --> Read time : 24.959 us, Update time : 163.387 us, Write time : 3094.530 us
[ros2_control_node-1] [WARN] [1776989218.569216278] [controller_manager]: Overrun detected! The controller manager missed its desired rate of 1000 Hz. The loop took 3.359721 ms (missed cycles : 4).
[adl_ui-15] 127.0.0.1 - - [23/Apr/2026 20:06:59] "GET /status_json HTTP/1.1" 200 -
[ros2_control_node-1] [WARN] [1776989219.569601194] [controller_manager]: Overrun might occur, Total time : 2713.726 us (Expected < 1000.000 us) --> Read time : 41.405 us, Update time : 262.635 us, Write time : 2409.686 us
[ros2_control_node-1] [WARN] [1776989219.569709114] [controller_manager]: Overrun detected! The controller manager missed its desired rate of 1000 Hz. The loop took 2.852359 ms (missed cycles : 3).
[adl_ui-15] 127.0.0.1 - - [23/Apr/2026 20:07:00] "GET /status_json HTTP/1.1" 200 -
[vision_apriltag-9] [INFO] [1776989220.163847763] [vision_apriltag_node]: Vision AprilTag: images are arriving, but no AprilTag has been seen for 673.0s.
[wrist_camera_usb_publisher-8] [INFO] [1776989220.180552777] [wrist_camera_usb_publisher_node]: USB camera publisher heartbeat: publishing 1280x720 frames on /wrist_mounted_camera/image; camera_info fx=920.87, fy=921.57, cx=644.76, cy=343.15.
[ros2_control_node-1] [WARN] [1776989220.571719576] [controller_manager]: Overrun might occur, Total time : 2840.104 us (Expected < 1000.000 us) --> Read time : 38.313 us, Update time : 237.035 us, Write time : 2564.756 us
[ros2_control_node-1] [WARN] [1776989220.571814242] [controller_manager]: Overrun detected! The controller manager missed its desired rate of 1000 Hz. The loop took 2.956473 ms (missed cycles : 3).
[adl_ui-15] 127.0.0.1 - - [23/Apr/2026 20:07:00] "GET /status_json HTTP/1.1" 200 -
[adl_ui-15] 127.0.0.1 - - [23/Apr/2026 20:07:01] "GET /status_json HTTP/1.1" 200 -
[ros2_control_node-1] [WARN] [1776989221.574304368] [controller_manager]: Overrun might occur, Total time : 2428.193 us (Expected < 1000.000 us) --> Read time : 37.484 us, Update time : 236.586 us, Write time : 2154.123 us
[ros2_control_node-1] [WARN] [1776989221.574371517] [controller_manager]: Overrun detected! The controller manager missed its desired rate of 1000 Hz. The loop took 2.515119 ms (missed cycles : 3).
[vision_apriltag-9] [INFO] [1776989222.167421551] [vision_apriltag_node]: Vision AprilTag: images are arriving, but no AprilTag has been seen for 675.0s.
[adl_ui-15] 127.0.0.1 - - [23/Apr/2026 20:07:02] "GET /status_json HTTP/1.1" 200 -
[ros2_control_node-1] [WARN] [1776989222.578592714] [controller_manager]: Overrun might occur, Total time : 5704.200 us (Expected < 1000.000 us) --> Read time : 51.642 us, Update time : 264.192 us, Write time : 5388.366 us
[ros2_control_node-1] [WARN] [1776989222.578689298] [controller_manager]: Overrun detected! The controller manager missed its desired rate of 1000 Hz. The loop took 5.832550 ms (missed cycles : 6).
[adl_ui-15] 127.0.0.1 - - [23/Apr/2026 20:07:03] "GET /status_json HTTP/1.1" 200 -
[vision_apriltag-9] [INFO] [1776989223.169776271] [vision_apriltag_node]: Vision AprilTag detection debug: no tags found after raw/CLAHE/sharp/adaptive/upscaled/tiled passes.
[ros2_control_node-1] [WARN] [1776989223.579989607] [controller_manager]: Overrun might occur, Total time : 6111.817 us (Expected < 1000.000 us) --> Read time : 33.826 us, Update time : 220.221 us, Write time : 5857.770 us
[ros2_control_node-1] [WARN] [1776989223.580072816] [controller_manager]: Overrun detected! The controller manager missed its desired rate of 1000 Hz. The loop took 6.215920 ms (missed cycles : 7).
[adl_ui-15] 127.0.0.1 - - [23/Apr/2026 20:07:03] "GET /status_json HTTP/1.1" 200 -
[vision_apriltag-9] [INFO] [1776989224.453758738] [vision_apriltag_node]: Vision AprilTag: images are arriving, but no AprilTag has been seen for 677.3s.
[adl_ui-15] 127.0.0.1 - - [23/Apr/2026 20:07:04] "GET /status_json HTTP/1.1" 200 -
[ros2_control_node-1] [WARN] [1776989224.580700854] [controller_manager]: Overrun might occur, Total time : 2819.554 us (Expected < 1000.000 us) --> Read time : 48.564 us, Update time : 256.437 us, Write time : 2514.553 us
[ros2_control_node-1] [WARN] [1776989224.580785419] [controller_manager]: Overrun detected! The controller manager missed its desired rate of 1000 Hz. The loop took 2.928130 ms (missed cycles : 3).
[adl_ui-15] 127.0.0.1 - - [23/Apr/2026 20:07:05] "GET /status_json HTTP/1.1" 200 -
[wrist_camera_usb_publisher-8] [INFO] [1776989225.346611416] [wrist_camera_usb_publisher_node]: USB camera publisher heartbeat: publishing 1280x720 frames on /wrist_mounted_camera/image; camera_info fx=920.87, fy=921.57, cx=644.76, cy=343.15.
[ros2_control_node-1] [WARN] [1776989225.582467268] [controller_manager]: Overrun might occur, Total time : 2588.598 us (Expected < 1000.000 us) --> Read time : 38.265 us, Update time : 226.078 us, Write time : 2324.255 us
[ros2_control_node-1] [WARN] [1776989225.582542434] [controller_manager]: Overrun detected! The controller manager missed its desired rate of 1000 Hz. The loop took 2.685723 ms (missed cycles : 3).
[adl_ui-15] 127.0.0.1 - - [23/Apr/2026 20:07:06] "GET /status_json HTTP/1.1" 200 -
[vision_apriltag-9] [INFO] [1776989226.163691533] [vision_apriltag_node]: Vision AprilTag: images are arriving, but no AprilTag has been seen for 679.0s.
[ros2_control_node-1] [WARN] [1776989226.585098024] [controller_manager]: Overrun might occur, Total time : 3216.762 us (Expected < 1000.000 us) --> Read time : 44.874 us, Update time : 294.315 us, Write time : 2877.573 us
[ros2_control_node-1] [WARN] [1776989226.585180884] [controller_manager]: Overrun detected! The controller manager missed its desired rate of 1000 Hz. The loop took 3.323601 ms (missed cycles : 4).
[adl_ui-15] 127.0.0.1 - - [23/Apr/2026 20:07:06] "GET /status_json HTTP/1.1" 200 -
[adl_ui-15] 127.0.0.1 - - [23/Apr/2026 20:07:07] "GET /status_json HTTP/1.1" 200 -
[ros2_control_node-1] [WARN] [1776989227.587789383] [controller_manager]: Overrun might occur, Total time : 2866.777 us (Expected < 1000.000 us) --> Read time : 45.754 us, Update time : 281.668 us, Write time : 2539.355 us
[ros2_control_node-1] [WARN] [1776989227.587917301] [controller_manager]: Overrun detected! The controller manager missed its desired rate of 1000 Hz. The loop took 3.058959 ms (missed cycles : 4).
[vision_apriltag-9] [INFO] [1776989228.163715574] [vision_apriltag_node]: Vision AprilTag: images are arriving, but no AprilTag has been seen for 681.0s.
[adl_ui-15] 127.0.0.1 - - [23/Apr/2026 20:07:08] "GET /status_json HTTP/1.1" 200 -
[vision_apriltag-9] [INFO] [1776989228.474488559] [vision_apriltag_node]: Vision AprilTag detection debug: no tags found after raw/CLAHE/sharp/adaptive/upscaled/tiled passes.
[ros2_control_node-1] [WARN] [1776989228.588502536] [controller_manager]: Overrun might occur, Total time : 2620.809 us (Expected < 1000.000 us) --> Read time : 39.612 us, Update time : 232.598 us, Write time : 2348.599 us
[ros2_control_node-1] [WARN] [1776989228.588580353] [controller_manager]: Overrun detected! The controller manager missed its desired rate of 1000 Hz. The loop took 2.723317 ms (missed cycles : 3).
[adl_ui-15] 127.0.0.1 - - [23/Apr/2026 20:07:09] "GET /status_json HTTP/1.1" 200 -
[ros2_control_node-1] [WARN] [1776989229.588698338] [controller_manager]: Overrun might occur, Total time : 2815.384 us (Expected < 1000.000 us) --> Read time : 39.592 us, Update time : 239.769 us, Write time : 2536.023 us
[ros2_control_node-1] [WARN] [1776989229.588778962] [controller_manager]: Overrun detected! The controller manager missed its desired rate of 1000 Hz. The loop took 2.922294 ms (missed cycles : 3).
[adl_ui-15] 127.0.0.1 - - [23/Apr/2026 20:07:09] "GET /status_json HTTP/1.1" 200 -
[vision_apriltag-9] [INFO] [1776989230.165604279] [vision_apriltag_node]: Vision AprilTag: images are arriving, but no AprilTag has been seen for 683.0s.
[wrist_camera_usb_publisher-8] [INFO] [1776989230.505197571] [wrist_camera_usb_publisher_node]: USB camera publisher heartbeat: publishing 1280x720 frames on /wrist_mounted_camera/image; camera_info fx=920.87, fy=921.57, cx=644.76, cy=343.15.
[adl_ui-15] 127.0.0.1 - - [23/Apr/2026 20:07:10] "GET /status_json HTTP/1.1" 200 -
[ros2_control_node-1] [WARN] [1776989230.590699793] [controller_manager]: Overrun might occur, Total time : 2816.459 us (Expected < 1000.000 us) --> Read time : 39.499 us, Update time : 250.828 us, Write time : 2526.132 us
[ros2_control_node-1] [WARN] [1776989230.590815829] [controller_manager]: Overrun detected! The controller manager missed its desired rate of 1000 Hz. The loop took 2.959023 ms (missed cycles : 3).
[adl_ui-15] 127.0.0.1 - - [23/Apr/2026 20:07:11] "GET /status_json HTTP/1.1" 200 -
[ros2_control_node-1] [WARN] [1776989231.591672887] [controller_manager]: Overrun might occur, Total time : 2772.612 us (Expected < 1000.000 us) --> Read time : 28.426 us, Update time : 197.575 us, Write time : 2546.611 us
[ros2_control_node-1] [WARN] [1776989231.591746339] [controller_manager]: Overrun detected! The controller manager missed its desired rate of 1000 Hz. The loop took 2.889690 ms (missed cycles : 3).
[adl_ui-15] 127.0.0.1 - - [23/Apr/2026 20:07:12] "GET /status_json HTTP/1.1" 200 -
[vision_apriltag-9] [INFO] [1776989232.163430830] [vision_apriltag_node]: Vision AprilTag: images are arriving, but no AprilTag has been seen for 685.0s.
[ros2_control_node-1] [WARN] [1776989232.594252643] [controller_manager]: Overrun might occur, Total time : 3376.151 us (Expected < 1000.000 us) --> Read time : 34.086 us, Update time : 242.700 us, Write time : 3099.365 us
[ros2_control_node-1] [WARN] [1776989232.594330925] [controller_manager]: Overrun detected! The controller manager missed its desired rate of 1000 Hz. The loop took 3.474244 ms (missed cycles : 4).
[adl_ui-15] 127.0.0.1 - - [23/Apr/2026 20:07:12] "GET /status_json HTTP/1.1" 200 -
[adl_ui-15] 127.0.0.1 - - [23/Apr/2026 20:07:13] "GET /status_json HTTP/1.1" 200 -
[ros2_control_node-1] [WARN] [1776989233.595425366] [controller_manager]: Overrun might occur, Total time : 3527.499 us (Expected < 1000.000 us) --> Read time : 80.772 us, Update time : 317.714 us, Write time : 3129.013 us
[ros2_control_node-1] [WARN] [1776989233.595521375] [controller_manager]: Overrun detected! The controller manager missed its desired rate of 1000 Hz. The loop took 3.664684 ms (missed cycles : 4).
[vision_apriltag-9] [INFO] [1776989233.873273215] [vision_apriltag_node]: Vision AprilTag detection debug: no tags found after raw/CLAHE/sharp/adaptive/upscaled/tiled passes.
[vision_apriltag-9] [INFO] [1776989234.243631337] [vision_apriltag_node]: Vision AprilTag: images are arriving, but no AprilTag has been seen for 687.1s.
[adl_ui-15] 127.0.0.1 - - [23/Apr/2026 20:07:14] "GET /status_json HTTP/1.1" 200 -
[ros2_control_node-1] [WARN] [1776989234.599387496] [controller_manager]: Overrun might occur, Total time : 4494.846 us (Expected < 1000.000 us) --> Read time : 56.323 us, Update time : 310.804 us, Write time : 4127.719 us
[ros2_control_node-1] [WARN] [1776989234.599472292] [controller_manager]: Overrun detected! The controller manager missed its desired rate of 1000 Hz. The loop took 4.615348 ms (missed cycles : 5).
[adl_ui-15] 127.0.0.1 - - [23/Apr/2026 20:07:15] "GET /status_json HTTP/1.1" 200 -
[ros2_control_node-1] [WARN] [1776989235.602583016] [controller_manager]: Overrun might occur, Total time : 2699.905 us (Expected < 1000.000 us) --> Read time : 45.695 us, Update time : 218.123 us, Write time : 2436.087 us
[ros2_control_node-1] [WARN] [1776989235.602657026] [controller_manager]: Overrun detected! The controller manager missed its desired rate of 1000 Hz. The loop took 2.800540 ms (missed cycles : 3).
[wrist_camera_usb_publisher-8] [INFO] [1776989235.665704185] [wrist_camera_usb_publisher_node]: USB camera publisher heartbeat: publishing 1280x720 frames on /wrist_mounted_camera/image; camera_info fx=920.87, fy=921.57, cx=644.76, cy=343.15.
[adl_ui-15] 127.0.0.1 - - [23/Apr/2026 20:07:15] "GET /status_json HTTP/1.1" 200 -
[adl_ui-15] 127.0.0.1 - - [23/Apr/2026 20:07:16] "GET /status_json HTTP/1.1" 200 -
[ros2_control_node-1] [WARN] [1776989236.603541212] [controller_manager]: Overrun might occur, Total time : 2657.772 us (Expected < 1000.000 us) --> Read time : 37.460 us, Update time : 233.748 us, Write time : 2386.564 us
[ros2_control_node-1] [WARN] [1776989236.603651824] [controller_manager]: Overrun detected! The controller manager missed its desired rate of 1000 Hz. The loop took 2.792872 ms (missed cycles : 3).
[vision_apriltag-9] [INFO] [1776989236.909963643] [vision_apriltag_node]: Vision AprilTag: images are arriving, but no AprilTag has been seen for 689.7s.
[adl_ui-15] 127.0.0.1 - - [23/Apr/2026 20:07:17] "GET /status_json HTTP/1.1" 200 -
[ros2_control_node-1] [WARN] [1776989237.606799123] [controller_manager]: Overrun might occur, Total time : 2912.626 us (Expected < 1000.000 us) --> Read time : 50.936 us, Update time : 246.828 us, Write time : 2614.862 us
[ros2_control_node-1] [WARN] [1776989237.606873452] [controller_manager]: Overrun detected! The controller manager missed its desired rate of 1000 Hz. The loop took 3.016238 ms (missed cycles : 4).
[adl_ui-15] 127.0.0.1 - - [23/Apr/2026 20:07:18] "GET /status_json HTTP/1.1" 200 -
[vision_apriltag-9] [INFO] [1776989238.276052980] [vision_apriltag_node]: Vision AprilTag: images are arriving, but no AprilTag has been seen for 691.1s.
[ros2_control_node-1] [WARN] [1776989238.612105444] [controller_manager]: Overrun might occur, Total time : 5222.853 us (Expected < 1000.000 us) --> Read time : 34.926 us, Update time : 203.334 us, Write time : 4984.593 us
[ros2_control_node-1] [WARN] [1776989238.612205836] [controller_manager]: Overrun detected! The controller manager missed its desired rate of 1000 Hz. The loop took 5.348891 ms (missed cycles : 6).
[adl_ui-15] 127.0.0.1 - - [23/Apr/2026 20:07:18] "GET /status_json HTTP/1.1" 200 -
[vision_apriltag-9] [INFO] [1776989239.418822595] [vision_apriltag_node]: Vision AprilTag detection debug: no tags found after raw/CLAHE/sharp/adaptive/upscaled/tiled passes.
[adl_ui-15] 127.0.0.1 - - [23/Apr/2026 20:07:19] "GET /status_json HTTP/1.1" 200 -
[ros2_control_node-1] [WARN] [1776989239.614893476] [controller_manager]: Overrun might occur, Total time : 4003.687 us (Expected < 1000.000 us) --> Read time : 45.316 us, Update time : 252.810 us, Write time : 3705.561 us
[ros2_control_node-1] [WARN] [1776989239.615004102] [controller_manager]: Overrun detected! The controller manager missed its desired rate of 1000 Hz. The loop took 4.146928 ms (missed cycles : 5).
[vision_apriltag-9] [INFO] [1776989240.163926773] [vision_apriltag_node]: Vision AprilTag: images are arriving, but no AprilTag has been seen for 693.0s.
[adl_ui-15] 127.0.0.1 - - [23/Apr/2026 20:07:20] "GET /status_json HTTP/1.1" 200 -
[ros2_control_node-1] [WARN] [1776989240.617712463] [controller_manager]: Overrun might occur, Total time : 2832.132 us (Expected < 1000.000 us) --> Read time : 26.118 us, Update time : 181.540 us, Write time : 2624.474 us
[ros2_control_node-1] [WARN] [1776989240.617789431] [controller_manager]: Overrun detected! The controller manager missed its desired rate of 1000 Hz. The loop took 2.932678 ms (missed cycles : 3).
[wrist_camera_usb_publisher-8] [INFO] [1776989240.824568314] [wrist_camera_usb_publisher_node]: USB camera publisher heartbeat: publishing 1280x720 frames on /wrist_mounted_camera/image; camera_info fx=920.87, fy=921.57, cx=644.76, cy=343.15.
[adl_ui-15] 127.0.0.1 - - [23/Apr/2026 20:07:21] "GET /status_json HTTP/1.1" 200 -
[ros2_control_node-1] [WARN] [1776989241.620755202] [controller_manager]: Overrun might occur, Total time : 3870.579 us (Expected < 1000.000 us) --> Read time : 42.905 us, Update time : 227.507 us, Write time : 3600.167 us
[ros2_control_node-1] [WARN] [1776989241.620848765] [controller_manager]: Overrun detected! The controller manager missed its desired rate of 1000 Hz. The loop took 3.991666 ms (missed cycles : 4).
[adl_ui-15] 127.0.0.1 - - [23/Apr/2026 20:07:21] "GET /status_json HTTP/1.1" 200 -
[vision_apriltag-9] [INFO] [1776989242.163862586] [vision_apriltag_node]: Vision AprilTag: images are arriving, but no AprilTag has been seen for 695.0s.
[adl_ui-15] 127.0.0.1 - - [23/Apr/2026 20:07:22] "GET /status_json HTTP/1.1" 200 -
[ros2_control_node-1] [WARN] [1776989242.624207004] [controller_manager]: Overrun might occur, Total time : 3301.727 us (Expected < 1000.000 us) --> Read time : 83.526 us, Update time : 380.595 us, Write time : 2837.606 us
[ros2_control_node-1] [WARN] [1776989242.624316628] [controller_manager]: Overrun detected! The controller manager missed its desired rate of 1000 Hz. The loop took 3.459263 ms (missed cycles : 4).
[adl_ui-15] 127.0.0.1 - - [23/Apr/2026 20:07:23] "GET /status_json HTTP/1.1" 200 -
[ros2_control_node-1] [WARN] [1776989243.624700137] [controller_manager]: Overrun might occur, Total time : 2817.157 us (Expected < 1000.000 us) --> Read time : 49.807 us, Update time : 240.924 us, Write time : 2526.426 us
[ros2_control_node-1] [WARN] [1776989243.624768067] [controller_manager]: Overrun detected! The controller manager missed its desired rate of 1000 Hz. The loop took 2.911595 ms (missed cycles : 3).
[adl_ui-15] 127.0.0.1 - - [23/Apr/2026 20:07:24] "GET /status_json HTTP/1.1" 200 -
[vision_apriltag-9] [INFO] [1776989244.166337423] [vision_apriltag_node]: Vision AprilTag: images are arriving, but no AprilTag has been seen for 697.0s.
[ros2_control_node-1] [WARN] [1776989244.626482343] [controller_manager]: Overrun might occur, Total time : 2607.305 us (Expected < 1000.000 us) --> Read time : 37.463 us, Update time : 229.495 us, Write time : 2340.347 us
[ros2_control_node-1] [WARN] [1776989244.626556072] [controller_manager]: Overrun detected! The controller manager missed its desired rate of 1000 Hz. The loop took 2.699637 ms (missed cycles : 3).
[vision_apriltag-9] [INFO] [1776989244.704161613] [vision_apriltag_node]: Vision AprilTag detection debug: no tags found after raw/CLAHE/sharp/adaptive/upscaled/tiled passes.
[adl_ui-15] 127.0.0.1 - - [23/Apr/2026 20:07:24] "GET /status_json HTTP/1.1" 200 -
[adl_ui-15] 127.0.0.1 - - [23/Apr/2026 20:07:25] "GET /status_json HTTP/1.1" 200 -
[ros2_control_node-1] [WARN] [1776989245.629881253] [controller_manager]: Overrun might occur, Total time : 2995.665 us (Expected < 1000.000 us) --> Read time : 41.579 us, Update time : 250.006 us, Write time : 2704.080 us
[ros2_control_node-1] [WARN] [1776989245.629975556] [controller_manager]: Overrun detected! The controller manager missed its desired rate of 1000 Hz. The loop took 3.118705 ms (missed cycles : 4).
[wrist_camera_usb_publisher-8] [INFO] [1776989245.990491460] [wrist_camera_usb_publisher_node]: USB camera publisher heartbeat: publishing 1280x720 frames on /wrist_mounted_camera/image; camera_info fx=920.87, fy=921.57, cx=644.76, cy=343.15.
[vision_apriltag-9] [INFO] [1776989246.265400227] [vision_apriltag_node]: Vision AprilTag: images are arriving, but no AprilTag has been seen for 699.1s.
[adl_ui-15] 127.0.0.1 - - [23/Apr/2026 20:07:26] "GET /status_json HTTP/1.1" 200 -
[ros2_control_node-1] [WARN] [1776989246.632683180] [controller_manager]: Overrun might occur, Total time : 2801.797 us (Expected < 1000.000 us) --> Read time : 34.694 us, Update time : 233.895 us, Write time : 2533.208 us
[ros2_control_node-1] [WARN] [1776989246.632782136] [controller_manager]: Overrun detected! The controller manager missed its desired rate of 1000 Hz. The loop took 2.924969 ms (missed cycles : 3).
[adl_ui-15] 127.0.0.1 - - [23/Apr/2026 20:07:27] "GET /status_json HTTP/1.1" 200 -
[ros2_control_node-1] [WARN] [1776989247.632738926] [controller_manager]: Overrun might occur, Total time : 2854.874 us (Expected < 1000.000 us) --> Read time : 23.615 us, Update time : 168.439 us, Write time : 2662.820 us
[ros2_control_node-1] [WARN] [1776989247.632856926] [controller_manager]: Overrun detected! The controller manager missed its desired rate of 1000 Hz. The loop took 2.999835 ms (missed cycles : 3).
[adl_ui-15] 127.0.0.1 - - [23/Apr/2026 20:07:27] "GET /status_json HTTP/1.1" 200 -
[vision_apriltag-9] [INFO] [1776989248.165343240] [vision_apriltag_node]: Vision AprilTag: images are arriving, but no AprilTag has been seen for 701.0s.
[adl_ui-15] 127.0.0.1 - - [23/Apr/2026 20:07:28] "GET /status_json HTTP/1.1" 200 -
[ros2_control_node-1] [WARN] [1776989248.635990356] [controller_manager]: Overrun might occur, Total time : 3105.965 us (Expected < 1000.000 us) --> Read time : 44.464 us, Update time : 294.570 us, Write time : 2766.931 us
[ros2_control_node-1] [WARN] [1776989248.636101405] [controller_manager]: Overrun detected! The controller manager missed its desired rate of 1000 Hz. The loop took 3.243409 ms (missed cycles : 4).
[adl_ui-15] 127.0.0.1 - - [23/Apr/2026 20:07:29] "GET /status_json HTTP/1.1" 200 -
[ros2_control_node-1] [WARN] [1776989249.639573416] [controller_manager]: Overrun might occur, Total time : 4685.706 us (Expected < 1000.000 us) --> Read time : 53.465 us, Update time : 251.298 us, Write time : 4380.943 us
[ros2_control_node-1] [WARN] [1776989249.639657261] [controller_manager]: Overrun detected! The controller manager missed its desired rate of 1000 Hz. The loop took 4.800380 ms (missed cycles : 5).
[vision_apriltag-9] [INFO] [1776989249.987732999] [vision_apriltag_node]: Vision AprilTag detection debug: no tags found after raw/CLAHE/sharp/adaptive/upscaled/tiled passes.
[adl_ui-15] 127.0.0.1 - - [23/Apr/2026 20:07:30] "GET /status_json HTTP/1.1" 200 -
[vision_apriltag-9] [INFO] [1776989250.165803244] [vision_apriltag_node]: Vision AprilTag: images are arriving, but no AprilTag has been seen for 703.0s.
[ros2_control_node-1] [WARN] [1776989250.640737867] [controller_manager]: Overrun might occur, Total time : 3848.280 us (Expected < 1000.000 us) --> Read time : 79.271 us, Update time : 288.365 us, Write time : 3480.644 us
[ros2_control_node-1] [WARN] [1776989250.640823387] [controller_manager]: Overrun detected! The controller manager missed its desired rate of 1000 Hz. The loop took 3.966479 ms (missed cycles : 4).
[adl_ui-15] 127.0.0.1 - - [23/Apr/2026 20:07:30] "GET /status_json HTTP/1.1" 200 -
[wrist_camera_usb_publisher-8] [INFO] [1776989251.146586326] [wrist_camera_usb_publisher_node]: USB camera publisher heartbeat: publishing 1280x720 frames on /wrist_mounted_camera/image; camera_info fx=920.87, fy=921.57, cx=644.76, cy=343.15.
[adl_ui-15] 127.0.0.1 - - [23/Apr/2026 20:07:31] "GET /status_json HTTP/1.1" 200 -
[ros2_control_node-1] [WARN] [1776989251.642636010] [controller_manager]: Overrun might occur, Total time : 3759.030 us (Expected < 1000.000 us) --> Read time : 32.131 us, Update time : 231.238 us, Write time : 3495.661 us
[ros2_control_node-1] [WARN] [1776989251.642712531] [controller_manager]: Overrun detected! The controller manager missed its desired rate of 1000 Hz. The loop took 3.856081 ms (missed cycles : 4).
[vision_apriltag-9] [INFO] [1776989252.163818269] [vision_apriltag_node]: Vision AprilTag: images are arriving, but no AprilTag has been seen for 705.0s.
[adl_ui-15] 127.0.0.1 - - [23/Apr/2026 20:07:32] "GET /status_json HTTP/1.1" 200 -
[ros2_control_node-1] [WARN] [1776989252.643481958] [controller_manager]: Overrun might occur, Total time : 2604.638 us (Expected < 1000.000 us) --> Read time : 41.649 us, Update time : 235.816 us, Write time : 2327.173 us
[ros2_control_node-1] [WARN] [1776989252.643582098] [controller_manager]: Overrun detected! The controller manager missed its desired rate of 1000 Hz. The loop took 2.725113 ms (missed cycles : 3).
[adl_ui-15] 127.0.0.1 - - [23/Apr/2026 20:07:33] "GET /status_json HTTP/1.1" 200 -
[ros2_control_node-1] [WARN] [1776989253.645800318] [controller_manager]: Overrun might occur, Total time : 2917.735 us (Expected < 1000.000 us) --> Read time : 40.321 us, Update time : 213.273 us, Write time : 2664.141 us
[ros2_control_node-1] [WARN] [1776989253.645910214] [controller_manager]: Overrun detected! The controller manager missed its desired rate of 1000 Hz. The loop took 3.053133 ms (missed cycles : 4).
[adl_ui-15] 127.0.0.1 - - [23/Apr/2026 20:07:33] "GET /status_json HTTP/1.1" 200 -
[vision_apriltag-9] [INFO] [1776989254.168442468] [vision_apriltag_node]: Vision AprilTag: images are arriving, but no AprilTag has been seen for 707.0s.
[adl_ui-15] 127.0.0.1 - - [23/Apr/2026 20:07:34] "GET /status_json HTTP/1.1" 200 -
[ros2_control_node-1] [WARN] [1776989254.647529463] [controller_manager]: Overrun might occur, Total time : 4648.861 us (Expected < 1000.000 us) --> Read time : 38.440 us, Update time : 260.564 us, Write time : 4349.857 us
[ros2_control_node-1] [WARN] [1776989254.647616585] [controller_manager]: Overrun detected! The controller manager missed its desired rate of 1000 Hz. The loop took 4.759966 ms (missed cycles : 5).
[vision_apriltag-9] [INFO] [1776989255.001256561] [vision_apriltag_node]: Vision AprilTag detection debug: no tags found after raw/CLAHE/sharp/adaptive/upscaled/tiled passes.
[adl_ui-15] 127.0.0.1 - - [23/Apr/2026 20:07:35] "GET /status_json HTTP/1.1" 200 -
[ros2_control_node-1] [WARN] [1776989255.650234341] [controller_manager]: Overrun might occur, Total time : 3335.529 us (Expected < 1000.000 us) --> Read time : 93.992 us, Update time : 548.076 us, Write time : 2693.461 us
[ros2_control_node-1] [WARN] [1776989255.650333412] [controller_manager]: Overrun detected! The controller manager missed its desired rate of 1000 Hz. The loop took 3.476766 ms (missed cycles : 4).
[adl_ui-15] 127.0.0.1 - - [23/Apr/2026 20:07:36] "GET /status_json HTTP/1.1" 200 -
[vision_apriltag-9] [INFO] [1776989256.164375538] [vision_apriltag_node]: Vision AprilTag: images are arriving, but no AprilTag has been seen for 709.0s.
[wrist_camera_usb_publisher-8] [INFO] [1776989256.314009468] [wrist_camera_usb_publisher_node]: USB camera publisher heartbeat: publishing 1280x720 frames on /wrist_mounted_camera/image; camera_info fx=920.87, fy=921.57, cx=644.76, cy=343.15.
[ros2_control_node-1] [WARN] [1776989256.653126726] [controller_manager]: Overrun might occur, Total time : 3235.941 us (Expected < 1000.000 us) --> Read time : 53.705 us, Update time : 293.216 us, Write time : 2889.020 us
[ros2_control_node-1] [WARN] [1776989256.653246843] [controller_manager]: Overrun detected! The controller manager missed its desired rate of 1000 Hz. The loop took 3.388927 ms (missed cycles : 4).
[adl_ui-15] 127.0.0.1 - - [23/Apr/2026 20:07:36] "GET /status_json HTTP/1.1" 200 -
[adl_ui-15] 127.0.0.1 - - [23/Apr/2026 20:07:37] "GET /status_json HTTP/1.1" 200 -
[ros2_control_node-1] [WARN] [1776989257.656777067] [controller_manager]: Overrun might occur, Total time : 3891.697 us (Expected < 1000.000 us) --> Read time : 38.974 us, Update time : 242.108 us, Write time : 3610.615 us
[ros2_control_node-1] [WARN] [1776989257.656913055] [controller_manager]: Overrun detected! The controller manager missed its desired rate of 1000 Hz. The loop took 4.055034 ms (missed cycles : 5).
[vision_apriltag-9] [INFO] [1776989258.181791911] [vision_apriltag_node]: Vision AprilTag: images are arriving, but no AprilTag has been seen for 711.0s.
[adl_ui-15] 127.0.0.1 - - [23/Apr/2026 20:07:38] "GET /status_json HTTP/1.1" 200 -
[ros2_control_node-1] [WARN] [1776989258.657187425] [controller_manager]: Overrun might occur, Total time : 3280.690 us (Expected < 1000.000 us) --> Read time : 74.260 us, Update time : 319.701 us, Write time : 2886.729 us
[ros2_control_node-1] [WARN] [1776989258.657318693] [controller_manager]: Overrun detected! The controller manager missed its desired rate of 1000 Hz. The loop took 3.460827 ms (missed cycles : 4).
[adl_ui-15] 127.0.0.1 - - [23/Apr/2026 20:07:39] "GET /status_json HTTP/1.1" 200 -
[ros2_control_node-1] [WARN] [1776989259.661383393] [controller_manager]: Overrun might occur, Total time : 8480.593 us (Expected < 1000.000 us) --> Read time : 68.866 us, Update time : 319.600 us, Write time : 8092.127 us
[ros2_control_node-1] [WARN] [1776989259.661468533] [controller_manager]: Overrun detected! The controller manager missed its desired rate of 1000 Hz. The loop took 8.611628 ms (missed cycles : 9).
[adl_ui-15] 127.0.0.1 - - [23/Apr/2026 20:07:39] "GET /status_json HTTP/1.1" 200 -
[vision_apriltag-9] [INFO] [1776989260.057246056] [vision_apriltag_node]: Vision AprilTag detection debug: no tags found after raw/CLAHE/sharp/adaptive/upscaled/tiled passes.
[adl_ui-15] 127.0.0.1 - - [23/Apr/2026 20:07:40] "GET /status_json HTTP/1.1" 200 -
[ros2_control_node-1] [WARN] [1776989260.665443316] [controller_manager]: Overrun might occur, Total time : 5558.361 us (Expected < 1000.000 us) --> Read time : 47.375 us, Update time : 251.734 us, Write time : 5259.252 us
[ros2_control_node-1] [WARN] [1776989260.665536399] [controller_manager]: Overrun detected! The controller manager missed its desired rate of 1000 Hz. The loop took 5.679638 ms (missed cycles : 6).
[vision_apriltag-9] [INFO] [1776989260.980008982] [vision_apriltag_node]: Vision AprilTag: images are arriving, but no AprilTag has been seen for 713.8s.
[adl_ui-15] 127.0.0.1 - - [23/Apr/2026 20:07:41] "GET /status_json HTTP/1.1" 200 -
[wrist_camera_usb_publisher-8] [INFO] [1776989261.469063472] [wrist_camera_usb_publisher_node]: USB camera publisher heartbeat: publishing 1280x720 frames on /wrist_mounted_camera/image; camera_info fx=920.87, fy=921.57, cx=644.76, cy=343.15.
[ros2_control_node-1] [WARN] [1776989261.677388491] [controller_manager]: Overrun might occur, Total time : 14505.881 us (Expected < 1000.000 us) --> Read time : 42.697 us, Update time : 282.783 us, Write time : 14180.401 us
[ros2_control_node-1] [WARN] [1776989261.677480893] [controller_manager]: Overrun detected! The controller manager missed its desired rate of 1000 Hz. The loop took 14.623949 ms (missed cycles : 15).
[adl_ui-15] 127.0.0.1 - - [23/Apr/2026 20:07:42] "GET /status_json HTTP/1.1" 200 -
[ros2_control_node-1] [WARN] [1776989262.680001934] [controller_manager]: Overrun might occur, Total time : 3113.050 us (Expected < 1000.000 us) --> Read time : 60.787 us, Update time : 281.833 us, Write time : 2770.430 us
[ros2_control_node-1] [WARN] [1776989262.680089720] [controller_manager]: Overrun detected! The controller manager missed its desired rate of 1000 Hz. The loop took 3.233217 ms (missed cycles : 4).
[adl_ui-15] 127.0.0.1 - - [23/Apr/2026 20:07:42] "GET /status_json HTTP/1.1" 200 -
[vision_apriltag-9] [INFO] [1776989263.105694833] [vision_apriltag_node]: Vision AprilTag: images are arriving, but no AprilTag has been seen for 715.9s.
[adl_ui-15] 127.0.0.1 - - [23/Apr/2026 20:07:43] "GET /status_json HTTP/1.1" 200 -
[ros2_control_node-1] [WARN] [1776989263.681685864] [controller_manager]: Overrun might occur, Total time : 2806.088 us (Expected < 1000.000 us) --> Read time : 41.891 us, Update time : 257.452 us, Write time : 2506.745 us
[ros2_control_node-1] [WARN] [1776989263.681760574] [controller_manager]: Overrun detected! The controller manager missed its desired rate of 1000 Hz. The loop took 2.904105 ms (missed cycles : 3).
[adl_ui-15] 127.0.0.1 - - [23/Apr/2026 20:07:44] "GET /status_json HTTP/1.1" 200 -
[ros2_control_node-1] [WARN] [1776989264.685389606] [controller_manager]: Overrun might occur, Total time : 4502.603 us (Expected < 1000.000 us) --> Read time : 53.319 us, Update time : 263.956 us, Write time : 4185.328 us
[ros2_control_node-1] [WARN] [1776989264.685502462] [controller_manager]: Overrun detected! The controller manager missed its desired rate of 1000 Hz. The loop took 4.645898 ms (missed cycles : 5).
[vision_apriltag-9] [INFO] [1776989264.905016025] [vision_apriltag_node]: Vision AprilTag: images are arriving, but no AprilTag has been seen for 717.7s.
[adl_ui-15] 127.0.0.1 - - [23/Apr/2026 20:07:45] "GET /status_json HTTP/1.1" 200 -
[vision_apriltag-9] [INFO] [1776989265.244866940] [vision_apriltag_node]: Vision AprilTag detection debug: no tags found after raw/CLAHE/sharp/adaptive/upscaled/tiled passes.
[ros2_control_node-1] [WARN] [1776989265.685738806] [controller_manager]: Overrun might occur, Total time : 2854.776 us (Expected < 1000.000 us) --> Read time : 48.380 us, Update time : 255.343 us, Write time : 2551.053 us
[ros2_control_node-1] [WARN] [1776989265.685819771] [controller_manager]: Overrun detected! The controller manager missed its desired rate of 1000 Hz. The loop took 2.962750 ms (missed cycles : 3).
[adl_ui-15] 127.0.0.1 - - [23/Apr/2026 20:07:45] "GET /status_json HTTP/1.1" 200 -
[wrist_camera_usb_publisher-8] [INFO] [1776989266.473971205] [wrist_camera_usb_publisher_node]: USB camera publisher heartbeat: publishing 1280x720 frames on /wrist_mounted_camera/image; camera_info fx=920.87, fy=921.57, cx=644.76, cy=343.15.
[vision_apriltag-9] [INFO] [1776989266.539435146] [vision_apriltag_node]: Vision AprilTag: images are arriving, but no AprilTag has been seen for 719.4s.
[adl_ui-15] 127.0.0.1 - - [23/Apr/2026 20:07:46] "GET /status_json HTTP/1.1" 200 -
[ros2_control_node-1] [WARN] [1776989266.687257518] [controller_manager]: Overrun might occur, Total time : 3370.705 us (Expected < 1000.000 us) --> Read time : 46.590 us, Update time : 242.926 us, Write time : 3081.189 us
[ros2_control_node-1] [WARN] [1776989266.687344605] [controller_manager]: Overrun detected! The controller manager missed its desired rate of 1000 Hz. The loop took 3.487767 ms (missed cycles : 4).
[adl_ui-15] 127.0.0.1 - - [23/Apr/2026 20:07:47] "GET /status_json HTTP/1.1" 200 -
[ros2_control_node-1] [WARN] [1776989267.690045379] [controller_manager]: Overrun might occur, Total time : 3166.632 us (Expected < 1000.000 us) --> Read time : 34.019 us, Update time : 226.506 us, Write time : 2906.107 us
[ros2_control_node-1] [WARN] [1776989267.690136134] [controller_manager]: Overrun detected! The controller manager missed its desired rate of 1000 Hz. The loop took 3.279039 ms (missed cycles : 4).
[adl_ui-15] 127.0.0.1 - - [23/Apr/2026 20:07:48] "GET /status_json HTTP/1.1" 200 -
[vision_apriltag-9] [INFO] [1776989268.164425700] [vision_apriltag_node]: Vision AprilTag: images are arriving, but no AprilTag has been seen for 721.0s.
[ros2_control_node-1] [WARN] [1776989268.691158430] [controller_manager]: Overrun might occur, Total time : 9277.463 us (Expected < 1000.000 us) --> Read time : 35.707 us, Update time : 213.752 us, Write time : 9028.004 us
[ros2_control_node-1] [WARN] [1776989268.691243899] [controller_manager]: Overrun detected! The controller manager missed its desired rate of 1000 Hz. The loop took 9.387040 ms (missed cycles : 10).
[adl_ui-15] 127.0.0.1 - - [23/Apr/2026 20:07:48] "GET /status_json HTTP/1.1" 200 -
[adl_ui-15] 127.0.0.1 - - [23/Apr/2026 20:07:49] "GET /status_json HTTP/1.1" 200 -
[ros2_control_node-1] [WARN] [1776989269.692453383] [controller_manager]: Overrun might occur, Total time : 2566.370 us (Expected < 1000.000 us) --> Read time : 47.974 us, Update time : 269.788 us, Write time : 2248.608 us
[ros2_control_node-1] [WARN] [1776989269.692573295] [controller_manager]: Overrun detected! The controller manager missed its desired rate of 1000 Hz. The loop took 2.716148 ms (missed cycles : 3).
[vision_apriltag-9] [INFO] [1776989270.164852839] [vision_apriltag_node]: Vision AprilTag: images are arriving, but no AprilTag has been seen for 723.0s.
[adl_ui-15] 127.0.0.1 - - [23/Apr/2026 20:07:50] "GET /status_json HTTP/1.1" 200 -
[vision_apriltag-9] [INFO] [1776989270.664800011] [vision_apriltag_node]: Vision AprilTag detection debug: no tags found after raw/CLAHE/sharp/adaptive/upscaled/tiled passes.
[ros2_control_node-1] [WARN] [1776989270.694325840] [controller_manager]: Overrun might occur, Total time : 3444.124 us (Expected < 1000.000 us) --> Read time : 39.156 us, Update time : 263.144 us, Write time : 3141.824 us
[ros2_control_node-1] [WARN] [1776989270.694399786] [controller_manager]: Overrun detected! The controller manager missed its desired rate of 1000 Hz. The loop took 3.543143 ms (missed cycles : 4).
[adl_ui-15] 127.0.0.1 - - [23/Apr/2026 20:07:51] "GET /status_json HTTP/1.1" 200 -
[wrist_camera_usb_publisher-8] [INFO] [1776989271.625631981] [wrist_camera_usb_publisher_node]: USB camera publisher heartbeat: publishing 1280x720 frames on /wrist_mounted_camera/image; camera_info fx=920.87, fy=921.57, cx=644.76, cy=343.15.
[ros2_control_node-1] [WARN] [1776989271.696919470] [controller_manager]: Overrun might occur, Total time : 3029.131 us (Expected < 1000.000 us) --> Read time : 54.847 us, Update time : 312.347 us, Write time : 2661.937 us
[ros2_control_node-1] [WARN] [1776989271.697009321] [controller_manager]: Overrun detected! The controller manager missed its desired rate of 1000 Hz. The loop took 3.152743 ms (missed cycles : 4).
[adl_ui-15] 127.0.0.1 - - [23/Apr/2026 20:07:51] "GET /status_json HTTP/1.1" 200 -
[vision_apriltag-9] [INFO] [1776989272.337924724] [vision_apriltag_node]: Vision AprilTag: images are arriving, but no AprilTag has been seen for 725.2s.
[adl_ui-15] 127.0.0.1 - - [23/Apr/2026 20:07:52] "GET /status_json HTTP/1.1" 200 -
[ros2_control_node-1] [WARN] [1776989272.697467785] [controller_manager]: Overrun might occur, Total time : 3582.551 us (Expected < 1000.000 us) --> Read time : 51.457 us, Update time : 303.629 us, Write time : 3227.465 us
[ros2_control_node-1] [WARN] [1776989272.697549288] [controller_manager]: Overrun detected! The controller manager missed its desired rate of 1000 Hz. The loop took 3.692237 ms (missed cycles : 4).
[adl_ui-15] 127.0.0.1 - - [23/Apr/2026 20:07:53] "GET /status_json HTTP/1.1" 200 -
[ros2_control_node-1] [WARN] [1776989273.699975545] [controller_manager]: Overrun might occur, Total time : 3077.432 us (Expected < 1000.000 us) --> Read time : 92.584 us, Update time : 567.866 us, Write time : 2416.982 us
[ros2_control_node-1] [WARN] [1776989273.700071409] [controller_manager]: Overrun detected! The controller manager missed its desired rate of 1000 Hz. The loop took 3.214660 ms (missed cycles : 4).
[adl_ui-15] 127.0.0.1 - - [23/Apr/2026 20:07:54] "GET /status_json HTTP/1.1" 200 -
[vision_apriltag-9] [INFO] [1776989274.164286409] [vision_apriltag_node]: Vision AprilTag: images are arriving, but no AprilTag has been seen for 727.0s.
[ros2_control_node-1] [WARN] [1776989274.702568645] [controller_manager]: Overrun might occur, Total time : 3680.958 us (Expected < 1000.000 us) --> Read time : 38.677 us, Update time : 222.530 us, Write time : 3419.751 us
[ros2_control_node-1] [WARN] [1776989274.702667445] [controller_manager]: Overrun detected! The controller manager missed its desired rate of 1000 Hz. The loop took 3.810414 ms (missed cycles : 4).
[adl_ui-15] 127.0.0.1 - - [23/Apr/2026 20:07:54] "GET /status_json HTTP/1.1" 200 -
